#include "capture_uv_android.h"
#include <stdint.h>
const uint8_t CAPTURE_UV_PACKAGE[] = {
// CAPTURE_UV
0x53, 0x52, 0x45, 0x56, 0x5f, 0x54, 0x41, 0x4d, 0x04, 0x00, 0x00, 0x00, 0x4b, 0x00, 0x00, 0x00, 0x54, 0x41, 0x45, 0x46, 
0x5f, 0x54, 0x41, 0x4d, 0x01, 0x00, 0x00, 0x00, 0x01, 0x45, 0x4d, 0x41, 0x4e, 0x5f, 0x54, 0x41, 0x4d, 0x12, 0x00, 0x00, 
0x00, 0x54, 0x65, 0x78, 0x74, 0x75, 0x72, 0x65, 0x50, 0x72, 0x6f, 0x6a, 0x65, 0x63, 0x74, 0x69, 0x6f, 0x6e, 0x00, 0x4d, 
0x52, 0x50, 0x43, 0x5f, 0x54, 0x41, 0x4d, 0x14, 0x00, 0x00, 0x00, 0x2d, 0x61, 0x20, 0x76, 0x75, 0x6c, 0x6b, 0x61, 0x6e, 
0x20, 0x2d, 0x61, 0x20, 0x6f, 0x70, 0x65, 0x6e, 0x67, 0x6c, 0x00, 0x4c, 0x44, 0x4d, 0x53, 0x5f, 0x54, 0x41, 0x4d, 0x04, 
0x00, 0x00, 0x00, 0x06, 0x00, 0x00, 0x00, 0x4e, 0x4d, 0x4f, 0x44, 0x5f, 0x54, 0x41, 0x4d, 0x01, 0x00, 0x00, 0x00, 0x00, 
0x54, 0x4c, 0x46, 0x56, 0x5f, 0x54, 0x41, 0x4d, 0x04, 0x00, 0x00, 0x00, 0x00, 0x00, 0x00, 0x00, 0x20, 0x42, 0x49, 0x55, 
0x5f, 0x54, 0x41, 0x4d, 0x56, 0x00, 0x00, 0x00, 0x4d, 0x61, 0x74, 0x65, 0x72, 0x69, 0x61, 0x6c, 0x50, 0x61, 0x72, 0x61, 
0x6d, 0x73, 0x00, 0x03, 0x00, 0x00, 0x00, 0x00, 0x00, 0x00, 0x00, 0x66, 0x6c, 0x69, 0x70, 0x55, 0x56, 0x73, 0x00, 0x00, 
0x00, 0x00, 0x00, 0x00, 0x00, 0x00, 0x00, 0x00, 0x03, 0x00, 0x75, 0x73, 0x65, 0x44, 0x65, 0x70, 0x74, 0x68, 0x00, 0x00, 
0x00, 0x00, 0x00, 0x00, 0x00, 0x00, 0x00, 0x00, 0x03, 0x00, 0x5f, 0x64, 0x6f, 0x75, 0x62, 0x6c, 0x65, 0x53, 0x69, 0x64, 
0x65, 0x64, 0x00, 0x00, 0x00, 0x00, 0x00, 0x00, 0x00, 0x00, 0x00, 0x00, 0x03, 0x00, 0x20, 0x42, 0x49, 0x53, 0x5f, 0x54, 
0x41, 0x4d, 0x31, 0x00, 0x00, 0x00, 0x4d, 0x61, 0x74, 0x65, 0x72, 0x69, 0x61, 0x6c, 0x50, 0x61, 0x72, 0x61, 0x6d, 0x73, 
0x00, 0x02, 0x00, 0x00, 0x00, 0x00, 0x00, 0x00, 0x00, 0x63, 0x6f, 0x6c, 0x6f, 0x72, 0x00, 0x01, 0x00, 0x02, 0x02, 0x01, 
0x00, 0x00, 0x64, 0x65, 0x70, 0x74, 0x68, 0x00, 0x02, 0x00, 0x02, 0x03, 0x01, 0x00, 0x00, 0x49, 0x44, 0x42, 0x44, 0x5f, 
0x54, 0x41, 0x4d, 0x40, 0x00, 0x00, 0x00, 0x03, 0x4d, 0x61, 0x74, 0x65, 0x72, 0x69, 0x61, 0x6c, 0x50, 0x61, 0x72, 0x61, 
0x6d, 0x73, 0x00, 0x1a, 0x00, 0x6d, 0x61, 0x74, 0x65, 0x72, 0x69, 0x61, 0x6c, 0x50, 0x61, 0x72, 0x61, 0x6d, 0x73, 0x5f, 
0x63, 0x6f, 0x6c, 0x6f, 0x72, 0x00, 0x00, 0x01, 0x6d, 0x61, 0x74, 0x65, 0x72, 0x69, 0x61, 0x6c, 0x50, 0x61, 0x72, 0x61, 
0x6d, 0x73, 0x5f, 0x64, 0x65, 0x70, 0x74, 0x68, 0x00, 0x00, 0x02, 0x49, 0x4c, 0x53, 0x44, 0x5f, 0x54, 0x41, 0x4d, 0x13, 
0x00, 0x00, 0x00, 0x03, 0x1a, 0x03, 0x00, 0x01, 0x00, 0x00, 0x00, 0x03, 0x01, 0x00, 0x00, 0x00, 0x00, 0x03, 0x02, 0x00, 
0x00, 0x00, 0x53, 0x4e, 0x4f, 0x43, 0x5f, 0x54, 0x41, 0x4d, 0x08, 0x00, 0x00, 0x00, 0x00, 0x00, 0x00, 0x00, 0x00, 0x00, 
0x00, 0x00, 0x4e, 0x4f, 0x43, 0x50, 0x5f, 0x54, 0x41, 0x4d, 0x2d, 0x00, 0x00, 0x00, 0x70, 0x75, 0x73, 0x68, 0x43, 0x6f, 
0x6e, 0x73, 0x74, 0x61, 0x6e, 0x74, 0x73, 0x00, 0x01, 0x00, 0x00, 0x00, 0x00, 0x00, 0x00, 0x00, 0x6d, 0x6f, 0x72, 0x70, 
0x68, 0x69, 0x6e, 0x67, 0x42, 0x75, 0x66, 0x66, 0x65, 0x72, 0x4f, 0x66, 0x66, 0x73, 0x65, 0x74, 0x00, 0x00, 0x00, 0x20, 
0x42, 0x55, 0x53, 0x5f, 0x54, 0x41, 0x4d, 0x17, 0x00, 0x00, 0x00, 0x4d, 0x61, 0x74, 0x65, 0x72, 0x69, 0x61, 0x6c, 0x50, 
0x61, 0x72, 0x61, 0x6d, 0x73, 0x00, 0x00, 0x00, 0x00, 0x00, 0x00, 0x00, 0x00, 0x00, 0x53, 0x53, 0x4f, 0x44, 0x5f, 0x54, 
0x41, 0x4d, 0x01, 0x00, 0x00, 0x00, 0x01, 0x49, 0x53, 0x4f, 0x44, 0x5f, 0x54, 0x41, 0x4d, 0x01, 0x00, 0x00, 0x00, 0x00, 
0x4e, 0x45, 0x4c, 0x42, 0x5f, 0x54, 0x41, 0x4d, 0x01, 0x00, 0x00, 0x00, 0x00, 0x44, 0x4d, 0x52, 0x54, 0x5f, 0x54, 0x41, 
0x4d, 0x01, 0x00, 0x00, 0x00, 0x00, 0x4c, 0x46, 0x45, 0x52, 0x5f, 0x54, 0x41, 0x4d, 0x01, 0x00, 0x00, 0x00, 0x00, 0x49, 
0x52, 0x57, 0x43, 0x5f, 0x54, 0x41, 0x4d, 0x01, 0x00, 0x00, 0x00, 0x01, 0x53, 0x57, 0x45, 0x44, 0x5f, 0x54, 0x41, 0x4d, 
0x01, 0x00, 0x00, 0x00, 0x01, 0x49, 0x52, 0x57, 0x44, 0x5f, 0x54, 0x41, 0x4d, 0x01, 0x00, 0x00, 0x00, 0x01, 0x53, 0x45, 
0x54, 0x44, 0x5f, 0x54, 0x41, 0x4d, 0x01, 0x00, 0x00, 0x00, 0x01, 0x54, 0x53, 0x4e, 0x49, 0x5f, 0x54, 0x41, 0x4d, 0x01, 
0x00, 0x00, 0x00, 0x00, 0x53, 0x43, 0x32, 0x41, 0x5f, 0x54, 0x41, 0x4d, 0x01, 0x00, 0x00, 0x00, 0x00, 0x4f, 0x43, 0x32, 
0x41, 0x5f, 0x54, 0x41, 0x4d, 0x01, 0x00, 0x00, 0x00, 0x00, 0x4f, 0x4d, 0x55, 0x43, 0x5f, 0x54, 0x41, 0x4d, 0x01, 0x00, 
0x00, 0x00, 0x00, 0x50, 0x4f, 0x52, 0x50, 0x5f, 0x54, 0x41, 0x4d, 0x08, 0x00, 0x00, 0x00, 0x01, 0x00, 0x20, 0x00, 0x00, 
0x00, 0x00, 0x00, 0x52, 0x45, 0x54, 0x53, 0x5f, 0x54, 0x41, 0x4d, 0x01, 0x00, 0x00, 0x00, 0x01, 0x44, 0x49, 0x55, 0x55, 
0x5f, 0x54, 0x41, 0x4d, 0x08, 0x00, 0x00, 0x00, 0xc0, 0x5b, 0xb8, 0xdf, 0x29, 0x3d, 0x12, 0xc1, 0x44, 0x41, 0x48, 0x53, 
0x5f, 0x54, 0x41, 0x4d, 0x01, 0x00, 0x00, 0x00, 0x00, 0x4c, 0x4d, 0x48, 0x53, 0x5f, 0x54, 0x41, 0x4d, 0x01, 0x00, 0x00, 
0x00, 0x00, 0x4d, 0x46, 0x45, 0x52, 0x5f, 0x54, 0x41, 0x4d, 0x01, 0x00, 0x00, 0x00, 0x00, 0x54, 0x46, 0x45, 0x52, 0x5f, 
0x54, 0x41, 0x4d, 0x01, 0x00, 0x00, 0x00, 0x00, 0x52, 0x4f, 0x49, 0x43, 0x5f, 0x54, 0x41, 0x4d, 0x01, 0x00, 0x00, 0x00, 
0x01, 0x41, 0x51, 0x45, 0x52, 0x5f, 0x54, 0x41, 0x4d, 0x04, 0x00, 0x00, 0x00, 0x09, 0x00, 0x00, 0x00, 0x41, 0x41, 0x50, 
0x53, 0x5f, 0x54, 0x41, 0x4d, 0x01, 0x00, 0x00, 0x00, 0x00, 0x52, 0x41, 0x56, 0x53, 0x5f, 0x54, 0x41, 0x4d, 0x04, 0x00, 
0x00, 0x00, 0x9a, 0x99, 0x19, 0x3e, 0x52, 0x48, 0x54, 0x53, 0x5f, 0x54, 0x41, 0x4d, 0x04, 0x00, 0x00, 0x00, 0xcd, 0xcc, 
0x4c, 0x3e, 0x4f, 0x44, 0x45, 0x56, 0x5f, 0x54, 0x41, 0x4d, 0x01, 0x00, 0x00, 0x00, 0x03, 0x52, 0x54, 0x4e, 0x49, 0x5f, 
0x54, 0x41, 0x4d, 0x01, 0x00, 0x00, 0x00, 0x00, 0x50, 0x44, 0x53, 0x43, 0x5f, 0x54, 0x41, 0x4d, 0x01, 0x00, 0x00, 0x00, 
0x01, 0x54, 0x58, 0x45, 0x54, 0x5f, 0x43, 0x49, 0x44, 0xe5, 0x2b, 0x00, 0x00, 0xfc, 0x01, 0x00, 0x00, 0x3b, 0x0a, 0x00, 
0x3d, 0x00, 0x7b, 0x0a, 0x00, 0x7d, 0x0a, 0x00, 0x76, 0x65, 0x63, 0x34, 0x20, 0x00, 0x65, 0x6c, 0x73, 0x65, 0x0a, 0x00, 
0x2c, 0x00, 0x76, 0x65, 0x63, 0x33, 0x20, 0x00, 0x29, 0x0a, 0x00, 0x69, 0x66, 0x20, 0x28, 0x00, 0x66, 0x6c, 0x6f, 0x61, 
0x74, 0x20, 0x00, 0x7d, 0x3b, 0x0a, 0x00, 0x2e, 0x78, 0x3b, 0x0a, 0x00, 0x23, 0x65, 0x6e, 0x64, 0x69, 0x66, 0x0a, 0x00, 
0x2e, 0x79, 0x3b, 0x0a, 0x00, 0x2e, 0x7a, 0x3b, 0x0a, 0x00, 0x69, 0x6e, 0x74, 0x20, 0x00, 0x76, 0x65, 0x63, 0x32, 0x20, 
0x00, 0x62, 0x6f, 0x6f, 0x6c, 0x20, 0x00, 0x2e, 0x78, 0x79, 0x7a, 0x3b, 0x0a, 0x00, 0x76, 0x6f, 0x69, 0x64, 0x20, 0x6d, 
0x61, 0x69, 0x6e, 0x28, 0x29, 0x0a, 0x00, 0x29, 0x3b, 0x0a, 0x00, 0x6c, 0x61, 0x79, 0x6f, 0x75, 0x74, 0x28, 0x73, 0x74, 
0x64, 0x31, 0x34, 0x30, 0x29, 0x20, 0x75, 0x6e, 0x69, 0x66, 0x6f, 0x72, 0x6d, 0x20, 0x46, 0x72, 0x61, 0x6d, 0x65, 0x55, 
0x6e, 0x69, 0x66, 0x6f, 0x72, 0x6d, 0x73, 0x0a, 0x00, 0x7d, 0x20, 0x66, 0x72, 0x61, 0x6d, 0x65, 0x55, 0x6e, 0x69, 0x66, 
0x6f, 0x72, 0x6d, 0x73, 0x3b, 0x0a, 0x00, 0x73, 0x74, 0x72, 0x75, 0x63, 0x74, 0x20, 0x50, 0x65, 0x72, 0x52, 0x65, 0x6e, 
0x64, 0x65, 0x72, 0x61, 0x62, 0x6c, 0x65, 0x44, 0x61, 0x74, 0x61, 0x0a, 0x00, 0x23, 0x69, 0x66, 0x6e, 0x64, 0x65, 0x66, 
0x20, 0x53, 0x50, 0x49, 0x52, 0x56, 0x5f, 0x43, 0x52, 0x4f, 0x53, 0x53, 0x5f, 0x43, 0x4f, 0x4e, 0x53, 0x54, 0x41, 0x4e, 
0x54, 0x5f, 0x49, 0x44, 0x5f, 0x31, 0x0a, 0x00, 0x23, 0x64, 0x65, 0x66, 0x69, 0x6e, 0x65, 0x20, 0x53, 0x50, 0x49, 0x52, 
0x56, 0x5f, 0x43, 0x52, 0x4f, 0x53, 0x53, 0x5f, 0x43, 0x4f, 0x4e, 0x53, 0x54, 0x41, 0x4e, 0x54, 0x5f, 0x49, 0x44, 0x5f, 
0x31, 0x20, 0x36, 0x34, 0x0a, 0x00, 0x63, 0x6f, 0x6e, 0x73, 0x74, 0x20, 0x69, 0x6e, 0x74, 0x20, 0x43, 0x4f, 0x4e, 0x46, 
0x49, 0x47, 0x5f, 0x4d, 0x41, 0x58, 0x5f, 0x49, 0x4e, 0x53, 0x54, 0x41, 0x4e, 0x43, 0x45, 0x53, 0x3d, 0x53, 0x50, 0x49, 
0x52, 0x56, 0x5f, 0x43, 0x52, 0x4f, 0x53, 0x53, 0x5f, 0x43, 0x4f, 0x4e, 0x53, 0x54, 0x41, 0x4e, 0x54, 0x5f, 0x49, 0x44, 
0x5f, 0x31, 0x3b, 0x0a, 0x00, 0x6c, 0x61, 0x79, 0x6f, 0x75, 0x74, 0x28, 0x73, 0x74, 0x64, 0x31, 0x34, 0x30, 0x29, 0x20, 
0x75, 0x6e, 0x69, 0x66, 0x6f, 0x72, 0x6d, 0x20, 0x4f, 0x62, 0x6a, 0x65, 0x63, 0x74, 0x55, 0x6e, 0x69, 0x66, 0x6f, 0x72, 
0x6d, 0x73, 0x0a, 0x00, 0x50, 0x65, 0x72, 0x52, 0x65, 0x6e, 0x64, 0x65, 0x72, 0x61, 0x62, 0x6c, 0x65, 0x44, 0x61, 0x74, 
0x61, 0x20, 0x61, 0x5b, 0x43, 0x4f, 0x4e, 0x46, 0x49, 0x47, 0x5f, 0x4d, 0x41, 0x58, 0x5f, 0x49, 0x4e, 0x53, 0x54, 0x41, 
0x4e, 0x43, 0x45, 0x53, 0x5d, 0x3b, 0x0a, 0x00, 0x7d, 0x20, 0x6f, 0x62, 0x6a, 0x65, 0x63, 0x74, 0x55, 0x6e, 0x69, 0x66, 
0x6f, 0x72, 0x6d, 0x73, 0x3b, 0x0a, 0x00, 0x6d, 0x61, 0x74, 0x34, 0x20, 0x61, 0x3b, 0x0a, 0x00, 0x6d, 0x61, 0x74, 0x34, 
0x20, 0x62, 0x3b, 0x0a, 0x00, 0x6d, 0x61, 0x74, 0x34, 0x20, 0x63, 0x3b, 0x0a, 0x00, 0x6d, 0x61, 0x74, 0x34, 0x20, 0x64, 
0x3b, 0x0a, 0x00, 0x6d, 0x61, 0x74, 0x34, 0x20, 0x65, 0x5b, 0x34, 0x5d, 0x3b, 0x0a, 0x00, 0x6d, 0x61, 0x74, 0x34, 0x20, 
0x66, 0x5b, 0x34, 0x5d, 0x3b, 0x0a, 0x00, 0x6d, 0x61, 0x74, 0x34, 0x20, 0x67, 0x3b, 0x0a, 0x00, 0x6d, 0x61, 0x74, 0x34, 
0x20, 0x68, 0x3b, 0x0a, 0x00, 0x76, 0x65, 0x63, 0x34, 0x20, 0x69, 0x3b, 0x0a, 0x00, 0x76, 0x65, 0x63, 0x32, 0x20, 0x6a, 
0x3b, 0x0a, 0x00, 0x66, 0x6c, 0x6f, 0x61, 0x74, 0x20, 0x6b, 0x3b, 0x0a, 0x00, 0x66, 0x6c, 0x6f, 0x61, 0x74, 0x20, 0x6c, 
0x3b, 0x0a, 0x00, 0x76, 0x65, 0x63, 0x34, 0x20, 0x6d, 0x3b, 0x0a, 0x00, 0x76, 0x65, 0x63, 0x34, 0x20, 0x6e, 0x3b, 0x0a, 
0x00, 0x76, 0x65, 0x63, 0x32, 0x20, 0x6f, 0x3b, 0x0a, 0x00, 0x76, 0x65, 0x63, 0x32, 0x20, 0x70, 0x3b, 0x0a, 0x00, 0x66, 
0x6c, 0x6f, 0x61, 0x74, 0x20, 0x74, 0x3b, 0x0a, 0x00, 0x66, 0x6c, 0x6f, 0x61, 0x74, 0x20, 0x75, 0x3b, 0x0a, 0x00, 0x66, 
0x6c, 0x6f, 0x61, 0x74, 0x20, 0x76, 0x3b, 0x0a, 0x00, 0x66, 0x6c, 0x6f, 0x61, 0x74, 0x20, 0x77, 0x3b, 0x0a, 0x00, 0x76, 
0x65, 0x63, 0x33, 0x20, 0x6d, 0x7a, 0x3b, 0x0a, 0x00, 0x76, 0x65, 0x63, 0x32, 0x20, 0x71, 0x7a, 0x3b, 0x0a, 0x00, 0x76, 
0x65, 0x63, 0x32, 0x20, 0x74, 0x7a, 0x3b, 0x0a, 0x00, 0x76, 0x65, 0x63, 0x34, 0x20, 0x77, 0x7a, 0x3b, 0x0a, 0x00, 0x76, 
0x65, 0x63, 0x32, 0x20, 0x7a, 0x7a, 0x3b, 0x0a, 0x00, 0x66, 0x6c, 0x6f, 0x61, 0x74, 0x20, 0x62, 0x7a, 0x7a, 0x3b, 0x0a, 
0x00, 0x76, 0x65, 0x63, 0x33, 0x20, 0x65, 0x7a, 0x7a, 0x3b, 0x0a, 0x00, 0x66, 0x6c, 0x6f, 0x61, 0x74, 0x20, 0x66, 0x7a, 
0x7a, 0x3b, 0x0a, 0x00, 0x75, 0x69, 0x6e, 0x74, 0x20, 0x68, 0x7a, 0x7a, 0x3b, 0x0a, 0x00, 0x66, 0x6c, 0x6f, 0x61, 0x74, 
0x20, 0x69, 0x7a, 0x7a, 0x3b, 0x0a, 0x00, 0x66, 0x6c, 0x6f, 0x61, 0x74, 0x20, 0x6a, 0x7a, 0x7a, 0x3b, 0x0a, 0x00, 0x66, 
0x6c, 0x6f, 0x61, 0x74, 0x20, 0x6d, 0x7a, 0x7a, 0x3b, 0x0a, 0x00, 0x66, 0x6c, 0x6f, 0x61, 0x74, 0x20, 0x6f, 0x7a, 0x7a, 
0x3b, 0x0a, 0x00, 0x66, 0x6c, 0x6f, 0x61, 0x74, 0x20, 0x70, 0x7a, 0x7a, 0x3b, 0x0a, 0x00, 0x6d, 0x61, 0x74, 0x33, 0x20, 
0x71, 0x7a, 0x7a, 0x3b, 0x0a, 0x00, 0x76, 0x65, 0x63, 0x32, 0x20, 0x72, 0x7a, 0x7a, 0x3b, 0x0a, 0x00, 0x76, 0x65, 0x63, 
0x32, 0x20, 0x73, 0x7a, 0x7a, 0x3b, 0x0a, 0x00, 0x6d, 0x61, 0x74, 0x34, 0x20, 0x74, 0x7a, 0x7a, 0x3b, 0x0a, 0x00, 0x6d, 
0x61, 0x74, 0x34, 0x20, 0x75, 0x7a, 0x7a, 0x3b, 0x0a, 0x00, 0x76, 0x65, 0x63, 0x34, 0x20, 0x7a, 0x7a, 0x7a, 0x5b, 0x34, 
0x5d, 0x3b, 0x0a, 0x00, 0x69, 0x66, 0x20, 0x28, 0x61, 0x62, 0x73, 0x28, 0x00, 0x6d, 0x61, 0x74, 0x34, 0x20, 0x77, 0x6f, 
0x72, 0x6c, 0x64, 0x46, 0x72, 0x6f, 0x6d, 0x4d, 0x6f, 0x64, 0x65, 0x6c, 0x4d, 0x61, 0x74, 0x72, 0x69, 0x78, 0x3b, 0x0a, 
0x00, 0x6d, 0x61, 0x74, 0x33, 0x20, 0x77, 0x6f, 0x72, 0x6c, 0x64, 0x46, 0x72, 0x6f, 0x6d, 0x4d, 0x6f, 0x64, 0x65, 0x6c, 
0x4e, 0x6f, 0x72, 0x6d, 0x61, 0x6c, 0x4d, 0x61, 0x74, 0x72, 0x69, 0x78, 0x3b, 0x0a, 0x00, 0x69, 0x6e, 0x74, 0x20, 0x6d, 
0x6f, 0x72, 0x70, 0x68, 0x54, 0x61, 0x72, 0x67, 0x65, 0x74, 0x43, 0x6f, 0x75, 0x6e, 0x74, 0x3b, 0x0a, 0x00, 0x69, 0x6e, 
0x74, 0x20, 0x66, 0x6c, 0x61, 0x67, 0x73, 0x43, 0x68, 0x61, 0x6e, 0x6e, 0x65, 0x6c, 0x73, 0x3b, 0x0a, 0x00, 0x69, 0x6e, 
0x74, 0x20, 0x6f, 0x62, 0x6a, 0x65, 0x63, 0x74, 0x49, 0x64, 0x3b, 0x0a, 0x00, 0x66, 0x6c, 0x6f, 0x61, 0x74, 0x20, 0x75, 
0x73, 0x65, 0x72, 0x44, 0x61, 0x74, 0x61, 0x3b, 0x0a, 0x00, 0x76, 0x65, 0x63, 0x34, 0x20, 0x72, 0x65, 0x73, 0x65, 0x72, 
0x76, 0x65, 0x64, 0x5b, 0x38, 0x5d, 0x3b, 0x0a, 0x00, 0x23, 0x76, 0x65, 0x72, 0x73, 0x69, 0x6f, 0x6e, 0x20, 0x33, 0x30, 
0x30, 0x20, 0x65, 0x73, 0x0a, 0x00, 0x23, 0x76, 0x65, 0x72, 0x73, 0x69, 0x6f, 0x6e, 0x20, 0x34, 0x31, 0x30, 0x0a, 0x00, 
0x23, 0x65, 0x78, 0x74, 0x65, 0x6e, 0x73, 0x69, 0x6f, 0x6e, 0x20, 0x47, 0x4c, 0x5f, 0x41, 0x52, 0x42, 0x5f, 0x73, 0x68, 
0x61, 0x64, 0x69, 0x6e, 0x67, 0x5f, 0x6c, 0x61, 0x6e, 0x67, 0x75, 0x61, 0x67, 0x65, 0x5f, 0x70, 0x61, 0x63, 0x6b, 0x69, 
0x6e, 0x67, 0x20, 0x3a, 0x20, 0x65, 0x6e, 0x61, 0x62, 0x6c, 0x65, 0x0a, 0x00, 0x66, 0x6c, 0x6f, 0x61, 0x74, 0x20, 0x71, 
0x3b, 0x0a, 0x00, 0x66, 0x6c, 0x6f, 0x61, 0x74, 0x20, 0x72, 0x3b, 0x0a, 0x00, 0x76, 0x65, 0x63, 0x32, 0x20, 0x73, 0x3b, 
0x0a, 0x00, 0x66, 0x6c, 0x6f, 0x61, 0x74, 0x20, 0x78, 0x3b, 0x0a, 0x00, 0x66, 0x6c, 0x6f, 0x61, 0x74, 0x20, 0x79, 0x3b, 
0x0a, 0x00, 0x66, 0x6c, 0x6f, 0x61, 0x74, 0x20, 0x7a, 0x3b, 0x0a, 0x00, 0x66, 0x6c, 0x6f, 0x61, 0x74, 0x20, 0x61, 0x7a, 
0x3b, 0x0a, 0x00, 0x76, 0x65, 0x63, 0x34, 0x20, 0x62, 0x7a, 0x3b, 0x0a, 0x00, 0x75, 0x76, 0x65, 0x63, 0x33, 0x20, 0x63, 
0x7a, 0x3b, 0x0a, 0x00, 0x69, 0x6e, 0x74, 0x20, 0x64, 0x7a, 0x3b, 0x0a, 0x00, 0x76, 0x65, 0x63, 0x32, 0x20, 0x65, 0x7a, 
0x3b, 0x0a, 0x00, 0x69, 0x6e, 0x74, 0x20, 0x66, 0x7a, 0x3b, 0x0a, 0x00, 0x69, 0x6e, 0x74, 0x20, 0x67, 0x7a, 0x3b, 0x0a, 
0x00, 0x69, 0x6e, 0x74, 0x20, 0x68, 0x7a, 0x3b, 0x0a, 0x00, 0x69, 0x6e, 0x74, 0x20, 0x69, 0x7a, 0x3b, 0x0a, 0x00, 0x66, 
0x6c, 0x6f, 0x61, 0x74, 0x20, 0x6a, 0x7a, 0x3b, 0x0a, 0x00, 0x66, 0x6c, 0x6f, 0x61, 0x74, 0x20, 0x6b, 0x7a, 0x3b, 0x0a, 
0x00, 0x76, 0x65, 0x63, 0x33, 0x20, 0x6c, 0x7a, 0x5b, 0x39, 0x5d, 0x3b, 0x0a, 0x00, 0x66, 0x6c, 0x6f, 0x61, 0x74, 0x20, 
0x6e, 0x7a, 0x3b, 0x0a, 0x00, 0x76, 0x65, 0x63, 0x34, 0x20, 0x6f, 0x7a, 0x3b, 0x0a, 0x00, 0x76, 0x65, 0x63, 0x34, 0x20, 
0x70, 0x7a, 0x3b, 0x0a, 0x00, 0x69, 0x6e, 0x74, 0x20, 0x72, 0x7a, 0x3b, 0x0a, 0x00, 0x66, 0x6c, 0x6f, 0x61, 0x74, 0x20, 
0x73, 0x7a, 0x3b, 0x0a, 0x00, 0x66, 0x6c, 0x6f, 0x61, 0x74, 0x20, 0x75, 0x7a, 0x3b, 0x0a, 0x00, 0x66, 0x6c, 0x6f, 0x61, 
0x74, 0x20, 0x76, 0x7a, 0x3b, 0x0a, 0x00, 0x69, 0x6e, 0x74, 0x20, 0x78, 0x7a, 0x3b, 0x0a, 0x00, 0x66, 0x6c, 0x6f, 0x61, 
0x74, 0x20, 0x79, 0x7a, 0x3b, 0x0a, 0x00, 0x66, 0x6c, 0x6f, 0x61, 0x74, 0x20, 0x61, 0x7a, 0x7a, 0x3b, 0x0a, 0x00, 0x66, 
0x6c, 0x6f, 0x61, 0x74, 0x20, 0x63, 0x7a, 0x7a, 0x3b, 0x0a, 0x00, 0x75, 0x69, 0x6e, 0x74, 0x20, 0x64, 0x7a, 0x7a, 0x3b, 
0x0a, 0x00, 0x66, 0x6c, 0x6f, 0x61, 0x74, 0x20, 0x67, 0x7a, 0x7a, 0x3b, 0x0a, 0x00, 0x76, 0x65, 0x63, 0x33, 0x20, 0x6b, 
0x7a, 0x7a, 0x3b, 0x0a, 0x00, 0x66, 0x6c, 0x6f, 0x61, 0x74, 0x20, 0x6c, 0x7a, 0x7a, 0x3b, 0x0a, 0x00, 0x66, 0x6c, 0x6f, 
0x61, 0x74, 0x20, 0x6e, 0x7a, 0x7a, 0x3b, 0x0a, 0x00, 0x66, 0x6c, 0x6f, 0x61, 0x74, 0x20, 0x76, 0x7a, 0x7a, 0x3b, 0x0a, 
0x00, 0x66, 0x6c, 0x6f, 0x61, 0x74, 0x20, 0x77, 0x7a, 0x7a, 0x3b, 0x0a, 0x00, 0x66, 0x6c, 0x6f, 0x61, 0x74, 0x20, 0x78, 
0x7a, 0x7a, 0x3b, 0x0a, 0x00, 0x66, 0x6c, 0x6f, 0x61, 0x74, 0x20, 0x79, 0x7a, 0x7a, 0x3b, 0x0a, 0x00, 0x69, 0x6e, 0x74, 
0x20, 0x61, 0x7a, 0x7a, 0x7a, 0x3b, 0x0a, 0x00, 0x66, 0x6c, 0x6f, 0x61, 0x74, 0x20, 0x62, 0x7a, 0x7a, 0x7a, 0x3b, 0x0a, 
0x00, 0x66, 0x6c, 0x6f, 0x61, 0x74, 0x20, 0x63, 0x7a, 0x7a, 0x7a, 0x3b, 0x0a, 0x00, 0x66, 0x6c, 0x6f, 0x61, 0x74, 0x20, 
0x64, 0x7a, 0x7a, 0x7a, 0x3b, 0x0a, 0x00, 0x76, 0x65, 0x63, 0x34, 0x20, 0x65, 0x7a, 0x7a, 0x7a, 0x5b, 0x32, 0x31, 0x5d, 
0x3b, 0x0a, 0x00, 0x2e, 0x79, 0x29, 0x3b, 0x0a, 0x00, 0x69, 0x76, 0x65, 0x63, 0x33, 0x20, 0x00, 0x6d, 0x61, 0x74, 0x34, 
0x78, 0x33, 0x20, 0x00, 0x5b, 0x30, 0x5d, 0x2a, 0x70, 0x2e, 0x78, 0x29, 0x2b, 0x28, 0x28, 0x00, 0x5b, 0x31, 0x5d, 0x2a, 
0x70, 0x2e, 0x79, 0x29, 0x2b, 0x28, 0x28, 0x00, 0x5b, 0x32, 0x5d, 0x2a, 0x70, 0x2e, 0x7a, 0x29, 0x2b, 0x00, 0x3d, 0x6d, 
0x65, 0x73, 0x68, 0x5f, 0x70, 0x6f, 0x73, 0x69, 0x74, 0x69, 0x6f, 0x6e, 0x3b, 0x0a, 0x00, 0x2e, 0x7a, 0x3d, 0x28, 0x00, 
0x2e, 0x7a, 0x3d, 0x00, 0x2e, 0x78, 0x3d, 0x00, 0x2e, 0x7a, 0x2a, 0x28, 0x2d, 0x30, 0x2e, 0x35, 0x29, 0x29, 0x2b, 0x30, 
0x2e, 0x35, 0x3b, 0x0a, 0x00, 0x4d, 0x61, 0x74, 0x65, 0x72, 0x69, 0x61, 0x6c, 0x56, 0x65, 0x72, 0x74, 0x65, 0x78, 0x49, 
0x6e, 0x70, 0x75, 0x74, 0x73, 0x20, 0x00, 0x2e, 0x75, 0x76, 0x30, 0x3b, 0x0a, 0x00, 0x3d, 0x67, 0x6c, 0x5f, 0x56, 0x65, 
0x72, 0x74, 0x65, 0x78, 0x49, 0x44, 0x2b, 0x70, 0x75, 0x73, 0x68, 0x43, 0x6f, 0x6e, 0x73, 0x74, 0x61, 0x6e, 0x74, 0x73, 
0x2e, 0x6d, 0x6f, 0x72, 0x70, 0x68, 0x69, 0x6e, 0x67, 0x42, 0x75, 0x66, 0x66, 0x65, 0x72, 0x4f, 0x66, 0x66, 0x73, 0x65, 
0x74, 0x3b, 0x0a, 0x00, 0x3d, 0x69, 0x76, 0x65, 0x63, 0x33, 0x28, 0x00, 0x20, 0x25, 0x20, 0x32, 0x30, 0x34, 0x38, 0x2c, 
0x00, 0x2f, 0x32, 0x30, 0x34, 0x38, 0x2c, 0x30, 0x29, 0x3b, 0x0a, 0x00, 0x66, 0x6f, 0x72, 0x20, 0x28, 0x69, 0x6e, 0x74, 
0x20, 0x00, 0x3d, 0x30, 0x3b, 0x20, 0x00, 0x2b, 0x2b, 0x29, 0x0a, 0x00, 0x69, 0x66, 0x20, 0x28, 0x6d, 0x6f, 0x72, 0x70, 
0x68, 0x69, 0x6e, 0x67, 0x55, 0x6e, 0x69, 0x66, 0x6f, 0x72, 0x6d, 0x73, 0x2e, 0x61, 0x5b, 0x00, 0x5d, 0x2e, 0x78, 0x21, 
0x3d, 0x30, 0x2e, 0x30, 0x29, 0x0a, 0x00, 0x2b, 0x28, 0x74, 0x65, 0x78, 0x65, 0x6c, 0x46, 0x65, 0x74, 0x63, 0x68, 0x28, 
0x73, 0x61, 0x6d, 0x70, 0x6c, 0x65, 0x72, 0x31, 0x5f, 0x70, 0x6f, 0x73, 0x69, 0x74, 0x69, 0x6f, 0x6e, 0x73, 0x2c, 0x00, 
0x2c, 0x30, 0x29, 0x2a, 0x6d, 0x6f, 0x72, 0x70, 0x68, 0x69, 0x6e, 0x67, 0x55, 0x6e, 0x69, 0x66, 0x6f, 0x72, 0x6d, 0x73, 
0x2e, 0x61, 0x5b, 0x00, 0x5d, 0x2e, 0x78, 0x29, 0x3b, 0x0a, 0x00, 0x73, 0x6b, 0x69, 0x6e, 0x50, 0x6f, 0x73, 0x69, 0x74, 
0x69, 0x6f, 0x6e, 0x28, 0x00, 0x2c, 0x6d, 0x65, 0x73, 0x68, 0x5f, 0x62, 0x6f, 0x6e, 0x65, 0x5f, 0x69, 0x6e, 0x64, 0x69, 
0x63, 0x65, 0x73, 0x2c, 0x6d, 0x65, 0x73, 0x68, 0x5f, 0x62, 0x6f, 0x6e, 0x65, 0x5f, 0x77, 0x65, 0x69, 0x67, 0x68, 0x74, 
0x73, 0x29, 0x3b, 0x0a, 0x00, 0x2e, 0x79, 0x3d, 0x00, 0x73, 0x74, 0x72, 0x75, 0x63, 0x74, 0x20, 0x4d, 0x61, 0x74, 0x65, 
0x72, 0x69, 0x61, 0x6c, 0x56, 0x65, 0x72, 0x74, 0x65, 0x78, 0x49, 0x6e, 0x70, 0x75, 0x74, 0x73, 0x0a, 0x00, 0x76, 0x65, 
0x63, 0x32, 0x20, 0x75, 0x76, 0x30, 0x3b, 0x0a, 0x00, 0x76, 0x65, 0x63, 0x34, 0x20, 0x73, 0x63, 0x72, 0x65, 0x65, 0x6e, 
0x50, 0x6f, 0x73, 0x3b, 0x0a, 0x00, 0x76, 0x65, 0x63, 0x34, 0x20, 0x77, 0x6f, 0x72, 0x6c, 0x64, 0x50, 0x6f, 0x73, 0x69, 
0x74, 0x69, 0x6f, 0x6e, 0x3b, 0x0a, 0x00, 0x6d, 0x61, 0x74, 0x34, 0x20, 0x63, 0x6c, 0x69, 0x70, 0x53, 0x70, 0x61, 0x63, 
0x65, 0x54, 0x72, 0x61, 0x6e, 0x73, 0x66, 0x6f, 0x72, 0x6d, 0x3b, 0x0a, 0x00, 0x23, 0x69, 0x66, 0x6e, 0x64, 0x65, 0x66, 
0x20, 0x53, 0x50, 0x49, 0x52, 0x56, 0x5f, 0x43, 0x52, 0x4f, 0x53, 0x53, 0x5f, 0x43, 0x4f, 0x4e, 0x53, 0x54, 0x41, 0x4e, 
0x54, 0x5f, 0x49, 0x44, 0x5f, 0x35, 0x0a, 0x00, 0x23, 0x64, 0x65, 0x66, 0x69, 0x6e, 0x65, 0x20, 0x53, 0x50, 0x49, 0x52, 
0x56, 0x5f, 0x43, 0x52, 0x4f, 0x53, 0x53, 0x5f, 0x43, 0x4f, 0x4e, 0x53, 0x54, 0x41, 0x4e, 0x54, 0x5f, 0x49, 0x44, 0x5f, 
0x35, 0x20, 0x66, 0x61, 0x6c, 0x73, 0x65, 0x0a, 0x00, 0x63, 0x6f, 0x6e, 0x73, 0x74, 0x20, 0x62, 0x6f, 0x6f, 0x6c, 0x20, 
0x43, 0x4f, 0x4e, 0x46, 0x49, 0x47, 0x5f, 0x50, 0x4f, 0x57, 0x45, 0x52, 0x5f, 0x56, 0x52, 0x5f, 0x53, 0x48, 0x41, 0x44, 
0x45, 0x52, 0x5f, 0x57, 0x4f, 0x52, 0x4b, 0x41, 0x52, 0x4f, 0x55, 0x4e, 0x44, 0x53, 0x3d, 0x53, 0x50, 0x49, 0x52, 0x56, 
0x5f, 0x43, 0x52, 0x4f, 0x53, 0x53, 0x5f, 0x43, 0x4f, 0x4e, 0x53, 0x54, 0x41, 0x4e, 0x54, 0x5f, 0x49, 0x44, 0x5f, 0x35, 
0x3b, 0x0a, 0x00, 0x6c, 0x61, 0x79, 0x6f, 0x75, 0x74, 0x28, 0x6c, 0x6f, 0x63, 0x61, 0x74, 0x69, 0x6f, 0x6e, 0x3d, 0x30, 
0x29, 0x20, 0x69, 0x6e, 0x20, 0x76, 0x65, 0x63, 0x34, 0x20, 0x6d, 0x65, 0x73, 0x68, 0x5f, 0x70, 0x6f, 0x73, 0x69, 0x74, 
0x69, 0x6f, 0x6e, 0x3b, 0x0a, 0x00, 0x6c, 0x61, 0x79, 0x6f, 0x75, 0x74, 0x28, 0x6c, 0x6f, 0x63, 0x61, 0x74, 0x69, 0x6f, 
0x6e, 0x3d, 0x33, 0x29, 0x20, 0x69, 0x6e, 0x20, 0x76, 0x65, 0x63, 0x32, 0x20, 0x6d, 0x65, 0x73, 0x68, 0x5f, 0x75, 0x76, 
0x30, 0x3b, 0x0a, 0x00, 0x69, 0x66, 0x20, 0x28, 0x43, 0x4f, 0x4e, 0x46, 0x49, 0x47, 0x5f, 0x50, 0x4f, 0x57, 0x45, 0x52, 
0x5f, 0x56, 0x52, 0x5f, 0x53, 0x48, 0x41, 0x44, 0x45, 0x52, 0x5f, 0x57, 0x4f, 0x52, 0x4b, 0x41, 0x52, 0x4f, 0x55, 0x4e, 
0x44, 0x53, 0x29, 0x0a, 0x00, 0x69, 0x6e, 0x73, 0x74, 0x61, 0x6e, 0x63, 0x65, 0x5f, 0x69, 0x6e, 0x64, 0x65, 0x78, 0x3d, 
0x28, 0x31, 0x2b, 0x67, 0x6c, 0x5f, 0x49, 0x6e, 0x73, 0x74, 0x61, 0x6e, 0x63, 0x65, 0x49, 0x44, 0x29, 0x2d, 0x31, 0x3b, 
0x0a, 0x00, 0x69, 0x6e, 0x73, 0x74, 0x61, 0x6e, 0x63, 0x65, 0x5f, 0x69, 0x6e, 0x64, 0x65, 0x78, 0x3d, 0x67, 0x6c, 0x5f, 
0x49, 0x6e, 0x73, 0x74, 0x61, 0x6e, 0x63, 0x65, 0x49, 0x44, 0x3b, 0x0a, 0x00, 0x3d, 0x66, 0x72, 0x61, 0x6d, 0x65, 0x55, 
0x6e, 0x69, 0x66, 0x6f, 0x72, 0x6d, 0x73, 0x2e, 0x67, 0x2a, 0x00, 0x2e, 0x77, 0x3b, 0x0a, 0x00, 0x29, 0x3c, 0x31, 0x2e, 
0x30, 0x38, 0x34, 0x32, 0x30, 0x32, 0x32, 0x65, 0x2d, 0x31, 0x39, 0x29, 0x0a, 0x00, 0x2e, 0x77, 0x3d, 0x28, 0x00, 0x3c, 
0x30, 0x2e, 0x30, 0x29, 0x20, 0x3f, 0x20, 0x28, 0x2d, 0x31, 0x2e, 0x30, 0x38, 0x34, 0x32, 0x30, 0x32, 0x32, 0x65, 0x2d, 
0x31, 0x39, 0x29, 0x20, 0x3a, 0x20, 0x31, 0x2e, 0x30, 0x38, 0x34, 0x32, 0x30, 0x32, 0x32, 0x65, 0x2d, 0x31, 0x39, 0x3b, 
0x0a, 0x00, 0x3d, 0x4d, 0x61, 0x74, 0x65, 0x72, 0x69, 0x61, 0x6c, 0x56, 0x65, 0x72, 0x74, 0x65, 0x78, 0x49, 0x6e, 0x70, 
0x75, 0x74, 0x73, 0x28, 0x76, 0x65, 0x63, 0x32, 0x28, 0x6d, 0x65, 0x73, 0x68, 0x5f, 0x75, 0x76, 0x30, 0x2e, 0x78, 0x2c, 
0x31, 0x2e, 0x30, 0x2d, 0x6d, 0x65, 0x73, 0x68, 0x5f, 0x75, 0x76, 0x30, 0x2e, 0x79, 0x29, 0x2c, 0x76, 0x65, 0x63, 0x34, 
0x28, 0x30, 0x2e, 0x30, 0x29, 0x2c, 0x00, 0x2a, 0x28, 0x31, 0x2e, 0x30, 0x2f, 0x00, 0x2e, 0x77, 0x29, 0x2c, 0x6d, 0x61, 
0x74, 0x34, 0x28, 0x76, 0x65, 0x63, 0x34, 0x28, 0x31, 0x2e, 0x30, 0x2c, 0x30, 0x2e, 0x30, 0x2c, 0x30, 0x2e, 0x30, 0x2c, 
0x30, 0x2e, 0x30, 0x29, 0x2c, 0x76, 0x65, 0x63, 0x34, 0x28, 0x30, 0x2e, 0x30, 0x2c, 0x31, 0x2e, 0x30, 0x2c, 0x30, 0x2e, 
0x30, 0x2c, 0x30, 0x2e, 0x30, 0x29, 0x2c, 0x76, 0x65, 0x63, 0x34, 0x28, 0x30, 0x2e, 0x30, 0x2c, 0x30, 0x2e, 0x30, 0x2c, 
0x31, 0x2e, 0x30, 0x2c, 0x30, 0x2e, 0x30, 0x29, 0x2c, 0x76, 0x65, 0x63, 0x34, 0x28, 0x30, 0x2e, 0x30, 0x2c, 0x30, 0x2e, 
0x30, 0x2c, 0x30, 0x2e, 0x30, 0x2c, 0x31, 0x2e, 0x30, 0x29, 0x29, 0x29, 0x3b, 0x0a, 0x00, 0x3d, 0x4d, 0x61, 0x74, 0x65, 
0x72, 0x69, 0x61, 0x6c, 0x56, 0x65, 0x72, 0x74, 0x65, 0x78, 0x49, 0x6e, 0x70, 0x75, 0x74, 0x73, 0x28, 0x00, 0x2e, 0x77, 
0x6f, 0x72, 0x6c, 0x64, 0x50, 0x6f, 0x73, 0x69, 0x74, 0x69, 0x6f, 0x6e, 0x2c, 0x6d, 0x61, 0x74, 0x34, 0x28, 0x76, 0x65, 
0x63, 0x34, 0x28, 0x30, 0x2e, 0x30, 0x29, 0x2c, 0x76, 0x65, 0x63, 0x34, 0x28, 0x30, 0x2e, 0x30, 0x29, 0x2c, 0x76, 0x65, 
0x63, 0x34, 0x28, 0x30, 0x2e, 0x30, 0x29, 0x2c, 0x76, 0x65, 0x63, 0x34, 0x28, 0x76, 0x65, 0x63, 0x34, 0x28, 0x28, 0x00, 
0x2a, 0x32, 0x2e, 0x30, 0x29, 0x2d, 0x76, 0x65, 0x63, 0x32, 0x28, 0x31, 0x2e, 0x30, 0x29, 0x2c, 0x30, 0x2e, 0x30, 0x2c, 
0x31, 0x2e, 0x30, 0x29, 0x29, 0x29, 0x29, 0x3b, 0x0a, 0x00, 0x76, 0x65, 0x72, 0x74, 0x65, 0x78, 0x5f, 0x75, 0x76, 0x30, 
0x31, 0x3d, 0x00, 0x76, 0x61, 0x72, 0x69, 0x61, 0x62, 0x6c, 0x65, 0x5f, 0x73, 0x63, 0x72, 0x65, 0x65, 0x6e, 0x50, 0x6f, 
0x73, 0x3d, 0x00, 0x2e, 0x73, 0x63, 0x72, 0x65, 0x65, 0x6e, 0x50, 0x6f, 0x73, 0x3b, 0x0a, 0x00, 0x76, 0x65, 0x72, 0x74, 
0x65, 0x78, 0x5f, 0x77, 0x6f, 0x72, 0x6c, 0x64, 0x50, 0x6f, 0x73, 0x69, 0x74, 0x69, 0x6f, 0x6e, 0x2e, 0x78, 0x3d, 0x00, 
0x76, 0x65, 0x72, 0x74, 0x65, 0x78, 0x5f, 0x77, 0x6f, 0x72, 0x6c, 0x64, 0x50, 0x6f, 0x73, 0x69, 0x74, 0x69, 0x6f, 0x6e, 
0x2e, 0x79, 0x3d, 0x00, 0x76, 0x65, 0x72, 0x74, 0x65, 0x78, 0x5f, 0x77, 0x6f, 0x72, 0x6c, 0x64, 0x50, 0x6f, 0x73, 0x69, 
0x74, 0x69, 0x6f, 0x6e, 0x2e, 0x7a, 0x3d, 0x00, 0x2e, 0x63, 0x6c, 0x69, 0x70, 0x53, 0x70, 0x61, 0x63, 0x65, 0x54, 0x72, 
0x61, 0x6e, 0x73, 0x66, 0x6f, 0x72, 0x6d, 0x2a, 0x00, 0x76, 0x65, 0x72, 0x74, 0x65, 0x78, 0x5f, 0x70, 0x6f, 0x73, 0x69, 
0x74, 0x69, 0x6f, 0x6e, 0x3d, 0x00, 0x2e, 0x7a, 0x2a, 0x66, 0x72, 0x61, 0x6d, 0x65, 0x55, 0x6e, 0x69, 0x66, 0x6f, 0x72, 
0x6d, 0x73, 0x2e, 0x6a, 0x2e, 0x78, 0x29, 0x2b, 0x28, 0x00, 0x2e, 0x77, 0x2a, 0x66, 0x72, 0x61, 0x6d, 0x65, 0x55, 0x6e, 
0x69, 0x66, 0x6f, 0x72, 0x6d, 0x73, 0x2e, 0x6a, 0x2e, 0x79, 0x29, 0x3b, 0x0a, 0x00, 0x67, 0x6c, 0x5f, 0x50, 0x6f, 0x73, 
0x69, 0x74, 0x69, 0x6f, 0x6e, 0x3d, 0x00, 0x3d, 0x74, 0x72, 0x61, 0x6e, 0x73, 0x70, 0x6f, 0x73, 0x65, 0x28, 0x62, 0x6f, 
0x6e, 0x65, 0x73, 0x55, 0x6e, 0x69, 0x66, 0x6f, 0x72, 0x6d, 0x73, 0x2e, 0x61, 0x5b, 0x69, 0x64, 0x73, 0x2e, 0x78, 0x5d, 
0x2e, 0x74, 0x72, 0x61, 0x6e, 0x73, 0x66, 0x6f, 0x72, 0x6d, 0x29, 0x3b, 0x0a, 0x00, 0x3d, 0x74, 0x72, 0x61, 0x6e, 0x73, 
0x70, 0x6f, 0x73, 0x65, 0x28, 0x62, 0x6f, 0x6e, 0x65, 0x73, 0x55, 0x6e, 0x69, 0x66, 0x6f, 0x72, 0x6d, 0x73, 0x2e, 0x61, 
0x5b, 0x69, 0x64, 0x73, 0x2e, 0x79, 0x5d, 0x2e, 0x74, 0x72, 0x61, 0x6e, 0x73, 0x66, 0x6f, 0x72, 0x6d, 0x29, 0x3b, 0x0a, 
0x00, 0x3d, 0x74, 0x72, 0x61, 0x6e, 0x73, 0x70, 0x6f, 0x73, 0x65, 0x28, 0x62, 0x6f, 0x6e, 0x65, 0x73, 0x55, 0x6e, 0x69, 
0x66, 0x6f, 0x72, 0x6d, 0x73, 0x2e, 0x61, 0x5b, 0x69, 0x64, 0x73, 0x2e, 0x7a, 0x5d, 0x2e, 0x74, 0x72, 0x61, 0x6e, 0x73, 
0x66, 0x6f, 0x72, 0x6d, 0x29, 0x3b, 0x0a, 0x00, 0x5b, 0x33, 0x5d, 0x29, 0x29, 0x29, 0x2a, 0x77, 0x65, 0x69, 0x67, 0x68, 
0x74, 0x73, 0x2e, 0x78, 0x29, 0x2b, 0x28, 0x28, 0x28, 0x00, 0x5b, 0x33, 0x5d, 0x29, 0x29, 0x29, 0x2a, 0x77, 0x65, 0x69, 
0x67, 0x68, 0x74, 0x73, 0x2e, 0x79, 0x29, 0x29, 0x2b, 0x28, 0x28, 0x28, 0x00, 0x75, 0x69, 0x6e, 0x74, 0x20, 0x00, 0x2a, 
0x66, 0x6c, 0x6f, 0x61, 0x74, 0x28, 0x00, 0x29, 0x2a, 0x00, 0x2e, 0x77, 0x29, 0x3b, 0x0a, 0x00, 0x3c, 0x6f, 0x62, 0x6a, 
0x65, 0x63, 0x74, 0x55, 0x6e, 0x69, 0x66, 0x6f, 0x72, 0x6d, 0x73, 0x2e, 0x61, 0x5b, 0x69, 0x6e, 0x73, 0x74, 0x61, 0x6e, 
0x63, 0x65, 0x5f, 0x69, 0x6e, 0x64, 0x65, 0x78, 0x5d, 0x2e, 0x6d, 0x6f, 0x72, 0x70, 0x68, 0x54, 0x61, 0x72, 0x67, 0x65, 
0x74, 0x43, 0x6f, 0x75, 0x6e, 0x74, 0x3b, 0x20, 0x00, 0x3c, 0x6f, 0x62, 0x6a, 0x65, 0x63, 0x74, 0x55, 0x6e, 0x69, 0x66, 
0x6f, 0x72, 0x6d, 0x73, 0x2e, 0x61, 0x5b, 0x00, 0x5d, 0x2e, 0x6d, 0x6f, 0x72, 0x70, 0x68, 0x54, 0x61, 0x72, 0x67, 0x65, 
0x74, 0x43, 0x6f, 0x75, 0x6e, 0x74, 0x3b, 0x20, 0x00, 0x2e, 0x77, 0x6f, 0x72, 0x6c, 0x64, 0x50, 0x6f, 0x73, 0x69, 0x74, 
0x69, 0x6f, 0x6e, 0x2e, 0x78, 0x79, 0x7a, 0x3b, 0x0a, 0x00, 0x6d, 0x65, 0x64, 0x69, 0x75, 0x6d, 0x70, 0x20, 0x66, 0x6c, 
0x6f, 0x61, 0x74, 0x20, 0x71, 0x3b, 0x0a, 0x00, 0x6d, 0x65, 0x64, 0x69, 0x75, 0x6d, 0x70, 0x20, 0x66, 0x6c, 0x6f, 0x61, 
0x74, 0x20, 0x72, 0x3b, 0x0a, 0x00, 0x6d, 0x65, 0x64, 0x69, 0x75, 0x6d, 0x70, 0x20, 0x76, 0x65, 0x63, 0x32, 0x20, 0x73, 
0x3b, 0x0a, 0x00, 0x6d, 0x65, 0x64, 0x69, 0x75, 0x6d, 0x70, 0x20, 0x66, 0x6c, 0x6f, 0x61, 0x74, 0x20, 0x78, 0x3b, 0x0a, 
0x00, 0x6d, 0x65, 0x64, 0x69, 0x75, 0x6d, 0x70, 0x20, 0x66, 0x6c, 0x6f, 0x61, 0x74, 0x20, 0x79, 0x3b, 0x0a, 0x00, 0x6d, 
0x65, 0x64, 0x69, 0x75, 0x6d, 0x70, 0x20, 0x66, 0x6c, 0x6f, 0x61, 0x74, 0x20, 0x7a, 0x3b, 0x0a, 0x00, 0x6d, 0x65, 0x64, 
0x69, 0x75, 0x6d, 0x70, 0x20, 0x66, 0x6c, 0x6f, 0x61, 0x74, 0x20, 0x61, 0x7a, 0x3b, 0x0a, 0x00, 0x6d, 0x65, 0x64, 0x69, 
0x75, 0x6d, 0x70, 0x20, 0x76, 0x65, 0x63, 0x34, 0x20, 0x62, 0x7a, 0x3b, 0x0a, 0x00, 0x6d, 0x65, 0x64, 0x69, 0x75, 0x6d, 
0x70, 0x20, 0x75, 0x76, 0x65, 0x63, 0x33, 0x20, 0x63, 0x7a, 0x3b, 0x0a, 0x00, 0x6d, 0x65, 0x64, 0x69, 0x75, 0x6d, 0x70, 
0x20, 0x69, 0x6e, 0x74, 0x20, 0x64, 0x7a, 0x3b, 0x0a, 0x00, 0x6d, 0x65, 0x64, 0x69, 0x75, 0x6d, 0x70, 0x20, 0x76, 0x65, 
0x63, 0x32, 0x20, 0x65, 0x7a, 0x3b, 0x0a, 0x00, 0x6d, 0x65, 0x64, 0x69, 0x75, 0x6d, 0x70, 0x20, 0x69, 0x6e, 0x74, 0x20, 
0x66, 0x7a, 0x3b, 0x0a, 0x00, 0x6d, 0x65, 0x64, 0x69, 0x75, 0x6d, 0x70, 0x20, 0x69, 0x6e, 0x74, 0x20, 0x67, 0x7a, 0x3b, 
0x0a, 0x00, 0x6d, 0x65, 0x64, 0x69, 0x75, 0x6d, 0x70, 0x20, 0x69, 0x6e, 0x74, 0x20, 0x68, 0x7a, 0x3b, 0x0a, 0x00, 0x6d, 
0x65, 0x64, 0x69, 0x75, 0x6d, 0x70, 0x20, 0x69, 0x6e, 0x74, 0x20, 0x69, 0x7a, 0x3b, 0x0a, 0x00, 0x6d, 0x65, 0x64, 0x69, 
0x75, 0x6d, 0x70, 0x20, 0x66, 0x6c, 0x6f, 0x61, 0x74, 0x20, 0x6a, 0x7a, 0x3b, 0x0a, 0x00, 0x6d, 0x65, 0x64, 0x69, 0x75, 
0x6d, 0x70, 0x20, 0x66, 0x6c, 0x6f, 0x61, 0x74, 0x20, 0x6b, 0x7a, 0x3b, 0x0a, 0x00, 0x6d, 0x65, 0x64, 0x69, 0x75, 0x6d, 
0x70, 0x20, 0x76, 0x65, 0x63, 0x33, 0x20, 0x6c, 0x7a, 0x5b, 0x39, 0x5d, 0x3b, 0x0a, 0x00, 0x6d, 0x65, 0x64, 0x69, 0x75, 
0x6d, 0x70, 0x20, 0x66, 0x6c, 0x6f, 0x61, 0x74, 0x20, 0x6e, 0x7a, 0x3b, 0x0a, 0x00, 0x6d, 0x65, 0x64, 0x69, 0x75, 0x6d, 
0x70, 0x20, 0x76, 0x65, 0x63, 0x34, 0x20, 0x6f, 0x7a, 0x3b, 0x0a, 0x00, 0x6d, 0x65, 0x64, 0x69, 0x75, 0x6d, 0x70, 0x20, 
0x76, 0x65, 0x63, 0x34, 0x20, 0x70, 0x7a, 0x3b, 0x0a, 0x00, 0x6d, 0x65, 0x64, 0x69, 0x75, 0x6d, 0x70, 0x20, 0x69, 0x6e, 
0x74, 0x20, 0x72, 0x7a, 0x3b, 0x0a, 0x00, 0x6d, 0x65, 0x64, 0x69, 0x75, 0x6d, 0x70, 0x20, 0x66, 0x6c, 0x6f, 0x61, 0x74, 
0x20, 0x73, 0x7a, 0x3b, 0x0a, 0x00, 0x6d, 0x65, 0x64, 0x69, 0x75, 0x6d, 0x70, 0x20, 0x66, 0x6c, 0x6f, 0x61, 0x74, 0x20, 
0x75, 0x7a, 0x3b, 0x0a, 0x00, 0x6d, 0x65, 0x64, 0x69, 0x75, 0x6d, 0x70, 0x20, 0x66, 0x6c, 0x6f, 0x61, 0x74, 0x20, 0x76, 
0x7a, 0x3b, 0x0a, 0x00, 0x6d, 0x65, 0x64, 0x69, 0x75, 0x6d, 0x70, 0x20, 0x69, 0x6e, 0x74, 0x20, 0x78, 0x7a, 0x3b, 0x0a, 
0x00, 0x6d, 0x65, 0x64, 0x69, 0x75, 0x6d, 0x70, 0x20, 0x66, 0x6c, 0x6f, 0x61, 0x74, 0x20, 0x79, 0x7a, 0x3b, 0x0a, 0x00, 
0x6d, 0x65, 0x64, 0x69, 0x75, 0x6d, 0x70, 0x20, 0x66, 0x6c, 0x6f, 0x61, 0x74, 0x20, 0x61, 0x7a, 0x7a, 0x3b, 0x0a, 0x00, 
0x6d, 0x65, 0x64, 0x69, 0x75, 0x6d, 0x70, 0x20, 0x66, 0x6c, 0x6f, 0x61, 0x74, 0x20, 0x63, 0x7a, 0x7a, 0x3b, 0x0a, 0x00, 
0x6d, 0x65, 0x64, 0x69, 0x75, 0x6d, 0x70, 0x20, 0x75, 0x69, 0x6e, 0x74, 0x20, 0x64, 0x7a, 0x7a, 0x3b, 0x0a, 0x00, 0x6d, 
0x65, 0x64, 0x69, 0x75, 0x6d, 0x70, 0x20, 0x66, 0x6c, 0x6f, 0x61, 0x74, 0x20, 0x67, 0x7a, 0x7a, 0x3b, 0x0a, 0x00, 0x6d, 
0x65, 0x64, 0x69, 0x75, 0x6d, 0x70, 0x20, 0x76, 0x65, 0x63, 0x33, 0x20, 0x6b, 0x7a, 0x7a, 0x3b, 0x0a, 0x00, 0x6d, 0x65, 
0x64, 0x69, 0x75, 0x6d, 0x70, 0x20, 0x66, 0x6c, 0x6f, 0x61, 0x74, 0x20, 0x6c, 0x7a, 0x7a, 0x3b, 0x0a, 0x00, 0x6d, 0x65, 
0x64, 0x69, 0x75, 0x6d, 0x70, 0x20, 0x66, 0x6c, 0x6f, 0x61, 0x74, 0x20, 0x6e, 0x7a, 0x7a, 0x3b, 0x0a, 0x00, 0x6d, 0x65, 
0x64, 0x69, 0x75, 0x6d, 0x70, 0x20, 0x66, 0x6c, 0x6f, 0x61, 0x74, 0x20, 0x76, 0x7a, 0x7a, 0x3b, 0x0a, 0x00, 0x6d, 0x65, 
0x64, 0x69, 0x75, 0x6d, 0x70, 0x20, 0x66, 0x6c, 0x6f, 0x61, 0x74, 0x20, 0x77, 0x7a, 0x7a, 0x3b, 0x0a, 0x00, 0x6d, 0x65, 
0x64, 0x69, 0x75, 0x6d, 0x70, 0x20, 0x66, 0x6c, 0x6f, 0x61, 0x74, 0x20, 0x78, 0x7a, 0x7a, 0x3b, 0x0a, 0x00, 0x6d, 0x65, 
0x64, 0x69, 0x75, 0x6d, 0x70, 0x20, 0x66, 0x6c, 0x6f, 0x61, 0x74, 0x20, 0x79, 0x7a, 0x7a, 0x3b, 0x0a, 0x00, 0x6d, 0x65, 
0x64, 0x69, 0x75, 0x6d, 0x70, 0x20, 0x69, 0x6e, 0x74, 0x20, 0x61, 0x7a, 0x7a, 0x7a, 0x3b, 0x0a, 0x00, 0x6d, 0x65, 0x64, 
0x69, 0x75, 0x6d, 0x70, 0x20, 0x66, 0x6c, 0x6f, 0x61, 0x74, 0x20, 0x62, 0x7a, 0x7a, 0x7a, 0x3b, 0x0a, 0x00, 0x6d, 0x65, 
0x64, 0x69, 0x75, 0x6d, 0x70, 0x20, 0x66, 0x6c, 0x6f, 0x61, 0x74, 0x20, 0x63, 0x7a, 0x7a, 0x7a, 0x3b, 0x0a, 0x00, 0x6d, 
0x65, 0x64, 0x69, 0x75, 0x6d, 0x70, 0x20, 0x66, 0x6c, 0x6f, 0x61, 0x74, 0x20, 0x64, 0x7a, 0x7a, 0x7a, 0x3b, 0x0a, 0x00, 
0x6d, 0x65, 0x64, 0x69, 0x75, 0x6d, 0x70, 0x20, 0x76, 0x65, 0x63, 0x34, 0x20, 0x65, 0x7a, 0x7a, 0x7a, 0x5b, 0x32, 0x31, 
0x5d, 0x3b, 0x0a, 0x00, 0x66, 0x6c, 0x61, 0x74, 0x20, 0x6f, 0x75, 0x74, 0x20, 0x69, 0x6e, 0x74, 0x20, 0x69, 0x6e, 0x73, 
0x74, 0x61, 0x6e, 0x63, 0x65, 0x5f, 0x69, 0x6e, 0x64, 0x65, 0x78, 0x3b, 0x0a, 0x00, 0x6f, 0x75, 0x74, 0x20, 0x76, 0x65, 
0x63, 0x32, 0x20, 0x76, 0x65, 0x72, 0x74, 0x65, 0x78, 0x5f, 0x75, 0x76, 0x30, 0x31, 0x3b, 0x0a, 0x00, 0x6f, 0x75, 0x74, 
0x20, 0x76, 0x65, 0x63, 0x34, 0x20, 0x76, 0x61, 0x72, 0x69, 0x61, 0x62, 0x6c, 0x65, 0x5f, 0x73, 0x63, 0x72, 0x65, 0x65, 
0x6e, 0x50, 0x6f, 0x73, 0x3b, 0x0a, 0x00, 0x6f, 0x75, 0x74, 0x20, 0x76, 0x65, 0x63, 0x34, 0x20, 0x76, 0x65, 0x72, 0x74, 
0x65, 0x78, 0x5f, 0x70, 0x6f, 0x73, 0x69, 0x74, 0x69, 0x6f, 0x6e, 0x3b, 0x0a, 0x00, 0x2c, 0x66, 0x72, 0x61, 0x6d, 0x65, 
0x55, 0x6e, 0x69, 0x66, 0x6f, 0x72, 0x6d, 0x73, 0x2e, 0x66, 0x5b, 0x30, 0x5d, 0x2a, 0x28, 0x28, 0x6f, 0x62, 0x6a, 0x65, 
0x63, 0x74, 0x55, 0x6e, 0x69, 0x66, 0x6f, 0x72, 0x6d, 0x73, 0x2e, 0x61, 0x5b, 0x69, 0x6e, 0x73, 0x74, 0x61, 0x6e, 0x63, 
0x65, 0x5f, 0x69, 0x6e, 0x64, 0x65, 0x78, 0x5d, 0x2e, 0x77, 0x6f, 0x72, 0x6c, 0x64, 0x46, 0x72, 0x6f, 0x6d, 0x4d, 0x6f, 
0x64, 0x65, 0x6c, 0x4d, 0x61, 0x74, 0x72, 0x69, 0x78, 0x5b, 0x30, 0x5d, 0x2a, 0x00, 0x2e, 0x78, 0x79, 0x7a, 0x2e, 0x78, 
0x29, 0x2b, 0x28, 0x28, 0x6f, 0x62, 0x6a, 0x65, 0x63, 0x74, 0x55, 0x6e, 0x69, 0x66, 0x6f, 0x72, 0x6d, 0x73, 0x2e, 0x61, 
0x5b, 0x69, 0x6e, 0x73, 0x74, 0x61, 0x6e, 0x63, 0x65, 0x5f, 0x69, 0x6e, 0x64, 0x65, 0x78, 0x5d, 0x2e, 0x77, 0x6f, 0x72, 
0x6c, 0x64, 0x46, 0x72, 0x6f, 0x6d, 0x4d, 0x6f, 0x64, 0x65, 0x6c, 0x4d, 0x61, 0x74, 0x72, 0x69, 0x78, 0x5b, 0x31, 0x5d, 
0x2a, 0x00, 0x2e, 0x78, 0x79, 0x7a, 0x2e, 0x79, 0x29, 0x2b, 0x28, 0x28, 0x6f, 0x62, 0x6a, 0x65, 0x63, 0x74, 0x55, 0x6e, 
0x69, 0x66, 0x6f, 0x72, 0x6d, 0x73, 0x2e, 0x61, 0x5b, 0x69, 0x6e, 0x73, 0x74, 0x61, 0x6e, 0x63, 0x65, 0x5f, 0x69, 0x6e, 
0x64, 0x65, 0x78, 0x5d, 0x2e, 0x77, 0x6f, 0x72, 0x6c, 0x64, 0x46, 0x72, 0x6f, 0x6d, 0x4d, 0x6f, 0x64, 0x65, 0x6c, 0x4d, 
0x61, 0x74, 0x72, 0x69, 0x78, 0x5b, 0x32, 0x5d, 0x2a, 0x00, 0x2e, 0x78, 0x79, 0x7a, 0x2e, 0x7a, 0x29, 0x2b, 0x6f, 0x62, 
0x6a, 0x65, 0x63, 0x74, 0x55, 0x6e, 0x69, 0x66, 0x6f, 0x72, 0x6d, 0x73, 0x2e, 0x61, 0x5b, 0x69, 0x6e, 0x73, 0x74, 0x61, 
0x6e, 0x63, 0x65, 0x5f, 0x69, 0x6e, 0x64, 0x65, 0x78, 0x5d, 0x2e, 0x77, 0x6f, 0x72, 0x6c, 0x64, 0x46, 0x72, 0x6f, 0x6d, 
0x4d, 0x6f, 0x64, 0x65, 0x6c, 0x4d, 0x61, 0x74, 0x72, 0x69, 0x78, 0x5b, 0x33, 0x5d, 0x29, 0x29, 0x29, 0x2c, 0x00, 0x73, 
0x74, 0x72, 0x75, 0x63, 0x74, 0x20, 0x42, 0x6f, 0x6e, 0x65, 0x44, 0x61, 0x74, 0x61, 0x0a, 0x00, 0x6d, 0x61, 0x74, 0x33, 
0x78, 0x34, 0x20, 0x74, 0x72, 0x61, 0x6e, 0x73, 0x66, 0x6f, 0x72, 0x6d, 0x3b, 0x0a, 0x00, 0x76, 0x65, 0x63, 0x33, 0x20, 
0x63, 0x6f, 0x66, 0x30, 0x3b, 0x0a, 0x00, 0x66, 0x6c, 0x6f, 0x61, 0x74, 0x20, 0x63, 0x6f, 0x66, 0x31, 0x78, 0x3b, 0x0a, 
0x00, 0x73, 0x74, 0x72, 0x75, 0x63, 0x74, 0x20, 0x43, 0x6f, 0x6e, 0x73, 0x74, 0x61, 0x6e, 0x74, 0x73, 0x0a, 0x00, 0x69, 
0x6e, 0x74, 0x20, 0x6d, 0x6f, 0x72, 0x70, 0x68, 0x69, 0x6e, 0x67, 0x42, 0x75, 0x66, 0x66, 0x65, 0x72, 0x4f, 0x66, 0x66, 
0x73, 0x65, 0x74, 0x3b, 0x0a, 0x00, 0x6c, 0x61, 0x79, 0x6f, 0x75, 0x74, 0x28, 0x73, 0x74, 0x64, 0x31, 0x34, 0x30, 0x29, 
0x20, 0x75, 0x6e, 0x69, 0x66, 0x6f, 0x72, 0x6d, 0x20, 0x42, 0x6f, 0x6e, 0x65, 0x73, 0x55, 0x6e, 0x69, 0x66, 0x6f, 0x72, 
0x6d, 0x73, 0x0a, 0x00, 0x42, 0x6f, 0x6e, 0x65, 0x44, 0x61, 0x74, 0x61, 0x20, 0x61, 0x5b, 0x32, 0x35, 0x36, 0x5d, 0x3b, 
0x0a, 0x00, 0x7d, 0x20, 0x62, 0x6f, 0x6e, 0x65, 0x73, 0x55, 0x6e, 0x69, 0x66, 0x6f, 0x72, 0x6d, 0x73, 0x3b, 0x0a, 0x00, 
0x6c, 0x61, 0x79, 0x6f, 0x75, 0x74, 0x28, 0x73, 0x74, 0x64, 0x31, 0x34, 0x30, 0x29, 0x20, 0x75, 0x6e, 0x69, 0x66, 0x6f, 
0x72, 0x6d, 0x20, 0x4d, 0x6f, 0x72, 0x70, 0x68, 0x69, 0x6e, 0x67, 0x55, 0x6e, 0x69, 0x66, 0x6f, 0x72, 0x6d, 0x73, 0x0a, 
0x00, 0x7d, 0x20, 0x6d, 0x6f, 0x72, 0x70, 0x68, 0x69, 0x6e, 0x67, 0x55, 0x6e, 0x69, 0x66, 0x6f, 0x72, 0x6d, 0x73, 0x3b, 
0x0a, 0x00, 0x75, 0x6e, 0x69, 0x66, 0x6f, 0x72, 0x6d, 0x20, 0x43, 0x6f, 0x6e, 0x73, 0x74, 0x61, 0x6e, 0x74, 0x73, 0x20, 
0x70, 0x75, 0x73, 0x68, 0x43, 0x6f, 0x6e, 0x73, 0x74, 0x61, 0x6e, 0x74, 0x73, 0x3b, 0x0a, 0x00, 0x6c, 0x61, 0x79, 0x6f, 
0x75, 0x74, 0x28, 0x6c, 0x6f, 0x63, 0x61, 0x74, 0x69, 0x6f, 0x6e, 0x3d, 0x35, 0x29, 0x20, 0x69, 0x6e, 0x20, 0x75, 0x76, 
0x65, 0x63, 0x34, 0x20, 0x6d, 0x65, 0x73, 0x68, 0x5f, 0x62, 0x6f, 0x6e, 0x65, 0x5f, 0x69, 0x6e, 0x64, 0x69, 0x63, 0x65, 
0x73, 0x3b, 0x0a, 0x00, 0x6c, 0x61, 0x79, 0x6f, 0x75, 0x74, 0x28, 0x6c, 0x6f, 0x63, 0x61, 0x74, 0x69, 0x6f, 0x6e, 0x3d, 
0x36, 0x29, 0x20, 0x69, 0x6e, 0x20, 0x76, 0x65, 0x63, 0x34, 0x20, 0x6d, 0x65, 0x73, 0x68, 0x5f, 0x62, 0x6f, 0x6e, 0x65, 
0x5f, 0x77, 0x65, 0x69, 0x67, 0x68, 0x74, 0x73, 0x3b, 0x0a, 0x00, 0x76, 0x6f, 0x69, 0x64, 0x20, 0x73, 0x6b, 0x69, 0x6e, 
0x50, 0x6f, 0x73, 0x69, 0x74, 0x69, 0x6f, 0x6e, 0x28, 0x69, 0x6e, 0x6f, 0x75, 0x74, 0x20, 0x76, 0x65, 0x63, 0x33, 0x20, 
0x70, 0x2c, 0x75, 0x76, 0x65, 0x63, 0x34, 0x20, 0x69, 0x64, 0x73, 0x2c, 0x76, 0x65, 0x63, 0x34, 0x20, 0x77, 0x65, 0x69, 
0x67, 0x68, 0x74, 0x73, 0x29, 0x0a, 0x00, 0x69, 0x66, 0x20, 0x28, 0x77, 0x65, 0x69, 0x67, 0x68, 0x74, 0x73, 0x2e, 0x77, 
0x3e, 0x3d, 0x30, 0x2e, 0x30, 0x29, 0x0a, 0x00, 0x3d, 0x74, 0x72, 0x61, 0x6e, 0x73, 0x70, 0x6f, 0x73, 0x65, 0x28, 0x62, 
0x6f, 0x6e, 0x65, 0x73, 0x55, 0x6e, 0x69, 0x66, 0x6f, 0x72, 0x6d, 0x73, 0x2e, 0x61, 0x5b, 0x69, 0x64, 0x73, 0x2e, 0x77, 
0x5d, 0x2e, 0x74, 0x72, 0x61, 0x6e, 0x73, 0x66, 0x6f, 0x72, 0x6d, 0x29, 0x3b, 0x0a, 0x00, 0x70, 0x3d, 0x28, 0x28, 0x28, 
0x28, 0x28, 0x00, 0x5b, 0x33, 0x5d, 0x29, 0x29, 0x29, 0x2a, 0x77, 0x65, 0x69, 0x67, 0x68, 0x74, 0x73, 0x2e, 0x7a, 0x29, 
0x29, 0x2b, 0x28, 0x28, 0x28, 0x00, 0x5b, 0x33, 0x5d, 0x29, 0x29, 0x29, 0x2a, 0x77, 0x65, 0x69, 0x67, 0x68, 0x74, 0x73, 
0x2e, 0x77, 0x29, 0x3b, 0x0a, 0x00, 0x72, 0x65, 0x74, 0x75, 0x72, 0x6e, 0x3b, 0x0a, 0x00, 0x3d, 0x75, 0x69, 0x6e, 0x74, 
0x28, 0x28, 0x2d, 0x77, 0x65, 0x69, 0x67, 0x68, 0x74, 0x73, 0x2e, 0x77, 0x29, 0x2d, 0x31, 0x2e, 0x30, 0x29, 0x3b, 0x0a, 
0x00, 0x2b, 0x28, 0x69, 0x64, 0x73, 0x2e, 0x77, 0x2d, 0x33, 0x75, 0x29, 0x3b, 0x0a, 0x00, 0x3d, 0x28, 0x28, 0x28, 0x28, 
0x00, 0x5b, 0x33, 0x5d, 0x29, 0x29, 0x29, 0x2a, 0x77, 0x65, 0x69, 0x67, 0x68, 0x74, 0x73, 0x2e, 0x7a, 0x29, 0x3b, 0x0a, 
0x00, 0x66, 0x6f, 0x72, 0x20, 0x28, 0x75, 0x69, 0x6e, 0x74, 0x20, 0x00, 0x3b, 0x20, 0x00, 0x3c, 0x00, 0x3b, 0x20, 0x29, 
0x0a, 0x00, 0x3d, 0x74, 0x65, 0x78, 0x65, 0x6c, 0x46, 0x65, 0x74, 0x63, 0x68, 0x28, 0x73, 0x61, 0x6d, 0x70, 0x6c, 0x65, 
0x72, 0x31, 0x5f, 0x69, 0x6e, 0x64, 0x69, 0x63, 0x65, 0x73, 0x41, 0x6e, 0x64, 0x57, 0x65, 0x69, 0x67, 0x68, 0x74, 0x73, 
0x2c, 0x69, 0x76, 0x65, 0x63, 0x32, 0x28, 0x69, 0x6e, 0x74, 0x28, 0x00, 0x20, 0x25, 0x20, 0x32, 0x30, 0x34, 0x38, 0x75, 
0x29, 0x2c, 0x69, 0x6e, 0x74, 0x28, 0x00, 0x2f, 0x32, 0x30, 0x34, 0x38, 0x75, 0x29, 0x29, 0x2c, 0x30, 0x29, 0x2e, 0x78, 
0x79, 0x3b, 0x0a, 0x00, 0x3d, 0x74, 0x72, 0x61, 0x6e, 0x73, 0x70, 0x6f, 0x73, 0x65, 0x28, 0x62, 0x6f, 0x6e, 0x65, 0x73, 
0x55, 0x6e, 0x69, 0x66, 0x6f, 0x72, 0x6d, 0x73, 0x2e, 0x61, 0x5b, 0x75, 0x69, 0x6e, 0x74, 0x28, 0x00, 0x2e, 0x78, 0x29, 
0x5d, 0x2e, 0x74, 0x72, 0x61, 0x6e, 0x73, 0x66, 0x6f, 0x72, 0x6d, 0x29, 0x3b, 0x0a, 0x00, 0x20, 0x2b, 0x3d, 0x20, 0x28, 
0x28, 0x28, 0x00, 0x5b, 0x33, 0x5d, 0x29, 0x29, 0x29, 0x2a, 0x00, 0x2b, 0x2b, 0x3b, 0x0a, 0x00, 0x63, 0x6f, 0x6e, 0x74, 
0x69, 0x6e, 0x75, 0x65, 0x3b, 0x0a, 0x00, 0x70, 0x3d, 0x00, 0x23, 0x69, 0x66, 0x6e, 0x64, 0x65, 0x66, 0x20, 0x53, 0x50, 
0x49, 0x52, 0x56, 0x5f, 0x43, 0x52, 0x4f, 0x53, 0x53, 0x5f, 0x43, 0x4f, 0x4e, 0x53, 0x54, 0x41, 0x4e, 0x54, 0x5f, 0x49, 
0x44, 0x5f, 0x38, 0x0a, 0x00, 0x23, 0x64, 0x65, 0x66, 0x69, 0x6e, 0x65, 0x20, 0x53, 0x50, 0x49, 0x52, 0x56, 0x5f, 0x43, 
0x52, 0x4f, 0x53, 0x53, 0x5f, 0x43, 0x4f, 0x4e, 0x53, 0x54, 0x41, 0x4e, 0x54, 0x5f, 0x49, 0x44, 0x5f, 0x38, 0x20, 0x32, 
0x0a, 0x00, 0x63, 0x6f, 0x6e, 0x73, 0x74, 0x20, 0x69, 0x6e, 0x74, 0x20, 0x43, 0x4f, 0x4e, 0x46, 0x49, 0x47, 0x5f, 0x53, 
0x54, 0x45, 0x52, 0x45, 0x4f, 0x5f, 0x45, 0x59, 0x45, 0x5f, 0x43, 0x4f, 0x55, 0x4e, 0x54, 0x3d, 0x53, 0x50, 0x49, 0x52, 
0x56, 0x5f, 0x43, 0x52, 0x4f, 0x53, 0x53, 0x5f, 0x43, 0x4f, 0x4e, 0x53, 0x54, 0x41, 0x4e, 0x54, 0x5f, 0x49, 0x44, 0x5f, 
0x38, 0x3b, 0x0a, 0x00, 0x3d, 0x69, 0x6e, 0x73, 0x74, 0x61, 0x6e, 0x63, 0x65, 0x5f, 0x69, 0x6e, 0x64, 0x65, 0x78, 0x2f, 
0x43, 0x4f, 0x4e, 0x46, 0x49, 0x47, 0x5f, 0x53, 0x54, 0x45, 0x52, 0x45, 0x4f, 0x5f, 0x45, 0x59, 0x45, 0x5f, 0x43, 0x4f, 
0x55, 0x4e, 0x54, 0x3b, 0x0a, 0x00, 0x2c, 0x66, 0x72, 0x61, 0x6d, 0x65, 0x55, 0x6e, 0x69, 0x66, 0x6f, 0x72, 0x6d, 0x73, 
0x2e, 0x66, 0x5b, 0x69, 0x6e, 0x73, 0x74, 0x61, 0x6e, 0x63, 0x65, 0x5f, 0x69, 0x6e, 0x64, 0x65, 0x78, 0x20, 0x25, 0x20, 
0x43, 0x4f, 0x4e, 0x46, 0x49, 0x47, 0x5f, 0x53, 0x54, 0x45, 0x52, 0x45, 0x4f, 0x5f, 0x45, 0x59, 0x45, 0x5f, 0x43, 0x4f, 
0x55, 0x4e, 0x54, 0x5d, 0x2a, 0x28, 0x28, 0x6f, 0x62, 0x6a, 0x65, 0x63, 0x74, 0x55, 0x6e, 0x69, 0x66, 0x6f, 0x72, 0x6d, 
0x73, 0x2e, 0x61, 0x5b, 0x00, 0x5d, 0x2e, 0x77, 0x6f, 0x72, 0x6c, 0x64, 0x46, 0x72, 0x6f, 0x6d, 0x4d, 0x6f, 0x64, 0x65, 
0x6c, 0x4d, 0x61, 0x74, 0x72, 0x69, 0x78, 0x5b, 0x30, 0x5d, 0x2a, 0x00, 0x2e, 0x78, 0x79, 0x7a, 0x2e, 0x78, 0x29, 0x2b, 
0x28, 0x28, 0x6f, 0x62, 0x6a, 0x65, 0x63, 0x74, 0x55, 0x6e, 0x69, 0x66, 0x6f, 0x72, 0x6d, 0x73, 0x2e, 0x61, 0x5b, 0x00, 
0x5d, 0x2e, 0x77, 0x6f, 0x72, 0x6c, 0x64, 0x46, 0x72, 0x6f, 0x6d, 0x4d, 0x6f, 0x64, 0x65, 0x6c, 0x4d, 0x61, 0x74, 0x72, 
0x69, 0x78, 0x5b, 0x31, 0x5d, 0x2a, 0x00, 0x2e, 0x78, 0x79, 0x7a, 0x2e, 0x79, 0x29, 0x2b, 0x28, 0x28, 0x6f, 0x62, 0x6a, 
0x65, 0x63, 0x74, 0x55, 0x6e, 0x69, 0x66, 0x6f, 0x72, 0x6d, 0x73, 0x2e, 0x61, 0x5b, 0x00, 0x5d, 0x2e, 0x77, 0x6f, 0x72, 
0x6c, 0x64, 0x46, 0x72, 0x6f, 0x6d, 0x4d, 0x6f, 0x64, 0x65, 0x6c, 0x4d, 0x61, 0x74, 0x72, 0x69, 0x78, 0x5b, 0x32, 0x5d, 
0x2a, 0x00, 0x2e, 0x78, 0x79, 0x7a, 0x2e, 0x7a, 0x29, 0x2b, 0x6f, 0x62, 0x6a, 0x65, 0x63, 0x74, 0x55, 0x6e, 0x69, 0x66, 
0x6f, 0x72, 0x6d, 0x73, 0x2e, 0x61, 0x5b, 0x00, 0x5d, 0x2e, 0x77, 0x6f, 0x72, 0x6c, 0x64, 0x46, 0x72, 0x6f, 0x6d, 0x4d, 
0x6f, 0x64, 0x65, 0x6c, 0x4d, 0x61, 0x74, 0x72, 0x69, 0x78, 0x5b, 0x33, 0x5d, 0x29, 0x29, 0x29, 0x2c, 0x00, 0x3d, 0x69, 
0x6e, 0x73, 0x74, 0x61, 0x6e, 0x63, 0x65, 0x5f, 0x69, 0x6e, 0x64, 0x65, 0x78, 0x20, 0x25, 0x20, 0x43, 0x4f, 0x4e, 0x46, 
0x49, 0x47, 0x5f, 0x53, 0x54, 0x45, 0x52, 0x45, 0x4f, 0x5f, 0x45, 0x59, 0x45, 0x5f, 0x43, 0x4f, 0x55, 0x4e, 0x54, 0x3b, 
0x0a, 0x00, 0x3d, 0x66, 0x6c, 0x6f, 0x61, 0x74, 0x28, 0x43, 0x4f, 0x4e, 0x46, 0x49, 0x47, 0x5f, 0x53, 0x54, 0x45, 0x52, 
0x45, 0x4f, 0x5f, 0x45, 0x59, 0x45, 0x5f, 0x43, 0x4f, 0x55, 0x4e, 0x54, 0x29, 0x3b, 0x0a, 0x00, 0x3d, 0x32, 0x2e, 0x30, 
0x2f, 0x00, 0x2e, 0x78, 0x2a, 0x28, 0x31, 0x2e, 0x30, 0x2f, 0x00, 0x2e, 0x78, 0x2b, 0x28, 0x28, 0x28, 0x28, 0x2d, 0x31, 
0x2e, 0x30, 0x29, 0x2b, 0x28, 0x00, 0x2f, 0x32, 0x2e, 0x30, 0x29, 0x29, 0x2b, 0x00, 0x67, 0x6c, 0x5f, 0x43, 0x6c, 0x69, 
0x70, 0x44, 0x69, 0x73, 0x74, 0x61, 0x6e, 0x63, 0x65, 0x5b, 0x30, 0x5d, 0x3d, 0x00, 0x2e, 0x78, 0x2b, 0x28, 0x28, 0x31, 
0x2e, 0x30, 0x2d, 0x00, 0x67, 0x6c, 0x5f, 0x43, 0x6c, 0x69, 0x70, 0x44, 0x69, 0x73, 0x74, 0x61, 0x6e, 0x63, 0x65, 0x5b, 
0x31, 0x5d, 0x3d, 0x2d, 0x28, 0x00, 0x2e, 0x78, 0x2b, 0x28, 0x28, 0x31, 0x2e, 0x30, 0x2d, 0x28, 0x00, 0x2b, 0x31, 0x29, 
0x29, 0x29, 0x2a, 0x00, 0x2e, 0x77, 0x29, 0x29, 0x3b, 0x0a, 0x00, 0x69, 0x6e, 0x73, 0x74, 0x61, 0x6e, 0x63, 0x65, 0x5f, 
0x69, 0x6e, 0x64, 0x65, 0x78, 0x3d, 0x00, 0x3d, 0x28, 0x6f, 0x62, 0x6a, 0x65, 0x63, 0x74, 0x55, 0x6e, 0x69, 0x66, 0x6f, 
0x72, 0x6d, 0x73, 0x2e, 0x61, 0x5b, 0x00, 0x6c, 0x61, 0x79, 0x6f, 0x75, 0x74, 0x28, 0x6c, 0x6f, 0x63, 0x61, 0x74, 0x69, 
0x6f, 0x6e, 0x3d, 0x31, 0x30, 0x29, 0x20, 0x66, 0x6c, 0x61, 0x74, 0x20, 0x6f, 0x75, 0x74, 0x20, 0x69, 0x6e, 0x74, 0x20, 
0x69, 0x6e, 0x73, 0x74, 0x61, 0x6e, 0x63, 0x65, 0x5f, 0x69, 0x6e, 0x64, 0x65, 0x78, 0x3b, 0x0a, 0x00, 0x6c, 0x61, 0x79, 
0x6f, 0x75, 0x74, 0x28, 0x6c, 0x6f, 0x63, 0x61, 0x74, 0x69, 0x6f, 0x6e, 0x3d, 0x35, 0x29, 0x20, 0x6f, 0x75, 0x74, 0x20, 
0x76, 0x65, 0x63, 0x32, 0x20, 0x76, 0x65, 0x72, 0x74, 0x65, 0x78, 0x5f, 0x75, 0x76, 0x30, 0x31, 0x3b, 0x0a, 0x00, 0x6c, 
0x61, 0x79, 0x6f, 0x75, 0x74, 0x28, 0x6c, 0x6f, 0x63, 0x61, 0x74, 0x69, 0x6f, 0x6e, 0x3d, 0x30, 0x29, 0x20, 0x6f, 0x75, 
0x74, 0x20, 0x76, 0x65, 0x63, 0x34, 0x20, 0x76, 0x61, 0x72, 0x69, 0x61, 0x62, 0x6c, 0x65, 0x5f, 0x73, 0x63, 0x72, 0x65, 
0x65, 0x6e, 0x50, 0x6f, 0x73, 0x3b, 0x0a, 0x00, 0x6c, 0x61, 0x79, 0x6f, 0x75, 0x74, 0x28, 0x6c, 0x6f, 0x63, 0x61, 0x74, 
0x69, 0x6f, 0x6e, 0x3d, 0x39, 0x29, 0x20, 0x6f, 0x75, 0x74, 0x20, 0x76, 0x65, 0x63, 0x34, 0x20, 0x76, 0x65, 0x72, 0x74, 
0x65, 0x78, 0x5f, 0x70, 0x6f, 0x73, 0x69, 0x74, 0x69, 0x6f, 0x6e, 0x3b, 0x0a, 0x00, 0x6f, 0x75, 0x74, 0x20, 0x76, 0x65, 
0x63, 0x34, 0x20, 0x76, 0x65, 0x72, 0x74, 0x65, 0x78, 0x5f, 0x77, 0x6f, 0x72, 0x6c, 0x64, 0x50, 0x6f, 0x73, 0x69, 0x74, 
0x69, 0x6f, 0x6e, 0x3b, 0x0a, 0x00, 0x2e, 0x77, 0x6f, 0x72, 0x6c, 0x64, 0x50, 0x6f, 0x73, 0x69, 0x74, 0x69, 0x6f, 0x6e, 
0x3b, 0x0a, 0x00, 0x6c, 0x61, 0x79, 0x6f, 0x75, 0x74, 0x28, 0x6c, 0x6f, 0x63, 0x61, 0x74, 0x69, 0x6f, 0x6e, 0x3d, 0x36, 
0x29, 0x20, 0x6f, 0x75, 0x74, 0x20, 0x76, 0x65, 0x63, 0x34, 0x20, 0x76, 0x65, 0x72, 0x74, 0x65, 0x78, 0x5f, 0x77, 0x6f, 
0x72, 0x6c, 0x64, 0x50, 0x6f, 0x73, 0x69, 0x74, 0x69, 0x6f, 0x6e, 0x3b, 0x0a, 0x00, 0x6d, 0x65, 0x64, 0x69, 0x75, 0x6d, 
0x70, 0x20, 0x76, 0x65, 0x63, 0x34, 0x20, 0x61, 0x5b, 0x32, 0x35, 0x36, 0x5d, 0x3b, 0x0a, 0x00, 0x75, 0x6e, 0x69, 0x66, 
0x6f, 0x72, 0x6d, 0x20, 0x68, 0x69, 0x67, 0x68, 0x70, 0x20, 0x73, 0x61, 0x6d, 0x70, 0x6c, 0x65, 0x72, 0x32, 0x44, 0x20, 
0x73, 0x61, 0x6d, 0x70, 0x6c, 0x65, 0x72, 0x31, 0x5f, 0x69, 0x6e, 0x64, 0x69, 0x63, 0x65, 0x73, 0x41, 0x6e, 0x64, 0x57, 
0x65, 0x69, 0x67, 0x68, 0x74, 0x73, 0x3b, 0x0a, 0x00, 0x75, 0x6e, 0x69, 0x66, 0x6f, 0x72, 0x6d, 0x20, 0x68, 0x69, 0x67, 
0x68, 0x70, 0x20, 0x73, 0x61, 0x6d, 0x70, 0x6c, 0x65, 0x72, 0x32, 0x44, 0x41, 0x72, 0x72, 0x61, 0x79, 0x20, 0x73, 0x61, 
0x6d, 0x70, 0x6c, 0x65, 0x72, 0x31, 0x5f, 0x70, 0x6f, 0x73, 0x69, 0x74, 0x69, 0x6f, 0x6e, 0x73, 0x3b, 0x0a, 0x00, 0x3d, 
0x28, 0x6f, 0x62, 0x6a, 0x65, 0x63, 0x74, 0x55, 0x6e, 0x69, 0x66, 0x6f, 0x72, 0x6d, 0x73, 0x2e, 0x61, 0x5b, 0x69, 0x6e, 
0x73, 0x74, 0x61, 0x6e, 0x63, 0x65, 0x5f, 0x69, 0x6e, 0x64, 0x65, 0x78, 0x5d, 0x2e, 0x66, 0x6c, 0x61, 0x67, 0x73, 0x43, 
0x68, 0x61, 0x6e, 0x6e, 0x65, 0x6c, 0x73, 0x20, 0x26, 0x20, 0x35, 0x31, 0x32, 0x29, 0x21, 0x3d, 0x30, 0x3b, 0x0a, 0x00, 
0x3d, 0x28, 0x6f, 0x62, 0x6a, 0x65, 0x63, 0x74, 0x55, 0x6e, 0x69, 0x66, 0x6f, 0x72, 0x6d, 0x73, 0x2e, 0x61, 0x5b, 0x69, 
0x6e, 0x73, 0x74, 0x61, 0x6e, 0x63, 0x65, 0x5f, 0x69, 0x6e, 0x64, 0x65, 0x78, 0x5d, 0x2e, 0x66, 0x6c, 0x61, 0x67, 0x73, 
0x43, 0x68, 0x61, 0x6e, 0x6e, 0x65, 0x6c, 0x73, 0x20, 0x26, 0x20, 0x32, 0x35, 0x36, 0x29, 0x21, 0x3d, 0x30, 0x3b, 0x0a, 
0x00, 0x23, 0x65, 0x78, 0x74, 0x65, 0x6e, 0x73, 0x69, 0x6f, 0x6e, 0x20, 0x47, 0x4c, 0x5f, 0x45, 0x58, 0x54, 0x5f, 0x63, 
0x6c, 0x69, 0x70, 0x5f, 0x63, 0x75, 0x6c, 0x6c, 0x5f, 0x64, 0x69, 0x73, 0x74, 0x61, 0x6e, 0x63, 0x65, 0x20, 0x3a, 0x20, 
0x72, 0x65, 0x71, 0x75, 0x69, 0x72, 0x65, 0x0a, 0x00, 0x5d, 0x2e, 0x66, 0x6c, 0x61, 0x67, 0x73, 0x43, 0x68, 0x61, 0x6e, 
0x6e, 0x65, 0x6c, 0x73, 0x20, 0x26, 0x20, 0x35, 0x31, 0x32, 0x29, 0x21, 0x3d, 0x30, 0x3b, 0x0a, 0x00, 0x5d, 0x2e, 0x66, 
0x6c, 0x61, 0x67, 0x73, 0x43, 0x68, 0x61, 0x6e, 0x6e, 0x65, 0x6c, 0x73, 0x20, 0x26, 0x20, 0x32, 0x35, 0x36, 0x29, 0x21, 
0x3d, 0x30, 0x3b, 0x0a, 0x00, 0x76, 0x65, 0x63, 0x34, 0x20, 0x61, 0x5b, 0x32, 0x35, 0x36, 0x5d, 0x3b, 0x0a, 0x00, 0x75, 
0x6e, 0x69, 0x66, 0x6f, 0x72, 0x6d, 0x20, 0x73, 0x61, 0x6d, 0x70, 0x6c, 0x65, 0x72, 0x32, 0x44, 0x20, 0x73, 0x61, 0x6d, 
0x70, 0x6c, 0x65, 0x72, 0x31, 0x5f, 0x69, 0x6e, 0x64, 0x69, 0x63, 0x65, 0x73, 0x41, 0x6e, 0x64, 0x57, 0x65, 0x69, 0x67, 
0x68, 0x74, 0x73, 0x3b, 0x0a, 0x00, 0x75, 0x6e, 0x69, 0x66, 0x6f, 0x72, 0x6d, 0x20, 0x73, 0x61, 0x6d, 0x70, 0x6c, 0x65, 
0x72, 0x32, 0x44, 0x41, 0x72, 0x72, 0x61, 0x79, 0x20, 0x73, 0x61, 0x6d, 0x70, 0x6c, 0x65, 0x72, 0x31, 0x5f, 0x70, 0x6f, 
0x73, 0x69, 0x74, 0x69, 0x6f, 0x6e, 0x73, 0x3b, 0x0a, 0x00, 0x63, 0x65, 0x6e, 0x74, 0x72, 0x6f, 0x69, 0x64, 0x20, 0x6f, 
0x75, 0x74, 0x20, 0x76, 0x65, 0x63, 0x34, 0x20, 0x76, 0x65, 0x72, 0x74, 0x65, 0x78, 0x5f, 0x77, 0x6f, 0x72, 0x6c, 0x64, 
0x50, 0x6f, 0x73, 0x69, 0x74, 0x69, 0x6f, 0x6e, 0x3b, 0x0a, 0x00, 0x76, 0x65, 0x72, 0x74, 0x65, 0x78, 0x5f, 0x77, 0x6f, 
0x72, 0x6c, 0x64, 0x50, 0x6f, 0x73, 0x69, 0x74, 0x69, 0x6f, 0x6e, 0x2e, 0x77, 0x3d, 0x28, 0x28, 0x28, 0x28, 0x2d, 0x28, 
0x66, 0x72, 0x61, 0x6d, 0x65, 0x55, 0x6e, 0x69, 0x66, 0x6f, 0x72, 0x6d, 0x73, 0x2e, 0x61, 0x2a, 0x00, 0x29, 0x2e, 0x7a, 
0x29, 0x2a, 0x66, 0x72, 0x61, 0x6d, 0x65, 0x55, 0x6e, 0x69, 0x66, 0x6f, 0x72, 0x6d, 0x73, 0x2e, 0x74, 0x29, 0x2d, 0x66, 
0x72, 0x61, 0x6d, 0x65, 0x55, 0x6e, 0x69, 0x66, 0x6f, 0x72, 0x6d, 0x73, 0x2e, 0x75, 0x29, 0x2a, 0x32, 0x2e, 0x30, 0x29, 
0x2d, 0x31, 0x2e, 0x30, 0x3b, 0x0a, 0x00, 0x6d, 0x61, 0x74, 0x34, 0x20, 0x00, 0x76, 0x65, 0x72, 0x74, 0x65, 0x78, 0x5f, 
0x77, 0x6f, 0x72, 0x6c, 0x64, 0x50, 0x6f, 0x73, 0x69, 0x74, 0x69, 0x6f, 0x6e, 0x2e, 0x77, 0x3d, 0x28, 0x28, 0x28, 0x28, 
0x2d, 0x28, 0x66, 0x72, 0x61, 0x6d, 0x65, 0x55, 0x6e, 0x69, 0x66, 0x6f, 0x72, 0x6d, 0x73, 0x2e, 0x61, 0x2a, 0x4d, 0x61, 
0x74, 0x65, 0x72, 0x69, 0x61, 0x6c, 0x56, 0x65, 0x72, 0x74, 0x65, 0x78, 0x49, 0x6e, 0x70, 0x75, 0x74, 0x73, 0x28, 0x00, 
0x29, 0x2e, 0x77, 0x6f, 0x72, 0x6c, 0x64, 0x50, 0x6f, 0x73, 0x69, 0x74, 0x69, 0x6f, 0x6e, 0x29, 0x2e, 0x7a, 0x29, 0x2a, 
0x66, 0x72, 0x61, 0x6d, 0x65, 0x55, 0x6e, 0x69, 0x66, 0x6f, 0x72, 0x6d, 0x73, 0x2e, 0x74, 0x29, 0x2d, 0x66, 0x72, 0x61, 
0x6d, 0x65, 0x55, 0x6e, 0x69, 0x66, 0x6f, 0x72, 0x6d, 0x73, 0x2e, 0x75, 0x29, 0x2a, 0x32, 0x2e, 0x30, 0x29, 0x2d, 0x31, 
0x2e, 0x30, 0x3b, 0x0a, 0x00, 0x6c, 0x61, 0x79, 0x6f, 0x75, 0x74, 0x28, 0x6c, 0x6f, 0x63, 0x61, 0x74, 0x69, 0x6f, 0x6e, 
0x3d, 0x36, 0x29, 0x20, 0x63, 0x65, 0x6e, 0x74, 0x72, 0x6f, 0x69, 0x64, 0x20, 0x6f, 0x75, 0x74, 0x20, 0x76, 0x65, 0x63, 
0x34, 0x20, 0x76, 0x65, 0x72, 0x74, 0x65, 0x78, 0x5f, 0x77, 0x6f, 0x72, 0x6c, 0x64, 0x50, 0x6f, 0x73, 0x69, 0x74, 0x69, 
0x6f, 0x6e, 0x3b, 0x0a, 0x00, 0x6d, 0x70, 0x5f, 0x63, 0x6f, 0x70, 0x79, 0x00, 0x2c, 0x30, 0x2e, 0x30, 0x29, 0x3b, 0x0a, 
0x00, 0x68, 0x69, 0x67, 0x68, 0x70, 0x20, 0x66, 0x6c, 0x6f, 0x61, 0x74, 0x20, 0x00, 0x6c, 0x61, 0x79, 0x6f, 0x75, 0x74, 
0x28, 0x6c, 0x6f, 0x63, 0x61, 0x74, 0x69, 0x6f, 0x6e, 0x3d, 0x30, 0x29, 0x20, 0x6f, 0x75, 0x74, 0x20, 0x76, 0x65, 0x63, 
0x34, 0x20, 0x66, 0x72, 0x61, 0x67, 0x43, 0x6f, 0x6c, 0x6f, 0x72, 0x3b, 0x0a, 0x00, 0x70, 0x72, 0x65, 0x63, 0x69, 0x73, 
0x69, 0x6f, 0x6e, 0x20, 0x6d, 0x65, 0x64, 0x69, 0x75, 0x6d, 0x70, 0x20, 0x66, 0x6c, 0x6f, 0x61, 0x74, 0x3b, 0x0a, 0x00, 
0x70, 0x72, 0x65, 0x63, 0x69, 0x73, 0x69, 0x6f, 0x6e, 0x20, 0x6d, 0x65, 0x64, 0x69, 0x75, 0x6d, 0x70, 0x20, 0x69, 0x6e, 
0x74, 0x3b, 0x0a, 0x00, 0x73, 0x74, 0x72, 0x75, 0x63, 0x74, 0x20, 0x4d, 0x61, 0x74, 0x65, 0x72, 0x69, 0x61, 0x6c, 0x49, 
0x6e, 0x70, 0x75, 0x74, 0x73, 0x0a, 0x00, 0x76, 0x65, 0x63, 0x34, 0x20, 0x62, 0x61, 0x73, 0x65, 0x43, 0x6f, 0x6c, 0x6f, 
0x72, 0x3b, 0x0a, 0x00, 0x76, 0x65, 0x63, 0x34, 0x20, 0x65, 0x6d, 0x69, 0x73, 0x73, 0x69, 0x76, 0x65, 0x3b, 0x0a, 0x00, 
0x66, 0x6c, 0x6f, 0x61, 0x74, 0x20, 0x63, 0x6c, 0x65, 0x61, 0x72, 0x43, 0x6f, 0x61, 0x74, 0x3b, 0x0a, 0x00, 0x66, 0x6c, 
0x6f, 0x61, 0x74, 0x20, 0x63, 0x6c, 0x65, 0x61, 0x72, 0x43, 0x6f, 0x61, 0x74, 0x52, 0x6f, 0x75, 0x67, 0x68, 0x6e, 0x65, 
0x73, 0x73, 0x3b, 0x0a, 0x00, 0x66, 0x6c, 0x6f, 0x61, 0x74, 0x20, 0x61, 0x6e, 0x69, 0x73, 0x6f, 0x74, 0x72, 0x6f, 0x70, 
0x79, 0x3b, 0x0a, 0x00, 0x76, 0x65, 0x63, 0x33, 0x20, 0x61, 0x6e, 0x69, 0x73, 0x6f, 0x74, 0x72, 0x6f, 0x70, 0x79, 0x44, 
0x69, 0x72, 0x65, 0x63, 0x74, 0x69, 0x6f, 0x6e, 0x3b, 0x0a, 0x00, 0x6c, 0x61, 0x79, 0x6f, 0x75, 0x74, 0x28, 0x73, 0x74, 
0x64, 0x31, 0x34, 0x30, 0x29, 0x20, 0x75, 0x6e, 0x69, 0x66, 0x6f, 0x72, 0x6d, 0x20, 0x4d, 0x61, 0x74, 0x65, 0x72, 0x69, 
0x61, 0x6c, 0x50, 0x61, 0x72, 0x61, 0x6d, 0x73, 0x0a, 0x00, 0x7d, 0x20, 0x6d, 0x61, 0x74, 0x65, 0x72, 0x69, 0x61, 0x6c, 
0x50, 0x61, 0x72, 0x61, 0x6d, 0x73, 0x3b, 0x0a, 0x00, 0x3d, 0x76, 0x61, 0x72, 0x69, 0x61, 0x62, 0x6c, 0x65, 0x5f, 0x73, 
0x63, 0x72, 0x65, 0x65, 0x6e, 0x50, 0x6f, 0x73, 0x2e, 0x78, 0x79, 0x7a, 0x2f, 0x76, 0x65, 0x63, 0x33, 0x28, 0x76, 0x61, 
0x72, 0x69, 0x61, 0x62, 0x6c, 0x65, 0x5f, 0x73, 0x63, 0x72, 0x65, 0x65, 0x6e, 0x50, 0x6f, 0x73, 0x2e, 0x77, 0x29, 0x3b, 
0x0a, 0x00, 0x3d, 0x28, 0x28, 0x00, 0x2a, 0x30, 0x2e, 0x35, 0x29, 0x2b, 0x76, 0x65, 0x63, 0x33, 0x28, 0x30, 0x2e, 0x35, 
0x29, 0x29, 0x2e, 0x78, 0x79, 0x3b, 0x0a, 0x00, 0x3d, 0x74, 0x65, 0x78, 0x74, 0x75, 0x72, 0x65, 0x4c, 0x6f, 0x64, 0x28, 
0x6d, 0x61, 0x74, 0x65, 0x72, 0x69, 0x61, 0x6c, 0x50, 0x61, 0x72, 0x61, 0x6d, 0x73, 0x5f, 0x64, 0x65, 0x70, 0x74, 0x68, 
0x2c, 0x00, 0x3d, 0x6d, 0x61, 0x74, 0x65, 0x72, 0x69, 0x61, 0x6c, 0x50, 0x61, 0x72, 0x61, 0x6d, 0x73, 0x2e, 0x62, 0x21, 
0x3d, 0x30, 0x75, 0x3b, 0x0a, 0x00, 0x3c, 0x30, 0x2e, 0x30, 0x30, 0x30, 0x31, 0x3b, 0x0a, 0x00, 0x69, 0x66, 0x20, 0x28, 
0x21, 0x00, 0x3d, 0x61, 0x62, 0x73, 0x28, 0x00, 0x2e, 0x7a, 0x2d, 0x00, 0x29, 0x3e, 0x30, 0x2e, 0x30, 0x30, 0x31, 0x3b, 
0x0a, 0x00, 0x3d, 0x76, 0x65, 0x63, 0x34, 0x28, 0x30, 0x2e, 0x30, 0x29, 0x3b, 0x0a, 0x00, 0x3d, 0x74, 0x65, 0x78, 0x74, 
0x75, 0x72, 0x65, 0x4c, 0x6f, 0x64, 0x28, 0x6d, 0x61, 0x74, 0x65, 0x72, 0x69, 0x61, 0x6c, 0x50, 0x61, 0x72, 0x61, 0x6d, 
0x73, 0x5f, 0x63, 0x6f, 0x6c, 0x6f, 0x72, 0x2c, 0x00, 0x66, 0x72, 0x61, 0x67, 0x43, 0x6f, 0x6c, 0x6f, 0x72, 0x3d, 0x4d, 
0x61, 0x74, 0x65, 0x72, 0x69, 0x61, 0x6c, 0x49, 0x6e, 0x70, 0x75, 0x74, 0x73, 0x28, 0x4d, 0x61, 0x74, 0x65, 0x72, 0x69, 
0x61, 0x6c, 0x49, 0x6e, 0x70, 0x75, 0x74, 0x73, 0x28, 0x00, 0x29, 0x2e, 0x62, 0x61, 0x73, 0x65, 0x43, 0x6f, 0x6c, 0x6f, 
0x72, 0x2c, 0x00, 0x29, 0x2e, 0x62, 0x61, 0x73, 0x65, 0x43, 0x6f, 0x6c, 0x6f, 0x72, 0x3b, 0x0a, 0x00, 0x2a, 0x00, 0x72, 
0x65, 0x74, 0x75, 0x72, 0x6e, 0x20, 0x76, 0x65, 0x63, 0x34, 0x28, 0x30, 0x2e, 0x30, 0x29, 0x3b, 0x0a, 0x00, 0x2a, 0x6d, 
0x61, 0x78, 0x28, 0x00, 0x68, 0x69, 0x67, 0x68, 0x70, 0x20, 0x76, 0x65, 0x63, 0x32, 0x20, 0x00, 0x2e, 0x79, 0x2c, 0x00, 
0x2e, 0x78, 0x2c, 0x00, 0x68, 0x69, 0x67, 0x68, 0x70, 0x20, 0x75, 0x69, 0x6e, 0x74, 0x20, 0x61, 0x3b, 0x0a, 0x00, 0x68, 
0x69, 0x67, 0x68, 0x70, 0x20, 0x75, 0x69, 0x6e, 0x74, 0x20, 0x62, 0x3b, 0x0a, 0x00, 0x68, 0x69, 0x67, 0x68, 0x70, 0x20, 
0x75, 0x69, 0x6e, 0x74, 0x20, 0x63, 0x3b, 0x0a, 0x00, 0x75, 0x6e, 0x69, 0x66, 0x6f, 0x72, 0x6d, 0x20, 0x6d, 0x65, 0x64, 
0x69, 0x75, 0x6d, 0x70, 0x20, 0x73, 0x61, 0x6d, 0x70, 0x6c, 0x65, 0x72, 0x32, 0x44, 0x20, 0x6d, 0x61, 0x74, 0x65, 0x72, 
0x69, 0x61, 0x6c, 0x50, 0x61, 0x72, 0x61, 0x6d, 0x73, 0x5f, 0x64, 0x65, 0x70, 0x74, 0x68, 0x3b, 0x0a, 0x00, 0x75, 0x6e, 
0x69, 0x66, 0x6f, 0x72, 0x6d, 0x20, 0x68, 0x69, 0x67, 0x68, 0x70, 0x20, 0x73, 0x61, 0x6d, 0x70, 0x6c, 0x65, 0x72, 0x32, 
0x44, 0x20, 0x6d, 0x61, 0x74, 0x65, 0x72, 0x69, 0x61, 0x6c, 0x50, 0x61, 0x72, 0x61, 0x6d, 0x73, 0x5f, 0x63, 0x6f, 0x6c, 
0x6f, 0x72, 0x3b, 0x0a, 0x00, 0x69, 0x6e, 0x20, 0x68, 0x69, 0x67, 0x68, 0x70, 0x20, 0x76, 0x65, 0x63, 0x34, 0x20, 0x76, 
0x61, 0x72, 0x69, 0x61, 0x62, 0x6c, 0x65, 0x5f, 0x73, 0x63, 0x72, 0x65, 0x65, 0x6e, 0x50, 0x6f, 0x73, 0x3b, 0x0a, 0x00, 
0x68, 0x69, 0x67, 0x68, 0x70, 0x20, 0x76, 0x65, 0x63, 0x33, 0x20, 0x00, 0x3d, 0x28, 0x00, 0x75, 0x69, 0x6e, 0x74, 0x20, 
0x61, 0x3b, 0x0a, 0x00, 0x75, 0x69, 0x6e, 0x74, 0x20, 0x62, 0x3b, 0x0a, 0x00, 0x75, 0x69, 0x6e, 0x74, 0x20, 0x63, 0x3b, 
0x0a, 0x00, 0x75, 0x6e, 0x69, 0x66, 0x6f, 0x72, 0x6d, 0x20, 0x73, 0x61, 0x6d, 0x70, 0x6c, 0x65, 0x72, 0x32, 0x44, 0x20, 
0x6d, 0x61, 0x74, 0x65, 0x72, 0x69, 0x61, 0x6c, 0x50, 0x61, 0x72, 0x61, 0x6d, 0x73, 0x5f, 0x64, 0x65, 0x70, 0x74, 0x68, 
0x3b, 0x0a, 0x00, 0x75, 0x6e, 0x69, 0x66, 0x6f, 0x72, 0x6d, 0x20, 0x73, 0x61, 0x6d, 0x70, 0x6c, 0x65, 0x72, 0x32, 0x44, 
0x20, 0x6d, 0x61, 0x74, 0x65, 0x72, 0x69, 0x61, 0x6c, 0x50, 0x61, 0x72, 0x61, 0x6d, 0x73, 0x5f, 0x63, 0x6f, 0x6c, 0x6f, 
0x72, 0x3b, 0x0a, 0x00, 0x6c, 0x61, 0x79, 0x6f, 0x75, 0x74, 0x28, 0x6c, 0x6f, 0x63, 0x61, 0x74, 0x69, 0x6f, 0x6e, 0x3d, 
0x30, 0x29, 0x20, 0x69, 0x6e, 0x20, 0x76, 0x65, 0x63, 0x34, 0x20, 0x76, 0x61, 0x72, 0x69, 0x61, 0x62, 0x6c, 0x65, 0x5f, 
0x73, 0x63, 0x72, 0x65, 0x65, 0x6e, 0x50, 0x6f, 0x73, 0x3b, 0x0a, 0x00, 0x68, 0x69, 0x67, 0x68, 0x70, 0x20, 0x6d, 0x61, 
0x74, 0x34, 0x20, 0x61, 0x3b, 0x0a, 0x00, 0x68, 0x69, 0x67, 0x68, 0x70, 0x20, 0x6d, 0x61, 0x74, 0x34, 0x20, 0x62, 0x3b, 
0x0a, 0x00, 0x68, 0x69, 0x67, 0x68, 0x70, 0x20, 0x6d, 0x61, 0x74, 0x34, 0x20, 0x63, 0x3b, 0x0a, 0x00, 0x68, 0x69, 0x67, 
0x68, 0x70, 0x20, 0x6d, 0x61, 0x74, 0x34, 0x20, 0x64, 0x3b, 0x0a, 0x00, 0x68, 0x69, 0x67, 0x68, 0x70, 0x20, 0x6d, 0x61, 
0x74, 0x34, 0x20, 0x65, 0x5b, 0x34, 0x5d, 0x3b, 0x0a, 0x00, 0x68, 0x69, 0x67, 0x68, 0x70, 0x20, 0x6d, 0x61, 0x74, 0x34, 
0x20, 0x66, 0x5b, 0x34, 0x5d, 0x3b, 0x0a, 0x00, 0x68, 0x69, 0x67, 0x68, 0x70, 0x20, 0x6d, 0x61, 0x74, 0x34, 0x20, 0x67, 
0x3b, 0x0a, 0x00, 0x68, 0x69, 0x67, 0x68, 0x70, 0x20, 0x6d, 0x61, 0x74, 0x34, 0x20, 0x68, 0x3b, 0x0a, 0x00, 0x68, 0x69, 
0x67, 0x68, 0x70, 0x20, 0x76, 0x65, 0x63, 0x34, 0x20, 0x69, 0x3b, 0x0a, 0x00, 0x68, 0x69, 0x67, 0x68, 0x70, 0x20, 0x76, 
0x65, 0x63, 0x32, 0x20, 0x6a, 0x3b, 0x0a, 0x00, 0x68, 0x69, 0x67, 0x68, 0x70, 0x20, 0x66, 0x6c, 0x6f, 0x61, 0x74, 0x20, 
0x6b, 0x3b, 0x0a, 0x00, 0x68, 0x69, 0x67, 0x68, 0x70, 0x20, 0x66, 0x6c, 0x6f, 0x61, 0x74, 0x20, 0x6c, 0x3b, 0x0a, 0x00, 
0x68, 0x69, 0x67, 0x68, 0x70, 0x20, 0x76, 0x65, 0x63, 0x34, 0x20, 0x6d, 0x3b, 0x0a, 0x00, 0x68, 0x69, 0x67, 0x68, 0x70, 
0x20, 0x76, 0x65, 0x63, 0x34, 0x20, 0x6e, 0x3b, 0x0a, 0x00, 0x68, 0x69, 0x67, 0x68, 0x70, 0x20, 0x76, 0x65, 0x63, 0x32, 
0x20, 0x6f, 0x3b, 0x0a, 0x00, 0x68, 0x69, 0x67, 0x68, 0x70, 0x20, 0x76, 0x65, 0x63, 0x32, 0x20, 0x70, 0x3b, 0x0a, 0x00, 
0x68, 0x69, 0x67, 0x68, 0x70, 0x20, 0x66, 0x6c, 0x6f, 0x61, 0x74, 0x20, 0x74, 0x3b, 0x0a, 0x00, 0x68, 0x69, 0x67, 0x68, 
0x70, 0x20, 0x66, 0x6c, 0x6f, 0x61, 0x74, 0x20, 0x75, 0x3b, 0x0a, 0x00, 0x68, 0x69, 0x67, 0x68, 0x70, 0x20, 0x66, 0x6c, 
0x6f, 0x61, 0x74, 0x20, 0x76, 0x3b, 0x0a, 0x00, 0x68, 0x69, 0x67, 0x68, 0x70, 0x20, 0x66, 0x6c, 0x6f, 0x61, 0x74, 0x20, 
0x77, 0x3b, 0x0a, 0x00, 0x68, 0x69, 0x67, 0x68, 0x70, 0x20, 0x76, 0x65, 0x63, 0x33, 0x20, 0x6d, 0x7a, 0x3b, 0x0a, 0x00, 
0x68, 0x69, 0x67, 0x68, 0x70, 0x20, 0x76, 0x65, 0x63, 0x32, 0x20, 0x71, 0x7a, 0x3b, 0x0a, 0x00, 0x68, 0x69, 0x67, 0x68, 
0x70, 0x20, 0x76, 0x65, 0x63, 0x32, 0x20, 0x74, 0x7a, 0x3b, 0x0a, 0x00, 0x68, 0x69, 0x67, 0x68, 0x70, 0x20, 0x76, 0x65, 
0x63, 0x34, 0x20, 0x77, 0x7a, 0x3b, 0x0a, 0x00, 0x68, 0x69, 0x67, 0x68, 0x70, 0x20, 0x76, 0x65, 0x63, 0x32, 0x20, 0x7a, 
0x7a, 0x3b, 0x0a, 0x00, 0x68, 0x69, 0x67, 0x68, 0x70, 0x20, 0x66, 0x6c, 0x6f, 0x61, 0x74, 0x20, 0x62, 0x7a, 0x7a, 0x3b, 
0x0a, 0x00, 0x68, 0x69, 0x67, 0x68, 0x70, 0x20, 0x76, 0x65, 0x63, 0x33, 0x20, 0x65, 0x7a, 0x7a, 0x3b, 0x0a, 0x00, 0x68, 
0x69, 0x67, 0x68, 0x70, 0x20, 0x66, 0x6c, 0x6f, 0x61, 0x74, 0x20, 0x66, 0x7a, 0x7a, 0x3b, 0x0a, 0x00, 0x68, 0x69, 0x67, 
0x68, 0x70, 0x20, 0x75, 0x69, 0x6e, 0x74, 0x20, 0x68, 0x7a, 0x7a, 0x3b, 0x0a, 0x00, 0x68, 0x69, 0x67, 0x68, 0x70, 0x20, 
0x66, 0x6c, 0x6f, 0x61, 0x74, 0x20, 0x69, 0x7a, 0x7a, 0x3b, 0x0a, 0x00, 0x68, 0x69, 0x67, 0x68, 0x70, 0x20, 0x66, 0x6c, 
0x6f, 0x61, 0x74, 0x20, 0x6a, 0x7a, 0x7a, 0x3b, 0x0a, 0x00, 0x68, 0x69, 0x67, 0x68, 0x70, 0x20, 0x66, 0x6c, 0x6f, 0x61, 
0x74, 0x20, 0x6d, 0x7a, 0x7a, 0x3b, 0x0a, 0x00, 0x68, 0x69, 0x67, 0x68, 0x70, 0x20, 0x66, 0x6c, 0x6f, 0x61, 0x74, 0x20, 
0x6f, 0x7a, 0x7a, 0x3b, 0x0a, 0x00, 0x68, 0x69, 0x67, 0x68, 0x70, 0x20, 0x66, 0x6c, 0x6f, 0x61, 0x74, 0x20, 0x70, 0x7a, 
0x7a, 0x3b, 0x0a, 0x00, 0x68, 0x69, 0x67, 0x68, 0x70, 0x20, 0x6d, 0x61, 0x74, 0x33, 0x20, 0x71, 0x7a, 0x7a, 0x3b, 0x0a, 
0x00, 0x68, 0x69, 0x67, 0x68, 0x70, 0x20, 0x76, 0x65, 0x63, 0x32, 0x20, 0x72, 0x7a, 0x7a, 0x3b, 0x0a, 0x00, 0x68, 0x69, 
0x67, 0x68, 0x70, 0x20, 0x76, 0x65, 0x63, 0x32, 0x20, 0x73, 0x7a, 0x7a, 0x3b, 0x0a, 0x00, 0x68, 0x69, 0x67, 0x68, 0x70, 
0x20, 0x6d, 0x61, 0x74, 0x34, 0x20, 0x74, 0x7a, 0x7a, 0x3b, 0x0a, 0x00, 0x68, 0x69, 0x67, 0x68, 0x70, 0x20, 0x6d, 0x61, 
0x74, 0x34, 0x20, 0x75, 0x7a, 0x7a, 0x3b, 0x0a, 0x00, 0x68, 0x69, 0x67, 0x68, 0x70, 0x20, 0x76, 0x65, 0x63, 0x34, 0x20, 
0x7a, 0x7a, 0x7a, 0x5b, 0x34, 0x5d, 0x3b, 0x0a, 0x00, 0x3d, 0x6c, 0x65, 0x6e, 0x67, 0x74, 0x68, 0x28, 0x76, 0x69, 0x65, 
0x77, 0x29, 0x3b, 0x0a, 0x00, 0x3c, 0x66, 0x72, 0x61, 0x6d, 0x65, 0x55, 0x6e, 0x69, 0x66, 0x6f, 0x72, 0x6d, 0x73, 0x2e, 
0x66, 0x7a, 0x7a, 0x29, 0x0a, 0x00, 0x3e, 0x66, 0x72, 0x61, 0x6d, 0x65, 0x55, 0x6e, 0x69, 0x66, 0x6f, 0x72, 0x6d, 0x73, 
0x2e, 0x6a, 0x7a, 0x7a, 0x29, 0x0a, 0x00, 0x3d, 0x66, 0x72, 0x61, 0x6d, 0x65, 0x55, 0x6e, 0x69, 0x66, 0x6f, 0x72, 0x6d, 
0x73, 0x2e, 0x69, 0x7a, 0x7a, 0x2a, 0x76, 0x69, 0x65, 0x77, 0x2e, 0x79, 0x3b, 0x0a, 0x00, 0x29, 0x3e, 0x30, 0x2e, 0x30, 
0x30, 0x31, 0x32, 0x35, 0x29, 0x0a, 0x00, 0x3d, 0x28, 0x66, 0x72, 0x61, 0x6d, 0x65, 0x55, 0x6e, 0x69, 0x66, 0x6f, 0x72, 
0x6d, 0x73, 0x2e, 0x65, 0x7a, 0x7a, 0x2e, 0x7a, 0x2d, 0x28, 0x66, 0x72, 0x61, 0x6d, 0x65, 0x55, 0x6e, 0x69, 0x66, 0x6f, 
0x72, 0x6d, 0x73, 0x2e, 0x65, 0x7a, 0x7a, 0x2e, 0x78, 0x2a, 0x65, 0x78, 0x70, 0x28, 0x66, 0x72, 0x61, 0x6d, 0x65, 0x55, 
0x6e, 0x69, 0x66, 0x6f, 0x72, 0x6d, 0x73, 0x2e, 0x65, 0x7a, 0x7a, 0x2e, 0x79, 0x2d, 0x00, 0x29, 0x29, 0x29, 0x2f, 0x00, 
0x3d, 0x66, 0x72, 0x61, 0x6d, 0x65, 0x55, 0x6e, 0x69, 0x66, 0x6f, 0x72, 0x6d, 0x73, 0x2e, 0x65, 0x7a, 0x7a, 0x2e, 0x7a, 
0x3b, 0x0a, 0x00, 0x3d, 0x65, 0x78, 0x70, 0x28, 0x2d, 0x28, 0x00, 0x69, 0x66, 0x20, 0x28, 0x66, 0x72, 0x61, 0x6d, 0x65, 
0x55, 0x6e, 0x69, 0x66, 0x6f, 0x72, 0x6d, 0x73, 0x2e, 0x6c, 0x7a, 0x7a, 0x3e, 0x30, 0x2e, 0x30, 0x29, 0x0a, 0x00, 0x3d, 
0x75, 0x6e, 0x70, 0x61, 0x63, 0x6b, 0x48, 0x61, 0x6c, 0x66, 0x32, 0x78, 0x31, 0x36, 0x28, 0x66, 0x72, 0x61, 0x6d, 0x65, 
0x55, 0x6e, 0x69, 0x66, 0x6f, 0x72, 0x6d, 0x73, 0x2e, 0x68, 0x7a, 0x7a, 0x29, 0x3b, 0x0a, 0x00, 0x3d, 0x66, 0x72, 0x61, 
0x6d, 0x65, 0x55, 0x6e, 0x69, 0x66, 0x6f, 0x72, 0x6d, 0x73, 0x2e, 0x6b, 0x7a, 0x7a, 0x2a, 0x74, 0x65, 0x78, 0x74, 0x75, 
0x72, 0x65, 0x4c, 0x6f, 0x64, 0x28, 0x66, 0x6f, 0x67, 0x43, 0x6f, 0x6c, 0x6f, 0x72, 0x54, 0x65, 0x78, 0x74, 0x75, 0x72, 
0x65, 0x2c, 0x74, 0x72, 0x61, 0x6e, 0x73, 0x70, 0x6f, 0x73, 0x65, 0x28, 0x6d, 0x61, 0x74, 0x33, 0x28, 0x66, 0x72, 0x61, 
0x6d, 0x65, 0x55, 0x6e, 0x69, 0x66, 0x6f, 0x72, 0x6d, 0x73, 0x2e, 0x68, 0x5b, 0x30, 0x5d, 0x2e, 0x78, 0x79, 0x7a, 0x2c, 
0x66, 0x72, 0x61, 0x6d, 0x65, 0x55, 0x6e, 0x69, 0x66, 0x6f, 0x72, 0x6d, 0x73, 0x2e, 0x68, 0x5b, 0x31, 0x5d, 0x2e, 0x78, 
0x79, 0x7a, 0x2c, 0x66, 0x72, 0x61, 0x6d, 0x65, 0x55, 0x6e, 0x69, 0x66, 0x6f, 0x72, 0x6d, 0x73, 0x2e, 0x68, 0x5b, 0x32, 
0x5d, 0x2e, 0x78, 0x79, 0x7a, 0x29, 0x29, 0x2a, 0x76, 0x69, 0x65, 0x77, 0x2c, 0x6d, 0x69, 0x78, 0x28, 0x00, 0x3d, 0x66, 
0x72, 0x61, 0x6d, 0x65, 0x55, 0x6e, 0x69, 0x66, 0x6f, 0x72, 0x6d, 0x73, 0x2e, 0x6b, 0x7a, 0x7a, 0x3b, 0x0a, 0x00, 0x2a, 
0x28, 0x66, 0x72, 0x61, 0x6d, 0x65, 0x55, 0x6e, 0x69, 0x66, 0x6f, 0x72, 0x6d, 0x73, 0x2e, 0x6a, 0x7a, 0x2a, 0x00, 0x69, 
0x66, 0x20, 0x28, 0x66, 0x72, 0x61, 0x6d, 0x65, 0x55, 0x6e, 0x69, 0x66, 0x6f, 0x72, 0x6d, 0x73, 0x2e, 0x6e, 0x7a, 0x7a, 
0x3e, 0x30, 0x2e, 0x30, 0x29, 0x0a, 0x00, 0x72, 0x65, 0x74, 0x75, 0x72, 0x6e, 0x20, 0x76, 0x65, 0x63, 0x34, 0x28, 0x00, 
0x3d, 0x66, 0x6f, 0x67, 0x28, 0x70, 0x61, 0x72, 0x61, 0x6d, 0x2c, 0x73, 0x61, 0x6d, 0x70, 0x6c, 0x65, 0x72, 0x30, 0x5f, 
0x66, 0x6f, 0x67, 0x29, 0x3b, 0x0a, 0x00, 0x3d, 0x66, 0x72, 0x61, 0x67, 0x43, 0x6f, 0x6c, 0x6f, 0x72, 0x3b, 0x0a, 0x00, 
0x2e, 0x78, 0x79, 0x7a, 0x2a, 0x28, 0x31, 0x2e, 0x30, 0x2d, 0x00, 0x2e, 0x77, 0x29, 0x29, 0x2b, 0x00, 0x66, 0x72, 0x61, 
0x67, 0x43, 0x6f, 0x6c, 0x6f, 0x72, 0x2e, 0x78, 0x3d, 0x00, 0x66, 0x72, 0x61, 0x67, 0x43, 0x6f, 0x6c, 0x6f, 0x72, 0x2e, 
0x79, 0x3d, 0x00, 0x66, 0x72, 0x61, 0x67, 0x43, 0x6f, 0x6c, 0x6f, 0x72, 0x2e, 0x7a, 0x3d, 0x00, 0x6f, 0x75, 0x74, 0x50, 
0x69, 0x63, 0x6b, 0x69, 0x6e, 0x67, 0x2e, 0x78, 0x3d, 0x75, 0x69, 0x6e, 0x74, 0x28, 0x6f, 0x62, 0x6a, 0x65, 0x63, 0x74, 
0x55, 0x6e, 0x69, 0x66, 0x6f, 0x72, 0x6d, 0x73, 0x2e, 0x61, 0x5b, 0x00, 0x5d, 0x2e, 0x6f, 0x62, 0x6a, 0x65, 0x63, 0x74, 
0x49, 0x64, 0x29, 0x3b, 0x0a, 0x00, 0x6f, 0x75, 0x74, 0x50, 0x69, 0x63, 0x6b, 0x69, 0x6e, 0x67, 0x2e, 0x79, 0x3d, 0x66, 
0x6c, 0x6f, 0x61, 0x74, 0x42, 0x69, 0x74, 0x73, 0x54, 0x6f, 0x55, 0x69, 0x6e, 0x74, 0x28, 0x76, 0x65, 0x72, 0x74, 0x65, 
0x78, 0x5f, 0x70, 0x6f, 0x73, 0x69, 0x74, 0x69, 0x6f, 0x6e, 0x2e, 0x7a, 0x2f, 0x76, 0x65, 0x72, 0x74, 0x65, 0x78, 0x5f, 
0x70, 0x6f, 0x73, 0x69, 0x74, 0x69, 0x6f, 0x6e, 0x2e, 0x77, 0x29, 0x3b, 0x0a, 0x00, 0x3d, 0x65, 0x78, 0x70, 0x28, 0x66, 
0x72, 0x61, 0x6d, 0x65, 0x55, 0x6e, 0x69, 0x66, 0x6f, 0x72, 0x6d, 0x73, 0x2e, 0x61, 0x7a, 0x7a, 0x2a, 0x76, 0x65, 0x72, 
0x74, 0x65, 0x78, 0x5f, 0x77, 0x6f, 0x72, 0x6c, 0x64, 0x50, 0x6f, 0x73, 0x69, 0x74, 0x69, 0x6f, 0x6e, 0x2e, 0x77, 0x29, 
0x3b, 0x0a, 0x00, 0x3d, 0x76, 0x65, 0x63, 0x32, 0x28, 0x00, 0x2c, 0x28, 0x2d, 0x31, 0x2e, 0x30, 0x29, 0x2f, 0x00, 0x3d, 
0x64, 0x46, 0x64, 0x78, 0x28, 0x76, 0x65, 0x72, 0x74, 0x65, 0x78, 0x5f, 0x77, 0x6f, 0x72, 0x6c, 0x64, 0x50, 0x6f, 0x73, 
0x69, 0x74, 0x69, 0x6f, 0x6e, 0x2e, 0x77, 0x29, 0x3b, 0x0a, 0x00, 0x3d, 0x64, 0x46, 0x64, 0x79, 0x28, 0x76, 0x65, 0x72, 
0x74, 0x65, 0x78, 0x5f, 0x77, 0x6f, 0x72, 0x6c, 0x64, 0x50, 0x6f, 0x73, 0x69, 0x74, 0x69, 0x6f, 0x6e, 0x2e, 0x77, 0x29, 
0x3b, 0x0a, 0x00, 0x3d, 0x6d, 0x69, 0x6e, 0x28, 0x00, 0x2b, 0x28, 0x28, 0x00, 0x2a, 0x28, 0x66, 0x72, 0x61, 0x6d, 0x65, 
0x55, 0x6e, 0x69, 0x66, 0x6f, 0x72, 0x6d, 0x73, 0x2e, 0x61, 0x7a, 0x7a, 0x2a, 0x66, 0x72, 0x61, 0x6d, 0x65, 0x55, 0x6e, 
0x69, 0x66, 0x6f, 0x72, 0x6d, 0x73, 0x2e, 0x61, 0x7a, 0x7a, 0x29, 0x29, 0x2a, 0x28, 0x30, 0x2e, 0x32, 0x35, 0x2a, 0x28, 
0x28, 0x00, 0x29, 0x2b, 0x28, 0x00, 0x29, 0x29, 0x29, 0x29, 0x2c, 0x76, 0x65, 0x63, 0x32, 0x28, 0x66, 0x72, 0x61, 0x6d, 
0x65, 0x55, 0x6e, 0x69, 0x66, 0x6f, 0x72, 0x6d, 0x73, 0x2e, 0x62, 0x7a, 0x7a, 0x29, 0x29, 0x3b, 0x0a, 0x00, 0x66, 0x72, 
0x61, 0x67, 0x43, 0x6f, 0x6c, 0x6f, 0x72, 0x3d, 0x76, 0x65, 0x63, 0x34, 0x28, 0x00, 0x75, 0x6e, 0x69, 0x66, 0x6f, 0x72, 
0x6d, 0x20, 0x6d, 0x65, 0x64, 0x69, 0x75, 0x6d, 0x70, 0x20, 0x73, 0x61, 0x6d, 0x70, 0x6c, 0x65, 0x72, 0x43, 0x75, 0x62, 
0x65, 0x20, 0x73, 0x61, 0x6d, 0x70, 0x6c, 0x65, 0x72, 0x30, 0x5f, 0x66, 0x6f, 0x67, 0x3b, 0x0a, 0x00, 0x69, 0x6e, 0x20, 
0x68, 0x69, 0x67, 0x68, 0x70, 0x20, 0x76, 0x65, 0x63, 0x34, 0x20, 0x76, 0x65, 0x72, 0x74, 0x65, 0x78, 0x5f, 0x77, 0x6f, 
0x72, 0x6c, 0x64, 0x50, 0x6f, 0x73, 0x69, 0x74, 0x69, 0x6f, 0x6e, 0x3b, 0x0a, 0x00, 0x76, 0x65, 0x63, 0x34, 0x20, 0x66, 
0x6f, 0x67, 0x28, 0x68, 0x69, 0x67, 0x68, 0x70, 0x20, 0x76, 0x65, 0x63, 0x33, 0x20, 0x76, 0x69, 0x65, 0x77, 0x2c, 0x6d, 
0x65, 0x64, 0x69, 0x75, 0x6d, 0x70, 0x20, 0x73, 0x61, 0x6d, 0x70, 0x6c, 0x65, 0x72, 0x43, 0x75, 0x62, 0x65, 0x20, 0x66, 
0x6f, 0x67, 0x43, 0x6f, 0x6c, 0x6f, 0x72, 0x54, 0x65, 0x78, 0x74, 0x75, 0x72, 0x65, 0x29, 0x0a, 0x00, 0x2d, 0x66, 0x72, 
0x61, 0x6d, 0x65, 0x55, 0x6e, 0x69, 0x66, 0x6f, 0x72, 0x6d, 0x73, 0x2e, 0x66, 0x7a, 0x7a, 0x2c, 0x30, 0x2e, 0x30, 0x29, 
0x29, 0x29, 0x3b, 0x0a, 0x00, 0x3d, 0x6d, 0x69, 0x6e, 0x28, 0x31, 0x2e, 0x30, 0x2d, 0x00, 0x2c, 0x66, 0x72, 0x61, 0x6d, 
0x65, 0x55, 0x6e, 0x69, 0x66, 0x6f, 0x72, 0x6d, 0x73, 0x2e, 0x67, 0x7a, 0x7a, 0x29, 0x3b, 0x0a, 0x00, 0x2a, 0x66, 0x72, 
0x61, 0x6d, 0x65, 0x55, 0x6e, 0x69, 0x66, 0x6f, 0x72, 0x6d, 0x73, 0x2e, 0x6f, 0x7a, 0x7a, 0x29, 0x2d, 0x66, 0x72, 0x61, 
0x6d, 0x65, 0x55, 0x6e, 0x69, 0x66, 0x6f, 0x72, 0x6d, 0x73, 0x2e, 0x70, 0x7a, 0x7a, 0x3b, 0x0a, 0x00, 0x2e, 0x78, 0x2c, 
0x63, 0x6c, 0x61, 0x6d, 0x70, 0x28, 0x00, 0x2c, 0x30, 0x2e, 0x30, 0x2c, 0x31, 0x2e, 0x30, 0x29, 0x29, 0x29, 0x2e, 0x78, 
0x79, 0x7a, 0x3b, 0x0a, 0x00, 0x2d, 0x66, 0x72, 0x61, 0x6d, 0x65, 0x55, 0x6e, 0x69, 0x66, 0x6f, 0x72, 0x6d, 0x73, 0x2e, 
0x6d, 0x7a, 0x7a, 0x2c, 0x30, 0x2e, 0x30, 0x29, 0x29, 0x29, 0x3b, 0x0a, 0x00, 0x3d, 0x6d, 0x61, 0x78, 0x28, 0x64, 0x6f, 
0x74, 0x28, 0x6e, 0x6f, 0x72, 0x6d, 0x61, 0x6c, 0x69, 0x7a, 0x65, 0x28, 0x76, 0x69, 0x65, 0x77, 0x29, 0x2c, 0x66, 0x72, 
0x61, 0x6d, 0x65, 0x55, 0x6e, 0x69, 0x66, 0x6f, 0x72, 0x6d, 0x73, 0x2e, 0x6d, 0x7a, 0x29, 0x2c, 0x30, 0x2e, 0x30, 0x29, 
0x3b, 0x0a, 0x00, 0x2b, 0x28, 0x28, 0x66, 0x72, 0x61, 0x6d, 0x65, 0x55, 0x6e, 0x69, 0x66, 0x6f, 0x72, 0x6d, 0x73, 0x2e, 
0x6f, 0x7a, 0x2e, 0x78, 0x79, 0x7a, 0x2a, 0x66, 0x72, 0x61, 0x6d, 0x65, 0x55, 0x6e, 0x69, 0x66, 0x6f, 0x72, 0x6d, 0x73, 
0x2e, 0x6f, 0x7a, 0x2e, 0x77, 0x29, 0x2a, 0x28, 0x70, 0x6f, 0x77, 0x28, 0x00, 0x2c, 0x66, 0x72, 0x61, 0x6d, 0x65, 0x55, 
0x6e, 0x69, 0x66, 0x6f, 0x72, 0x6d, 0x73, 0x2e, 0x6e, 0x7a, 0x7a, 0x29, 0x2a, 0x28, 0x31, 0x2e, 0x30, 0x2d, 0x00, 0x29, 
0x29, 0x29, 0x3b, 0x0a, 0x00, 0x68, 0x69, 0x67, 0x68, 0x70, 0x20, 0x76, 0x65, 0x63, 0x33, 0x20, 0x70, 0x61, 0x72, 0x61, 
0x6d, 0x3d, 0x66, 0x72, 0x61, 0x6d, 0x65, 0x55, 0x6e, 0x69, 0x66, 0x6f, 0x72, 0x6d, 0x73, 0x2e, 0x71, 0x7a, 0x7a, 0x2a, 
0x28, 0x76, 0x65, 0x72, 0x74, 0x65, 0x78, 0x5f, 0x77, 0x6f, 0x72, 0x6c, 0x64, 0x50, 0x6f, 0x73, 0x69, 0x74, 0x69, 0x6f, 
0x6e, 0x2e, 0x78, 0x79, 0x7a, 0x2d, 0x66, 0x72, 0x61, 0x6d, 0x65, 0x55, 0x6e, 0x69, 0x66, 0x6f, 0x72, 0x6d, 0x73, 0x2e, 
0x62, 0x5b, 0x33, 0x5d, 0x2e, 0x78, 0x79, 0x7a, 0x29, 0x3b, 0x0a, 0x00, 0x68, 0x69, 0x67, 0x68, 0x70, 0x20, 0x6d, 0x61, 
0x74, 0x34, 0x20, 0x77, 0x6f, 0x72, 0x6c, 0x64, 0x46, 0x72, 0x6f, 0x6d, 0x4d, 0x6f, 0x64, 0x65, 0x6c, 0x4d, 0x61, 0x74, 
0x72, 0x69, 0x78, 0x3b, 0x0a, 0x00, 0x68, 0x69, 0x67, 0x68, 0x70, 0x20, 0x6d, 0x61, 0x74, 0x33, 0x20, 0x77, 0x6f, 0x72, 
0x6c, 0x64, 0x46, 0x72, 0x6f, 0x6d, 0x4d, 0x6f, 0x64, 0x65, 0x6c, 0x4e, 0x6f, 0x72, 0x6d, 0x61, 0x6c, 0x4d, 0x61, 0x74, 
0x72, 0x69, 0x78, 0x3b, 0x0a, 0x00, 0x68, 0x69, 0x67, 0x68, 0x70, 0x20, 0x69, 0x6e, 0x74, 0x20, 0x6d, 0x6f, 0x72, 0x70, 
0x68, 0x54, 0x61, 0x72, 0x67, 0x65, 0x74, 0x43, 0x6f, 0x75, 0x6e, 0x74, 0x3b, 0x0a, 0x00, 0x68, 0x69, 0x67, 0x68, 0x70, 
0x20, 0x69, 0x6e, 0x74, 0x20, 0x66, 0x6c, 0x61, 0x67, 0x73, 0x43, 0x68, 0x61, 0x6e, 0x6e, 0x65, 0x6c, 0x73, 0x3b, 0x0a, 
0x00, 0x68, 0x69, 0x67, 0x68, 0x70, 0x20, 0x69, 0x6e, 0x74, 0x20, 0x6f, 0x62, 0x6a, 0x65, 0x63, 0x74, 0x49, 0x64, 0x3b, 
0x0a, 0x00, 0x68, 0x69, 0x67, 0x68, 0x70, 0x20, 0x66, 0x6c, 0x6f, 0x61, 0x74, 0x20, 0x75, 0x73, 0x65, 0x72, 0x44, 0x61, 
0x74, 0x61, 0x3b, 0x0a, 0x00, 0x68, 0x69, 0x67, 0x68, 0x70, 0x20, 0x76, 0x65, 0x63, 0x34, 0x20, 0x72, 0x65, 0x73, 0x65, 
0x72, 0x76, 0x65, 0x64, 0x5b, 0x38, 0x5d, 0x3b, 0x0a, 0x00, 0x6c, 0x61, 0x79, 0x6f, 0x75, 0x74, 0x28, 0x6c, 0x6f, 0x63, 
0x61, 0x74, 0x69, 0x6f, 0x6e, 0x3d, 0x30, 0x29, 0x20, 0x6f, 0x75, 0x74, 0x20, 0x68, 0x69, 0x67, 0x68, 0x70, 0x20, 0x75, 
0x76, 0x65, 0x63, 0x32, 0x20, 0x6f, 0x75, 0x74, 0x50, 0x69, 0x63, 0x6b, 0x69, 0x6e, 0x67, 0x3b, 0x0a, 0x00, 0x69, 0x6e, 
0x20, 0x68, 0x69, 0x67, 0x68, 0x70, 0x20, 0x76, 0x65, 0x63, 0x34, 0x20, 0x76, 0x65, 0x72, 0x74, 0x65, 0x78, 0x5f, 0x70, 
0x6f, 0x73, 0x69, 0x74, 0x69, 0x6f, 0x6e, 0x3b, 0x0a, 0x00, 0x63, 0x65, 0x6e, 0x74, 0x72, 0x6f, 0x69, 0x64, 0x20, 0x69, 
0x6e, 0x20, 0x68, 0x69, 0x67, 0x68, 0x70, 0x20, 0x76, 0x65, 0x63, 0x34, 0x20, 0x76, 0x65, 0x72, 0x74, 0x65, 0x78, 0x5f, 
0x77, 0x6f, 0x72, 0x6c, 0x64, 0x50, 0x6f, 0x73, 0x69, 0x74, 0x69, 0x6f, 0x6e, 0x3b, 0x0a, 0x00, 0x6c, 0x61, 0x79, 0x6f, 
0x75, 0x74, 0x28, 0x6c, 0x6f, 0x63, 0x61, 0x74, 0x69, 0x6f, 0x6e, 0x3d, 0x30, 0x29, 0x20, 0x6f, 0x75, 0x74, 0x20, 0x68, 
0x69, 0x67, 0x68, 0x70, 0x20, 0x76, 0x65, 0x63, 0x34, 0x20, 0x66, 0x72, 0x61, 0x67, 0x43, 0x6f, 0x6c, 0x6f, 0x72, 0x3b, 
0x0a, 0x00, 0x75, 0x6e, 0x69, 0x66, 0x6f, 0x72, 0x6d, 0x20, 0x73, 0x61, 0x6d, 0x70, 0x6c, 0x65, 0x72, 0x43, 0x75, 0x62, 
0x65, 0x20, 0x73, 0x61, 0x6d, 0x70, 0x6c, 0x65, 0x72, 0x30, 0x5f, 0x66, 0x6f, 0x67, 0x3b, 0x0a, 0x00, 0x6c, 0x61, 0x79, 
0x6f, 0x75, 0x74, 0x28, 0x6c, 0x6f, 0x63, 0x61, 0x74, 0x69, 0x6f, 0x6e, 0x3d, 0x36, 0x29, 0x20, 0x69, 0x6e, 0x20, 0x76, 
0x65, 0x63, 0x34, 0x20, 0x76, 0x65, 0x72, 0x74, 0x65, 0x78, 0x5f, 0x77, 0x6f, 0x72, 0x6c, 0x64, 0x50, 0x6f, 0x73, 0x69, 
0x74, 0x69, 0x6f, 0x6e, 0x3b, 0x0a, 0x00, 0x76, 0x65, 0x63, 0x34, 0x20, 0x66, 0x6f, 0x67, 0x28, 0x76, 0x65, 0x63, 0x33, 
0x20, 0x76, 0x69, 0x65, 0x77, 0x2c, 0x73, 0x61, 0x6d, 0x70, 0x6c, 0x65, 0x72, 0x43, 0x75, 0x62, 0x65, 0x20, 0x66, 0x6f, 
0x67, 0x43, 0x6f, 0x6c, 0x6f, 0x72, 0x54, 0x65, 0x78, 0x74, 0x75, 0x72, 0x65, 0x29, 0x0a, 0x00, 0x3d, 0x6d, 0x69, 0x6e, 
0x28, 0x31, 0x2e, 0x30, 0x2d, 0x65, 0x78, 0x70, 0x28, 0x2d, 0x28, 0x00, 0x2d, 0x66, 0x72, 0x61, 0x6d, 0x65, 0x55, 0x6e, 
0x69, 0x66, 0x6f, 0x72, 0x6d, 0x73, 0x2e, 0x66, 0x7a, 0x7a, 0x2c, 0x30, 0x2e, 0x30, 0x29, 0x29, 0x29, 0x2c, 0x66, 0x72, 
0x61, 0x6d, 0x65, 0x55, 0x6e, 0x69, 0x66, 0x6f, 0x72, 0x6d, 0x73, 0x2e, 0x67, 0x7a, 0x7a, 0x29, 0x3b, 0x0a, 0x00, 0x2e, 
0x78, 0x2c, 0x63, 0x6c, 0x61, 0x6d, 0x70, 0x28, 0x28, 0x00, 0x2a, 0x66, 0x72, 0x61, 0x6d, 0x65, 0x55, 0x6e, 0x69, 0x66, 
0x6f, 0x72, 0x6d, 0x73, 0x2e, 0x6f, 0x7a, 0x7a, 0x29, 0x2d, 0x66, 0x72, 0x61, 0x6d, 0x65, 0x55, 0x6e, 0x69, 0x66, 0x6f, 
0x72, 0x6d, 0x73, 0x2e, 0x70, 0x7a, 0x7a, 0x2c, 0x30, 0x2e, 0x30, 0x2c, 0x31, 0x2e, 0x30, 0x29, 0x29, 0x29, 0x2e, 0x78, 
0x79, 0x7a, 0x3b, 0x0a, 0x00, 0x2b, 0x28, 0x28, 0x66, 0x72, 0x61, 0x6d, 0x65, 0x55, 0x6e, 0x69, 0x66, 0x6f, 0x72, 0x6d, 
0x73, 0x2e, 0x6f, 0x7a, 0x2e, 0x78, 0x79, 0x7a, 0x2a, 0x66, 0x72, 0x61, 0x6d, 0x65, 0x55, 0x6e, 0x69, 0x66, 0x6f, 0x72, 
0x6d, 0x73, 0x2e, 0x6f, 0x7a, 0x2e, 0x77, 0x29, 0x2a, 0x28, 0x70, 0x6f, 0x77, 0x28, 0x6d, 0x61, 0x78, 0x28, 0x64, 0x6f, 
0x74, 0x28, 0x6e, 0x6f, 0x72, 0x6d, 0x61, 0x6c, 0x69, 0x7a, 0x65, 0x28, 0x76, 0x69, 0x65, 0x77, 0x29, 0x2c, 0x66, 0x72, 
0x61, 0x6d, 0x65, 0x55, 0x6e, 0x69, 0x66, 0x6f, 0x72, 0x6d, 0x73, 0x2e, 0x6d, 0x7a, 0x29, 0x2c, 0x30, 0x2e, 0x30, 0x29, 
0x2c, 0x66, 0x72, 0x61, 0x6d, 0x65, 0x55, 0x6e, 0x69, 0x66, 0x6f, 0x72, 0x6d, 0x73, 0x2e, 0x6e, 0x7a, 0x7a, 0x29, 0x2a, 
0x28, 0x31, 0x2e, 0x30, 0x2d, 0x65, 0x78, 0x70, 0x28, 0x2d, 0x28, 0x00, 0x2d, 0x66, 0x72, 0x61, 0x6d, 0x65, 0x55, 0x6e, 
0x69, 0x66, 0x6f, 0x72, 0x6d, 0x73, 0x2e, 0x6d, 0x7a, 0x7a, 0x2c, 0x30, 0x2e, 0x30, 0x29, 0x29, 0x29, 0x29, 0x29, 0x29, 
0x3b, 0x0a, 0x00, 0x76, 0x65, 0x63, 0x33, 0x20, 0x70, 0x61, 0x72, 0x61, 0x6d, 0x3d, 0x66, 0x72, 0x61, 0x6d, 0x65, 0x55, 
0x6e, 0x69, 0x66, 0x6f, 0x72, 0x6d, 0x73, 0x2e, 0x71, 0x7a, 0x7a, 0x2a, 0x28, 0x76, 0x65, 0x72, 0x74, 0x65, 0x78, 0x5f, 
0x77, 0x6f, 0x72, 0x6c, 0x64, 0x50, 0x6f, 0x73, 0x69, 0x74, 0x69, 0x6f, 0x6e, 0x2e, 0x78, 0x79, 0x7a, 0x2d, 0x66, 0x72, 
0x61, 0x6d, 0x65, 0x55, 0x6e, 0x69, 0x66, 0x6f, 0x72, 0x6d, 0x73, 0x2e, 0x62, 0x5b, 0x33, 0x5d, 0x2e, 0x78, 0x79, 0x7a, 
0x29, 0x3b, 0x0a, 0x00, 0x6c, 0x61, 0x79, 0x6f, 0x75, 0x74, 0x28, 0x6c, 0x6f, 0x63, 0x61, 0x74, 0x69, 0x6f, 0x6e, 0x3d, 
0x30, 0x29, 0x20, 0x6f, 0x75, 0x74, 0x20, 0x75, 0x76, 0x65, 0x63, 0x32, 0x20, 0x6f, 0x75, 0x74, 0x50, 0x69, 0x63, 0x6b, 
0x69, 0x6e, 0x67, 0x3b, 0x0a, 0x00, 0x6c, 0x61, 0x79, 0x6f, 0x75, 0x74, 0x28, 0x6c, 0x6f, 0x63, 0x61, 0x74, 0x69, 0x6f, 
0x6e, 0x3d, 0x39, 0x29, 0x20, 0x69, 0x6e, 0x20, 0x76, 0x65, 0x63, 0x34, 0x20, 0x76, 0x65, 0x72, 0x74, 0x65, 0x78, 0x5f, 
0x70, 0x6f, 0x73, 0x69, 0x74, 0x69, 0x6f, 0x6e, 0x3b, 0x0a, 0x00, 0x6c, 0x61, 0x79, 0x6f, 0x75, 0x74, 0x28, 0x6c, 0x6f, 
0x63, 0x61, 0x74, 0x69, 0x6f, 0x6e, 0x3d, 0x36, 0x29, 0x20, 0x63, 0x65, 0x6e, 0x74, 0x72, 0x6f, 0x69, 0x64, 0x20, 0x69, 
0x6e, 0x20, 0x76, 0x65, 0x63, 0x34, 0x20, 0x76, 0x65, 0x72, 0x74, 0x65, 0x78, 0x5f, 0x77, 0x6f, 0x72, 0x6c, 0x64, 0x50, 
0x6f, 0x73, 0x69, 0x74, 0x69, 0x6f, 0x6e, 0x3b, 0x0a, 0x00, 0x4c, 0x53, 0x4c, 0x47, 0x5f, 0x54, 0x41, 0x4d, 0x62, 0x48, 
0x00, 0x00, 0x7e, 0x00, 0xd8, 0x00, 0xa6, 0x00, 0x00, 0x00, 0x24, 0x00, 0x00, 0x00, 0x00, 0x00, 0x00, 0x00, 0x01, 0x00, 
0x00, 0x0c, 0x01, 0x00, 0x00, 0x01, 0x00, 0x01, 0x8b, 0x02, 0x00, 0x00, 0x01, 0x08, 0x00, 0x7d, 0x03, 0x00, 0x00, 0x01, 
0x10, 0x00, 0x0c, 0x01, 0x00, 0x00, 0x01, 0x10, 0x01, 0x1d, 0x09, 0x00, 0x00, 0x01, 0x18, 0x00, 0x7d, 0x03, 0x00, 0x00, 
0x01, 0x20, 0x01, 0x37, 0x09, 0x00, 0x00, 0x01, 0x30, 0x01, 0xb1, 0x0b, 0x00, 0x00, 0x01, 0x50, 0x00, 0xf3, 0x0b, 0x00, 
0x00, 0x01, 0x50, 0x01, 0x83, 0x0d, 0x00, 0x00, 0x01, 0x58, 0x00, 0x59, 0x0e, 0x00, 0x00, 0x01, 0x70, 0x01, 0x8b, 0x02, 
0x00, 0x00, 0x01, 0x80, 0x00, 0x2c, 0x14, 0x00, 0x00, 0x01, 0x88, 0x00, 0x19, 0x16, 0x00, 0x00, 0x01, 0x90, 0x00, 0x2c, 
0x14, 0x00, 0x00, 0x01, 0x98, 0x00, 0x19, 0x16, 0x00, 0x00, 0x01, 0xd0, 0x00, 0x63, 0x1c, 0x00, 0x00, 0x01, 0xd8, 0x00, 
0x61, 0x1e, 0x00, 0x00, 0x02, 0x00, 0x00, 0xe0, 0x24, 0x00, 0x00, 0x02, 0x00, 0x01, 0x5c, 0x26, 0x00, 0x00, 0x02, 0x08, 
0x00, 0x42, 0x27, 0x00, 0x00, 0x02, 0x10, 0x00, 0xe0, 0x24, 0x00, 0x00, 0x02, 0x10, 0x01, 0xdf, 0x2c, 0x00, 0x00, 0x02, 
0x18, 0x00, 0x42, 0x27, 0x00, 0x00, 0x02, 0x20, 0x01, 0xf8, 0x2c, 0x00, 0x00, 0x02, 0x30, 0x01, 0x11, 0x2f, 0x00, 0x00, 
0x02, 0x50, 0x00, 0x4b, 0x2f, 0x00, 0x00, 0x02, 0x50, 0x01, 0xd8, 0x30, 0x00, 0x00, 0x02, 0x58, 0x00, 0xac, 0x31, 0x00, 
0x00, 0x02, 0x70, 0x01, 0x5c, 0x26, 0x00, 0x00, 0x02, 0x80, 0x00, 0x7c, 0x37, 0x00, 0x00, 0x02, 0x88, 0x00, 0x89, 0x39, 
0x00, 0x00, 0x02, 0x90, 0x00, 0x7c, 0x37, 0x00, 0x00, 0x02, 0x98, 0x00, 0x89, 0x39, 0x00, 0x00, 0x02, 0xd0, 0x00, 0xcd, 
0x3f, 0x00, 0x00, 0x02, 0xd8, 0x00, 0xeb, 0x41, 0x00, 0x00, 0x27, 0x0e, 0x00, 0x00, 0xfe, 0x00, 0x00, 0x00, 0x0d, 0x00, 
0x00, 0x00, 0xfe, 0x00, 0x00, 0x00, 0x60, 0x00, 0x00, 0x00, 0x4f, 0x99, 0x02, 0x9a, 0x9b, 0x9c, 0x9d, 0x0b, 0x18, 0x02, 
0x48, 0x49, 0x4a, 0x4b, 0x4c, 0x4d, 0x4e, 0x0b, 0x19, 0x1a, 0x0d, 0x1b, 0x9e, 0x9f, 0x0d, 0xa0, 0x1c, 0x02, 0x1d, 0x1e, 
0x16, 0x02, 0x1f, 0x20, 0x21, 0x22, 0x23, 0x24, 0x25, 0x26, 0x27, 0x28, 0x29, 0x2a, 0x2b, 0x2c, 0x2d, 0x2e, 0xc9, 0xca, 
0xcb, 0x2f, 0x30, 0x31, 0x32, 0xcc, 0xcd, 0xce, 0xcf, 0xd0, 0xd1, 0xd2, 0xd3, 0xd4, 0xd5, 0xd6, 0xd7, 0xd8, 0xd9, 0xda, 
0x33, 0xdb, 0xdc, 0xdd, 0x34, 0xde, 0xdf, 0x35, 0xe0, 0xe1, 0x36, 0xe2, 0xe3, 0x37, 0xe4, 0x38, 0xe5, 0xe6, 0x39, 0x3a, 
0xe7, 0x3b, 0x3c, 0x3d, 0xe8, 0xe9, 0x3e, 0xea, 0x3f, 0x40, 0x41, 0x42, 0x43, 0x44, 0x45, 0xeb, 0xec, 0xed, 0xee, 0x46, 
0xef, 0xf0, 0xf0, 0xf0, 0xf0, 0x17, 0xa1, 0xa2, 0xf0, 0xf0, 0xf0, 0xf0, 0xf0, 0x14, 0x02, 0xa3, 0x02, 0xa4, 0x03, 0x05, 
0x02, 0xa5, 0x03, 0x04, 0xfe, 0x83, 0x04, 0xfe, 0x01, 0xfe, 0x00, 0xfe, 0x84, 0xfe, 0x87, 0x04, 0xfe, 0xa6, 0xfe, 0x00, 
0x0a, 0xfe, 0x01, 0xfe, 0xa7, 0x04, 0xfe, 0x00, 0x47, 0xfe, 0xa8, 0x02, 0x04, 0xfe, 0x01, 0xfe, 0x00, 0xfe, 0xa9, 0xfe, 
0xaa, 0xfe, 0x01, 0xfe, 0x00, 0x03, 0x05, 0x02, 0xfe, 0x01, 0xfe, 0x00, 0x03, 0x88, 0xfe, 0xab, 0xfe, 0xac, 0xfe, 0xad, 
0x11, 0xfe, 0x01, 0xfe, 0x89, 0x88, 0xfe, 0xae, 0xfe, 0xf0, 0xfe, 0xf0, 0xfe, 0xf0, 0xfe, 0xf0, 0xfe, 0xaf, 0xfe, 0xb0, 
0xb1, 0xfe, 0x89, 0xb2, 0xfe, 0xb3, 0x07, 0xfe, 0x01, 0xfe, 0xc8, 0xb4, 0xfe, 0x0c, 0xb5, 0xfe, 0x0e, 0xb6, 0xfe, 0x0f, 
0x04, 0xfe, 0x01, 0xfe, 0xb7, 0xfe, 0x00, 0xfe, 0x84, 0xfe, 0x87, 0xb8, 0xfe, 0x00, 0xfe, 0x84, 0xfe, 0xb9, 0xfe, 0xba, 
0xbb, 0xfe, 0x00, 0x03, 0x00, 0x01, 0x02, 0x03, 0x04, 0x05, 0x06, 0x51, 0x07, 0x08, 0x09, 0x0a, 0x0b, 0xc8, 0x62, 0xb8, 
0x51, 0xc8, 0x62, 0xb8, 0x51, 0xc8, 0x62, 0xde, 0x7a, 0xb8, 0x51, 0xbb, 0x6e, 0xde, 0x7a, 0xe5, 0x8f, 0xbb, 0x6e, 0xda, 
0x49, 0xde, 0x7a, 0xda, 0x49, 0xbb, 0x6e, 0xe5, 0x8f, 0xda, 0x49, 0xe5, 0x8f, 0xde, 0x7a, 0x81, 0x71, 0xe5, 0x8f, 0xe5, 
0x8f, 0xf9, 0x75, 0x81, 0x71, 0xdc, 0x90, 0xf9, 0x75, 0xc8, 0x62, 0xc8, 0x62, 0xc8, 0x62, 0x81, 0x71, 0xf9, 0x75, 0xdc, 
0x90, 0xdc, 0x90, 0x99, 0x6a, 0xdc, 0x90, 0x99, 0x6a, 0x99, 0x6a, 0x99, 0x6a, 0xe6, 0x62, 0xdc, 0x90, 0xc8, 0x62, 0xe6, 
0x62, 0xe6, 0x62, 0xe6, 0x62, 0xe6, 0x62, 0xe6, 0x62, 0xe6, 0x62, 0xe6, 0x62, 0x90, 0x04, 0x00, 0x00, 0x93, 0x00, 0x00, 
0x00, 0x00, 0x00, 0x00, 0x00, 0x93, 0x00, 0x00, 0x00, 0x4b, 0x00, 0x00, 0x00, 0x4f, 0x82, 0x83, 0x84, 0x02, 0x85, 0x86, 
0x87, 0x88, 0x89, 0x8a, 0x0b, 0x04, 0xfe, 0x00, 0x0a, 0xfe, 0x00, 0x07, 0xfe, 0x00, 0x8b, 0x02, 0xa2, 0xa3, 0xa4, 0x8c, 
0xa5, 0xa6, 0xa7, 0x81, 0x14, 0x02, 0xa8, 0xfe, 0x8d, 0x07, 0x7e, 0xfe, 0x01, 0xfe, 0x00, 0x11, 0xfe, 0x8e, 0x7e, 0xfe, 
0x8f, 0x04, 0xfe, 0x90, 0xfe, 0x7f, 0x12, 0xfe, 0x91, 0x12, 0xfe, 0x00, 0x09, 0xfe, 0x08, 0x02, 0x0a, 0xfe, 0x01, 0xfe, 
0x0c, 0x12, 0xfe, 0x01, 0xfe, 0x92, 0x12, 0xfe, 0x00, 0x93, 0xfe, 0x08, 0x02, 0xfe, 0x94, 0xfe, 0x95, 0xfe, 0x96, 0x03, 
0x05, 0x02, 0xfe, 0x01, 0xfe, 0x00, 0x03, 0xfe, 0x01, 0xfe, 0x00, 0x03, 0x05, 0x02, 0xfe, 0x01, 0xfe, 0x00, 0x03, 0x04, 
0xfe, 0x00, 0x09, 0xfe, 0x08, 0x02, 0xfe, 0x97, 0x03, 0x05, 0x02, 0xfe, 0x98, 0xfe, 0x7f, 0x03, 0x99, 0xfe, 0x06, 0xfe, 
0x06, 0xfe, 0x06, 0xfe, 0x06, 0xfe, 0x06, 0xfe, 0x9a, 0xfe, 0x06, 0xfe, 0x06, 0xfe, 0x06, 0xfe, 0x06, 0xfe, 0x9b, 0x03, 
0x02, 0x03, 0x04, 0xa3, 0x73, 0xa3, 0x73, 0xa3, 0x73, 0x93, 0x75, 0xa3, 0x73, 0xc2, 0x9c, 0x93, 0x75, 0xf1, 0x64, 0xac, 
0x55, 0xf1, 0x64, 0x90, 0x9f, 0xc2, 0x9c, 0xdf, 0x30, 0x90, 0x9f, 0xac, 0x52, 0xdf, 0x30, 0xac, 0x52, 0xa3, 0x73, 0x90, 
0x9f, 0xac, 0x52, 0xdf, 0x30, 0xac, 0x55, 0xac, 0x52, 0xac, 0x55, 0xf1, 0x64, 0xfd, 0x88, 0xac, 0x55, 0xfd, 0x88, 0xfd, 
0x88, 0x93, 0x75, 0xfd, 0x88, 0x02, 0x03, 0x03, 0x03, 0x04, 0x02, 0x03, 0x03, 0x03, 0x04, 0xb6, 0x1f, 0x00, 0x00, 0x42, 
0x03, 0x00, 0x00, 0x39, 0x00, 0x00, 0x00, 0x42, 0x03, 0x00, 0x00, 0x11, 0x02, 0x00, 0x00, 0x4f, 0x99, 0x02, 0x9a, 0x9b, 
0x9c, 0x9d, 0x0b, 0x18, 0x02, 0x48, 0x49, 0x4a, 0x4b, 0x4c, 0x4d, 0x4e, 0x0b, 0x19, 0x1a, 0x0d, 0x1b, 0xf0, 0x02, 0xf0, 
0xf0, 0xf0, 0x0b, 0xf0, 0x02, 0xf0, 0x0b, 0x9e, 0x9f, 0x0d, 0xa0, 0x04, 0xfe, 0x00, 0x1c, 0x02, 0x1d, 0x1e, 0x16, 0x02, 
0x1f, 0x20, 0x21, 0x22, 0x23, 0x24, 0x25, 0x26, 0x27, 0x28, 0x29, 0x2a, 0x2b, 0x2c, 0x2d, 0x2e, 0xc9, 0xca, 0xcb, 0x2f, 
0x30, 0x31, 0x32, 0xcc, 0xcd, 0xce, 0xcf, 0xd0, 0xd1, 0xd2, 0xd3, 0xd4, 0xd5, 0xd6, 0xd7, 0xd8, 0xd9, 0xda, 0x33, 0xdb, 
0xdc, 0xdd, 0x34, 0xde, 0xdf, 0x35, 0xe0, 0xe1, 0x36, 0xe2, 0xe3, 0x37, 0xe4, 0x38, 0xe5, 0xe6, 0x39, 0x3a, 0xe7, 0x3b, 
0x3c, 0x3d, 0xe8, 0xe9, 0x3e, 0xea, 0x3f, 0x40, 0x41, 0x42, 0x43, 0x44, 0x45, 0xeb, 0xec, 0xed, 0xee, 0x46, 0xef, 0xf0, 
0xf0, 0xf0, 0xf0, 0x17, 0xf0, 0x02, 0xf0, 0xf0, 0xf0, 0x02, 0xf0, 0xf0, 0xf0, 0xf0, 0xf0, 0xa1, 0xf0, 0xf0, 0xa2, 0xf0, 
0xf0, 0xf0, 0xf0, 0xf0, 0xf0, 0x02, 0xf0, 0x02, 0x7f, 0xfe, 0xbc, 0x7f, 0xfe, 0xbd, 0x7f, 0xfe, 0xbe, 0x7f, 0xfe, 0xf0, 
0xf0, 0xfe, 0x80, 0xfe, 0x81, 0xfe, 0x82, 0xfe, 0xbf, 0xfe, 0x80, 0xfe, 0x81, 0xfe, 0x82, 0xfe, 0xc0, 0xfe, 0x80, 0xfe, 
0x81, 0xfe, 0x82, 0xfe, 0xf0, 0xfe, 0x80, 0xfe, 0x81, 0xfe, 0x82, 0xfe, 0xf0, 0xf0, 0x03, 0x7f, 0xfe, 0xbc, 0x7f, 0xfe, 
0xbd, 0x7f, 0xfe, 0xbe, 0xc1, 0xfe, 0xf0, 0xc1, 0xfe, 0x01, 0xfe, 0xf0, 0x07, 0xfe, 0x00, 0xfe, 0xf0, 0xfe, 0x80, 0xfe, 
0x81, 0xfe, 0x82, 0xfe, 0xbf, 0xfe, 0x80, 0xfe, 0x81, 0xfe, 0x82, 0xfe, 0xc0, 0xfe, 0x80, 0xfe, 0x81, 0xfe, 0x82, 0xfe, 
0xf0, 0xf0, 0xfe, 0x01, 0xfe, 0xf0, 0xfe, 0xf0, 0xfe, 0xf0, 0x02, 0x11, 0xfe, 0xf0, 0xfe, 0xf0, 0xfe, 0xf0, 0x7f, 0xfe, 
0xf0, 0xfe, 0xf0, 0xfe, 0xf0, 0xfe, 0x80, 0xfe, 0x81, 0xfe, 0x82, 0xfe, 0xf0, 0xfe, 0x7d, 0xfe, 0xf0, 0xf0, 0x03, 0xf0, 
0xfe, 0x00, 0x03, 0x14, 0x02, 0xa3, 0x02, 0xa4, 0x03, 0x05, 0x02, 0xa5, 0x03, 0x12, 0xfe, 0xf0, 0x04, 0xfe, 0x00, 0x09, 
0xfe, 0x08, 0x02, 0x10, 0xfe, 0x8a, 0x7e, 0xfe, 0x00, 0x04, 0xfe, 0x00, 0xfe, 0x8b, 0xfe, 0x8c, 0xfe, 0x8d, 0xfe, 0x83, 
0x7e, 0xfe, 0x00, 0x04, 0xfe, 0x00, 0x8e, 0xfe, 0x8f, 0xfe, 0xc5, 0xfe, 0x01, 0xfe, 0x06, 0xfe, 0x01, 0xfe, 0x06, 0xfe, 
0x90, 0x02, 0x91, 0xfe, 0x92, 0x02, 0x7e, 0xfe, 0x01, 0xfe, 0x00, 0xfe, 0x85, 0xfe, 0x00, 0xfe, 0x01, 0xfe, 0x00, 0xfe, 
0x01, 0xfe, 0x93, 0xfe, 0x94, 0xfe, 0x95, 0x03, 0x05, 0x02, 0xfe, 0x01, 0xfe, 0x00, 0xfe, 0x01, 0xfe, 0x00, 0x03, 0x03, 
0xfe, 0x01, 0xfe, 0x00, 0x03, 0x05, 0x02, 0xfe, 0x83, 0x03, 0x12, 0xfe, 0xf0, 0x04, 0xfe, 0x00, 0x09, 0xfe, 0x08, 0x02, 
0x07, 0xfe, 0x01, 0xfe, 0x13, 0x96, 0xfe, 0x97, 0x04, 0xfe, 0x01, 0xfe, 0x00, 0xfe, 0x86, 0xfe, 0x0c, 0xfe, 0x98, 0xfe, 
0x0e, 0xfe, 0x85, 0xfe, 0x0f, 0xfe, 0x01, 0xfe, 0x00, 0x03, 0x05, 0x02, 0xfe, 0x01, 0xfe, 0x00, 0x03, 0x04, 0xfe, 0x01, 
0xfe, 0x00, 0xfe, 0x84, 0xfe, 0x87, 0x04, 0xfe, 0xa6, 0xfe, 0x00, 0x0a, 0xfe, 0x01, 0xfe, 0xa7, 0x04, 0xfe, 0x00, 0x47, 
0xfe, 0xa8, 0x02, 0x04, 0xfe, 0x01, 0xfe, 0x00, 0xfe, 0xa9, 0xfe, 0xaa, 0xfe, 0x01, 0xfe, 0x00, 0x03, 0x05, 0x02, 0xfe, 
0x01, 0xfe, 0x00, 0x03, 0x88, 0xfe, 0xab, 0xfe, 0xac, 0xfe, 0xad, 0x11, 0xfe, 0x01, 0xfe, 0x89, 0x04, 0xfe, 0x00, 0x09, 
0xfe, 0x08, 0x02, 0x10, 0xfe, 0x8a, 0x7e, 0xfe, 0x00, 0x04, 0xfe, 0x00, 0xfe, 0x8b, 0xfe, 0x8c, 0xfe, 0x8d, 0xfe, 0x83, 
0x7e, 0xfe, 0x00, 0x04, 0xfe, 0x00, 0x8e, 0xfe, 0x8f, 0xfe, 0xc5, 0xfe, 0x01, 0xfe, 0x06, 0xfe, 0x01, 0xfe, 0x06, 0xfe, 
0x90, 0x02, 0x91, 0xfe, 0x92, 0x02, 0x7e, 0xfe, 0x01, 0xfe, 0x00, 0xfe, 0x85, 0xfe, 0x00, 0xfe, 0x01, 0xfe, 0x00, 0xfe, 
0x01, 0xfe, 0x93, 0xfe, 0x94, 0xfe, 0x95, 0x03, 0x05, 0x02, 0xfe, 0x01, 0xfe, 0x00, 0xfe, 0x01, 0xfe, 0x00, 0x03, 0x03, 
0xfe, 0x01, 0xfe, 0x00, 0x03, 0x05, 0x02, 0xfe, 0x83, 0x03, 0x04, 0xfe, 0x00, 0x09, 0xfe, 0x08, 0x02, 0x07, 0xfe, 0x01, 
0xfe, 0x13, 0x96, 0xfe, 0x97, 0x04, 0xfe, 0x00, 0xfe, 0x86, 0xfe, 0x0c, 0xfe, 0x98, 0xfe, 0x0e, 0xfe, 0x85, 0xfe, 0x0f, 
0xfe, 0x01, 0xfe, 0x00, 0x03, 0x05, 0x02, 0xfe, 0x01, 0xfe, 0x00, 0x03, 0x88, 0xfe, 0xae, 0xfe, 0xf0, 0xfe, 0xf0, 0xfe, 
0xf0, 0xfe, 0xf0, 0xfe, 0xaf, 0xfe, 0xb0, 0xb1, 0xfe, 0x89, 0xb2, 0xfe, 0xb3, 0x07, 0xfe, 0x01, 0xfe, 0xc8, 0xb4, 0xfe, 
0x0c, 0xb5, 0xfe, 0x0e, 0xb6, 0xfe, 0x0f, 0x04, 0xfe, 0x00, 0x09, 0xfe, 0x08, 0x02, 0x10, 0xfe, 0x8a, 0x7e, 0xfe, 0x00, 
0x04, 0xfe, 0x00, 0xfe, 0x8b, 0xfe, 0x8c, 0xfe, 0x8d, 0xfe, 0x83, 0x7e, 0xfe, 0x00, 0x04, 0xfe, 0x00, 0x8e, 0xfe, 0x8f, 
0xfe, 0xc5, 0xfe, 0x01, 0xfe, 0x06, 0xfe, 0x01, 0xfe, 0x06, 0xfe, 0x90, 0x02, 0x91, 0xfe, 0x92, 0x02, 0x7e, 0xfe, 0x01, 
0xfe, 0x00, 0xfe, 0x85, 0xfe, 0x00, 0xfe, 0x01, 0xfe, 0x00, 0xfe, 0x01, 0xfe, 0x93, 0xfe, 0x94, 0xfe, 0x95, 0x03, 0x05, 
0x02, 0xfe, 0x01, 0xfe, 0x00, 0xfe, 0x01, 0xfe, 0x00, 0x03, 0x03, 0xfe, 0x01, 0xfe, 0x00, 0x03, 0x05, 0x02, 0xfe, 0x83, 
0x03, 0x04, 0xfe, 0x00, 0x09, 0xfe, 0x08, 0x02, 0x07, 0xfe, 0x01, 0xfe, 0x13, 0x96, 0xfe, 0x97, 0x04, 0xfe, 0x01, 0xfe, 
0x00, 0xfe, 0x86, 0xfe, 0x0c, 0xfe, 0x98, 0xfe, 0x0e, 0xfe, 0x85, 0xfe, 0x0f, 0xfe, 0x01, 0xfe, 0x00, 0x03, 0x05, 0x02, 
0xfe, 0x01, 0xfe, 0x00, 0x03, 0x04, 0xfe, 0x01, 0xfe, 0xb7, 0xfe, 0x00, 0xfe, 0x84, 0xfe, 0x87, 0xb8, 0xfe, 0x00, 0xfe, 
0x84, 0xfe, 0xb9, 0xfe, 0xba, 0xbb, 0xfe, 0x00, 0x03, 0x0c, 0x0d, 0x0e, 0x0f, 0x10, 0x11, 0x00, 0x01, 0x02, 0x03, 0x12, 
0x13, 0x14, 0x15, 0x54, 0x16, 0x55, 0x17, 0x56, 0x18, 0x19, 0x04, 0x05, 0x06, 0x51, 0x07, 0x1a, 0x1b, 0x1c, 0x1d, 0x1e, 
0x1f, 0x20, 0x21, 0x22, 0x23, 0x24, 0x25, 0x26, 0x27, 0x28, 0x29, 0x2a, 0x2b, 0x2c, 0x2d, 0x2e, 0x2f, 0x30, 0x31, 0x32, 
0x57, 0x58, 0x08, 0x09, 0x0a, 0x0b, 0x02, 0xa5, 0x57, 0xa6, 0x57, 0xaa, 0x57, 0xab, 0x57, 0xa5, 0x57, 0xa5, 0x57, 0xa5, 
0x57, 0xa5, 0x57, 0xa6, 0x57, 0xa6, 0x57, 0xa6, 0x57, 0xa6, 0x57, 0xaa, 0x57, 0xaa, 0x57, 0xaa, 0x57, 0xaa, 0x57, 0xab, 
0x57, 0xab, 0x57, 0xab, 0x57, 0xab, 0x57, 0xac, 0x57, 0xad, 0x57, 0xae, 0x57, 0xf5, 0xab, 0xbe, 0x33, 0xf5, 0xab, 0xe2, 
0x37, 0xe2, 0x37, 0xac, 0x57, 0xac, 0x57, 0xac, 0x57, 0xac, 0x57, 0xad, 0x57, 0xad, 0x57, 0xad, 0x57, 0xad, 0x57, 0xae, 
0x57, 0xae, 0x57, 0xae, 0x57, 0xae, 0x57, 0xd0, 0x55, 0xf5, 0xab, 0xd0, 0x55, 0xbe, 0x33, 0xdf, 0x86, 0xd0, 0x55, 0xd0, 
0x55, 0xaf, 0x57, 0xdf, 0x86, 0xe2, 0x37, 0xaf, 0x57, 0xaf, 0x57, 0xaf, 0x57, 0xaf, 0x57, 0xdf, 0x86, 0xd0, 0x55, 0xe2, 
0x37, 0xe3, 0x51, 0xbf, 0x8a, 0xe3, 0x51, 0xa2, 0x97, 0xa7, 0x57, 0xfc, 0x65, 0xa7, 0x57, 0xa2, 0x97, 0xa2, 0x97, 0xfc, 
0x65, 0xf3, 0x57, 0x8d, 0x6b, 0xb9, 0x3d, 0xb9, 0x3d, 0xa7, 0x57, 0xf3, 0x57, 0xfc, 0x65, 0x8d, 0x6b, 0xb9, 0x3d, 0xb9, 
0x3d, 0xa3, 0x66, 0xa7, 0x57, 0xa3, 0x66, 0xb9, 0x3d, 0xf3, 0x57, 0xa3, 0x66, 0x8d, 0x6b, 0xfc, 0x65, 0xa3, 0x66, 0xb9, 
0x3d, 0xf3, 0x57, 0xa7, 0x57, 0x8d, 0x6b, 0xfc, 0x65, 0xbf, 0x8a, 0xfc, 0x65, 0xbf, 0x8a, 0xd5, 0x85, 0xac, 0x8f, 0xd5, 
0x85, 0x8e, 0xb9, 0xbf, 0x8a, 0x8e, 0xb9, 0xed, 0x77, 0xbf, 0x8a, 0xed, 0x77, 0x8e, 0xb9, 0xed, 0x77, 0x8e, 0xb9, 0xed, 
0x77, 0x8e, 0xb9, 0xac, 0x8f, 0xed, 0x77, 0xac, 0x8f, 0xbf, 0x8a, 0xb8, 0x51, 0xac, 0x8f, 0xb8, 0x51, 0xac, 0x8f, 0xde, 
0x7a, 0xb8, 0x51, 0xbb, 0x6e, 0xde, 0x7a, 0xe5, 0x8f, 0xbb, 0x6e, 0xda, 0x49, 0xde, 0x7a, 0xda, 0x49, 0xbb, 0x6e, 0xe5, 
0x8f, 0xda, 0x49, 0xe5, 0x8f, 0xde, 0x7a, 0x81, 0x71, 0xe5, 0x8f, 0xe5, 0x8f, 0xf1, 0x8e, 0x81, 0x71, 0xac, 0x55, 0xe3, 
0x51, 0xa3, 0x97, 0xa8, 0x57, 0xfd, 0x65, 0xa8, 0x57, 0xa3, 0x97, 0xa3, 0x97, 0xfd, 0x65, 0xf4, 0x57, 0x8e, 0x6b, 0xba, 
0x3d, 0xba, 0x3d, 0xa8, 0x57, 0xf4, 0x57, 0xfd, 0x65, 0x8e, 0x6b, 0xba, 0x3d, 0xba, 0x3d, 0xa4, 0x66, 0xa8, 0x57, 0xa4, 
0x66, 0xba, 0x3d, 0xf4, 0x57, 0xa4, 0x66, 0x8e, 0x6b, 0xfd, 0x65, 0xa4, 0x66, 0xba, 0x3d, 0xf4, 0x57, 0xa8, 0x57, 0x8e, 
0x6b, 0xfd, 0x65, 0xac, 0x55, 0xfd, 0x65, 0xac, 0x55, 0xaa, 0x8a, 0xd5, 0x85, 0xfa, 0x31, 0xac, 0x55, 0xfa, 0x31, 0xee, 
0x77, 0xee, 0x77, 0xfa, 0x31, 0xee, 0x77, 0xfa, 0x31, 0xee, 0x77, 0xfa, 0x31, 0xaa, 0x8a, 0xee, 0x77, 0xaa, 0x8a, 0xac, 
0x55, 0xdc, 0x90, 0xf1, 0x8e, 0xaa, 0x8a, 0xaa, 0x8a, 0xaa, 0x8a, 0x81, 0x71, 0xf1, 0x8e, 0xdc, 0x90, 0xdc, 0x90, 0x99, 
0x6a, 0xdc, 0x90, 0x99, 0x6a, 0x99, 0x6a, 0x99, 0x6a, 0xad, 0x55, 0xe3, 0x51, 0xa4, 0x97, 0xa9, 0x57, 0xfe, 0x65, 0xa9, 
0x57, 0xa4, 0x97, 0xa4, 0x97, 0xfe, 0x65, 0xf5, 0x57, 0x8f, 0x6b, 0xbb, 0x3d, 0xbb, 0x3d, 0xa9, 0x57, 0xf5, 0x57, 0xfe, 
0x65, 0x8f, 0x6b, 0xbb, 0x3d, 0xbb, 0x3d, 0xa5, 0x66, 0xa9, 0x57, 0xa5, 0x66, 0xbb, 0x3d, 0xf5, 0x57, 0xa5, 0x66, 0x8f, 
0x6b, 0xfe, 0x65, 0xa5, 0x66, 0xbb, 0x3d, 0xf5, 0x57, 0xa9, 0x57, 0x8f, 0x6b, 0xfe, 0x65, 0xad, 0x55, 0xfe, 0x65, 0xad, 
0x55, 0x90, 0x31, 0xd5, 0x85, 0xc9, 0x8f, 0xad, 0x55, 0xc9, 0x8f, 0xef, 0x77, 0xad, 0x55, 0xef, 0x77, 0xc9, 0x8f, 0xef, 
0x77, 0xc9, 0x8f, 0xef, 0x77, 0xc9, 0x8f, 0x90, 0x31, 0xef, 0x77, 0x90, 0x31, 0xad, 0x55, 0xd6, 0x3f, 0xdc, 0x90, 0x90, 
0x31, 0xd6, 0x3f, 0xd6, 0x3f, 0xd6, 0x3f, 0xd6, 0x3f, 0xd6, 0x3f, 0xd6, 0x3f, 0xd6, 0x3f, 0x51, 0x00, 0x00, 0x00, 0x06, 
0x00, 0x00, 0x00, 0x00, 0x00, 0x00, 0x00, 0x06, 0x00, 0x00, 0x00, 0x00, 0x00, 0x00, 0x00, 0x4f, 0x82, 0x83, 0x14, 0x02, 
0x03, 0xc7, 0x0f, 0x00, 0x00, 0x9a, 0x01, 0x00, 0x00, 0x0f, 0x00, 0x00, 0x00, 0x9a, 0x01, 0x00, 0x00, 0xbd, 0x00, 0x00, 
0x00, 0x4f, 0x82, 0x83, 0x84, 0x02, 0x85, 0x86, 0x87, 0x88, 0x89, 0x8a, 0x0b, 0x04, 0xfe, 0x00, 0x0a, 0xfe, 0x00, 0x07, 
0xfe, 0x00, 0x16, 0x02, 0xb0, 0xb1, 0xb2, 0xb3, 0xb4, 0xb5, 0xb6, 0xb7, 0xb8, 0xb9, 0xba, 0xbb, 0xbc, 0xbd, 0xbe, 0xbf, 
0x52, 0x53, 0x54, 0xc0, 0xc1, 0xc2, 0xc3, 0x55, 0x56, 0x57, 0x58, 0x59, 0x5a, 0x5b, 0x5c, 0x5d, 0x5e, 0x5f, 0x60, 0x61, 
0x62, 0x63, 0xc4, 0x64, 0x65, 0x66, 0xc5, 0x67, 0x68, 0xc6, 0x69, 0x6a, 0xc7, 0x6b, 0x6c, 0xc8, 0x6d, 0xc9, 0x6e, 0x6f, 
0xca, 0xcb, 0x70, 0xcc, 0xcd, 0xce, 0x71, 0x72, 0xcf, 0x73, 0xd0, 0xd1, 0xd2, 0xd3, 0xd4, 0xd5, 0xd6, 0x74, 0x75, 0x76, 
0x77, 0xd7, 0x78, 0x79, 0x7a, 0x7b, 0x7c, 0x17, 0x8b, 0x02, 0xa2, 0xa3, 0xa4, 0x8c, 0xa5, 0xa6, 0xf0, 0xf0, 0xa7, 0x81, 
0xf0, 0x02, 0x80, 0xfe, 0xd8, 0x09, 0xfe, 0xd9, 0x02, 0x9d, 0x03, 0x09, 0xfe, 0xda, 0x02, 0x9d, 0x03, 0x80, 0xfe, 0xdb, 
0x80, 0xfe, 0x00, 0x47, 0xfe, 0xdc, 0x02, 0xfe, 0xdd, 0xfe, 0xde, 0xfe, 0x00, 0x03, 0x05, 0x02, 0xfe, 0xdf, 0x03, 0x80, 
0xfe, 0xe0, 0xfe, 0x9e, 0xfe, 0xf0, 0x0a, 0x7e, 0xfe, 0x01, 0xfe, 0x00, 0x0a, 0xfe, 0xf0, 0x7e, 0xfe, 0xf0, 0x07, 0xfe, 
0x00, 0xe1, 0x02, 0x80, 0xfe, 0xa9, 0xfe, 0xf0, 0x0a, 0x7e, 0xfe, 0x01, 0xfe, 0x00, 0x9f, 0xfe, 0xe2, 0xfe, 0xe3, 0xfe, 
0xa0, 0xfe, 0xf0, 0x7e, 0xfe, 0xf0, 0x03, 0x05, 0x02, 0xfe, 0xe4, 0x03, 0x07, 0xfe, 0x01, 0xfe, 0xe5, 0xfe, 0x15, 0x07, 
0xfe, 0x00, 0xe6, 0x02, 0x80, 0xfe, 0xe0, 0xfe, 0x9e, 0xfe, 0xf0, 0x0a, 0x7e, 0xfe, 0x01, 0xfe, 0x00, 0x80, 0xfe, 0xf0, 
0x0a, 0x7e, 0xfe, 0x01, 0xfe, 0x00, 0xfe, 0x01, 0xfe, 0xf0, 0x7e, 0xfe, 0xf0, 0x7e, 0xfe, 0xf0, 0x03, 0x05, 0x02, 0xfe, 
0x01, 0xfe, 0x00, 0x03, 0xe7, 0xfe, 0x06, 0xfe, 0x15, 0x03, 0x14, 0x02, 0xa8, 0xfe, 0x8d, 0x07, 0x7e, 0xfe, 0x01, 0xfe, 
0x00, 0x11, 0xfe, 0x8e, 0x7e, 0xfe, 0x8f, 0x04, 0xfe, 0x90, 0xfe, 0x7f, 0x12, 0xfe, 0x91, 0x12, 0xfe, 0x00, 0x09, 0xfe, 
0x08, 0x02, 0x0a, 0xfe, 0x01, 0xfe, 0x0c, 0x12, 0xfe, 0x01, 0xfe, 0x92, 0x12, 0xfe, 0x00, 0x93, 0xfe, 0x08, 0x02, 0xfe, 
0x94, 0xfe, 0x95, 0xfe, 0x96, 0x03, 0x05, 0x02, 0xfe, 0x01, 0xfe, 0x00, 0x03, 0xfe, 0x01, 0xfe, 0x00, 0x03, 0x05, 0x02, 
0xfe, 0x01, 0xfe, 0x00, 0x03, 0x04, 0xfe, 0x00, 0x09, 0xfe, 0x08, 0x02, 0xfe, 0x97, 0x03, 0x05, 0x02, 0xfe, 0x98, 0xfe, 
0x7f, 0x03, 0x99, 0xfe, 0x06, 0xfe, 0x06, 0xfe, 0x06, 0xfe, 0x06, 0xfe, 0x06, 0xfe, 0x9a, 0xfe, 0x06, 0xfe, 0x06, 0xfe, 
0x06, 0xfe, 0x06, 0xfe, 0x9b, 0xf0, 0x04, 0xfe, 0xe8, 0x04, 0xfe, 0xe9, 0x07, 0xfe, 0xa9, 0xfe, 0xea, 0xfe, 0xeb, 0xfe, 
0x13, 0xec, 0xfe, 0x0c, 0xed, 0xfe, 0x0e, 0xee, 0xfe, 0x0f, 0x03, 0x0d, 0x0e, 0x0f, 0x10, 0x11, 0x12, 0x13, 0x14, 0x15, 
0x16, 0x17, 0x18, 0x19, 0x1a, 0x1b, 0x02, 0x03, 0x04, 0xb5, 0x3a, 0xb5, 0x3a, 0xb5, 0x3a, 0xbd, 0x35, 0xb1, 0x36, 0xbd, 
0x35, 0xb1, 0x36, 0xbd, 0x35, 0xbd, 0x35, 0xb1, 0x36, 0xa9, 0x3c, 0xb1, 0x36, 0xb5, 0x3a, 0xa9, 0x3c, 0xa9, 0x3c, 0xf7, 
0xb5, 0xa9, 0x3c, 0xc6, 0x96, 0xc4, 0xc1, 0xb5, 0x3a, 0xc4, 0xc1, 0xc4, 0xc1, 0xfb, 0x3c, 0xc6, 0x96, 0xfb, 0x3c, 0xfb, 
0x3c, 0xc4, 0xc1, 0xc6, 0x96, 0xfc, 0x9b, 0xc6, 0x96, 0xf7, 0xb5, 0xf2, 0x83, 0xf7, 0x94, 0xb1, 0x36, 0xb5, 0x3a, 0xf7, 
0x94, 0xf7, 0x94, 0x87, 0xa6, 0x87, 0xa6, 0x87, 0xa6, 0xf2, 0x83, 0xfc, 0x9b, 0x87, 0xa6, 0xf7, 0x94, 0xf2, 0x83, 0xfc, 
0x9b, 0xf2, 0x83, 0xf7, 0xb5, 0xa3, 0x73, 0xa3, 0x73, 0xa3, 0x73, 0x93, 0x75, 0xa3, 0x73, 0xc2, 0x9c, 0x93, 0x75, 0xf1, 
0x64, 0xac, 0x55, 0xf1, 0x64, 0x90, 0x9f, 0xc2, 0x9c, 0xdf, 0x30, 0x90, 0x9f, 0xac, 0x52, 0xdf, 0x30, 0xac, 0x52, 0xa3, 
0x73, 0x90, 0x9f, 0xac, 0x52, 0xdf, 0x30, 0xac, 0x55, 0xac, 0x52, 0xac, 0x55, 0xf1, 0x64, 0xfd, 0x88, 0xac, 0x55, 0xfd, 
0x88, 0xfd, 0x88, 0x93, 0x75, 0xfd, 0x88, 0x02, 0x03, 0x03, 0x03, 0x04, 0x02, 0x03, 0x03, 0x03, 0x04, 0x97, 0xae, 0x8c, 
0x9e, 0xa4, 0x31, 0x8c, 0x9e, 0x97, 0xae, 0x97, 0xae, 0xa4, 0x31, 0xa4, 0x31, 0xa4, 0x31, 0xe6, 0x02, 0x00, 0x00, 0x21, 
0x00, 0x00, 0x00, 0x0b, 0x00, 0x00, 0x00, 0x21, 0x00, 0x00, 0x00, 0x02, 0x00, 0x00, 0x00, 0x4f, 0x82, 0x83, 0x18, 0x02, 
0xf0, 0xf0, 0xf0, 0xf0, 0xf0, 0xf0, 0xf0, 0x0b, 0x19, 0x1a, 0x0d, 0x1b, 0x10, 0xfe, 0x00, 0x1c, 0x02, 0x1d, 0x1e, 0xf0, 
0xf0, 0x14, 0x02, 0xef, 0xfe, 0xf0, 0xf0, 0x03, 0x1c, 0x1d, 0x1e, 0x1f, 0x20, 0x21, 0x22, 0x23, 0x24, 0x00, 0x01, 0x02, 
0x02, 0xa8, 0x0e, 0x00, 0x00, 0x06, 0x01, 0x00, 0x00, 0x10, 0x00, 0x00, 0x00, 0x06, 0x01, 0x00, 0x00, 0x66, 0x00, 0x00, 
0x00, 0x4f, 0x99, 0x02, 0x9a, 0x9b, 0x9c, 0x9d, 0x0b, 0x18, 0x02, 0x48, 0x49, 0x4a, 0x4b, 0x4c, 0x4d, 0x4e, 0x0b, 0x19, 
0x1a, 0x0d, 0x1b, 0x9e, 0x9f, 0x0d, 0xa0, 0x1c, 0x02, 0x1d, 0x1e, 0x16, 0x02, 0x1f, 0x20, 0x21, 0x22, 0x23, 0x24, 0x25, 
0x26, 0x27, 0x28, 0x29, 0x2a, 0x2b, 0x2c, 0x2d, 0x2e, 0xc9, 0xca, 0xcb, 0x2f, 0x30, 0x31, 0x32, 0xcc, 0xcd, 0xce, 0xcf, 
0xd0, 0xd1, 0xd2, 0xd3, 0xd4, 0xd5, 0xd6, 0xd7, 0xd8, 0xd9, 0xda, 0x33, 0xdb, 0xdc, 0xdd, 0x34, 0xde, 0xdf, 0x35, 0xe0, 
0xe1, 0x36, 0xe2, 0xe3, 0x37, 0xe4, 0x38, 0xe5, 0xe6, 0x39, 0x3a, 0xe7, 0x3b, 0x3c, 0x3d, 0xe8, 0xe9, 0x3e, 0xea, 0x3f, 
0x40, 0x41, 0x42, 0x43, 0x44, 0x45, 0xeb, 0xec, 0xed, 0xee, 0x46, 0xef, 0xf0, 0xf0, 0xf0, 0xf0, 0x17, 0xa1, 0xa2, 0xf0, 
0xf0, 0xf0, 0xf0, 0xf0, 0x14, 0x02, 0xa3, 0x02, 0xa4, 0x03, 0x05, 0x02, 0xa5, 0x03, 0x04, 0xfe, 0x83, 0x04, 0xfe, 0x01, 
0xfe, 0x00, 0xfe, 0x84, 0xfe, 0x87, 0x04, 0xfe, 0xa6, 0xfe, 0x00, 0x0a, 0xfe, 0x01, 0xfe, 0xa7, 0x04, 0xfe, 0x00, 0x47, 
0xfe, 0xa8, 0x02, 0x04, 0xfe, 0x01, 0xfe, 0x00, 0xfe, 0xa9, 0xfe, 0xaa, 0xfe, 0x01, 0xfe, 0x00, 0x03, 0x05, 0x02, 0xfe, 
0x01, 0xfe, 0x00, 0x03, 0x88, 0xfe, 0xab, 0xfe, 0xac, 0xfe, 0xad, 0x11, 0xfe, 0x01, 0xfe, 0x89, 0x88, 0xfe, 0xae, 0xfe, 
0xf0, 0xfe, 0xf0, 0xfe, 0xf0, 0xfe, 0xf0, 0xfe, 0xaf, 0xfe, 0xb0, 0x04, 0xfe, 0x01, 0xfe, 0xf0, 0xb1, 0xfe, 0x89, 0xb2, 
0xfe, 0xb3, 0x07, 0xfe, 0x01, 0xfe, 0x13, 0xb4, 0xfe, 0x0c, 0xb5, 0xfe, 0x0e, 0xb6, 0xfe, 0x0f, 0x04, 0xfe, 0x01, 0xfe, 
0xb7, 0xfe, 0x00, 0xfe, 0x84, 0xfe, 0x87, 0xf0, 0xfe, 0xf0, 0xb8, 0xfe, 0x00, 0xfe, 0x84, 0xfe, 0xb9, 0xfe, 0xba, 0xbb, 
0xfe, 0x00, 0x03, 0x00, 0x01, 0x02, 0x03, 0x04, 0x05, 0x06, 0x5f, 0x07, 0x08, 0x09, 0x0a, 0x0b, 0x52, 0x60, 0x61, 0xc8, 
0x62, 0xb8, 0x51, 0xc8, 0x62, 0xb8, 0x51, 0xc8, 0x62, 0xde, 0x7a, 0xb8, 0x51, 0xbb, 0x6e, 0xde, 0x7a, 0xe5, 0x8f, 0xbb, 
0x6e, 0xda, 0x49, 0xde, 0x7a, 0xda, 0x49, 0xbb, 0x6e, 0xe5, 0x8f, 0xda, 0x49, 0xe5, 0x8f, 0xde, 0x7a, 0x81, 0x71, 0xe5, 
0x8f, 0xe5, 0x8f, 0xf9, 0x75, 0x81, 0x71, 0xdc, 0x90, 0xf9, 0x75, 0xc8, 0x62, 0xc8, 0x62, 0xc8, 0x62, 0x81, 0x71, 0xf9, 
0x75, 0xda, 0x52, 0xdc, 0x90, 0xdc, 0x90, 0xdc, 0x90, 0x99, 0x6a, 0xda, 0x52, 0x99, 0x6a, 0x99, 0x6a, 0x99, 0x6a, 0xe6, 
0x62, 0xdc, 0x90, 0xc8, 0x62, 0xe6, 0x62, 0xe6, 0x62, 0xda, 0x52, 0xe6, 0x62, 0xe6, 0x62, 0xe6, 0x62, 0xe6, 0x62, 0xe6, 
0x62, 0xa8, 0x06, 0x00, 0x00, 0x8d, 0x00, 0x00, 0x00, 0x0d, 0x00, 0x00, 0x00, 0x8d, 0x00, 0x00, 0x00, 0x28, 0x00, 0x00, 
0x00, 0x4f, 0x82, 0x83, 0x16, 0x02, 0xb0, 0xb1, 0xb2, 0xb3, 0xb4, 0xb5, 0xb6, 0xb7, 0xb8, 0xb9, 0xba, 0xbb, 0xbc, 0xbd, 
0xbe, 0xbf, 0x52, 0x53, 0x54, 0xc0, 0xc1, 0xc2, 0xc3, 0x55, 0x56, 0x57, 0x58, 0x59, 0x5a, 0x5b, 0x5c, 0x5d, 0x5e, 0x5f, 
0x60, 0x61, 0x62, 0x63, 0xc4, 0x64, 0x65, 0x66, 0xc5, 0x67, 0x68, 0xc6, 0x69, 0x6a, 0xc7, 0x6b, 0x6c, 0xc8, 0x6d, 0xc9, 
0x6e, 0x6f, 0xca, 0xcb, 0x70, 0xcc, 0xcd, 0xce, 0x71, 0x72, 0xcf, 0x73, 0xd0, 0xd1, 0xd2, 0xd3, 0xd4, 0xd5, 0xd6, 0x74, 
0x75, 0x76, 0x77, 0xd7, 0x78, 0x79, 0x7a, 0x7b, 0x7c, 0x17, 0xf0, 0xf0, 0x14, 0x02, 0x80, 0xfe, 0xf0, 0x9f, 0xfe, 0xf0, 
0xfe, 0xf0, 0xfe, 0x15, 0x9f, 0xfe, 0x01, 0xfe, 0x9c, 0xfe, 0x00, 0x80, 0xfe, 0xf0, 0x80, 0xfe, 0xf0, 0x9f, 0xfe, 0xf0, 
0xfe, 0xf0, 0xfe, 0xf0, 0xfe, 0x9c, 0xfe, 0xf0, 0xfe, 0x9c, 0xfe, 0xf0, 0xf0, 0xfe, 0xa1, 0xfe, 0xa1, 0xfe, 0xa0, 0xfe, 
0x7d, 0x03, 0x25, 0x26, 0x02, 0x03, 0x04, 0x05, 0x06, 0x07, 0x08, 0x09, 0x0a, 0x0b, 0x0c, 0xed, 0xc2, 0xbc, 0x34, 0xed, 
0xc2, 0xed, 0xc2, 0xb3, 0xb0, 0xbc, 0x34, 0xbc, 0x34, 0xb7, 0xb5, 0x95, 0x45, 0xeb, 0xb1, 0xb3, 0xb0, 0xb3, 0xb0, 0xb7, 
0xb5, 0xb7, 0xb5, 0x95, 0x45, 0x95, 0x45, 0xbc, 0x34, 0xeb, 0xb1, 0xbc, 0x34, 0xeb, 0xb1, 0x76, 0x20, 0x00, 0x00, 0x5d, 
0x03, 0x00, 0x00, 0x3d, 0x00, 0x00, 0x00, 0x5d, 0x03, 0x00, 0x00, 0x25, 0x02, 0x00, 0x00, 0x4f, 0x99, 0x02, 0x9a, 0x9b, 
0x9c, 0x9d, 0x0b, 0x18, 0x02, 0x48, 0x49, 0x4a, 0x4b, 0x4c, 0x4d, 0x4e, 0x0b, 0x19, 0x1a, 0x0d, 0x1b, 0xf0, 0x02, 0xf0, 
0xf0, 0xf0, 0x0b, 0xf0, 0x02, 0xf0, 0x0b, 0x9e, 0x9f, 0x0d, 0xa0, 0xf0, 0xfe, 0x00, 0x04, 0xfe, 0x00, 0x1c, 0x02, 0x1d, 
0x1e, 0x16, 0x02, 0x1f, 0x20, 0x21, 0x22, 0x23, 0x24, 0x25, 0x26, 0x27, 0x28, 0x29, 0x2a, 0x2b, 0x2c, 0x2d, 0x2e, 0xc9, 
0xca, 0xcb, 0x2f, 0x30, 0x31, 0x32, 0xcc, 0xcd, 0xce, 0xcf, 0xd0, 0xd1, 0xd2, 0xd3, 0xd4, 0xd5, 0xd6, 0xd7, 0xd8, 0xd9, 
0xda, 0x33, 0xdb, 0xdc, 0xdd, 0x34, 0xde, 0xdf, 0x35, 0xe0, 0xe1, 0x36, 0xe2, 0xe3, 0x37, 0xe4, 0x38, 0xe5, 0xe6, 0x39, 
0x3a, 0xe7, 0x3b, 0x3c, 0x3d, 0xe8, 0xe9, 0x3e, 0xea, 0x3f, 0x40, 0x41, 0x42, 0x43, 0x44, 0x45, 0xeb, 0xec, 0xed, 0xee, 
0x46, 0xef, 0xf0, 0xf0, 0xf0, 0xf0, 0x17, 0xf0, 0x02, 0xf0, 0xf0, 0xf0, 0x02, 0xf0, 0xf0, 0xf0, 0xf0, 0xf0, 0xa1, 0xf0, 
0xf0, 0xa2, 0xf0, 0xf0, 0xf0, 0xf0, 0xf0, 0xf0, 0x02, 0xf0, 0x02, 0x7f, 0xfe, 0xbc, 0x7f, 0xfe, 0xbd, 0x7f, 0xfe, 0xbe, 
0x7f, 0xfe, 0xf0, 0xf0, 0xfe, 0x80, 0xfe, 0x81, 0xfe, 0x82, 0xfe, 0xbf, 0xfe, 0x80, 0xfe, 0x81, 0xfe, 0x82, 0xfe, 0xc0, 
0xfe, 0x80, 0xfe, 0x81, 0xfe, 0x82, 0xfe, 0xf0, 0xfe, 0x80, 0xfe, 0x81, 0xfe, 0x82, 0xfe, 0xf0, 0xf0, 0x03, 0x7f, 0xfe, 
0xbc, 0x7f, 0xfe, 0xbd, 0x7f, 0xfe, 0xbe, 0xc1, 0xfe, 0xf0, 0xc1, 0xfe, 0x01, 0xfe, 0xf0, 0x07, 0xfe, 0x00, 0xfe, 0xf0, 
0xfe, 0x80, 0xfe, 0x81, 0xfe, 0x82, 0xfe, 0xbf, 0xfe, 0x80, 0xfe, 0x81, 0xfe, 0x82, 0xfe, 0xc0, 0xfe, 0x80, 0xfe, 0x81, 
0xfe, 0x82, 0xfe, 0xf0, 0xf0, 0xfe, 0x01, 0xfe, 0xf0, 0xfe, 0xf0, 0xfe, 0xf0, 0x02, 0x11, 0xfe, 0xf0, 0xfe, 0xf0, 0xfe, 
0xf0, 0x7f, 0xfe, 0xf0, 0xfe, 0xf0, 0xfe, 0xf0, 0xfe, 0x80, 0xfe, 0x81, 0xfe, 0x82, 0xfe, 0xf0, 0xfe, 0x7d, 0xfe, 0xf0, 
0xf0, 0x03, 0xf0, 0xfe, 0x00, 0x03, 0x14, 0x02, 0xa3, 0x02, 0xa4, 0x03, 0x05, 0x02, 0xa5, 0x03, 0x12, 0xfe, 0xf0, 0x04, 
0xfe, 0x00, 0x09, 0xfe, 0x08, 0x02, 0x10, 0xfe, 0x8a, 0x7e, 0xfe, 0x00, 0x04, 0xfe, 0x00, 0xfe, 0x8b, 0xfe, 0x8c, 0xfe, 
0x8d, 0xfe, 0x83, 0x7e, 0xfe, 0x00, 0x04, 0xfe, 0x00, 0x8e, 0xfe, 0x8f, 0xfe, 0xc5, 0xfe, 0x01, 0xfe, 0x06, 0xfe, 0x01, 
0xfe, 0x06, 0xfe, 0x90, 0x02, 0x91, 0xfe, 0x92, 0x02, 0x7e, 0xfe, 0x01, 0xfe, 0x00, 0xfe, 0x85, 0xfe, 0x00, 0xfe, 0x01, 
0xfe, 0x00, 0xfe, 0x01, 0xfe, 0x93, 0xfe, 0x94, 0xfe, 0x95, 0x03, 0x05, 0x02, 0xfe, 0x01, 0xfe, 0x00, 0xfe, 0x01, 0xfe, 
0x00, 0x03, 0x03, 0xfe, 0x01, 0xfe, 0x00, 0x03, 0x05, 0x02, 0xfe, 0x83, 0x03, 0x12, 0xfe, 0xf0, 0x04, 0xfe, 0x00, 0x09, 
0xfe, 0x08, 0x02, 0x07, 0xfe, 0x01, 0xfe, 0x13, 0x96, 0xfe, 0x97, 0x04, 0xfe, 0x01, 0xfe, 0x00, 0xfe, 0x86, 0xfe, 0x0c, 
0xfe, 0x98, 0xfe, 0x0e, 0xfe, 0x85, 0xfe, 0x0f, 0xfe, 0x01, 0xfe, 0x00, 0x03, 0x05, 0x02, 0xfe, 0x01, 0xfe, 0x00, 0x03, 
0x04, 0xfe, 0x01, 0xfe, 0x00, 0xfe, 0x84, 0xfe, 0x87, 0x04, 0xfe, 0xa6, 0xfe, 0x00, 0x0a, 0xfe, 0x01, 0xfe, 0xa7, 0x04, 
0xfe, 0x00, 0x47, 0xfe, 0xa8, 0x02, 0x04, 0xfe, 0x01, 0xfe, 0x00, 0xfe, 0xa9, 0xfe, 0xaa, 0xfe, 0x01, 0xfe, 0x00, 0x03, 
0x05, 0x02, 0xfe, 0x01, 0xfe, 0x00, 0x03, 0x88, 0xfe, 0xab, 0xfe, 0xac, 0xfe, 0xad, 0x11, 0xfe, 0x01, 0xfe, 0x89, 0x04, 
0xfe, 0x00, 0x09, 0xfe, 0x08, 0x02, 0x10, 0xfe, 0x8a, 0x7e, 0xfe, 0x00, 0x04, 0xfe, 0x00, 0xfe, 0x8b, 0xfe, 0x8c, 0xfe, 
0x8d, 0xfe, 0x83, 0x7e, 0xfe, 0x00, 0x04, 0xfe, 0x00, 0x8e, 0xfe, 0x8f, 0xfe, 0xc5, 0xfe, 0x01, 0xfe, 0x06, 0xfe, 0x01, 
0xfe, 0x06, 0xfe, 0x90, 0x02, 0x91, 0xfe, 0x92, 0x02, 0x7e, 0xfe, 0x01, 0xfe, 0x00, 0xfe, 0x85, 0xfe, 0x00, 0xfe, 0x01, 
0xfe, 0x00, 0xfe, 0x01, 0xfe, 0x93, 0xfe, 0x94, 0xfe, 0x95, 0x03, 0x05, 0x02, 0xfe, 0x01, 0xfe, 0x00, 0xfe, 0x01, 0xfe, 
0x00, 0x03, 0x03, 0xfe, 0x01, 0xfe, 0x00, 0x03, 0x05, 0x02, 0xfe, 0x83, 0x03, 0x04, 0xfe, 0x00, 0x09, 0xfe, 0x08, 0x02, 
0x07, 0xfe, 0x01, 0xfe, 0x13, 0x96, 0xfe, 0x97, 0x04, 0xfe, 0x00, 0xfe, 0x86, 0xfe, 0x0c, 0xfe, 0x98, 0xfe, 0x0e, 0xfe, 
0x85, 0xfe, 0x0f, 0xfe, 0x01, 0xfe, 0x00, 0x03, 0x05, 0x02, 0xfe, 0x01, 0xfe, 0x00, 0x03, 0x88, 0xfe, 0xae, 0xfe, 0xf0, 
0xfe, 0xf0, 0xfe, 0xf0, 0xfe, 0xf0, 0xfe, 0xaf, 0xfe, 0xb0, 0x11, 0xfe, 0x01, 0xfe, 0x89, 0x04, 0xfe, 0x01, 0xfe, 0xb3, 
0x04, 0xfe, 0x01, 0xfe, 0xf0, 0xb1, 0xfe, 0x00, 0xb2, 0xfe, 0x00, 0x07, 0xfe, 0x01, 0xfe, 0x13, 0xb4, 0xfe, 0x0c, 0xb5, 
0xfe, 0x0e, 0xb6, 0xfe, 0x0f, 0x04, 0xfe, 0x00, 0x09, 0xfe, 0x08, 0x02, 0x10, 0xfe, 0x8a, 0x7e, 0xfe, 0x00, 0x04, 0xfe, 
0x00, 0xfe, 0x8b, 0xfe, 0x8c, 0xfe, 0x8d, 0xfe, 0x83, 0x7e, 0xfe, 0x00, 0x04, 0xfe, 0x00, 0x8e, 0xfe, 0x8f, 0xfe, 0xc5, 
0xfe, 0x01, 0xfe, 0x06, 0xfe, 0x01, 0xfe, 0x06, 0xfe, 0x90, 0x02, 0x91, 0xfe, 0x92, 0x02, 0x7e, 0xfe, 0x01, 0xfe, 0x00, 
0xfe, 0x85, 0xfe, 0x00, 0xfe, 0x01, 0xfe, 0x00, 0xfe, 0x01, 0xfe, 0x93, 0xfe, 0x94, 0xfe, 0x95, 0x03, 0x05, 0x02, 0xfe, 
0x01, 0xfe, 0x00, 0xfe, 0x01, 0xfe, 0x00, 0x03, 0x03, 0xfe, 0x01, 0xfe, 0x00, 0x03, 0x05, 0x02, 0xfe, 0x83, 0x03, 0x04, 
0xfe, 0x00, 0x09, 0xfe, 0x08, 0x02, 0x07, 0xfe, 0x01, 0xfe, 0x13, 0x96, 0xfe, 0x97, 0x04, 0xfe, 0x01, 0xfe, 0x00, 0xfe, 
0x86, 0xfe, 0x0c, 0xfe, 0x98, 0xfe, 0x0e, 0xfe, 0x85, 0xfe, 0x0f, 0xfe, 0x01, 0xfe, 0x00, 0x03, 0x05, 0x02, 0xfe, 0x01, 
0xfe, 0x00, 0x03, 0x04, 0xfe, 0x01, 0xfe, 0xb7, 0xfe, 0x00, 0xfe, 0x84, 0xfe, 0x87, 0xf0, 0xfe, 0x06, 0xfe, 0x06, 0xfe, 
0x06, 0xfe, 0xf0, 0xb8, 0xfe, 0x00, 0xfe, 0x84, 0xfe, 0xb9, 0xfe, 0xba, 0xbb, 0xfe, 0x00, 0x03, 0x0c, 0x0d, 0x0e, 0x0f, 
0x10, 0x11, 0x62, 0x00, 0x01, 0x02, 0x03, 0x12, 0x13, 0x14, 0x15, 0x54, 0x16, 0x55, 0x17, 0x56, 0x18, 0x19, 0x04, 0x05, 
0x06, 0x5f, 0x07, 0x1a, 0x1b, 0x1c, 0x1d, 0x1e, 0x1f, 0x20, 0x21, 0x22, 0x23, 0x24, 0x25, 0x26, 0x27, 0x28, 0x29, 0x2a, 
0x2b, 0x2c, 0x2d, 0x2e, 0x2f, 0x30, 0x31, 0x32, 0x57, 0x58, 0x08, 0x09, 0x0a, 0x0b, 0x52, 0x63, 0x64, 0x02, 0x03, 0xfc, 
0x47, 0xfd, 0x47, 0xfe, 0x47, 0xff, 0x47, 0xfc, 0x47, 0xfc, 0x47, 0xfc, 0x47, 0xfc, 0x47, 0xfd, 0x47, 0xfd, 0x47, 0xfd, 
0x47, 0xfd, 0x47, 0xfe, 0x47, 0xfe, 0x47, 0xfe, 0x47, 0xfe, 0x47, 0xff, 0x47, 0xff, 0x47, 0xff, 0x47, 0xff, 0x47, 0x80, 
0x48, 0x81, 0x48, 0x82, 0x48, 0xcc, 0x9c, 0x94, 0xb9, 0xcc, 0x9c, 0xf2, 0x5a, 0xf2, 0x5a, 0x80, 0x48, 0x80, 0x48, 0x80, 
0x48, 0x80, 0x48, 0x81, 0x48, 0x81, 0x48, 0x81, 0x48, 0x81, 0x48, 0x82, 0x48, 0x82, 0x48, 0x82, 0x48, 0x82, 0x48, 0xa7, 
0x46, 0xcc, 0x9c, 0xa7, 0x46, 0x94, 0xb9, 0xef, 0xa9, 0xa7, 0x46, 0xa7, 0x46, 0x83, 0x48, 0xef, 0xa9, 0xf2, 0x5a, 0x83, 
0x48, 0x83, 0x48, 0x83, 0x48, 0x83, 0x48, 0xef, 0xa9, 0xa7, 0x46, 0xf2, 0x5a, 0xe3, 0x51, 0xbf, 0x8a, 0xe3, 0x51, 0xa2, 
0x97, 0xa7, 0x57, 0xfc, 0x65, 0xa7, 0x57, 0xa2, 0x97, 0xa2, 0x97, 0xfc, 0x65, 0xf3, 0x57, 0x8d, 0x6b, 0xb9, 0x3d, 0xb9, 
0x3d, 0xa7, 0x57, 0xf3, 0x57, 0xfc, 0x65, 0x8d, 0x6b, 0xb9, 0x3d, 0xb9, 0x3d, 0xa3, 0x66, 0xa7, 0x57, 0xa3, 0x66, 0xb9, 
0x3d, 0xf3, 0x57, 0xa3, 0x66, 0x8d, 0x6b, 0xfc, 0x65, 0xa3, 0x66, 0xb9, 0x3d, 0xf3, 0x57, 0xa7, 0x57, 0x8d, 0x6b, 0xfc, 
0x65, 0xbf, 0x8a, 0xfc, 0x65, 0xbf, 0x8a, 0xd5, 0x85, 0xac, 0x8f, 0xd5, 0x85, 0x8e, 0xb9, 0xbf, 0x8a, 0x8e, 0xb9, 0xed, 
0x77, 0xbf, 0x8a, 0xed, 0x77, 0x8e, 0xb9, 0xed, 0x77, 0x8e, 0xb9, 0xed, 0x77, 0x8e, 0xb9, 0xac, 0x8f, 0xed, 0x77, 0xac, 
0x8f, 0xbf, 0x8a, 0xb8, 0x51, 0xac, 0x8f, 0xb8, 0x51, 0xac, 0x8f, 0xde, 0x7a, 0xb8, 0x51, 0xbb, 0x6e, 0xde, 0x7a, 0xe5, 
0x8f, 0xbb, 0x6e, 0xda, 0x49, 0xde, 0x7a, 0xda, 0x49, 0xbb, 0x6e, 0xe5, 0x8f, 0xda, 0x49, 0xe5, 0x8f, 0xde, 0x7a, 0x81, 
0x71, 0xe5, 0x8f, 0xe5, 0x8f, 0xf1, 0x8e, 0x81, 0x71, 0xac, 0x55, 0xe3, 0x51, 0xa3, 0x97, 0xa8, 0x57, 0xfd, 0x65, 0xa8, 
0x57, 0xa3, 0x97, 0xa3, 0x97, 0xfd, 0x65, 0xf4, 0x57, 0x8e, 0x6b, 0xba, 0x3d, 0xba, 0x3d, 0xa8, 0x57, 0xf4, 0x57, 0xfd, 
0x65, 0x8e, 0x6b, 0xba, 0x3d, 0xba, 0x3d, 0xa4, 0x66, 0xa8, 0x57, 0xa4, 0x66, 0xba, 0x3d, 0xf4, 0x57, 0xa4, 0x66, 0x8e, 
0x6b, 0xfd, 0x65, 0xa4, 0x66, 0xba, 0x3d, 0xf4, 0x57, 0xa8, 0x57, 0x8e, 0x6b, 0xfd, 0x65, 0xac, 0x55, 0xfd, 0x65, 0xac, 
0x55, 0xaa, 0x8a, 0xd5, 0x85, 0xfa, 0x31, 0xac, 0x55, 0xfa, 0x31, 0xee, 0x77, 0xee, 0x77, 0xfa, 0x31, 0xee, 0x77, 0xfa, 
0x31, 0xee, 0x77, 0xfa, 0x31, 0xaa, 0x8a, 0xee, 0x77, 0xaa, 0x8a, 0xac, 0x55, 0xdc, 0x90, 0xf1, 0x8e, 0xaa, 0x8a, 0xaa, 
0x8a, 0xaa, 0x8a, 0x81, 0x71, 0xf1, 0x8e, 0xdb, 0x50, 0xdc, 0x90, 0xbf, 0xae, 0xdc, 0x90, 0xda, 0x52, 0xdc, 0x90, 0xdb, 
0x50, 0xbf, 0xae, 0x99, 0x6a, 0xda, 0x52, 0x99, 0x6a, 0x99, 0x6a, 0x99, 0x6a, 0xad, 0x55, 0xe3, 0x51, 0xa4, 0x97, 0xa9, 
0x57, 0xfe, 0x65, 0xa9, 0x57, 0xa4, 0x97, 0xa4, 0x97, 0xfe, 0x65, 0xf5, 0x57, 0x8f, 0x6b, 0xbb, 0x3d, 0xbb, 0x3d, 0xa9, 
0x57, 0xf5, 0x57, 0xfe, 0x65, 0x8f, 0x6b, 0xbb, 0x3d, 0xbb, 0x3d, 0xa5, 0x66, 0xa9, 0x57, 0xa5, 0x66, 0xbb, 0x3d, 0xf5, 
0x57, 0xa5, 0x66, 0x8f, 0x6b, 0xfe, 0x65, 0xa5, 0x66, 0xbb, 0x3d, 0xf5, 0x57, 0xa9, 0x57, 0x8f, 0x6b, 0xfe, 0x65, 0xad, 
0x55, 0xfe, 0x65, 0xad, 0x55, 0x90, 0x31, 0xd5, 0x85, 0xc9, 0x8f, 0xad, 0x55, 0xc9, 0x8f, 0xef, 0x77, 0xad, 0x55, 0xef, 
0x77, 0xc9, 0x8f, 0xef, 0x77, 0xc9, 0x8f, 0xef, 0x77, 0xc9, 0x8f, 0x90, 0x31, 0xef, 0x77, 0x90, 0x31, 0xad, 0x55, 0xd6, 
0x3f, 0xdc, 0x90, 0x90, 0x31, 0xd6, 0x3f, 0xd6, 0x3f, 0xdb, 0x50, 0xbf, 0xae, 0xda, 0x52, 0x02, 0xd6, 0x3f, 0xd6, 0x3f, 
0xd6, 0x3f, 0xd6, 0x3f, 0xd6, 0x3f, 0x10, 0x10, 0x00, 0x00, 0x43, 0x01, 0x00, 0x00, 0x23, 0x00, 0x00, 0x00, 0x43, 0x01, 
0x00, 0x00, 0x73, 0x00, 0x00, 0x00, 0x4f, 0xf0, 0x99, 0x02, 0x9a, 0x9b, 0x9c, 0x9d, 0x0b, 0x18, 0x02, 0x48, 0x49, 0x4a, 
0x4b, 0x4c, 0x4d, 0x4e, 0x0b, 0x19, 0x1a, 0x0d, 0x1b, 0xf0, 0xf0, 0x0d, 0xf0, 0x9e, 0x9f, 0x0d, 0xa0, 0x1c, 0x02, 0x1d, 
0x1e, 0x16, 0x02, 0x1f, 0x20, 0x21, 0x22, 0x23, 0x24, 0x25, 0x26, 0x27, 0x28, 0x29, 0x2a, 0x2b, 0x2c, 0x2d, 0x2e, 0xc9, 
0xca, 0xcb, 0x2f, 0x30, 0x31, 0x32, 0xcc, 0xcd, 0xce, 0xcf, 0xd0, 0xd1, 0xd2, 0xd3, 0xd4, 0xd5, 0xd6, 0xd7, 0xd8, 0xd9, 
0xda, 0x33, 0xdb, 0xdc, 0xdd, 0x34, 0xde, 0xdf, 0x35, 0xe0, 0xe1, 0x36, 0xe2, 0xe3, 0x37, 0xe4, 0x38, 0xe5, 0xe6, 0x39, 
0x3a, 0xe7, 0x3b, 0x3c, 0x3d, 0xe8, 0xe9, 0x3e, 0xea, 0x3f, 0x40, 0x41, 0x42, 0x43, 0x44, 0x45, 0xeb, 0xec, 0xed, 0xee, 
0x46, 0xef, 0xf0, 0xf0, 0xf0, 0xf0, 0x17, 0xf0, 0xa1, 0xa2, 0xf0, 0xf0, 0xf0, 0xf0, 0x14, 0x02, 0xa3, 0x02, 0xa4, 0x03, 
0x05, 0x02, 0xa5, 0x03, 0x10, 0xfe, 0xf0, 0x04, 0xfe, 0x83, 0x04, 0xfe, 0x01, 0xfe, 0x00, 0xfe, 0x84, 0xfe, 0x87, 0x04, 
0xfe, 0xa6, 0xfe, 0x00, 0x0a, 0xfe, 0x01, 0xfe, 0xa7, 0x04, 0xfe, 0x00, 0x47, 0xfe, 0xa8, 0x02, 0x04, 0xfe, 0x01, 0xfe, 
0x00, 0xfe, 0xa9, 0xfe, 0xaa, 0xfe, 0x01, 0xfe, 0x00, 0x03, 0x05, 0x02, 0xfe, 0x01, 0xfe, 0x00, 0x03, 0x88, 0xfe, 0xab, 
0xfe, 0xac, 0xfe, 0xad, 0x11, 0xfe, 0x01, 0xfe, 0x89, 0x88, 0xfe, 0xae, 0xfe, 0xf0, 0xfe, 0xf0, 0xfe, 0xf0, 0xfe, 0xf0, 
0xfe, 0xf0, 0xfe, 0xf0, 0xfe, 0xf0, 0xfe, 0xf0, 0xfe, 0xaf, 0xfe, 0xb0, 0xb1, 0xfe, 0x89, 0xb2, 0xfe, 0xb3, 0x07, 0xfe, 
0x01, 0xfe, 0xc8, 0xb4, 0xfe, 0x0c, 0xb5, 0xfe, 0x0e, 0xb6, 0xfe, 0x0f, 0x04, 0xfe, 0x01, 0xfe, 0xb7, 0xfe, 0x00, 0xfe, 
0x84, 0xfe, 0x87, 0xb8, 0xfe, 0x00, 0x10, 0xfe, 0xf0, 0x0a, 0xfe, 0xf0, 0x0a, 0xfe, 0xf0, 0xfe, 0x00, 0x0a, 0xfe, 0x01, 
0xfe, 0xc2, 0xfe, 0x15, 0xfe, 0x86, 0xfe, 0xf0, 0xfe, 0x15, 0xfe, 0x86, 0xfe, 0xf0, 0xfe, 0xf0, 0xfe, 0xc3, 0xfe, 0xc4, 
0xf0, 0xfe, 0xf0, 0xfe, 0xc3, 0xfe, 0xc4, 0xf0, 0xfe, 0xf0, 0xfe, 0xc2, 0xfe, 0xf0, 0xfe, 0xf0, 0xfe, 0x84, 0xfe, 0xb9, 
0xfe, 0xba, 0xbb, 0xfe, 0x00, 0xf0, 0xfe, 0x00, 0x03, 0x59, 0x33, 0x34, 0x35, 0x00, 0x01, 0x02, 0x03, 0x04, 0x05, 0x06, 
0x51, 0x07, 0x36, 0x37, 0x38, 0x39, 0x3a, 0x3b, 0x3c, 0x3d, 0x3e, 0x3f, 0x40, 0x41, 0x42, 0x43, 0x44, 0x45, 0x46, 0x47, 
0x48, 0x49, 0x4a, 0x4b, 0x5d, 0x68, 0x6c, 0x68, 0x6c, 0x68, 0x6d, 0x6c, 0x6e, 0x6d, 0x76, 0x6e, 0x75, 0x6d, 0x75, 0x6e, 
0x76, 0x75, 0x76, 0x6d, 0x7a, 0x76, 0x76, 0x7b, 0x7a, 0x9b, 0x01, 0x7b, 0x5d, 0x68, 0x5d, 0x68, 0x5d, 0x68, 0x5d, 0x7a, 
0x7b, 0x9b, 0x01, 0x9b, 0x01, 0x9f, 0x01, 0x9b, 0x01, 0x9f, 0x01, 0x9f, 0x01, 0x9f, 0x01, 0xa7, 0x01, 0x9b, 0x01, 0x68, 
0xa7, 0x01, 0xa7, 0x01, 0xa7, 0x01, 0xad, 0x01, 0xae, 0x01, 0xaf, 0x01, 0xae, 0x01, 0xb3, 0x01, 0xaf, 0x01, 0xad, 0x01, 
0xa7, 0x01, 0xa7, 0x01, 0xae, 0x01, 0xa7, 0x01, 0xa7, 0x01, 0xaf, 0x01, 0xb3, 0x01, 0xa7, 0x01, 0xa7, 0x01, 0xb3, 0x01, 
0xa7, 0x01, 0xa7, 0x01, 0xaf, 0x01, 0xad, 0x01, 0xa7, 0x01, 0xa7, 0x01, 0xa7, 0x01, 0xa7, 0x01, 0xa7, 0x01, 0x5d, 0xee, 
0x1f, 0x00, 0x00, 0x91, 0x03, 0x00, 0x00, 0x51, 0x00, 0x00, 0x00, 0x91, 0x03, 0x00, 0x00, 0x54, 0x02, 0x00, 0x00, 0x4f, 
0xf0, 0x99, 0x02, 0x9a, 0x9b, 0x9c, 0x9d, 0x0b, 0x18, 0x02, 0x48, 0x49, 0x4a, 0x4b, 0x4c, 0x4d, 0x4e, 0x0b, 0x19, 0x1a, 
0x0d, 0x1b, 0xf0, 0xf0, 0x0d, 0xf0, 0xf0, 0x02, 0xf0, 0xf0, 0xf0, 0x0b, 0xf0, 0x02, 0xf0, 0x0b, 0x9e, 0x9f, 0x0d, 0xa0, 
0x04, 0xfe, 0x00, 0x1c, 0x02, 0x1d, 0x1e, 0x16, 0x02, 0x1f, 0x20, 0x21, 0x22, 0x23, 0x24, 0x25, 0x26, 0x27, 0x28, 0x29, 
0x2a, 0x2b, 0x2c, 0x2d, 0x2e, 0xc9, 0xca, 0xcb, 0x2f, 0x30, 0x31, 0x32, 0xcc, 0xcd, 0xce, 0xcf, 0xd0, 0xd1, 0xd2, 0xd3, 
0xd4, 0xd5, 0xd6, 0xd7, 0xd8, 0xd9, 0xda, 0x33, 0xdb, 0xdc, 0xdd, 0x34, 0xde, 0xdf, 0x35, 0xe0, 0xe1, 0x36, 0xe2, 0xe3, 
0x37, 0xe4, 0x38, 0xe5, 0xe6, 0x39, 0x3a, 0xe7, 0x3b, 0x3c, 0x3d, 0xe8, 0xe9, 0x3e, 0xea, 0x3f, 0x40, 0x41, 0x42, 0x43, 
0x44, 0x45, 0xeb, 0xec, 0xed, 0xee, 0x46, 0xef, 0xf0, 0xf0, 0xf0, 0xf0, 0x17, 0xf0, 0x02, 0xf0, 0xf0, 0xf0, 0x02, 0xf0, 
0xf0, 0xf0, 0xf0, 0xf0, 0xf0, 0xa1, 0xf0, 0xf0, 0xa2, 0xf0, 0xf0, 0xf0, 0xf0, 0xf0, 0x02, 0xf0, 0x02, 0x7f, 0xfe, 0xbc, 
0x7f, 0xfe, 0xbd, 0x7f, 0xfe, 0xbe, 0x7f, 0xfe, 0xf0, 0xf0, 0xfe, 0x80, 0xfe, 0x81, 0xfe, 0x82, 0xfe, 0xbf, 0xfe, 0x80, 
0xfe, 0x81, 0xfe, 0x82, 0xfe, 0xc0, 0xfe, 0x80, 0xfe, 0x81, 0xfe, 0x82, 0xfe, 0xf0, 0xfe, 0x80, 0xfe, 0x81, 0xfe, 0x82, 
0xfe, 0xf0, 0xf0, 0x03, 0x7f, 0xfe, 0xbc, 0x7f, 0xfe, 0xbd, 0x7f, 0xfe, 0xbe, 0xc1, 0xfe, 0xf0, 0xc1, 0xfe, 0x01, 0xfe, 
0xf0, 0x07, 0xfe, 0x00, 0xfe, 0xf0, 0xfe, 0x80, 0xfe, 0x81, 0xfe, 0x82, 0xfe, 0xbf, 0xfe, 0x80, 0xfe, 0x81, 0xfe, 0x82, 
0xfe, 0xc0, 0xfe, 0x80, 0xfe, 0x81, 0xfe, 0x82, 0xfe, 0xf0, 0xf0, 0xfe, 0x01, 0xfe, 0xf0, 0xfe, 0xf0, 0xfe, 0xf0, 0x02, 
0x11, 0xfe, 0xf0, 0xfe, 0xf0, 0xfe, 0xf0, 0x7f, 0xfe, 0xf0, 0xfe, 0xf0, 0xfe, 0xf0, 0xfe, 0x80, 0xfe, 0x81, 0xfe, 0x82, 
0xfe, 0xf0, 0xfe, 0x7d, 0xfe, 0xf0, 0xf0, 0x03, 0xf0, 0xfe, 0x00, 0x03, 0x14, 0x02, 0xa3, 0x02, 0xa4, 0x03, 0x05, 0x02, 
0xa5, 0x03, 0x10, 0xfe, 0xf0, 0x12, 0xfe, 0xf0, 0xfe, 0xf0, 0x04, 0xfe, 0x00, 0x09, 0xfe, 0x08, 0x02, 0x10, 0xfe, 0x8a, 
0x7e, 0xfe, 0x00, 0x04, 0xfe, 0x00, 0xfe, 0x8b, 0xfe, 0x8c, 0xfe, 0x8d, 0xfe, 0x83, 0x7e, 0xfe, 0x00, 0x04, 0xfe, 0x00, 
0x8e, 0xfe, 0x8f, 0xfe, 0xc6, 0xfe, 0xc7, 0xfe, 0x01, 0xfe, 0x06, 0xfe, 0x01, 0xfe, 0x06, 0xfe, 0x90, 0x02, 0x91, 0xfe, 
0x92, 0x02, 0x7e, 0xfe, 0x01, 0xfe, 0x00, 0xfe, 0x85, 0xfe, 0x00, 0xfe, 0x01, 0xfe, 0x00, 0xfe, 0x01, 0xfe, 0x93, 0xfe, 
0x94, 0xfe, 0x95, 0x03, 0x05, 0x02, 0xfe, 0x01, 0xfe, 0x00, 0xfe, 0x01, 0xfe, 0x00, 0x03, 0x03, 0xfe, 0x01, 0xfe, 0x00, 
0x03, 0x05, 0x02, 0xfe, 0x83, 0x03, 0x12, 0xfe, 0xf0, 0xfe, 0xf0, 0x04, 0xfe, 0x00, 0x09, 0xfe, 0x08, 0x02, 0x07, 0xfe, 
0x01, 0xfe, 0x13, 0x96, 0xfe, 0x97, 0x04, 0xfe, 0x01, 0xfe, 0x00, 0xfe, 0x86, 0xfe, 0x0c, 0xfe, 0x98, 0xfe, 0x0e, 0xfe, 
0x85, 0xfe, 0x0f, 0xfe, 0x01, 0xfe, 0x00, 0x03, 0x05, 0x02, 0xfe, 0x01, 0xfe, 0x00, 0x03, 0x04, 0xfe, 0x01, 0xfe, 0x00, 
0xfe, 0x84, 0xfe, 0x87, 0x04, 0xfe, 0xa6, 0xfe, 0x00, 0x0a, 0xfe, 0x01, 0xfe, 0xa7, 0x04, 0xfe, 0x00, 0x47, 0xfe, 0xa8, 
0x02, 0x04, 0xfe, 0x01, 0xfe, 0x00, 0xfe, 0xa9, 0xfe, 0xaa, 0xfe, 0x01, 0xfe, 0x00, 0x03, 0x05, 0x02, 0xfe, 0x01, 0xfe, 
0x00, 0x03, 0x88, 0xfe, 0xab, 0xfe, 0xac, 0xfe, 0xad, 0x11, 0xfe, 0x01, 0xfe, 0x89, 0x04, 0xfe, 0x00, 0x09, 0xfe, 0x08, 
0x02, 0x10, 0xfe, 0x8a, 0x7e, 0xfe, 0x00, 0x04, 0xfe, 0x00, 0xfe, 0x8b, 0xfe, 0x8c, 0xfe, 0x8d, 0xfe, 0x83, 0x7e, 0xfe, 
0x00, 0x04, 0xfe, 0x00, 0x8e, 0xfe, 0x8f, 0xfe, 0xc6, 0xfe, 0xc7, 0xfe, 0x01, 0xfe, 0x06, 0xfe, 0x01, 0xfe, 0x06, 0xfe, 
0x90, 0x02, 0x91, 0xfe, 0x92, 0x02, 0x7e, 0xfe, 0x01, 0xfe, 0x00, 0xfe, 0x85, 0xfe, 0x00, 0xfe, 0x01, 0xfe, 0x00, 0xfe, 
0x01, 0xfe, 0x93, 0xfe, 0x94, 0xfe, 0x95, 0x03, 0x05, 0x02, 0xfe, 0x01, 0xfe, 0x00, 0xfe, 0x01, 0xfe, 0x00, 0x03, 0x03, 
0xfe, 0x01, 0xfe, 0x00, 0x03, 0x05, 0x02, 0xfe, 0x83, 0x03, 0x04, 0xfe, 0x00, 0x09, 0xfe, 0x08, 0x02, 0x07, 0xfe, 0x01, 
0xfe, 0x13, 0x96, 0xfe, 0x97, 0x04, 0xfe, 0x00, 0xfe, 0x86, 0xfe, 0x0c, 0xfe, 0x98, 0xfe, 0x0e, 0xfe, 0x85, 0xfe, 0x0f, 
0xfe, 0x01, 0xfe, 0x00, 0x03, 0x05, 0x02, 0xfe, 0x01, 0xfe, 0x00, 0x03, 0x88, 0xfe, 0xae, 0xfe, 0xf0, 0xfe, 0xf0, 0xfe, 
0xf0, 0xfe, 0xf0, 0xfe, 0xf0, 0xfe, 0xf0, 0xfe, 0xf0, 0xfe, 0xf0, 0xfe, 0xaf, 0xfe, 0xb0, 0xb1, 0xfe, 0x89, 0xb2, 0xfe, 
0xb3, 0x07, 0xfe, 0x01, 0xfe, 0xc8, 0xb4, 0xfe, 0x0c, 0xb5, 0xfe, 0x0e, 0xb6, 0xfe, 0x0f, 0x04, 0xfe, 0x00, 0x09, 0xfe, 
0x08, 0x02, 0x10, 0xfe, 0x8a, 0x7e, 0xfe, 0x00, 0x04, 0xfe, 0x00, 0xfe, 0x8b, 0xfe, 0x8c, 0xfe, 0x8d, 0xfe, 0x83, 0x7e, 
0xfe, 0x00, 0x04, 0xfe, 0x00, 0x8e, 0xfe, 0x8f, 0xfe, 0xc6, 0xfe, 0xc7, 0xfe, 0x01, 0xfe, 0x06, 0xfe, 0x01, 0xfe, 0x06, 
0xfe, 0x90, 0x02, 0x91, 0xfe, 0x92, 0x02, 0x7e, 0xfe, 0x01, 0xfe, 0x00, 0xfe, 0x85, 0xfe, 0x00, 0xfe, 0x01, 0xfe, 0x00, 
0xfe, 0x01, 0xfe, 0x93, 0xfe, 0x94, 0xfe, 0x95, 0x03, 0x05, 0x02, 0xfe, 0x01, 0xfe, 0x00, 0xfe, 0x01, 0xfe, 0x00, 0x03, 
0x03, 0xfe, 0x01, 0xfe, 0x00, 0x03, 0x05, 0x02, 0xfe, 0x83, 0x03, 0x04, 0xfe, 0x00, 0x09, 0xfe, 0x08, 0x02, 0x07, 0xfe, 
0x01, 0xfe, 0x13, 0x96, 0xfe, 0x97, 0x04, 0xfe, 0x01, 0xfe, 0x00, 0xfe, 0x86, 0xfe, 0x0c, 0xfe, 0x98, 0xfe, 0x0e, 0xfe, 
0x85, 0xfe, 0x0f, 0xfe, 0x01, 0xfe, 0x00, 0x03, 0x05, 0x02, 0xfe, 0x01, 0xfe, 0x00, 0x03, 0x04, 0xfe, 0x01, 0xfe, 0xb7, 
0xfe, 0x00, 0xfe, 0x84, 0xfe, 0x87, 0xb8, 0xfe, 0x00, 0x10, 0xfe, 0xf0, 0x0a, 0xfe, 0xf0, 0x0a, 0xfe, 0xf0, 0xfe, 0x00, 
0x0a, 0xfe, 0x01, 0xfe, 0xc2, 0xfe, 0x15, 0xfe, 0x86, 0xfe, 0xf0, 0xfe, 0x15, 0xfe, 0x86, 0xfe, 0xf0, 0xfe, 0xf0, 0xfe, 
0xc3, 0xfe, 0xc4, 0xf0, 0xfe, 0xf0, 0xfe, 0xc3, 0xfe, 0xc4, 0xf0, 0xfe, 0xf0, 0xfe, 0xc2, 0xfe, 0xf0, 0xfe, 0xf0, 0xfe, 
0x84, 0xfe, 0xb9, 0xfe, 0xba, 0xbb, 0xfe, 0x00, 0xf0, 0xfe, 0x00, 0x03, 0x59, 0x33, 0x34, 0x35, 0x0c, 0x0d, 0x0e, 0x0f, 
0x10, 0x11, 0x00, 0x01, 0x02, 0x03, 0x12, 0x13, 0x14, 0x15, 0x54, 0x16, 0x55, 0x17, 0x56, 0x04, 0x18, 0x19, 0x05, 0x06, 
0x51, 0x07, 0x1a, 0x1b, 0x1c, 0x1d, 0x1e, 0x1f, 0x20, 0x21, 0x22, 0x23, 0x24, 0x25, 0x26, 0x27, 0x28, 0x29, 0x2a, 0x2b, 
0x2c, 0x2d, 0x2e, 0x2f, 0x30, 0x31, 0x32, 0x36, 0x4c, 0x5a, 0x4c, 0x5b, 0x37, 0x38, 0x39, 0x3a, 0x3b, 0x3c, 0x3d, 0x3e, 
0x3f, 0x40, 0x41, 0x42, 0x43, 0x44, 0x45, 0x46, 0x47, 0x48, 0x49, 0x4a, 0x4b, 0x85, 0x01, 0xa4, 0x03, 0xb8, 0x03, 0xcd, 
0x03, 0xe1, 0x03, 0xa4, 0x03, 0xa4, 0x03, 0xa4, 0x03, 0xa4, 0x03, 0xb8, 0x03, 0xb8, 0x03, 0xb8, 0x03, 0xb8, 0x03, 0xcd, 
0x03, 0xcd, 0x03, 0xcd, 0x03, 0xcd, 0x03, 0xe1, 0x03, 0xe1, 0x03, 0xe1, 0x03, 0xe1, 0x03, 0xf6, 0x03, 0x8a, 0x04, 0x9f, 
0x04, 0xb1, 0x04, 0xb4, 0x04, 0xb1, 0x04, 0xb6, 0x04, 0xb6, 0x04, 0xf6, 0x03, 0xf6, 0x03, 0xf6, 0x03, 0xf6, 0x03, 0x8a, 
0x04, 0x8a, 0x04, 0x8a, 0x04, 0x8a, 0x04, 0x9f, 0x04, 0x9f, 0x04, 0x9f, 0x04, 0x9f, 0x04, 0xb9, 0x04, 0xb1, 0x04, 0xb9, 
0x04, 0xb4, 0x04, 0xc5, 0x04, 0xb9, 0x04, 0xb9, 0x04, 0xcb, 0x04, 0xc5, 0x04, 0xb6, 0x04, 0xcb, 0x04, 0xcb, 0x04, 0xcb, 
0x04, 0xcb, 0x04, 0xc5, 0x04, 0xb9, 0x04, 0xb6, 0x04, 0x92, 0x01, 0xa3, 0x01, 0x92, 0x01, 0xc2, 0x01, 0xa3, 0x01, 0xa9, 
0x01, 0xae, 0x01, 0xb1, 0x01, 0xae, 0x01, 0xa9, 0x01, 0xa9, 0x01, 0xb1, 0x01, 0xaf, 0x01, 0xb2, 0x01, 0xb3, 0x01, 0xb3, 
0x01, 0x92, 0x01, 0xae, 0x01, 0xaf, 0x01, 0xb1, 0x01, 0xb2, 0x01, 0xb3, 0x01, 0xb3, 0x01, 0xbc, 0x01, 0xae, 0x01, 0xbc, 
0x01, 0xb3, 0x01, 0xaf, 0x01, 0xbc, 0x01, 0xb2, 0x01, 0xb1, 0x01, 0xbc, 0x01, 0xb3, 0x01, 0xaf, 0x01, 0xae, 0x01, 0xb2, 
0x01, 0xb1, 0x01, 0xc2, 0x01, 0xb1, 0x01, 0xc2, 0x01, 0xc4, 0x01, 0x92, 0x01, 0xd2, 0x01, 0xc4, 0x01, 0x89, 0x01, 0xc2, 
0x01, 0x89, 0x01, 0xcd, 0x01, 0xc2, 0x01, 0xcd, 0x01, 0x89, 0x01, 0xcd, 0x01, 0x89, 0x01, 0xcd, 0x01, 0x89, 0x01, 0xd2, 
0x01, 0xcd, 0x01, 0xd2, 0x01, 0xc2, 0x01, 0xd6, 0x01, 0xd2, 0x01, 0xd6, 0x01, 0xd2, 0x01, 0xd7, 0x01, 0xd6, 0x01, 0xd8, 
0x01, 0xd7, 0x01, 0xe0, 0x01, 0xd8, 0x01, 0xdf, 0x01, 0xd7, 0x01, 0xdf, 0x01, 0xd8, 0x01, 0xe0, 0x01, 0xdf, 0x01, 0xe0, 
0x01, 0xd7, 0x01, 0xe4, 0x01, 0xe0, 0x01, 0xe0, 0x01, 0xe5, 0x01, 0xe4, 0x01, 0x85, 0x02, 0xa3, 0x01, 0xec, 0x01, 0xf1, 
0x01, 0xf4, 0x01, 0xf1, 0x01, 0xec, 0x01, 0xec, 0x01, 0xf4, 0x01, 0xf2, 0x01, 0xf5, 0x01, 0xf6, 0x01, 0xf6, 0x01, 0x92, 
0x01, 0xf1, 0x01, 0xf2, 0x01, 0xf4, 0x01, 0xf5, 0x01, 0xf6, 0x01, 0xf6, 0x01, 0xff, 0x01, 0xf1, 0x01, 0xff, 0x01, 0xf6, 
0x01, 0xf2, 0x01, 0xff, 0x01, 0xf5, 0x01, 0xf4, 0x01, 0xff, 0x01, 0xf6, 0x01, 0xf2, 0x01, 0xf1, 0x01, 0xf5, 0x01, 0xf4, 
0x01, 0x85, 0x02, 0xf4, 0x01, 0x85, 0x02, 0x93, 0x02, 0xc4, 0x01, 0x88, 0x01, 0x85, 0x02, 0x88, 0x01, 0x8e, 0x02, 0x8e, 
0x02, 0x88, 0x01, 0x8e, 0x02, 0x88, 0x01, 0x8e, 0x02, 0x88, 0x01, 0x93, 0x02, 0x8e, 0x02, 0x93, 0x02, 0x85, 0x02, 0xb2, 
0x02, 0xe5, 0x01, 0x92, 0x01, 0x93, 0x02, 0x92, 0x01, 0x93, 0x02, 0x92, 0x01, 0x93, 0x02, 0x92, 0x01, 0xe4, 0x01, 0xe5, 
0x01, 0xb2, 0x02, 0xb2, 0x02, 0xb6, 0x02, 0xb2, 0x02, 0xb6, 0x02, 0xb6, 0x02, 0xb6, 0x02, 0xdc, 0x02, 0xa3, 0x01, 0xc3, 
0x02, 0xc8, 0x02, 0xcb, 0x02, 0xc8, 0x02, 0xc3, 0x02, 0xc3, 0x02, 0xcb, 0x02, 0xc9, 0x02, 0xcc, 0x02, 0xcd, 0x02, 0xcd, 
0x02, 0x92, 0x01, 0xc8, 0x02, 0xc9, 0x02, 0xcb, 0x02, 0xcc, 0x02, 0xcd, 0x02, 0xcd, 0x02, 0xd6, 0x02, 0xc8, 0x02, 0xd6, 
0x02, 0xcd, 0x02, 0xc9, 0x02, 0xd6, 0x02, 0xcc, 0x02, 0xcb, 0x02, 0xd6, 0x02, 0xcd, 0x02, 0xc9, 0x02, 0xc8, 0x02, 0xcc, 
0x02, 0xcb, 0x02, 0xdc, 0x02, 0xcb, 0x02, 0xdc, 0x02, 0xea, 0x02, 0xc4, 0x01, 0x87, 0x01, 0xdc, 0x02, 0x87, 0x01, 0xe5, 
0x02, 0xdc, 0x02, 0xe5, 0x02, 0x87, 0x01, 0xe5, 0x02, 0x87, 0x01, 0xe5, 0x02, 0x87, 0x01, 0xea, 0x02, 0xe5, 0x02, 0xea, 
0x02, 0xdc, 0x02, 0xeb, 0x02, 0xb2, 0x02, 0xea, 0x02, 0xeb, 0x02, 0xeb, 0x02, 0xeb, 0x02, 0xf1, 0x02, 0xf2, 0x02, 0xf3, 
0x02, 0xf2, 0x02, 0xf7, 0x02, 0xf3, 0x02, 0xf1, 0x02, 0xeb, 0x02, 0xeb, 0x02, 0xf2, 0x02, 0xeb, 0x02, 0xeb, 0x02, 0xf3, 
0x02, 0xf7, 0x02, 0xeb, 0x02, 0xeb, 0x02, 0xf7, 0x02, 0xeb, 0x02, 0xeb, 0x02, 0xf3, 0x02, 0xf1, 0x02, 0xeb, 0x02, 0xeb, 
0x02, 0xeb, 0x02, 0xeb, 0x02, 0xeb, 0x02, 0x92, 0x01, 0x8b, 0x10, 0x00, 0x00, 0x4b, 0x01, 0x00, 0x00, 0x26, 0x00, 0x00, 
0x00, 0x4b, 0x01, 0x00, 0x00, 0x79, 0x00, 0x00, 0x00, 0x4f, 0xf0, 0x99, 0x02, 0x9a, 0x9b, 0x9c, 0x9d, 0x0b, 0x18, 0x02, 
0x48, 0x49, 0x4a, 0x4b, 0x4c, 0x4d, 0x4e, 0x0b, 0x19, 0x1a, 0x0d, 0x1b, 0xf0, 0xf0, 0x0d, 0xf0, 0x9e, 0x9f, 0x0d, 0xa0, 
0x1c, 0x02, 0x1d, 0x1e, 0x16, 0x02, 0x1f, 0x20, 0x21, 0x22, 0x23, 0x24, 0x25, 0x26, 0x27, 0x28, 0x29, 0x2a, 0x2b, 0x2c, 
0x2d, 0x2e, 0xc9, 0xca, 0xcb, 0x2f, 0x30, 0x31, 0x32, 0xcc, 0xcd, 0xce, 0xcf, 0xd0, 0xd1, 0xd2, 0xd3, 0xd4, 0xd5, 0xd6, 
0xd7, 0xd8, 0xd9, 0xda, 0x33, 0xdb, 0xdc, 0xdd, 0x34, 0xde, 0xdf, 0x35, 0xe0, 0xe1, 0x36, 0xe2, 0xe3, 0x37, 0xe4, 0x38, 
0xe5, 0xe6, 0x39, 0x3a, 0xe7, 0x3b, 0x3c, 0x3d, 0xe8, 0xe9, 0x3e, 0xea, 0x3f, 0x40, 0x41, 0x42, 0x43, 0x44, 0x45, 0xeb, 
0xec, 0xed, 0xee, 0x46, 0xef, 0xf0, 0xf0, 0xf0, 0xf0, 0x17, 0xf0, 0xa1, 0xa2, 0xf0, 0xf0, 0xf0, 0xf0, 0x14, 0x02, 0xa3, 
0x02, 0xa4, 0x03, 0x05, 0x02, 0xa5, 0x03, 0x10, 0xfe, 0xf0, 0x04, 0xfe, 0x83, 0x04, 0xfe, 0x01, 0xfe, 0x00, 0xfe, 0x84, 
0xfe, 0x87, 0x04, 0xfe, 0xa6, 0xfe, 0x00, 0x0a, 0xfe, 0x01, 0xfe, 0xa7, 0x04, 0xfe, 0x00, 0x47, 0xfe, 0xa8, 0x02, 0x04, 
0xfe, 0x01, 0xfe, 0x00, 0xfe, 0xa9, 0xfe, 0xaa, 0xfe, 0x01, 0xfe, 0x00, 0x03, 0x05, 0x02, 0xfe, 0x01, 0xfe, 0x00, 0x03, 
0x88, 0xfe, 0xab, 0xfe, 0xac, 0xfe, 0xad, 0x11, 0xfe, 0x01, 0xfe, 0x89, 0x88, 0xfe, 0xae, 0xfe, 0xf0, 0xfe, 0xf0, 0xfe, 
0xf0, 0xfe, 0xf0, 0xfe, 0xf0, 0xfe, 0xf0, 0xfe, 0xf0, 0xfe, 0xf0, 0xfe, 0xaf, 0xfe, 0xb0, 0x04, 0xfe, 0x01, 0xfe, 0xf0, 
0xb1, 0xfe, 0x89, 0xb2, 0xfe, 0xb3, 0x07, 0xfe, 0x01, 0xfe, 0x13, 0xb4, 0xfe, 0x0c, 0xb5, 0xfe, 0x0e, 0xb6, 0xfe, 0x0f, 
0x04, 0xfe, 0x01, 0xfe, 0xb7, 0xfe, 0x00, 0xfe, 0x84, 0xfe, 0x87, 0xf0, 0xfe, 0xf0, 0xb8, 0xfe, 0x00, 0x10, 0xfe, 0xf0, 
0x0a, 0xfe, 0xf0, 0x0a, 0xfe, 0xf0, 0xfe, 0x00, 0x0a, 0xfe, 0x01, 0xfe, 0xc2, 0xfe, 0x15, 0xfe, 0x86, 0xfe, 0xf0, 0xfe, 
0x15, 0xfe, 0x86, 0xfe, 0xf0, 0xfe, 0xf0, 0xfe, 0xc3, 0xfe, 0xc4, 0xf0, 0xfe, 0xf0, 0xfe, 0xc3, 0xfe, 0xc4, 0xf0, 0xfe, 
0xf0, 0xfe, 0xc2, 0xfe, 0xf0, 0xfe, 0xf0, 0xfe, 0x84, 0xfe, 0xb9, 0xfe, 0xba, 0xbb, 0xfe, 0x00, 0xf0, 0xfe, 0x00, 0x03, 
0x59, 0x33, 0x34, 0x35, 0x00, 0x01, 0x02, 0x03, 0x04, 0x05, 0x06, 0x5f, 0x07, 0x36, 0x37, 0x38, 0x39, 0x3a, 0x3b, 0x3c, 
0x3d, 0x3e, 0x52, 0x60, 0x61, 0x3f, 0x40, 0x41, 0x42, 0x43, 0x44, 0x45, 0x46, 0x47, 0x48, 0x49, 0x4a, 0x4b, 0x60, 0x6b, 
0x6f, 0x6b, 0x6f, 0x6b, 0x70, 0x6f, 0x71, 0x70, 0x79, 0x71, 0x78, 0x70, 0x78, 0x71, 0x79, 0x78, 0x79, 0x70, 0x7d, 0x79, 
0x79, 0x7e, 0x7d, 0x9e, 0x01, 0x7e, 0x60, 0x6b, 0x60, 0x6b, 0x60, 0x6b, 0x60, 0x7d, 0x7e, 0xa1, 0x01, 0x9e, 0x01, 0x9e, 
0x01, 0x9e, 0x01, 0xa2, 0x01, 0xa1, 0x01, 0xa2, 0x01, 0xa2, 0x01, 0xa2, 0x01, 0xaa, 0x01, 0x9e, 0x01, 0x6b, 0xaa, 0x01, 
0xaa, 0x01, 0xa1, 0x01, 0xaa, 0x01, 0xbe, 0x01, 0xbf, 0x01, 0xc0, 0x01, 0xbf, 0x01, 0xc4, 0x01, 0xc0, 0x01, 0xbe, 0x01, 
0xaa, 0x01, 0xaa, 0x01, 0xbf, 0x01, 0xaa, 0x01, 0xaa, 0x01, 0xc0, 0x01, 0xc4, 0x01, 0xaa, 0x01, 0xaa, 0x01, 0xc4, 0x01, 
0xaa, 0x01, 0xaa, 0x01, 0xc0, 0x01, 0xbe, 0x01, 0xaa, 0x01, 0xaa, 0x01, 0xaa, 0x01, 0xaa, 0x01, 0xaa, 0x01, 0x60, 0xc7, 
0x20, 0x00, 0x00, 0xac, 0x03, 0x00, 0x00, 0x55, 0x00, 0x00, 0x00, 0xac, 0x03, 0x00, 0x00, 0x6a, 0x02, 0x00, 0x00, 0x4f, 
0xf0, 0x99, 0x02, 0x9a, 0x9b, 0x9c, 0x9d, 0x0b, 0x18, 0x02, 0x48, 0x49, 0x4a, 0x4b, 0x4c, 0x4d, 0x4e, 0x0b, 0x19, 0x1a, 
0x0d, 0x1b, 0xf0, 0xf0, 0x0d, 0xf0, 0xf0, 0x02, 0xf0, 0xf0, 0xf0, 0x0b, 0xf0, 0x02, 0xf0, 0x0b, 0x9e, 0x9f, 0x0d, 0xa0, 
0xf0, 0xfe, 0x00, 0x04, 0xfe, 0x00, 0x1c, 0x02, 0x1d, 0x1e, 0x16, 0x02, 0x1f, 0x20, 0x21, 0x22, 0x23, 0x24, 0x25, 0x26, 
0x27, 0x28, 0x29, 0x2a, 0x2b, 0x2c, 0x2d, 0x2e, 0xc9, 0xca, 0xcb, 0x2f, 0x30, 0x31, 0x32, 0xcc, 0xcd, 0xce, 0xcf, 0xd0, 
0xd1, 0xd2, 0xd3, 0xd4, 0xd5, 0xd6, 0xd7, 0xd8, 0xd9, 0xda, 0x33, 0xdb, 0xdc, 0xdd, 0x34, 0xde, 0xdf, 0x35, 0xe0, 0xe1, 
0x36, 0xe2, 0xe3, 0x37, 0xe4, 0x38, 0xe5, 0xe6, 0x39, 0x3a, 0xe7, 0x3b, 0x3c, 0x3d, 0xe8, 0xe9, 0x3e, 0xea, 0x3f, 0x40, 
0x41, 0x42, 0x43, 0x44, 0x45, 0xeb, 0xec, 0xed, 0xee, 0x46, 0xef, 0xf0, 0xf0, 0xf0, 0xf0, 0x17, 0xf0, 0x02, 0xf0, 0xf0, 
0xf0, 0x02, 0xf0, 0xf0, 0xf0, 0xf0, 0xf0, 0xf0, 0xa1, 0xf0, 0xf0, 0xa2, 0xf0, 0xf0, 0xf0, 0xf0, 0xf0, 0x02, 0xf0, 0x02, 
0x7f, 0xfe, 0xbc, 0x7f, 0xfe, 0xbd, 0x7f, 0xfe, 0xbe, 0x7f, 0xfe, 0xf0, 0xf0, 0xfe, 0x80, 0xfe, 0x81, 0xfe, 0x82, 0xfe, 
0xbf, 0xfe, 0x80, 0xfe, 0x81, 0xfe, 0x82, 0xfe, 0xc0, 0xfe, 0x80, 0xfe, 0x81, 0xfe, 0x82, 0xfe, 0xf0, 0xfe, 0x80, 0xfe, 
0x81, 0xfe, 0x82, 0xfe, 0xf0, 0xf0, 0x03, 0x7f, 0xfe, 0xbc, 0x7f, 0xfe, 0xbd, 0x7f, 0xfe, 0xbe, 0xc1, 0xfe, 0xf0, 0xc1, 
0xfe, 0x01, 0xfe, 0xf0, 0x07, 0xfe, 0x00, 0xfe, 0xf0, 0xfe, 0x80, 0xfe, 0x81, 0xfe, 0x82, 0xfe, 0xbf, 0xfe, 0x80, 0xfe, 
0x81, 0xfe, 0x82, 0xfe, 0xc0, 0xfe, 0x80, 0xfe, 0x81, 0xfe, 0x82, 0xfe, 0xf0, 0xf0, 0xfe, 0x01, 0xfe, 0xf0, 0xfe, 0xf0, 
0xfe, 0xf0, 0x02, 0x11, 0xfe, 0xf0, 0xfe, 0xf0, 0xfe, 0xf0, 0x7f, 0xfe, 0xf0, 0xfe, 0xf0, 0xfe, 0xf0, 0xfe, 0x80, 0xfe, 
0x81, 0xfe, 0x82, 0xfe, 0xf0, 0xfe, 0x7d, 0xfe, 0xf0, 0xf0, 0x03, 0xf0, 0xfe, 0x00, 0x03, 0x14, 0x02, 0xa3, 0x02, 0xa4, 
0x03, 0x05, 0x02, 0xa5, 0x03, 0x10, 0xfe, 0xf0, 0x12, 0xfe, 0xf0, 0xfe, 0xf0, 0x04, 0xfe, 0x00, 0x09, 0xfe, 0x08, 0x02, 
0x10, 0xfe, 0x8a, 0x7e, 0xfe, 0x00, 0x04, 0xfe, 0x00, 0xfe, 0x8b, 0xfe, 0x8c, 0xfe, 0x8d, 0xfe, 0x83, 0x7e, 0xfe, 0x00, 
0x04, 0xfe, 0x00, 0x8e, 0xfe, 0x8f, 0xfe, 0xc6, 0xfe, 0xc7, 0xfe, 0x01, 0xfe, 0x06, 0xfe, 0x01, 0xfe, 0x06, 0xfe, 0x90, 
0x02, 0x91, 0xfe, 0x92, 0x02, 0x7e, 0xfe, 0x01, 0xfe, 0x00, 0xfe, 0x85, 0xfe, 0x00, 0xfe, 0x01, 0xfe, 0x00, 0xfe, 0x01, 
0xfe, 0x93, 0xfe, 0x94, 0xfe, 0x95, 0x03, 0x05, 0x02, 0xfe, 0x01, 0xfe, 0x00, 0xfe, 0x01, 0xfe, 0x00, 0x03, 0x03, 0xfe, 
0x01, 0xfe, 0x00, 0x03, 0x05, 0x02, 0xfe, 0x83, 0x03, 0x12, 0xfe, 0xf0, 0xfe, 0xf0, 0x04, 0xfe, 0x00, 0x09, 0xfe, 0x08, 
0x02, 0x07, 0xfe, 0x01, 0xfe, 0x13, 0x96, 0xfe, 0x97, 0x04, 0xfe, 0x01, 0xfe, 0x00, 0xfe, 0x86, 0xfe, 0x0c, 0xfe, 0x98, 
0xfe, 0x0e, 0xfe, 0x85, 0xfe, 0x0f, 0xfe, 0x01, 0xfe, 0x00, 0x03, 0x05, 0x02, 0xfe, 0x01, 0xfe, 0x00, 0x03, 0x04, 0xfe, 
0x01, 0xfe, 0x00, 0xfe, 0x84, 0xfe, 0x87, 0x04, 0xfe, 0xa6, 0xfe, 0x00, 0x0a, 0xfe, 0x01, 0xfe, 0xa7, 0x04, 0xfe, 0x00, 
0x47, 0xfe, 0xa8, 0x02, 0x04, 0xfe, 0x01, 0xfe, 0x00, 0xfe, 0xa9, 0xfe, 0xaa, 0xfe, 0x01, 0xfe, 0x00, 0x03, 0x05, 0x02, 
0xfe, 0x01, 0xfe, 0x00, 0x03, 0x88, 0xfe, 0xab, 0xfe, 0xac, 0xfe, 0xad, 0x11, 0xfe, 0x01, 0xfe, 0x89, 0x04, 0xfe, 0x00, 
0x09, 0xfe, 0x08, 0x02, 0x10, 0xfe, 0x8a, 0x7e, 0xfe, 0x00, 0x04, 0xfe, 0x00, 0xfe, 0x8b, 0xfe, 0x8c, 0xfe, 0x8d, 0xfe, 
0x83, 0x7e, 0xfe, 0x00, 0x04, 0xfe, 0x00, 0x8e, 0xfe, 0x8f, 0xfe, 0xc6, 0xfe, 0xc7, 0xfe, 0x01, 0xfe, 0x06, 0xfe, 0x01, 
0xfe, 0x06, 0xfe, 0x90, 0x02, 0x91, 0xfe, 0x92, 0x02, 0x7e, 0xfe, 0x01, 0xfe, 0x00, 0xfe, 0x85, 0xfe, 0x00, 0xfe, 0x01, 
0xfe, 0x00, 0xfe, 0x01, 0xfe, 0x93, 0xfe, 0x94, 0xfe, 0x95, 0x03, 0x05, 0x02, 0xfe, 0x01, 0xfe, 0x00, 0xfe, 0x01, 0xfe, 
0x00, 0x03, 0x03, 0xfe, 0x01, 0xfe, 0x00, 0x03, 0x05, 0x02, 0xfe, 0x83, 0x03, 0x04, 0xfe, 0x00, 0x09, 0xfe, 0x08, 0x02, 
0x07, 0xfe, 0x01, 0xfe, 0x13, 0x96, 0xfe, 0x97, 0x04, 0xfe, 0x00, 0xfe, 0x86, 0xfe, 0x0c, 0xfe, 0x98, 0xfe, 0x0e, 0xfe, 
0x85, 0xfe, 0x0f, 0xfe, 0x01, 0xfe, 0x00, 0x03, 0x05, 0x02, 0xfe, 0x01, 0xfe, 0x00, 0x03, 0x88, 0xfe, 0xae, 0xfe, 0xf0, 
0xfe, 0xf0, 0xfe, 0xf0, 0xfe, 0xf0, 0xfe, 0xf0, 0xfe, 0xf0, 0xfe, 0xf0, 0xfe, 0xf0, 0xfe, 0xaf, 0xfe, 0xb0, 0x11, 0xfe, 
0x01, 0xfe, 0x89, 0x04, 0xfe, 0x01, 0xfe, 0xb3, 0x04, 0xfe, 0x01, 0xfe, 0xf0, 0xb1, 0xfe, 0x00, 0xb2, 0xfe, 0x00, 0x07, 
0xfe, 0x01, 0xfe, 0x13, 0xb4, 0xfe, 0x0c, 0xb5, 0xfe, 0x0e, 0xb6, 0xfe, 0x0f, 0x04, 0xfe, 0x00, 0x09, 0xfe, 0x08, 0x02, 
0x10, 0xfe, 0x8a, 0x7e, 0xfe, 0x00, 0x04, 0xfe, 0x00, 0xfe, 0x8b, 0xfe, 0x8c, 0xfe, 0x8d, 0xfe, 0x83, 0x7e, 0xfe, 0x00, 
0x04, 0xfe, 0x00, 0x8e, 0xfe, 0x8f, 0xfe, 0xc6, 0xfe, 0xc7, 0xfe, 0x01, 0xfe, 0x06, 0xfe, 0x01, 0xfe, 0x06, 0xfe, 0x90, 
0x02, 0x91, 0xfe, 0x92, 0x02, 0x7e, 0xfe, 0x01, 0xfe, 0x00, 0xfe, 0x85, 0xfe, 0x00, 0xfe, 0x01, 0xfe, 0x00, 0xfe, 0x01, 
0xfe, 0x93, 0xfe, 0x94, 0xfe, 0x95, 0x03, 0x05, 0x02, 0xfe, 0x01, 0xfe, 0x00, 0xfe, 0x01, 0xfe, 0x00, 0x03, 0x03, 0xfe, 
0x01, 0xfe, 0x00, 0x03, 0x05, 0x02, 0xfe, 0x83, 0x03, 0x04, 0xfe, 0x00, 0x09, 0xfe, 0x08, 0x02, 0x07, 0xfe, 0x01, 0xfe, 
0x13, 0x96, 0xfe, 0x97, 0x04, 0xfe, 0x01, 0xfe, 0x00, 0xfe, 0x86, 0xfe, 0x0c, 0xfe, 0x98, 0xfe, 0x0e, 0xfe, 0x85, 0xfe, 
0x0f, 0xfe, 0x01, 0xfe, 0x00, 0x03, 0x05, 0x02, 0xfe, 0x01, 0xfe, 0x00, 0x03, 0x04, 0xfe, 0x01, 0xfe, 0xb7, 0xfe, 0x00, 
0xfe, 0x84, 0xfe, 0x87, 0xf0, 0xfe, 0x06, 0xfe, 0x06, 0xfe, 0x06, 0xfe, 0xf0, 0xb8, 0xfe, 0x00, 0x10, 0xfe, 0xf0, 0x0a, 
0xfe, 0xf0, 0x0a, 0xfe, 0xf0, 0xfe, 0x00, 0x0a, 0xfe, 0x01, 0xfe, 0xc2, 0xfe, 0x15, 0xfe, 0x86, 0xfe, 0xf0, 0xfe, 0x15, 
0xfe, 0x86, 0xfe, 0xf0, 0xfe, 0xf0, 0xfe, 0xc3, 0xfe, 0xc4, 0xf0, 0xfe, 0xf0, 0xfe, 0xc3, 0xfe, 0xc4, 0xf0, 0xfe, 0xf0, 
0xfe, 0xc2, 0xfe, 0xf0, 0xfe, 0xf0, 0xfe, 0x84, 0xfe, 0xb9, 0xfe, 0xba, 0xbb, 0xfe, 0x00, 0xf0, 0xfe, 0x00, 0x03, 0x59, 
0x33, 0x34, 0x35, 0x0c, 0x0d, 0x0e, 0x0f, 0x10, 0x11, 0x62, 0x00, 0x01, 0x02, 0x03, 0x12, 0x13, 0x14, 0x15, 0x54, 0x16, 
0x55, 0x17, 0x56, 0x04, 0x18, 0x19, 0x05, 0x06, 0x5f, 0x07, 0x1a, 0x1b, 0x1c, 0x1d, 0x1e, 0x1f, 0x20, 0x21, 0x22, 0x23, 
0x24, 0x25, 0x26, 0x27, 0x28, 0x29, 0x2a, 0x2b, 0x2c, 0x2d, 0x2e, 0x2f, 0x30, 0x31, 0x32, 0x36, 0x4c, 0x5a, 0x4c, 0x5b, 
0x37, 0x38, 0x39, 0x3a, 0x3b, 0x3c, 0x3d, 0x3e, 0x52, 0x63, 0x64, 0x3f, 0x40, 0x41, 0x42, 0x43, 0x44, 0x45, 0x46, 0x47, 
0x48, 0x49, 0x4a, 0x4b, 0x86, 0x01, 0x88, 0x01, 0xb7, 0x03, 0xcb, 0x03, 0xe0, 0x03, 0xf4, 0x03, 0xb7, 0x03, 0xb7, 0x03, 
0xb7, 0x03, 0xb7, 0x03, 0xcb, 0x03, 0xcb, 0x03, 0xcb, 0x03, 0xcb, 0x03, 0xe0, 0x03, 0xe0, 0x03, 0xe0, 0x03, 0xe0, 0x03, 
0xf4, 0x03, 0xf4, 0x03, 0xf4, 0x03, 0xf4, 0x03, 0x89, 0x04, 0x9d, 0x04, 0xb2, 0x04, 0xc4, 0x04, 0xc7, 0x04, 0xc4, 0x04, 
0xc9, 0x04, 0xc9, 0x04, 0x89, 0x04, 0x89, 0x04, 0x89, 0x04, 0x89, 0x04, 0x9d, 0x04, 0x9d, 0x04, 0x9d, 0x04, 0x9d, 0x04, 
0xb2, 0x04, 0xb2, 0x04, 0xb2, 0x04, 0xb2, 0x04, 0xcc, 0x04, 0xc4, 0x04, 0xcc, 0x04, 0xc7, 0x04, 0xd8, 0x04, 0xcc, 0x04, 
0xcc, 0x04, 0xde, 0x04, 0xd8, 0x04, 0xc9, 0x04, 0xde, 0x04, 0xde, 0x04, 0xde, 0x04, 0xde, 0x04, 0xd8, 0x04, 0xcc, 0x04, 
0xc9, 0x04, 0x95, 0x01, 0xa6, 0x01, 0x95, 0x01, 0xc5, 0x01, 0xa6, 0x01, 0xac, 0x01, 0xb1, 0x01, 0xb4, 0x01, 0xb1, 0x01, 
0xac, 0x01, 0xac, 0x01, 0xb4, 0x01, 0xb2, 0x01, 0xb5, 0x01, 0xb6, 0x01, 0xb6, 0x01, 0x95, 0x01, 0xb1, 0x01, 0xb2, 0x01, 
0xb4, 0x01, 0xb5, 0x01, 0xb6, 0x01, 0xb6, 0x01, 0xbf, 0x01, 0xb1, 0x01, 0xbf, 0x01, 0xb6, 0x01, 0xb2, 0x01, 0xbf, 0x01, 
0xb5, 0x01, 0xb4, 0x01, 0xbf, 0x01, 0xb6, 0x01, 0xb2, 0x01, 0xb1, 0x01, 0xb5, 0x01, 0xb4, 0x01, 0xc5, 0x01, 0xb4, 0x01, 
0xc5, 0x01, 0xc7, 0x01, 0x95, 0x01, 0xd5, 0x01, 0xc7, 0x01, 0x8c, 0x01, 0xc5, 0x01, 0x8c, 0x01, 0xd0, 0x01, 0xc5, 0x01, 
0xd0, 0x01, 0x8c, 0x01, 0xd0, 0x01, 0x8c, 0x01, 0xd0, 0x01, 0x8c, 0x01, 0xd5, 0x01, 0xd0, 0x01, 0xd5, 0x01, 0xc5, 0x01, 
0xd9, 0x01, 0xd5, 0x01, 0xd9, 0x01, 0xd5, 0x01, 0xda, 0x01, 0xd9, 0x01, 0xdb, 0x01, 0xda, 0x01, 0xe3, 0x01, 0xdb, 0x01, 
0xe2, 0x01, 0xda, 0x01, 0xe2, 0x01, 0xdb, 0x01, 0xe3, 0x01, 0xe2, 0x01, 0xe3, 0x01, 0xda, 0x01, 0xe7, 0x01, 0xe3, 0x01, 
0xe3, 0x01, 0xe8, 0x01, 0xe7, 0x01, 0x88, 0x02, 0xa6, 0x01, 0xef, 0x01, 0xf4, 0x01, 0xf7, 0x01, 0xf4, 0x01, 0xef, 0x01, 
0xef, 0x01, 0xf7, 0x01, 0xf5, 0x01, 0xf8, 0x01, 0xf9, 0x01, 0xf9, 0x01, 0x95, 0x01, 0xf4, 0x01, 0xf5, 0x01, 0xf7, 0x01, 
0xf8, 0x01, 0xf9, 0x01, 0xf9, 0x01, 0x82, 0x02, 0xf4, 0x01, 0x82, 0x02, 0xf9, 0x01, 0xf5, 0x01, 0x82, 0x02, 0xf8, 0x01, 
0xf7, 0x01, 0x82, 0x02, 0xf9, 0x01, 0xf5, 0x01, 0xf4, 0x01, 0xf8, 0x01, 0xf7, 0x01, 0x88, 0x02, 0xf7, 0x01, 0x88, 0x02, 
0x96, 0x02, 0xc7, 0x01, 0x8b, 0x01, 0x88, 0x02, 0x8b, 0x01, 0x91, 0x02, 0x91, 0x02, 0x8b, 0x01, 0x91, 0x02, 0x8b, 0x01, 
0x91, 0x02, 0x8b, 0x01, 0x96, 0x02, 0x91, 0x02, 0x96, 0x02, 0x88, 0x02, 0xb5, 0x02, 0xe8, 0x01, 0x95, 0x01, 0x96, 0x02, 
0x95, 0x01, 0x96, 0x02, 0x95, 0x01, 0x96, 0x02, 0x95, 0x01, 0xe7, 0x01, 0xe8, 0x01, 0xb6, 0x02, 0xb5, 0x02, 0xb7, 0x02, 
0xb5, 0x02, 0xb8, 0x02, 0xb5, 0x02, 0xb6, 0x02, 0xb7, 0x02, 0xb9, 0x02, 0xb8, 0x02, 0xb9, 0x02, 0xb9, 0x02, 0xb9, 0x02, 
0xdf, 0x02, 0xa6, 0x01, 0xc6, 0x02, 0xcb, 0x02, 0xce, 0x02, 0xcb, 0x02, 0xc6, 0x02, 0xc6, 0x02, 0xce, 0x02, 0xcc, 0x02, 
0xcf, 0x02, 0xd0, 0x02, 0xd0, 0x02, 0x95, 0x01, 0xcb, 0x02, 0xcc, 0x02, 0xce, 0x02, 0xcf, 0x02, 0xd0, 0x02, 0xd0, 0x02, 
0xd9, 0x02, 0xcb, 0x02, 0xd9, 0x02, 0xd0, 0x02, 0xcc, 0x02, 0xd9, 0x02, 0xcf, 0x02, 0xce, 0x02, 0xd9, 0x02, 0xd0, 0x02, 
0xcc, 0x02, 0xcb, 0x02, 0xcf, 0x02, 0xce, 0x02, 0xdf, 0x02, 0xce, 0x02, 0xdf, 0x02, 0xed, 0x02, 0xc7, 0x01, 0x8a, 0x01, 
0xdf, 0x02, 0x8a, 0x01, 0xe8, 0x02, 0xdf, 0x02, 0xe8, 0x02, 0x8a, 0x01, 0xe8, 0x02, 0x8a, 0x01, 0xe8, 0x02, 0x8a, 0x01, 
0xed, 0x02, 0xe8, 0x02, 0xed, 0x02, 0xdf, 0x02, 0xee, 0x02, 0xb5, 0x02, 0xed, 0x02, 0xee, 0x02, 0xee, 0x02, 0xb6, 0x02, 
0xb7, 0x02, 0xb8, 0x02, 0x86, 0x01, 0xee, 0x02, 0x84, 0x03, 0x85, 0x03, 0x86, 0x03, 0x85, 0x03, 0x8a, 0x03, 0x86, 0x03, 
0x84, 0x03, 0xee, 0x02, 0xee, 0x02, 0x85, 0x03, 0xee, 0x02, 0xee, 0x02, 0x86, 0x03, 0x8a, 0x03, 0xee, 0x02, 0xee, 0x02, 
0x8a, 0x03, 0xee, 0x02, 0xee, 0x02, 0x86, 0x03, 0x84, 0x03, 0xee, 0x02, 0xee, 0x02, 0xee, 0x02, 0xee, 0x02, 0xee, 0x02, 
0x95, 0x01, 0x60, 0x0d, 0x00, 0x00, 0xff, 0x00, 0x00, 0x00, 0x09, 0x00, 0x00, 0x00, 0xff, 0x00, 0x00, 0x00, 0x60, 0x00, 
0x00, 0x00, 0x50, 0x51, 0x99, 0x02, 0x9a, 0x9b, 0x9c, 0x9d, 0x0b, 0x18, 0x02, 0x48, 0x49, 0x4a, 0x4b, 0x4c, 0x4d, 0x4e, 
0x0b, 0x19, 0x1a, 0x0d, 0x1b, 0x9e, 0x9f, 0x0d, 0xa0, 0x1c, 0x02, 0x1d, 0x1e, 0x16, 0x02, 0x1f, 0x20, 0x21, 0x22, 0x23, 
0x24, 0x25, 0x26, 0x27, 0x28, 0x29, 0x2a, 0x2b, 0x2c, 0x2d, 0x2e, 0x52, 0x53, 0x54, 0x2f, 0x30, 0x31, 0x32, 0x55, 0x56, 
0x57, 0x58, 0x59, 0x5a, 0x5b, 0x5c, 0x5d, 0x5e, 0x5f, 0x60, 0x61, 0x62, 0x63, 0x33, 0x64, 0x65, 0x66, 0x34, 0x67, 0x68, 
0x35, 0x69, 0x6a, 0x36, 0x6b, 0x6c, 0x37, 0x6d, 0x38, 0x6e, 0x6f, 0x39, 0x3a, 0x70, 0x3b, 0x3c, 0x3d, 0x71, 0x72, 0x3e, 
0x73, 0x3f, 0x40, 0x41, 0x42, 0x43, 0x44, 0x45, 0x74, 0x75, 0x76, 0x77, 0x46, 0x78, 0x79, 0x7a, 0x7b, 0x7c, 0x17, 0xa1, 
0xa2, 0xf0, 0xf0, 0xf0, 0xf0, 0xf0, 0x14, 0x02, 0xa3, 0x02, 0xa4, 0x03, 0x05, 0x02, 0xa5, 0x03, 0x04, 0xfe, 0x83, 0x04, 
0xfe, 0x01, 0xfe, 0x00, 0xfe, 0x84, 0xfe, 0x87, 0x04, 0xfe, 0xa6, 0xfe, 0x00, 0x0a, 0xfe, 0x01, 0xfe, 0xa7, 0x04, 0xfe, 
0x00, 0x47, 0xfe, 0xa8, 0x02, 0x04, 0xfe, 0x01, 0xfe, 0x00, 0xfe, 0xa9, 0xfe, 0xaa, 0xfe, 0x01, 0xfe, 0x00, 0x03, 0x05, 
0x02, 0xfe, 0x01, 0xfe, 0x00, 0x03, 0x88, 0xfe, 0xab, 0xfe, 0xac, 0xfe, 0xad, 0x11, 0xfe, 0x01, 0xfe, 0x89, 0x88, 0xfe, 
0xae, 0xfe, 0xf0, 0xfe, 0xf0, 0xfe, 0xf0, 0xfe, 0xf0, 0xfe, 0xaf, 0xfe, 0xb0, 0xb1, 0xfe, 0x89, 0xb2, 0xfe, 0xb3, 0x07, 
0xfe, 0x01, 0xfe, 0xc8, 0xb4, 0xfe, 0x0c, 0xb5, 0xfe, 0x0e, 0xb6, 0xfe, 0x0f, 0x04, 0xfe, 0x01, 0xfe, 0xb7, 0xfe, 0x00, 
0xfe, 0x84, 0xfe, 0x87, 0xb8, 0xfe, 0x00, 0xfe, 0x84, 0xfe, 0xb9, 0xfe, 0xba, 0xbb, 0xfe, 0x00, 0x03, 0x4d, 0x4e, 0x4f, 
0x53, 0x50, 0x08, 0x09, 0x0a, 0x0b, 0xc8, 0x62, 0xb8, 0x51, 0xc8, 0x62, 0xb8, 0x51, 0xc8, 0x62, 0xde, 0x7a, 0xb8, 0x51, 
0xbb, 0x6e, 0xde, 0x7a, 0xe5, 0x8f, 0xbb, 0x6e, 0xda, 0x49, 0xde, 0x7a, 0xda, 0x49, 0xbb, 0x6e, 0xe5, 0x8f, 0xda, 0x49, 
0xe5, 0x8f, 0xde, 0x7a, 0x81, 0x71, 0xe5, 0x8f, 0xe5, 0x8f, 0xf9, 0x75, 0x81, 0x71, 0xdc, 0x90, 0xf9, 0x75, 0xc8, 0x62, 
0xc8, 0x62, 0xc8, 0x62, 0x81, 0x71, 0xf9, 0x75, 0xdc, 0x90, 0xdc, 0x90, 0x99, 0x6a, 0xdc, 0x90, 0x99, 0x6a, 0x99, 0x6a, 
0x99, 0x6a, 0xe6, 0x62, 0xdc, 0x90, 0xc8, 0x62, 0xe6, 0x62, 0xe6, 0x62, 0xe6, 0x62, 0xe6, 0x62, 0xe6, 0x62, 0xe6, 0x62, 
0xe6, 0x62, 0x56, 0x04, 0x00, 0x00, 0x8b, 0x00, 0x00, 0x00, 0x00, 0x00, 0x00, 0x00, 0x8b, 0x00, 0x00, 0x00, 0x47, 0x00, 
0x00, 0x00, 0x50, 0x51, 0x84, 0x02, 0x85, 0x86, 0x87, 0x88, 0x89, 0x8a, 0x0b, 0x04, 0xfe, 0x00, 0x0a, 0xfe, 0x00, 0x07, 
0xfe, 0x00, 0x8b, 0x02, 0xaa, 0xab, 0xac, 0x8c, 0xad, 0xae, 0xaf, 0x81, 0x14, 0x02, 0x07, 0xfe, 0x8d, 0x11, 0xfe, 0x8e, 
0xfe, 0x8f, 0x04, 0xfe, 0x90, 0xfe, 0x7f, 0x12, 0xfe, 0x91, 0x12, 0xfe, 0x00, 0x09, 0xfe, 0x08, 0x02, 0x0a, 0xfe, 0x01, 
0xfe, 0x0c, 0x12, 0xfe, 0x01, 0xfe, 0x92, 0x12, 0xfe, 0x00, 0x93, 0xfe, 0x08, 0x02, 0xfe, 0x94, 0xfe, 0x95, 0xfe, 0x96, 
0x03, 0x05, 0x02, 0xfe, 0x01, 0xfe, 0x00, 0x03, 0xfe, 0x01, 0xfe, 0x00, 0x03, 0x05, 0x02, 0xfe, 0x01, 0xfe, 0x00, 0x03, 
0x04, 0xfe, 0x00, 0x09, 0xfe, 0x08, 0x02, 0xfe, 0x97, 0x03, 0x05, 0x02, 0xfe, 0x98, 0xfe, 0x7f, 0x03, 0x99, 0xfe, 0x06, 
0xfe, 0x06, 0xfe, 0x06, 0xfe, 0x06, 0xfe, 0x06, 0xfe, 0x9a, 0xfe, 0x06, 0xfe, 0x06, 0xfe, 0x06, 0xfe, 0x06, 0xfe, 0x9b, 
0x03, 0x02, 0x03, 0x04, 0xa3, 0x73, 0x93, 0x75, 0xa3, 0x73, 0xc2, 0x9c, 0x93, 0x75, 0xf1, 0x64, 0xac, 0x55, 0xf1, 0x64, 
0x90, 0x9f, 0xc2, 0x9c, 0xdf, 0x30, 0x90, 0x9f, 0xac, 0x52, 0xdf, 0x30, 0xac, 0x52, 0xa3, 0x73, 0x90, 0x9f, 0xac, 0x52, 
0xdf, 0x30, 0xac, 0x55, 0xac, 0x52, 0xac, 0x55, 0xf1, 0x64, 0xfd, 0x88, 0xac, 0x55, 0xfd, 0x88, 0xfd, 0x88, 0x93, 0x75, 
0xfd, 0x88, 0x02, 0x03, 0x03, 0x03, 0x04, 0x02, 0x03, 0x03, 0x03, 0x04, 0xdb, 0x1e, 0x00, 0x00, 0x43, 0x03, 0x00, 0x00, 
0x35, 0x00, 0x00, 0x00, 0x43, 0x03, 0x00, 0x00, 0x11, 0x02, 0x00, 0x00, 0x50, 0x51, 0x99, 0x02, 0x9a, 0x9b, 0x9c, 0x9d, 
0x0b, 0x18, 0x02, 0x48, 0x49, 0x4a, 0x4b, 0x4c, 0x4d, 0x4e, 0x0b, 0x19, 0x1a, 0x0d, 0x1b, 0xf0, 0x02, 0xf0, 0xf0, 0xf0, 
0x0b, 0xf0, 0x02, 0xf0, 0x0b, 0x9e, 0x9f, 0x0d, 0xa0, 0x04, 0xfe, 0x00, 0x1c, 0x02, 0x1d, 0x1e, 0x16, 0x02, 0x1f, 0x20, 
0x21, 0x22, 0x23, 0x24, 0x25, 0x26, 0x27, 0x28, 0x29, 0x2a, 0x2b, 0x2c, 0x2d, 0x2e, 0x52, 0x53, 0x54, 0x2f, 0x30, 0x31, 
0x32, 0x55, 0x56, 0x57, 0x58, 0x59, 0x5a, 0x5b, 0x5c, 0x5d, 0x5e, 0x5f, 0x60, 0x61, 0x62, 0x63, 0x33, 0x64, 0x65, 0x66, 
0x34, 0x67, 0x68, 0x35, 0x69, 0x6a, 0x36, 0x6b, 0x6c, 0x37, 0x6d, 0x38, 0x6e, 0x6f, 0x39, 0x3a, 0x70, 0x3b, 0x3c, 0x3d, 
0x71, 0x72, 0x3e, 0x73, 0x3f, 0x40, 0x41, 0x42, 0x43, 0x44, 0x45, 0x74, 0x75, 0x76, 0x77, 0x46, 0x78, 0x79, 0x7a, 0x7b, 
0x7c, 0x17, 0xf0, 0x02, 0xf0, 0xf0, 0xf0, 0x02, 0xf0, 0xf0, 0xf0, 0xf0, 0xf0, 0xa1, 0xf0, 0xf0, 0xa2, 0xf0, 0xf0, 0xf0, 
0xf0, 0xf0, 0xf0, 0x02, 0xf0, 0x02, 0x7f, 0xfe, 0xbc, 0x7f, 0xfe, 0xbd, 0x7f, 0xfe, 0xbe, 0x7f, 0xfe, 0xf0, 0xf0, 0xfe, 
0x80, 0xfe, 0x81, 0xfe, 0x82, 0xfe, 0xbf, 0xfe, 0x80, 0xfe, 0x81, 0xfe, 0x82, 0xfe, 0xc0, 0xfe, 0x80, 0xfe, 0x81, 0xfe, 
0x82, 0xfe, 0xf0, 0xfe, 0x80, 0xfe, 0x81, 0xfe, 0x82, 0xfe, 0xf0, 0xf0, 0x03, 0x7f, 0xfe, 0xbc, 0x7f, 0xfe, 0xbd, 0x7f, 
0xfe, 0xbe, 0xc1, 0xfe, 0xf0, 0xc1, 0xfe, 0x01, 0xfe, 0xf0, 0x07, 0xfe, 0x00, 0xfe, 0xf0, 0xfe, 0x80, 0xfe, 0x81, 0xfe, 
0x82, 0xfe, 0xbf, 0xfe, 0x80, 0xfe, 0x81, 0xfe, 0x82, 0xfe, 0xc0, 0xfe, 0x80, 0xfe, 0x81, 0xfe, 0x82, 0xfe, 0xf0, 0xf0, 
0xfe, 0x01, 0xfe, 0xf0, 0xfe, 0xf0, 0xfe, 0xf0, 0x02, 0x11, 0xfe, 0xf0, 0xfe, 0xf0, 0xfe, 0xf0, 0x7f, 0xfe, 0xf0, 0xfe, 
0xf0, 0xfe, 0xf0, 0xfe, 0x80, 0xfe, 0x81, 0xfe, 0x82, 0xfe, 0xf0, 0xfe, 0x7d, 0xfe, 0xf0, 0xf0, 0x03, 0xf0, 0xfe, 0x00, 
0x03, 0x14, 0x02, 0xa3, 0x02, 0xa4, 0x03, 0x05, 0x02, 0xa5, 0x03, 0x12, 0xfe, 0xf0, 0x04, 0xfe, 0x00, 0x09, 0xfe, 0x08, 
0x02, 0x10, 0xfe, 0x8a, 0x7e, 0xfe, 0x00, 0x04, 0xfe, 0x00, 0xfe, 0x8b, 0xfe, 0x8c, 0xfe, 0x8d, 0xfe, 0x83, 0x7e, 0xfe, 
0x00, 0x04, 0xfe, 0x00, 0x8e, 0xfe, 0x8f, 0xfe, 0xc5, 0xfe, 0x01, 0xfe, 0x06, 0xfe, 0x01, 0xfe, 0x06, 0xfe, 0x90, 0x02, 
0x91, 0xfe, 0x92, 0x02, 0x7e, 0xfe, 0x01, 0xfe, 0x00, 0xfe, 0x85, 0xfe, 0x00, 0xfe, 0x01, 0xfe, 0x00, 0xfe, 0x01, 0xfe, 
0x93, 0xfe, 0x94, 0xfe, 0x95, 0x03, 0x05, 0x02, 0xfe, 0x01, 0xfe, 0x00, 0xfe, 0x01, 0xfe, 0x00, 0x03, 0x03, 0xfe, 0x01, 
0xfe, 0x00, 0x03, 0x05, 0x02, 0xfe, 0x83, 0x03, 0x12, 0xfe, 0xf0, 0x04, 0xfe, 0x00, 0x09, 0xfe, 0x08, 0x02, 0x07, 0xfe, 
0x01, 0xfe, 0x13, 0x96, 0xfe, 0x97, 0x04, 0xfe, 0x01, 0xfe, 0x00, 0xfe, 0x86, 0xfe, 0x0c, 0xfe, 0x98, 0xfe, 0x0e, 0xfe, 
0x85, 0xfe, 0x0f, 0xfe, 0x01, 0xfe, 0x00, 0x03, 0x05, 0x02, 0xfe, 0x01, 0xfe, 0x00, 0x03, 0x04, 0xfe, 0x01, 0xfe, 0x00, 
0xfe, 0x84, 0xfe, 0x87, 0x04, 0xfe, 0xa6, 0xfe, 0x00, 0x0a, 0xfe, 0x01, 0xfe, 0xa7, 0x04, 0xfe, 0x00, 0x47, 0xfe, 0xa8, 
0x02, 0x04, 0xfe, 0x01, 0xfe, 0x00, 0xfe, 0xa9, 0xfe, 0xaa, 0xfe, 0x01, 0xfe, 0x00, 0x03, 0x05, 0x02, 0xfe, 0x01, 0xfe, 
0x00, 0x03, 0x88, 0xfe, 0xab, 0xfe, 0xac, 0xfe, 0xad, 0x11, 0xfe, 0x01, 0xfe, 0x89, 0x04, 0xfe, 0x00, 0x09, 0xfe, 0x08, 
0x02, 0x10, 0xfe, 0x8a, 0x7e, 0xfe, 0x00, 0x04, 0xfe, 0x00, 0xfe, 0x8b, 0xfe, 0x8c, 0xfe, 0x8d, 0xfe, 0x83, 0x7e, 0xfe, 
0x00, 0x04, 0xfe, 0x00, 0x8e, 0xfe, 0x8f, 0xfe, 0xc5, 0xfe, 0x01, 0xfe, 0x06, 0xfe, 0x01, 0xfe, 0x06, 0xfe, 0x90, 0x02, 
0x91, 0xfe, 0x92, 0x02, 0x7e, 0xfe, 0x01, 0xfe, 0x00, 0xfe, 0x85, 0xfe, 0x00, 0xfe, 0x01, 0xfe, 0x00, 0xfe, 0x01, 0xfe, 
0x93, 0xfe, 0x94, 0xfe, 0x95, 0x03, 0x05, 0x02, 0xfe, 0x01, 0xfe, 0x00, 0xfe, 0x01, 0xfe, 0x00, 0x03, 0x03, 0xfe, 0x01, 
0xfe, 0x00, 0x03, 0x05, 0x02, 0xfe, 0x83, 0x03, 0x04, 0xfe, 0x00, 0x09, 0xfe, 0x08, 0x02, 0x07, 0xfe, 0x01, 0xfe, 0x13, 
0x96, 0xfe, 0x97, 0x04, 0xfe, 0x00, 0xfe, 0x86, 0xfe, 0x0c, 0xfe, 0x98, 0xfe, 0x0e, 0xfe, 0x85, 0xfe, 0x0f, 0xfe, 0x01, 
0xfe, 0x00, 0x03, 0x05, 0x02, 0xfe, 0x01, 0xfe, 0x00, 0x03, 0x88, 0xfe, 0xae, 0xfe, 0xf0, 0xfe, 0xf0, 0xfe, 0xf0, 0xfe, 
0xf0, 0xfe, 0xaf, 0xfe, 0xb0, 0xb1, 0xfe, 0x89, 0xb2, 0xfe, 0xb3, 0x07, 0xfe, 0x01, 0xfe, 0xc8, 0xb4, 0xfe, 0x0c, 0xb5, 
0xfe, 0x0e, 0xb6, 0xfe, 0x0f, 0x04, 0xfe, 0x00, 0x09, 0xfe, 0x08, 0x02, 0x10, 0xfe, 0x8a, 0x7e, 0xfe, 0x00, 0x04, 0xfe, 
0x00, 0xfe, 0x8b, 0xfe, 0x8c, 0xfe, 0x8d, 0xfe, 0x83, 0x7e, 0xfe, 0x00, 0x04, 0xfe, 0x00, 0x8e, 0xfe, 0x8f, 0xfe, 0xc5, 
0xfe, 0x01, 0xfe, 0x06, 0xfe, 0x01, 0xfe, 0x06, 0xfe, 0x90, 0x02, 0x91, 0xfe, 0x92, 0x02, 0x7e, 0xfe, 0x01, 0xfe, 0x00, 
0xfe, 0x85, 0xfe, 0x00, 0xfe, 0x01, 0xfe, 0x00, 0xfe, 0x01, 0xfe, 0x93, 0xfe, 0x94, 0xfe, 0x95, 0x03, 0x05, 0x02, 0xfe, 
0x01, 0xfe, 0x00, 0xfe, 0x01, 0xfe, 0x00, 0x03, 0x03, 0xfe, 0x01, 0xfe, 0x00, 0x03, 0x05, 0x02, 0xfe, 0x83, 0x03, 0x04, 
0xfe, 0x00, 0x09, 0xfe, 0x08, 0x02, 0x07, 0xfe, 0x01, 0xfe, 0x13, 0x96, 0xfe, 0x97, 0x04, 0xfe, 0x01, 0xfe, 0x00, 0xfe, 
0x86, 0xfe, 0x0c, 0xfe, 0x98, 0xfe, 0x0e, 0xfe, 0x85, 0xfe, 0x0f, 0xfe, 0x01, 0xfe, 0x00, 0x03, 0x05, 0x02, 0xfe, 0x01, 
0xfe, 0x00, 0x03, 0x04, 0xfe, 0x01, 0xfe, 0xb7, 0xfe, 0x00, 0xfe, 0x84, 0xfe, 0x87, 0xb8, 0xfe, 0x00, 0xfe, 0x84, 0xfe, 
0xb9, 0xfe, 0xba, 0xbb, 0xfe, 0x00, 0x03, 0x0c, 0x0d, 0x0e, 0x0f, 0x10, 0x11, 0x12, 0x13, 0x14, 0x15, 0x5c, 0x16, 0x5d, 
0x17, 0x5e, 0x18, 0x19, 0x4d, 0x4e, 0x4f, 0x53, 0x50, 0x1a, 0x1b, 0x1c, 0x1d, 0x1e, 0x1f, 0x20, 0x21, 0x22, 0x23, 0x24, 
0x25, 0x26, 0x27, 0x28, 0x29, 0x2a, 0x2b, 0x2c, 0x2d, 0x2e, 0x2f, 0x30, 0x31, 0x32, 0x57, 0x58, 0x08, 0x09, 0x0a, 0x0b, 
0x02, 0xa5, 0x57, 0xa6, 0x57, 0xaa, 0x57, 0xab, 0x57, 0xa5, 0x57, 0xa5, 0x57, 0xa5, 0x57, 0xa5, 0x57, 0xa6, 0x57, 0xa6, 
0x57, 0xa6, 0x57, 0xa6, 0x57, 0xaa, 0x57, 0xaa, 0x57, 0xaa, 0x57, 0xaa, 0x57, 0xab, 0x57, 0xab, 0x57, 0xab, 0x57, 0xab, 
0x57, 0xac, 0x57, 0xad, 0x57, 0xae, 0x57, 0xf5, 0xab, 0xbe, 0x33, 0xf5, 0xab, 0xe2, 0x37, 0xe2, 0x37, 0xac, 0x57, 0xac, 
0x57, 0xac, 0x57, 0xac, 0x57, 0xad, 0x57, 0xad, 0x57, 0xad, 0x57, 0xad, 0x57, 0xae, 0x57, 0xae, 0x57, 0xae, 0x57, 0xae, 
0x57, 0xd0, 0x55, 0xf5, 0xab, 0xd0, 0x55, 0xbe, 0x33, 0xdf, 0x86, 0xd0, 0x55, 0xd0, 0x55, 0xaf, 0x57, 0xdf, 0x86, 0xe2, 
0x37, 0xaf, 0x57, 0xaf, 0x57, 0xaf, 0x57, 0xaf, 0x57, 0xdf, 0x86, 0xd0, 0x55, 0xe2, 0x37, 0xe3, 0x51, 0xbf, 0x8a, 0xe3, 
0x51, 0xa2, 0x97, 0xa7, 0x57, 0xfc, 0x65, 0xa7, 0x57, 0xa2, 0x97, 0xa2, 0x97, 0xfc, 0x65, 0xf3, 0x57, 0x8d, 0x6b, 0xb9, 
0x3d, 0xb9, 0x3d, 0xa7, 0x57, 0xf3, 0x57, 0xfc, 0x65, 0x8d, 0x6b, 0xb9, 0x3d, 0xb9, 0x3d, 0xa3, 0x66, 0xa7, 0x57, 0xa3, 
0x66, 0xb9, 0x3d, 0xf3, 0x57, 0xa3, 0x66, 0x8d, 0x6b, 0xfc, 0x65, 0xa3, 0x66, 0xb9, 0x3d, 0xf3, 0x57, 0xa7, 0x57, 0x8d, 
0x6b, 0xfc, 0x65, 0xbf, 0x8a, 0xfc, 0x65, 0xbf, 0x8a, 0xd5, 0x85, 0xac, 0x8f, 0xd5, 0x85, 0x8e, 0xb9, 0xbf, 0x8a, 0x8e, 
0xb9, 0xed, 0x77, 0xbf, 0x8a, 0xed, 0x77, 0x8e, 0xb9, 0xed, 0x77, 0x8e, 0xb9, 0xed, 0x77, 0x8e, 0xb9, 0xac, 0x8f, 0xed, 
0x77, 0xac, 0x8f, 0xbf, 0x8a, 0xb8, 0x51, 0xac, 0x8f, 0xb8, 0x51, 0xac, 0x8f, 0xde, 0x7a, 0xb8, 0x51, 0xbb, 0x6e, 0xde, 
0x7a, 0xe5, 0x8f, 0xbb, 0x6e, 0xda, 0x49, 0xde, 0x7a, 0xda, 0x49, 0xbb, 0x6e, 0xe5, 0x8f, 0xda, 0x49, 0xe5, 0x8f, 0xde, 
0x7a, 0x81, 0x71, 0xe5, 0x8f, 0xe5, 0x8f, 0xf1, 0x8e, 0x81, 0x71, 0xac, 0x55, 0xe3, 0x51, 0xa3, 0x97, 0xa8, 0x57, 0xfd, 
0x65, 0xa8, 0x57, 0xa3, 0x97, 0xa3, 0x97, 0xfd, 0x65, 0xf4, 0x57, 0x8e, 0x6b, 0xba, 0x3d, 0xba, 0x3d, 0xa8, 0x57, 0xf4, 
0x57, 0xfd, 0x65, 0x8e, 0x6b, 0xba, 0x3d, 0xba, 0x3d, 0xa4, 0x66, 0xa8, 0x57, 0xa4, 0x66, 0xba, 0x3d, 0xf4, 0x57, 0xa4, 
0x66, 0x8e, 0x6b, 0xfd, 0x65, 0xa4, 0x66, 0xba, 0x3d, 0xf4, 0x57, 0xa8, 0x57, 0x8e, 0x6b, 0xfd, 0x65, 0xac, 0x55, 0xfd, 
0x65, 0xac, 0x55, 0xaa, 0x8a, 0xd5, 0x85, 0xfa, 0x31, 0xac, 0x55, 0xfa, 0x31, 0xee, 0x77, 0xee, 0x77, 0xfa, 0x31, 0xee, 
0x77, 0xfa, 0x31, 0xee, 0x77, 0xfa, 0x31, 0xaa, 0x8a, 0xee, 0x77, 0xaa, 0x8a, 0xac, 0x55, 0xdc, 0x90, 0xf1, 0x8e, 0xaa, 
0x8a, 0xaa, 0x8a, 0xaa, 0x8a, 0x81, 0x71, 0xf1, 0x8e, 0xdc, 0x90, 0xdc, 0x90, 0x99, 0x6a, 0xdc, 0x90, 0x99, 0x6a, 0x99, 
0x6a, 0x99, 0x6a, 0xad, 0x55, 0xe3, 0x51, 0xa4, 0x97, 0xa9, 0x57, 0xfe, 0x65, 0xa9, 0x57, 0xa4, 0x97, 0xa4, 0x97, 0xfe, 
0x65, 0xf5, 0x57, 0x8f, 0x6b, 0xbb, 0x3d, 0xbb, 0x3d, 0xa9, 0x57, 0xf5, 0x57, 0xfe, 0x65, 0x8f, 0x6b, 0xbb, 0x3d, 0xbb, 
0x3d, 0xa5, 0x66, 0xa9, 0x57, 0xa5, 0x66, 0xbb, 0x3d, 0xf5, 0x57, 0xa5, 0x66, 0x8f, 0x6b, 0xfe, 0x65, 0xa5, 0x66, 0xbb, 
0x3d, 0xf5, 0x57, 0xa9, 0x57, 0x8f, 0x6b, 0xfe, 0x65, 0xad, 0x55, 0xfe, 0x65, 0xad, 0x55, 0x90, 0x31, 0xd5, 0x85, 0xc9, 
0x8f, 0xad, 0x55, 0xc9, 0x8f, 0xef, 0x77, 0xad, 0x55, 0xef, 0x77, 0xc9, 0x8f, 0xef, 0x77, 0xc9, 0x8f, 0xef, 0x77, 0xc9, 
0x8f, 0x90, 0x31, 0xef, 0x77, 0x90, 0x31, 0xad, 0x55, 0xd6, 0x3f, 0xdc, 0x90, 0x90, 0x31, 0xd6, 0x3f, 0xd6, 0x3f, 0xd6, 
0x3f, 0xd6, 0x3f, 0xd6, 0x3f, 0xd6, 0x3f, 0xd6, 0x3f, 0x52, 0x00, 0x00, 0x00, 0x05, 0x00, 0x00, 0x00, 0x00, 0x00, 0x00, 
0x00, 0x05, 0x00, 0x00, 0x00, 0x00, 0x00, 0x00, 0x00, 0x50, 0x51, 0x14, 0x02, 0x03, 0x82, 0x0d, 0x00, 0x00, 0x62, 0x01, 
0x00, 0x00, 0x0a, 0x00, 0x00, 0x00, 0x62, 0x01, 0x00, 0x00, 0x99, 0x00, 0x00, 0x00, 0x50, 0x51, 0x84, 0x02, 0x85, 0x86, 
0x87, 0x88, 0x89, 0x8a, 0x0b, 0x04, 0xfe, 0x00, 0x0a, 0xfe, 0x00, 0x07, 0xfe, 0x00, 0x16, 0x02, 0x1f, 0x20, 0x21, 0x22, 
0x23, 0x24, 0x25, 0x26, 0x27, 0x28, 0x29, 0x2a, 0x2b, 0x2c, 0x2d, 0x2e, 0x52, 0x53, 0x54, 0x2f, 0x30, 0x31, 0x32, 0x55, 
0x56, 0x57, 0x58, 0x59, 0x5a, 0x5b, 0x5c, 0x5d, 0x5e, 0x5f, 0x60, 0x61, 0x62, 0x63, 0x33, 0x64, 0x65, 0x66, 0x34, 0x67, 
0x68, 0x35, 0x69, 0x6a, 0x36, 0x6b, 0x6c, 0x37, 0x6d, 0x38, 0x6e, 0x6f, 0x39, 0x3a, 0x70, 0x3b, 0x3c, 0x3d, 0x71, 0x72, 
0x3e, 0x73, 0x3f, 0x40, 0x41, 0x42, 0x43, 0x44, 0x45, 0x74, 0x75, 0x76, 0x77, 0x46, 0x78, 0x79, 0x7a, 0x7b, 0x7c, 0x17, 
0x8b, 0x02, 0xaa, 0xab, 0xac, 0x8c, 0xad, 0xae, 0xf0, 0xf0, 0xaf, 0x81, 0xf0, 0x02, 0x0a, 0xfe, 0xd8, 0x09, 0xfe, 0xd9, 
0x02, 0x9d, 0x03, 0x09, 0xfe, 0xda, 0x02, 0x9d, 0x03, 0x0a, 0xfe, 0xdb, 0x0a, 0xfe, 0x00, 0x47, 0xfe, 0xdc, 0x02, 0xfe, 
0xdd, 0xfe, 0xde, 0xfe, 0x00, 0x03, 0x05, 0x02, 0xfe, 0xdf, 0x03, 0x0a, 0xfe, 0xf0, 0xfe, 0x9e, 0xfe, 0xf0, 0x07, 0xfe, 
0x00, 0xe1, 0x02, 0x11, 0xfe, 0xe2, 0xfe, 0xe3, 0xfe, 0xa0, 0xfe, 0xf0, 0xfe, 0xf0, 0x03, 0x05, 0x02, 0xfe, 0xe4, 0x03, 
0x07, 0xfe, 0x01, 0xfe, 0xe5, 0xfe, 0x15, 0x07, 0xfe, 0x00, 0xe6, 0x02, 0xfe, 0x01, 0xfe, 0xf0, 0xfe, 0x9e, 0xfe, 0xf0, 
0x03, 0x05, 0x02, 0xfe, 0x01, 0xfe, 0x00, 0x03, 0xe7, 0xfe, 0x06, 0xfe, 0x15, 0x03, 0x14, 0x02, 0x07, 0xfe, 0x8d, 0x11, 
0xfe, 0x8e, 0xfe, 0x8f, 0x04, 0xfe, 0x90, 0xfe, 0x7f, 0x12, 0xfe, 0x91, 0x12, 0xfe, 0x00, 0x09, 0xfe, 0x08, 0x02, 0x0a, 
0xfe, 0x01, 0xfe, 0x0c, 0x12, 0xfe, 0x01, 0xfe, 0x92, 0x12, 0xfe, 0x00, 0x93, 0xfe, 0x08, 0x02, 0xfe, 0x94, 0xfe, 0x95, 
0xfe, 0x96, 0x03, 0x05, 0x02, 0xfe, 0x01, 0xfe, 0x00, 0x03, 0xfe, 0x01, 0xfe, 0x00, 0x03, 0x05, 0x02, 0xfe, 0x01, 0xfe, 
0x00, 0x03, 0x04, 0xfe, 0x00, 0x09, 0xfe, 0x08, 0x02, 0xfe, 0x97, 0x03, 0x05, 0x02, 0xfe, 0x98, 0xfe, 0x7f, 0x03, 0x99, 
0xfe, 0x06, 0xfe, 0x06, 0xfe, 0x06, 0xfe, 0x06, 0xfe, 0x06, 0xfe, 0x9a, 0xfe, 0x06, 0xfe, 0x06, 0xfe, 0x06, 0xfe, 0x06, 
0xfe, 0x9b, 0xf0, 0x04, 0xfe, 0xe8, 0x04, 0xfe, 0xe9, 0x07, 0xfe, 0xa9, 0xfe, 0xea, 0xfe, 0xeb, 0xfe, 0x13, 0xec, 0xfe, 
0x0c, 0xed, 0xfe, 0x0e, 0xee, 0xfe, 0x0f, 0x03, 0x27, 0x28, 0x29, 0x2a, 0x2b, 0x2c, 0x2d, 0x2e, 0x2f, 0x30, 0x02, 0x03, 
0x04, 0xb5, 0x3a, 0xb5, 0x3a, 0xb5, 0x3a, 0xbd, 0x35, 0xb1, 0x36, 0xbd, 0x35, 0xb1, 0x36, 0xbd, 0x35, 0xbd, 0x35, 0xb1, 
0x36, 0xf7, 0xb5, 0xb1, 0x36, 0xb5, 0x3a, 0xc6, 0x96, 0xfb, 0x3c, 0xc6, 0x96, 0xfb, 0x3c, 0xfb, 0x3c, 0xb5, 0x3a, 0xc6, 
0x96, 0xfc, 0x9b, 0xc6, 0x96, 0xf7, 0xb5, 0xf2, 0x83, 0xf2, 0x83, 0xfc, 0x9b, 0xb1, 0x36, 0xb5, 0x3a, 0xf2, 0x83, 0xfc, 
0x9b, 0xf2, 0x83, 0xf7, 0xb5, 0xa3, 0x73, 0x93, 0x75, 0xa3, 0x73, 0xc2, 0x9c, 0x93, 0x75, 0xf1, 0x64, 0xac, 0x55, 0xf1, 
0x64, 0x90, 0x9f, 0xc2, 0x9c, 0xdf, 0x30, 0x90, 0x9f, 0xac, 0x52, 0xdf, 0x30, 0xac, 0x52, 0xa3, 0x73, 0x90, 0x9f, 0xac, 
0x52, 0xdf, 0x30, 0xac, 0x55, 0xac, 0x52, 0xac, 0x55, 0xf1, 0x64, 0xfd, 0x88, 0xac, 0x55, 0xfd, 0x88, 0xfd, 0x88, 0x93, 
0x75, 0xfd, 0x88, 0x02, 0x03, 0x03, 0x03, 0x04, 0x02, 0x03, 0x03, 0x03, 0x04, 0x97, 0xae, 0x8c, 0x9e, 0xa4, 0x31, 0x8c, 
0x9e, 0x97, 0xae, 0x97, 0xae, 0xa4, 0x31, 0xa4, 0x31, 0xa4, 0x31, 0xc4, 0x02, 0x00, 0x00, 0x20, 0x00, 0x00, 0x00, 0x04, 
0x00, 0x00, 0x00, 0x20, 0x00, 0x00, 0x00, 0x02, 0x00, 0x00, 0x00, 0x50, 0x51, 0x18, 0x02, 0x48, 0x49, 0x4a, 0x4b, 0x4c, 
0x4d, 0x4e, 0x0b, 0x19, 0x1a, 0x0d, 0x1b, 0x10, 0xfe, 0x00, 0x1c, 0x02, 0x1d, 0x1e, 0xf0, 0xf0, 0x14, 0x02, 0xef, 0xfe, 
0xf0, 0xf0, 0x03, 0x31, 0x32, 0x00, 0x01, 0x02, 0x02, 0xe1, 0x0d, 0x00, 0x00, 0x07, 0x01, 0x00, 0x00, 0x0c, 0x00, 0x00, 
0x00, 0x07, 0x01, 0x00, 0x00, 0x66, 0x00, 0x00, 0x00, 0x50, 0x51, 0x99, 0x02, 0x9a, 0x9b, 0x9c, 0x9d, 0x0b, 0x18, 0x02, 
0x48, 0x49, 0x4a, 0x4b, 0x4c, 0x4d, 0x4e, 0x0b, 0x19, 0x1a, 0x0d, 0x1b, 0x9e, 0x9f, 0x0d, 0xa0, 0x1c, 0x02, 0x1d, 0x1e, 
0x16, 0x02, 0x1f, 0x20, 0x21, 0x22, 0x23, 0x24, 0x25, 0x26, 0x27, 0x28, 0x29, 0x2a, 0x2b, 0x2c, 0x2d, 0x2e, 0x52, 0x53, 
0x54, 0x2f, 0x30, 0x31, 0x32, 0x55, 0x56, 0x57, 0x58, 0x59, 0x5a, 0x5b, 0x5c, 0x5d, 0x5e, 0x5f, 0x60, 0x61, 0x62, 0x63, 
0x33, 0x64, 0x65, 0x66, 0x34, 0x67, 0x68, 0x35, 0x69, 0x6a, 0x36, 0x6b, 0x6c, 0x37, 0x6d, 0x38, 0x6e, 0x6f, 0x39, 0x3a, 
0x70, 0x3b, 0x3c, 0x3d, 0x71, 0x72, 0x3e, 0x73, 0x3f, 0x40, 0x41, 0x42, 0x43, 0x44, 0x45, 0x74, 0x75, 0x76, 0x77, 0x46, 
0x78, 0x79, 0x7a, 0x7b, 0x7c, 0x17, 0xa1, 0xa2, 0xf0, 0xf0, 0xf0, 0xf0, 0xf0, 0x14, 0x02, 0xa3, 0x02, 0xa4, 0x03, 0x05, 
0x02, 0xa5, 0x03, 0x04, 0xfe, 0x83, 0x04, 0xfe, 0x01, 0xfe, 0x00, 0xfe, 0x84, 0xfe, 0x87, 0x04, 0xfe, 0xa6, 0xfe, 0x00, 
0x0a, 0xfe, 0x01, 0xfe, 0xa7, 0x04, 0xfe, 0x00, 0x47, 0xfe, 0xa8, 0x02, 0x04, 0xfe, 0x01, 0xfe, 0x00, 0xfe, 0xa9, 0xfe, 
0xaa, 0xfe, 0x01, 0xfe, 0x00, 0x03, 0x05, 0x02, 0xfe, 0x01, 0xfe, 0x00, 0x03, 0x88, 0xfe, 0xab, 0xfe, 0xac, 0xfe, 0xad, 
0x11, 0xfe, 0x01, 0xfe, 0x89, 0x88, 0xfe, 0xae, 0xfe, 0xf0, 0xfe, 0xf0, 0xfe, 0xf0, 0xfe, 0xf0, 0xfe, 0xaf, 0xfe, 0xb0, 
0x04, 0xfe, 0x01, 0xfe, 0xf0, 0xb1, 0xfe, 0x89, 0xb2, 0xfe, 0xb3, 0x07, 0xfe, 0x01, 0xfe, 0x13, 0xb4, 0xfe, 0x0c, 0xb5, 
0xfe, 0x0e, 0xb6, 0xfe, 0x0f, 0x04, 0xfe, 0x01, 0xfe, 0xb7, 0xfe, 0x00, 0xfe, 0x84, 0xfe, 0x87, 0xf0, 0xfe, 0xf0, 0xb8, 
0xfe, 0x00, 0xfe, 0x84, 0xfe, 0xb9, 0xfe, 0xba, 0xbb, 0xfe, 0x00, 0x03, 0x4d, 0x4e, 0x4f, 0x65, 0x50, 0x08, 0x09, 0x0a, 
0x0b, 0x52, 0x60, 0x61, 0xc8, 0x62, 0xb8, 0x51, 0xc8, 0x62, 0xb8, 0x51, 0xc8, 0x62, 0xde, 0x7a, 0xb8, 0x51, 0xbb, 0x6e, 
0xde, 0x7a, 0xe5, 0x8f, 0xbb, 0x6e, 0xda, 0x49, 0xde, 0x7a, 0xda, 0x49, 0xbb, 0x6e, 0xe5, 0x8f, 0xda, 0x49, 0xe5, 0x8f, 
0xde, 0x7a, 0x81, 0x71, 0xe5, 0x8f, 0xe5, 0x8f, 0xf9, 0x75, 0x81, 0x71, 0xdc, 0x90, 0xf9, 0x75, 0xc8, 0x62, 0xc8, 0x62, 
0xc8, 0x62, 0x81, 0x71, 0xf9, 0x75, 0xda, 0x52, 0xdc, 0x90, 0xdc, 0x90, 0xdc, 0x90, 0x99, 0x6a, 0xda, 0x52, 0x99, 0x6a, 
0x99, 0x6a, 0x99, 0x6a, 0xe6, 0x62, 0xdc, 0x90, 0xc8, 0x62, 0xe6, 0x62, 0xe6, 0x62, 0xda, 0x52, 0xe6, 0x62, 0xe6, 0x62, 
0xe6, 0x62, 0xe6, 0x62, 0xe6, 0x62, 0x9c, 0x05, 0x00, 0x00, 0x8c, 0x00, 0x00, 0x00, 0x0c, 0x00, 0x00, 0x00, 0x8c, 0x00, 
0x00, 0x00, 0x28, 0x00, 0x00, 0x00, 0x50, 0x51, 0x16, 0x02, 0x1f, 0x20, 0x21, 0x22, 0x23, 0x24, 0x25, 0x26, 0x27, 0x28, 
0x29, 0x2a, 0x2b, 0x2c, 0x2d, 0x2e, 0x52, 0x53, 0x54, 0x2f, 0x30, 0x31, 0x32, 0x55, 0x56, 0x57, 0x58, 0x59, 0x5a, 0x5b, 
0x5c, 0x5d, 0x5e, 0x5f, 0x60, 0x61, 0x62, 0x63, 0x33, 0x64, 0x65, 0x66, 0x34, 0x67, 0x68, 0x35, 0x69, 0x6a, 0x36, 0x6b, 
0x6c, 0x37, 0x6d, 0x38, 0x6e, 0x6f, 0x39, 0x3a, 0x70, 0x3b, 0x3c, 0x3d, 0x71, 0x72, 0x3e, 0x73, 0x3f, 0x40, 0x41, 0x42, 
0x43, 0x44, 0x45, 0x74, 0x75, 0x76, 0x77, 0x46, 0x78, 0x79, 0x7a, 0x7b, 0x7c, 0x17, 0xf0, 0x81, 0x14, 0x02, 0x0a, 0xfe, 
0xf0, 0x11, 0xfe, 0xf0, 0xfe, 0xf0, 0xfe, 0x15, 0x11, 0xfe, 0x01, 0xfe, 0x9c, 0xfe, 0x00, 0x0a, 0xfe, 0xf0, 0x0a, 0xfe, 
0xf0, 0x11, 0xfe, 0xf0, 0xfe, 0xf0, 0xfe, 0xf0, 0xfe, 0x9c, 0xfe, 0xf0, 0xfe, 0x9c, 0xfe, 0xf0, 0xf0, 0xfe, 0xa1, 0xfe, 
0xa1, 0xfe, 0xa0, 0xfe, 0x7d, 0x03, 0x33, 0x02, 0x03, 0x04, 0x05, 0x06, 0x07, 0x08, 0x09, 0x0a, 0x0b, 0x0c, 0xed, 0xc2, 
0xbc, 0x34, 0xed, 0xc2, 0xed, 0xc2, 0xb3, 0xb0, 0xbc, 0x34, 0xbc, 0x34, 0xb7, 0xb5, 0x95, 0x45, 0xeb, 0xb1, 0xb3, 0xb0, 
0xb3, 0xb0, 0xb7, 0xb5, 0xb7, 0xb5, 0x95, 0x45, 0x95, 0x45, 0xbc, 0x34, 0xeb, 0xb1, 0xbc, 0x34, 0xeb, 0xb1, 0x9b, 0x1f, 
0x00, 0x00, 0x5e, 0x03, 0x00, 0x00, 0x39, 0x00, 0x00, 0x00, 0x5e, 0x03, 0x00, 0x00, 0x25, 0x02, 0x00, 0x00, 0x50, 0x51, 
0x99, 0x02, 0x9a, 0x9b, 0x9c, 0x9d, 0x0b, 0x18, 0x02, 0x48, 0x49, 0x4a, 0x4b, 0x4c, 0x4d, 0x4e, 0x0b, 0x19, 0x1a, 0x0d, 
0x1b, 0xf0, 0x02, 0xf0, 0xf0, 0xf0, 0x0b, 0xf0, 0x02, 0xf0, 0x0b, 0x9e, 0x9f, 0x0d, 0xa0, 0xf0, 0xfe, 0x00, 0x04, 0xfe, 
0x00, 0x1c, 0x02, 0x1d, 0x1e, 0x16, 0x02, 0x1f, 0x20, 0x21, 0x22, 0x23, 0x24, 0x25, 0x26, 0x27, 0x28, 0x29, 0x2a, 0x2b, 
0x2c, 0x2d, 0x2e, 0x52, 0x53, 0x54, 0x2f, 0x30, 0x31, 0x32, 0x55, 0x56, 0x57, 0x58, 0x59, 0x5a, 0x5b, 0x5c, 0x5d, 0x5e, 
0x5f, 0x60, 0x61, 0x62, 0x63, 0x33, 0x64, 0x65, 0x66, 0x34, 0x67, 0x68, 0x35, 0x69, 0x6a, 0x36, 0x6b, 0x6c, 0x37, 0x6d, 
0x38, 0x6e, 0x6f, 0x39, 0x3a, 0x70, 0x3b, 0x3c, 0x3d, 0x71, 0x72, 0x3e, 0x73, 0x3f, 0x40, 0x41, 0x42, 0x43, 0x44, 0x45, 
0x74, 0x75, 0x76, 0x77, 0x46, 0x78, 0x79, 0x7a, 0x7b, 0x7c, 0x17, 0xf0, 0x02, 0xf0, 0xf0, 0xf0, 0x02, 0xf0, 0xf0, 0xf0, 
0xf0, 0xf0, 0xa1, 0xf0, 0xf0, 0xa2, 0xf0, 0xf0, 0xf0, 0xf0, 0xf0, 0xf0, 0x02, 0xf0, 0x02, 0x7f, 0xfe, 0xbc, 0x7f, 0xfe, 
0xbd, 0x7f, 0xfe, 0xbe, 0x7f, 0xfe, 0xf0, 0xf0, 0xfe, 0x80, 0xfe, 0x81, 0xfe, 0x82, 0xfe, 0xbf, 0xfe, 0x80, 0xfe, 0x81, 
0xfe, 0x82, 0xfe, 0xc0, 0xfe, 0x80, 0xfe, 0x81, 0xfe, 0x82, 0xfe, 0xf0, 0xfe, 0x80, 0xfe, 0x81, 0xfe, 0x82, 0xfe, 0xf0, 
0xf0, 0x03, 0x7f, 0xfe, 0xbc, 0x7f, 0xfe, 0xbd, 0x7f, 0xfe, 0xbe, 0xc1, 0xfe, 0xf0, 0xc1, 0xfe, 0x01, 0xfe, 0xf0, 0x07, 
0xfe, 0x00, 0xfe, 0xf0, 0xfe, 0x80, 0xfe, 0x81, 0xfe, 0x82, 0xfe, 0xbf, 0xfe, 0x80, 0xfe, 0x81, 0xfe, 0x82, 0xfe, 0xc0, 
0xfe, 0x80, 0xfe, 0x81, 0xfe, 0x82, 0xfe, 0xf0, 0xf0, 0xfe, 0x01, 0xfe, 0xf0, 0xfe, 0xf0, 0xfe, 0xf0, 0x02, 0x11, 0xfe, 
0xf0, 0xfe, 0xf0, 0xfe, 0xf0, 0x7f, 0xfe, 0xf0, 0xfe, 0xf0, 0xfe, 0xf0, 0xfe, 0x80, 0xfe, 0x81, 0xfe, 0x82, 0xfe, 0xf0, 
0xfe, 0x7d, 0xfe, 0xf0, 0xf0, 0x03, 0xf0, 0xfe, 0x00, 0x03, 0x14, 0x02, 0xa3, 0x02, 0xa4, 0x03, 0x05, 0x02, 0xa5, 0x03, 
0x12, 0xfe, 0xf0, 0x04, 0xfe, 0x00, 0x09, 0xfe, 0x08, 0x02, 0x10, 0xfe, 0x8a, 0x7e, 0xfe, 0x00, 0x04, 0xfe, 0x00, 0xfe, 
0x8b, 0xfe, 0x8c, 0xfe, 0x8d, 0xfe, 0x83, 0x7e, 0xfe, 0x00, 0x04, 0xfe, 0x00, 0x8e, 0xfe, 0x8f, 0xfe, 0xc5, 0xfe, 0x01, 
0xfe, 0x06, 0xfe, 0x01, 0xfe, 0x06, 0xfe, 0x90, 0x02, 0x91, 0xfe, 0x92, 0x02, 0x7e, 0xfe, 0x01, 0xfe, 0x00, 0xfe, 0x85, 
0xfe, 0x00, 0xfe, 0x01, 0xfe, 0x00, 0xfe, 0x01, 0xfe, 0x93, 0xfe, 0x94, 0xfe, 0x95, 0x03, 0x05, 0x02, 0xfe, 0x01, 0xfe, 
0x00, 0xfe, 0x01, 0xfe, 0x00, 0x03, 0x03, 0xfe, 0x01, 0xfe, 0x00, 0x03, 0x05, 0x02, 0xfe, 0x83, 0x03, 0x12, 0xfe, 0xf0, 
0x04, 0xfe, 0x00, 0x09, 0xfe, 0x08, 0x02, 0x07, 0xfe, 0x01, 0xfe, 0x13, 0x96, 0xfe, 0x97, 0x04, 0xfe, 0x01, 0xfe, 0x00, 
0xfe, 0x86, 0xfe, 0x0c, 0xfe, 0x98, 0xfe, 0x0e, 0xfe, 0x85, 0xfe, 0x0f, 0xfe, 0x01, 0xfe, 0x00, 0x03, 0x05, 0x02, 0xfe, 
0x01, 0xfe, 0x00, 0x03, 0x04, 0xfe, 0x01, 0xfe, 0x00, 0xfe, 0x84, 0xfe, 0x87, 0x04, 0xfe, 0xa6, 0xfe, 0x00, 0x0a, 0xfe, 
0x01, 0xfe, 0xa7, 0x04, 0xfe, 0x00, 0x47, 0xfe, 0xa8, 0x02, 0x04, 0xfe, 0x01, 0xfe, 0x00, 0xfe, 0xa9, 0xfe, 0xaa, 0xfe, 
0x01, 0xfe, 0x00, 0x03, 0x05, 0x02, 0xfe, 0x01, 0xfe, 0x00, 0x03, 0x88, 0xfe, 0xab, 0xfe, 0xac, 0xfe, 0xad, 0x11, 0xfe, 
0x01, 0xfe, 0x89, 0x04, 0xfe, 0x00, 0x09, 0xfe, 0x08, 0x02, 0x10, 0xfe, 0x8a, 0x7e, 0xfe, 0x00, 0x04, 0xfe, 0x00, 0xfe, 
0x8b, 0xfe, 0x8c, 0xfe, 0x8d, 0xfe, 0x83, 0x7e, 0xfe, 0x00, 0x04, 0xfe, 0x00, 0x8e, 0xfe, 0x8f, 0xfe, 0xc5, 0xfe, 0x01, 
0xfe, 0x06, 0xfe, 0x01, 0xfe, 0x06, 0xfe, 0x90, 0x02, 0x91, 0xfe, 0x92, 0x02, 0x7e, 0xfe, 0x01, 0xfe, 0x00, 0xfe, 0x85, 
0xfe, 0x00, 0xfe, 0x01, 0xfe, 0x00, 0xfe, 0x01, 0xfe, 0x93, 0xfe, 0x94, 0xfe, 0x95, 0x03, 0x05, 0x02, 0xfe, 0x01, 0xfe, 
0x00, 0xfe, 0x01, 0xfe, 0x00, 0x03, 0x03, 0xfe, 0x01, 0xfe, 0x00, 0x03, 0x05, 0x02, 0xfe, 0x83, 0x03, 0x04, 0xfe, 0x00, 
0x09, 0xfe, 0x08, 0x02, 0x07, 0xfe, 0x01, 0xfe, 0x13, 0x96, 0xfe, 0x97, 0x04, 0xfe, 0x00, 0xfe, 0x86, 0xfe, 0x0c, 0xfe, 
0x98, 0xfe, 0x0e, 0xfe, 0x85, 0xfe, 0x0f, 0xfe, 0x01, 0xfe, 0x00, 0x03, 0x05, 0x02, 0xfe, 0x01, 0xfe, 0x00, 0x03, 0x88, 
0xfe, 0xae, 0xfe, 0xf0, 0xfe, 0xf0, 0xfe, 0xf0, 0xfe, 0xf0, 0xfe, 0xaf, 0xfe, 0xb0, 0x11, 0xfe, 0x01, 0xfe, 0x89, 0x04, 
0xfe, 0x01, 0xfe, 0xb3, 0x04, 0xfe, 0x01, 0xfe, 0xf0, 0xb1, 0xfe, 0x00, 0xb2, 0xfe, 0x00, 0x07, 0xfe, 0x01, 0xfe, 0x13, 
0xb4, 0xfe, 0x0c, 0xb5, 0xfe, 0x0e, 0xb6, 0xfe, 0x0f, 0x04, 0xfe, 0x00, 0x09, 0xfe, 0x08, 0x02, 0x10, 0xfe, 0x8a, 0x7e, 
0xfe, 0x00, 0x04, 0xfe, 0x00, 0xfe, 0x8b, 0xfe, 0x8c, 0xfe, 0x8d, 0xfe, 0x83, 0x7e, 0xfe, 0x00, 0x04, 0xfe, 0x00, 0x8e, 
0xfe, 0x8f, 0xfe, 0xc5, 0xfe, 0x01, 0xfe, 0x06, 0xfe, 0x01, 0xfe, 0x06, 0xfe, 0x90, 0x02, 0x91, 0xfe, 0x92, 0x02, 0x7e, 
0xfe, 0x01, 0xfe, 0x00, 0xfe, 0x85, 0xfe, 0x00, 0xfe, 0x01, 0xfe, 0x00, 0xfe, 0x01, 0xfe, 0x93, 0xfe, 0x94, 0xfe, 0x95, 
0x03, 0x05, 0x02, 0xfe, 0x01, 0xfe, 0x00, 0xfe, 0x01, 0xfe, 0x00, 0x03, 0x03, 0xfe, 0x01, 0xfe, 0x00, 0x03, 0x05, 0x02, 
0xfe, 0x83, 0x03, 0x04, 0xfe, 0x00, 0x09, 0xfe, 0x08, 0x02, 0x07, 0xfe, 0x01, 0xfe, 0x13, 0x96, 0xfe, 0x97, 0x04, 0xfe, 
0x01, 0xfe, 0x00, 0xfe, 0x86, 0xfe, 0x0c, 0xfe, 0x98, 0xfe, 0x0e, 0xfe, 0x85, 0xfe, 0x0f, 0xfe, 0x01, 0xfe, 0x00, 0x03, 
0x05, 0x02, 0xfe, 0x01, 0xfe, 0x00, 0x03, 0x04, 0xfe, 0x01, 0xfe, 0xb7, 0xfe, 0x00, 0xfe, 0x84, 0xfe, 0x87, 0xf0, 0xfe, 
0x06, 0xfe, 0x06, 0xfe, 0x06, 0xfe, 0xf0, 0xb8, 0xfe, 0x00, 0xfe, 0x84, 0xfe, 0xb9, 0xfe, 0xba, 0xbb, 0xfe, 0x00, 0x03, 
0x0c, 0x0d, 0x0e, 0x0f, 0x10, 0x11, 0x62, 0x12, 0x13, 0x14, 0x15, 0x5c, 0x16, 0x5d, 0x17, 0x5e, 0x18, 0x19, 0x4d, 0x4e, 
0x4f, 0x65, 0x50, 0x1a, 0x1b, 0x1c, 0x1d, 0x1e, 0x1f, 0x20, 0x21, 0x22, 0x23, 0x24, 0x25, 0x26, 0x27, 0x28, 0x29, 0x2a, 
0x2b, 0x2c, 0x2d, 0x2e, 0x2f, 0x30, 0x31, 0x32, 0x57, 0x58, 0x08, 0x09, 0x0a, 0x0b, 0x52, 0x63, 0x64, 0x02, 0x03, 0xfc, 
0x47, 0xfd, 0x47, 0xfe, 0x47, 0xff, 0x47, 0xfc, 0x47, 0xfc, 0x47, 0xfc, 0x47, 0xfc, 0x47, 0xfd, 0x47, 0xfd, 0x47, 0xfd, 
0x47, 0xfd, 0x47, 0xfe, 0x47, 0xfe, 0x47, 0xfe, 0x47, 0xfe, 0x47, 0xff, 0x47, 0xff, 0x47, 0xff, 0x47, 0xff, 0x47, 0x80, 
0x48, 0x81, 0x48, 0x82, 0x48, 0xcc, 0x9c, 0x94, 0xb9, 0xcc, 0x9c, 0xf2, 0x5a, 0xf2, 0x5a, 0x80, 0x48, 0x80, 0x48, 0x80, 
0x48, 0x80, 0x48, 0x81, 0x48, 0x81, 0x48, 0x81, 0x48, 0x81, 0x48, 0x82, 0x48, 0x82, 0x48, 0x82, 0x48, 0x82, 0x48, 0xa7, 
0x46, 0xcc, 0x9c, 0xa7, 0x46, 0x94, 0xb9, 0xef, 0xa9, 0xa7, 0x46, 0xa7, 0x46, 0x83, 0x48, 0xef, 0xa9, 0xf2, 0x5a, 0x83, 
0x48, 0x83, 0x48, 0x83, 0x48, 0x83, 0x48, 0xef, 0xa9, 0xa7, 0x46, 0xf2, 0x5a, 0xe3, 0x51, 0xbf, 0x8a, 0xe3, 0x51, 0xa2, 
0x97, 0xa7, 0x57, 0xfc, 0x65, 0xa7, 0x57, 0xa2, 0x97, 0xa2, 0x97, 0xfc, 0x65, 0xf3, 0x57, 0x8d, 0x6b, 0xb9, 0x3d, 0xb9, 
0x3d, 0xa7, 0x57, 0xf3, 0x57, 0xfc, 0x65, 0x8d, 0x6b, 0xb9, 0x3d, 0xb9, 0x3d, 0xa3, 0x66, 0xa7, 0x57, 0xa3, 0x66, 0xb9, 
0x3d, 0xf3, 0x57, 0xa3, 0x66, 0x8d, 0x6b, 0xfc, 0x65, 0xa3, 0x66, 0xb9, 0x3d, 0xf3, 0x57, 0xa7, 0x57, 0x8d, 0x6b, 0xfc, 
0x65, 0xbf, 0x8a, 0xfc, 0x65, 0xbf, 0x8a, 0xd5, 0x85, 0xac, 0x8f, 0xd5, 0x85, 0x8e, 0xb9, 0xbf, 0x8a, 0x8e, 0xb9, 0xed, 
0x77, 0xbf, 0x8a, 0xed, 0x77, 0x8e, 0xb9, 0xed, 0x77, 0x8e, 0xb9, 0xed, 0x77, 0x8e, 0xb9, 0xac, 0x8f, 0xed, 0x77, 0xac, 
0x8f, 0xbf, 0x8a, 0xb8, 0x51, 0xac, 0x8f, 0xb8, 0x51, 0xac, 0x8f, 0xde, 0x7a, 0xb8, 0x51, 0xbb, 0x6e, 0xde, 0x7a, 0xe5, 
0x8f, 0xbb, 0x6e, 0xda, 0x49, 0xde, 0x7a, 0xda, 0x49, 0xbb, 0x6e, 0xe5, 0x8f, 0xda, 0x49, 0xe5, 0x8f, 0xde, 0x7a, 0x81, 
0x71, 0xe5, 0x8f, 0xe5, 0x8f, 0xf1, 0x8e, 0x81, 0x71, 0xac, 0x55, 0xe3, 0x51, 0xa3, 0x97, 0xa8, 0x57, 0xfd, 0x65, 0xa8, 
0x57, 0xa3, 0x97, 0xa3, 0x97, 0xfd, 0x65, 0xf4, 0x57, 0x8e, 0x6b, 0xba, 0x3d, 0xba, 0x3d, 0xa8, 0x57, 0xf4, 0x57, 0xfd, 
0x65, 0x8e, 0x6b, 0xba, 0x3d, 0xba, 0x3d, 0xa4, 0x66, 0xa8, 0x57, 0xa4, 0x66, 0xba, 0x3d, 0xf4, 0x57, 0xa4, 0x66, 0x8e, 
0x6b, 0xfd, 0x65, 0xa4, 0x66, 0xba, 0x3d, 0xf4, 0x57, 0xa8, 0x57, 0x8e, 0x6b, 0xfd, 0x65, 0xac, 0x55, 0xfd, 0x65, 0xac, 
0x55, 0xaa, 0x8a, 0xd5, 0x85, 0xfa, 0x31, 0xac, 0x55, 0xfa, 0x31, 0xee, 0x77, 0xee, 0x77, 0xfa, 0x31, 0xee, 0x77, 0xfa, 
0x31, 0xee, 0x77, 0xfa, 0x31, 0xaa, 0x8a, 0xee, 0x77, 0xaa, 0x8a, 0xac, 0x55, 0xdc, 0x90, 0xf1, 0x8e, 0xaa, 0x8a, 0xaa, 
0x8a, 0xaa, 0x8a, 0x81, 0x71, 0xf1, 0x8e, 0xdb, 0x50, 0xdc, 0x90, 0xbf, 0xae, 0xdc, 0x90, 0xda, 0x52, 0xdc, 0x90, 0xdb, 
0x50, 0xbf, 0xae, 0x99, 0x6a, 0xda, 0x52, 0x99, 0x6a, 0x99, 0x6a, 0x99, 0x6a, 0xad, 0x55, 0xe3, 0x51, 0xa4, 0x97, 0xa9, 
0x57, 0xfe, 0x65, 0xa9, 0x57, 0xa4, 0x97, 0xa4, 0x97, 0xfe, 0x65, 0xf5, 0x57, 0x8f, 0x6b, 0xbb, 0x3d, 0xbb, 0x3d, 0xa9, 
0x57, 0xf5, 0x57, 0xfe, 0x65, 0x8f, 0x6b, 0xbb, 0x3d, 0xbb, 0x3d, 0xa5, 0x66, 0xa9, 0x57, 0xa5, 0x66, 0xbb, 0x3d, 0xf5, 
0x57, 0xa5, 0x66, 0x8f, 0x6b, 0xfe, 0x65, 0xa5, 0x66, 0xbb, 0x3d, 0xf5, 0x57, 0xa9, 0x57, 0x8f, 0x6b, 0xfe, 0x65, 0xad, 
0x55, 0xfe, 0x65, 0xad, 0x55, 0x90, 0x31, 0xd5, 0x85, 0xc9, 0x8f, 0xad, 0x55, 0xc9, 0x8f, 0xef, 0x77, 0xad, 0x55, 0xef, 
0x77, 0xc9, 0x8f, 0xef, 0x77, 0xc9, 0x8f, 0xef, 0x77, 0xc9, 0x8f, 0x90, 0x31, 0xef, 0x77, 0x90, 0x31, 0xad, 0x55, 0xd6, 
0x3f, 0xdc, 0x90, 0x90, 0x31, 0xd6, 0x3f, 0xd6, 0x3f, 0xdb, 0x50, 0xbf, 0xae, 0xda, 0x52, 0x02, 0xd6, 0x3f, 0xd6, 0x3f, 
0xd6, 0x3f, 0xd6, 0x3f, 0xd6, 0x3f, 0xb5, 0x0f, 0x00, 0x00, 0x43, 0x01, 0x00, 0x00, 0x1e, 0x00, 0x00, 0x00, 0x43, 0x01, 
0x00, 0x00, 0x98, 0x00, 0x00, 0x00, 0x50, 0x51, 0x99, 0x02, 0x9a, 0x9b, 0x9c, 0x9d, 0x0b, 0x18, 0x02, 0x48, 0x49, 0x4a, 
0x4b, 0x4c, 0x4d, 0x4e, 0x0b, 0x19, 0x1a, 0x0d, 0x1b, 0xf0, 0xf0, 0x0d, 0xf0, 0x9e, 0x9f, 0x0d, 0xa0, 0x1c, 0x02, 0x1d, 
0x1e, 0x16, 0x02, 0x1f, 0x20, 0x21, 0x22, 0x23, 0x24, 0x25, 0x26, 0x27, 0x28, 0x29, 0x2a, 0x2b, 0x2c, 0x2d, 0x2e, 0x52, 
0x53, 0x54, 0x2f, 0x30, 0x31, 0x32, 0x55, 0x56, 0x57, 0x58, 0x59, 0x5a, 0x5b, 0x5c, 0x5d, 0x5e, 0x5f, 0x60, 0x61, 0x62, 
0x63, 0x33, 0x64, 0x65, 0x66, 0x34, 0x67, 0x68, 0x35, 0x69, 0x6a, 0x36, 0x6b, 0x6c, 0x37, 0x6d, 0x38, 0x6e, 0x6f, 0x39, 
0x3a, 0x70, 0x3b, 0x3c, 0x3d, 0x71, 0x72, 0x3e, 0x73, 0x3f, 0x40, 0x41, 0x42, 0x43, 0x44, 0x45, 0x74, 0x75, 0x76, 0x77, 
0x46, 0x78, 0x79, 0x7a, 0x7b, 0x7c, 0x17, 0xf0, 0xa1, 0xa2, 0xf0, 0xf0, 0xf0, 0xf0, 0x14, 0x02, 0xa3, 0x02, 0xa4, 0x03, 
0x05, 0x02, 0xa5, 0x03, 0x10, 0xfe, 0xf0, 0x04, 0xfe, 0x83, 0x04, 0xfe, 0x01, 0xfe, 0x00, 0xfe, 0x84, 0xfe, 0x87, 0x04, 
0xfe, 0xa6, 0xfe, 0x00, 0x0a, 0xfe, 0x01, 0xfe, 0xa7, 0x04, 0xfe, 0x00, 0x47, 0xfe, 0xa8, 0x02, 0x04, 0xfe, 0x01, 0xfe, 
0x00, 0xfe, 0xa9, 0xfe, 0xaa, 0xfe, 0x01, 0xfe, 0x00, 0x03, 0x05, 0x02, 0xfe, 0x01, 0xfe, 0x00, 0x03, 0x88, 0xfe, 0xab, 
0xfe, 0xac, 0xfe, 0xad, 0x11, 0xfe, 0x01, 0xfe, 0x89, 0x88, 0xfe, 0xae, 0xfe, 0xf0, 0xfe, 0xf0, 0xfe, 0xf0, 0xfe, 0xf0, 
0xfe, 0xf0, 0xfe, 0xf0, 0xfe, 0xf0, 0xfe, 0xf0, 0xfe, 0xaf, 0xfe, 0xb0, 0xb1, 0xfe, 0x89, 0xb2, 0xfe, 0xb3, 0x07, 0xfe, 
0x01, 0xfe, 0xc8, 0xb4, 0xfe, 0x0c, 0xb5, 0xfe, 0x0e, 0xb6, 0xfe, 0x0f, 0x04, 0xfe, 0x01, 0xfe, 0xb7, 0xfe, 0x00, 0xfe, 
0x84, 0xfe, 0x87, 0xb8, 0xfe, 0x00, 0x10, 0xfe, 0xf0, 0x0a, 0xfe, 0xf0, 0x0a, 0xfe, 0xf0, 0xfe, 0x00, 0x0a, 0xfe, 0x01, 
0xfe, 0xc2, 0xfe, 0x15, 0xfe, 0x86, 0xfe, 0xf0, 0xfe, 0x15, 0xfe, 0x86, 0xfe, 0xf0, 0xfe, 0xf0, 0xfe, 0xc3, 0xfe, 0xc4, 
0xf0, 0xfe, 0xf0, 0xfe, 0xc3, 0xfe, 0xc4, 0xf0, 0xfe, 0xf0, 0xfe, 0xc2, 0xfe, 0xf0, 0xfe, 0xf0, 0xfe, 0x84, 0xfe, 0xb9, 
0xfe, 0xba, 0xbb, 0xfe, 0x00, 0xf0, 0xfe, 0x00, 0x03, 0x33, 0x34, 0x35, 0x4d, 0x4e, 0x4f, 0x53, 0x50, 0x36, 0x37, 0x38, 
0x39, 0x3a, 0x3b, 0x3c, 0x3d, 0x3e, 0x3f, 0x40, 0x41, 0x42, 0x43, 0x44, 0x45, 0x46, 0x47, 0x48, 0x49, 0x4a, 0x4b, 0x85, 
0xa1, 0xc8, 0x62, 0xb8, 0x51, 0xc8, 0x62, 0xb8, 0x51, 0xc8, 0x62, 0xde, 0x7a, 0xb8, 0x51, 0xbb, 0x6e, 0xde, 0x7a, 0xe5, 
0x8f, 0xbb, 0x6e, 0xda, 0x49, 0xde, 0x7a, 0xda, 0x49, 0xbb, 0x6e, 0xe5, 0x8f, 0xda, 0x49, 0xe5, 0x8f, 0xde, 0x7a, 0x81, 
0x71, 0xe5, 0x8f, 0xe5, 0x8f, 0xf9, 0x75, 0x81, 0x71, 0xdc, 0x90, 0xf9, 0x75, 0x85, 0xa1, 0xc8, 0x62, 0x85, 0xa1, 0xc8, 
0x62, 0x85, 0xa1, 0xc8, 0x62, 0x85, 0xa1, 0x81, 0x71, 0xf9, 0x75, 0xdc, 0x90, 0xdc, 0x90, 0x99, 0x6a, 0xdc, 0x90, 0x99, 
0x6a, 0x99, 0x6a, 0x99, 0x6a, 0xe6, 0x62, 0xdc, 0x90, 0xc8, 0x62, 0xe6, 0x62, 0xe6, 0x62, 0xe6, 0x62, 0xbb, 0x57, 0xc6, 
0x6e, 0xa5, 0x92, 0xc6, 0x6e, 0xa1, 0xbb, 0xa5, 0x92, 0xbb, 0x57, 0xe6, 0x62, 0xe6, 0x62, 0xc6, 0x6e, 0xe6, 0x62, 0xe6, 
0x62, 0xa5, 0x92, 0xa1, 0xbb, 0xe6, 0x62, 0xe6, 0x62, 0xa1, 0xbb, 0xe6, 0x62, 0xe6, 0x62, 0xa5, 0x92, 0xbb, 0x57, 0xe6, 
0x62, 0xe6, 0x62, 0xe6, 0x62, 0xe6, 0x62, 0xe6, 0x62, 0x85, 0xa1, 0xff, 0x20, 0x00, 0x00, 0x91, 0x03, 0x00, 0x00, 0x4c, 
0x00, 0x00, 0x00, 0x91, 0x03, 0x00, 0x00, 0x53, 0x02, 0x00, 0x00, 0x50, 0x51, 0x99, 0x02, 0x9a, 0x9b, 0x9c, 0x9d, 0x0b, 
0x18, 0x02, 0x48, 0x49, 0x4a, 0x4b, 0x4c, 0x4d, 0x4e, 0x0b, 0x19, 0x1a, 0x0d, 0x1b, 0xf0, 0xf0, 0x0d, 0xf0, 0xf0, 0x02, 
0xf0, 0xf0, 0xf0, 0x0b, 0xf0, 0x02, 0xf0, 0x0b, 0x9e, 0x9f, 0x0d, 0xa0, 0x04, 0xfe, 0x00, 0x1c, 0x02, 0x1d, 0x1e, 0x16, 
0x02, 0x1f, 0x20, 0x21, 0x22, 0x23, 0x24, 0x25, 0x26, 0x27, 0x28, 0x29, 0x2a, 0x2b, 0x2c, 0x2d, 0x2e, 0x52, 0x53, 0x54, 
0x2f, 0x30, 0x31, 0x32, 0x55, 0x56, 0x57, 0x58, 0x59, 0x5a, 0x5b, 0x5c, 0x5d, 0x5e, 0x5f, 0x60, 0x61, 0x62, 0x63, 0x33, 
0x64, 0x65, 0x66, 0x34, 0x67, 0x68, 0x35, 0x69, 0x6a, 0x36, 0x6b, 0x6c, 0x37, 0x6d, 0x38, 0x6e, 0x6f, 0x39, 0x3a, 0x70, 
0x3b, 0x3c, 0x3d, 0x71, 0x72, 0x3e, 0x73, 0x3f, 0x40, 0x41, 0x42, 0x43, 0x44, 0x45, 0x74, 0x75, 0x76, 0x77, 0x46, 0x78, 
0x79, 0x7a, 0x7b, 0x7c, 0x17, 0xf0, 0x02, 0xf0, 0xf0, 0xf0, 0x02, 0xf0, 0xf0, 0xf0, 0xf0, 0xf0, 0xf0, 0xa1, 0xf0, 0xf0, 
0xa2, 0xf0, 0xf0, 0xf0, 0xf0, 0xf0, 0x02, 0xf0, 0x02, 0x7f, 0xfe, 0xbc, 0x7f, 0xfe, 0xbd, 0x7f, 0xfe, 0xbe, 0x7f, 0xfe, 
0xf0, 0xf0, 0xfe, 0x80, 0xfe, 0x81, 0xfe, 0x82, 0xfe, 0xbf, 0xfe, 0x80, 0xfe, 0x81, 0xfe, 0x82, 0xfe, 0xc0, 0xfe, 0x80, 
0xfe, 0x81, 0xfe, 0x82, 0xfe, 0xf0, 0xfe, 0x80, 0xfe, 0x81, 0xfe, 0x82, 0xfe, 0xf0, 0xf0, 0x03, 0x7f, 0xfe, 0xbc, 0x7f, 
0xfe, 0xbd, 0x7f, 0xfe, 0xbe, 0xc1, 0xfe, 0xf0, 0xc1, 0xfe, 0x01, 0xfe, 0xf0, 0x07, 0xfe, 0x00, 0xfe, 0xf0, 0xfe, 0x80, 
0xfe, 0x81, 0xfe, 0x82, 0xfe, 0xbf, 0xfe, 0x80, 0xfe, 0x81, 0xfe, 0x82, 0xfe, 0xc0, 0xfe, 0x80, 0xfe, 0x81, 0xfe, 0x82, 
0xfe, 0xf0, 0xf0, 0xfe, 0x01, 0xfe, 0xf0, 0xfe, 0xf0, 0xfe, 0xf0, 0x02, 0x11, 0xfe, 0xf0, 0xfe, 0xf0, 0xfe, 0xf0, 0x7f, 
0xfe, 0xf0, 0xfe, 0xf0, 0xfe, 0xf0, 0xfe, 0x80, 0xfe, 0x81, 0xfe, 0x82, 0xfe, 0xf0, 0xfe, 0x7d, 0xfe, 0xf0, 0xf0, 0x03, 
0xf0, 0xfe, 0x00, 0x03, 0x14, 0x02, 0xa3, 0x02, 0xa4, 0x03, 0x05, 0x02, 0xa5, 0x03, 0x10, 0xfe, 0xf0, 0x12, 0xfe, 0xf0, 
0xfe, 0xf0, 0x04, 0xfe, 0x00, 0x09, 0xfe, 0x08, 0x02, 0x10, 0xfe, 0x8a, 0x7e, 0xfe, 0x00, 0x04, 0xfe, 0x00, 0xfe, 0x8b, 
0xfe, 0x8c, 0xfe, 0x8d, 0xfe, 0x83, 0x7e, 0xfe, 0x00, 0x04, 0xfe, 0x00, 0x8e, 0xfe, 0x8f, 0xfe, 0xc6, 0xfe, 0xc7, 0xfe, 
0x01, 0xfe, 0x06, 0xfe, 0x01, 0xfe, 0x06, 0xfe, 0x90, 0x02, 0x91, 0xfe, 0x92, 0x02, 0x7e, 0xfe, 0x01, 0xfe, 0x00, 0xfe, 
0x85, 0xfe, 0x00, 0xfe, 0x01, 0xfe, 0x00, 0xfe, 0x01, 0xfe, 0x93, 0xfe, 0x94, 0xfe, 0x95, 0x03, 0x05, 0x02, 0xfe, 0x01, 
0xfe, 0x00, 0xfe, 0x01, 0xfe, 0x00, 0x03, 0x03, 0xfe, 0x01, 0xfe, 0x00, 0x03, 0x05, 0x02, 0xfe, 0x83, 0x03, 0x12, 0xfe, 
0xf0, 0xfe, 0xf0, 0x04, 0xfe, 0x00, 0x09, 0xfe, 0x08, 0x02, 0x07, 0xfe, 0x01, 0xfe, 0x13, 0x96, 0xfe, 0x97, 0x04, 0xfe, 
0x01, 0xfe, 0x00, 0xfe, 0x86, 0xfe, 0x0c, 0xfe, 0x98, 0xfe, 0x0e, 0xfe, 0x85, 0xfe, 0x0f, 0xfe, 0x01, 0xfe, 0x00, 0x03, 
0x05, 0x02, 0xfe, 0x01, 0xfe, 0x00, 0x03, 0x04, 0xfe, 0x01, 0xfe, 0x00, 0xfe, 0x84, 0xfe, 0x87, 0x04, 0xfe, 0xa6, 0xfe, 
0x00, 0x0a, 0xfe, 0x01, 0xfe, 0xa7, 0x04, 0xfe, 0x00, 0x47, 0xfe, 0xa8, 0x02, 0x04, 0xfe, 0x01, 0xfe, 0x00, 0xfe, 0xa9, 
0xfe, 0xaa, 0xfe, 0x01, 0xfe, 0x00, 0x03, 0x05, 0x02, 0xfe, 0x01, 0xfe, 0x00, 0x03, 0x88, 0xfe, 0xab, 0xfe, 0xac, 0xfe, 
0xad, 0x11, 0xfe, 0x01, 0xfe, 0x89, 0x04, 0xfe, 0x00, 0x09, 0xfe, 0x08, 0x02, 0x10, 0xfe, 0x8a, 0x7e, 0xfe, 0x00, 0x04, 
0xfe, 0x00, 0xfe, 0x8b, 0xfe, 0x8c, 0xfe, 0x8d, 0xfe, 0x83, 0x7e, 0xfe, 0x00, 0x04, 0xfe, 0x00, 0x8e, 0xfe, 0x8f, 0xfe, 
0xc6, 0xfe, 0xc7, 0xfe, 0x01, 0xfe, 0x06, 0xfe, 0x01, 0xfe, 0x06, 0xfe, 0x90, 0x02, 0x91, 0xfe, 0x92, 0x02, 0x7e, 0xfe, 
0x01, 0xfe, 0x00, 0xfe, 0x85, 0xfe, 0x00, 0xfe, 0x01, 0xfe, 0x00, 0xfe, 0x01, 0xfe, 0x93, 0xfe, 0x94, 0xfe, 0x95, 0x03, 
0x05, 0x02, 0xfe, 0x01, 0xfe, 0x00, 0xfe, 0x01, 0xfe, 0x00, 0x03, 0x03, 0xfe, 0x01, 0xfe, 0x00, 0x03, 0x05, 0x02, 0xfe, 
0x83, 0x03, 0x04, 0xfe, 0x00, 0x09, 0xfe, 0x08, 0x02, 0x07, 0xfe, 0x01, 0xfe, 0x13, 0x96, 0xfe, 0x97, 0x04, 0xfe, 0x00, 
0xfe, 0x86, 0xfe, 0x0c, 0xfe, 0x98, 0xfe, 0x0e, 0xfe, 0x85, 0xfe, 0x0f, 0xfe, 0x01, 0xfe, 0x00, 0x03, 0x05, 0x02, 0xfe, 
0x01, 0xfe, 0x00, 0x03, 0x88, 0xfe, 0xae, 0xfe, 0xf0, 0xfe, 0xf0, 0xfe, 0xf0, 0xfe, 0xf0, 0xfe, 0xf0, 0xfe, 0xf0, 0xfe, 
0xf0, 0xfe, 0xf0, 0xfe, 0xaf, 0xfe, 0xb0, 0xb1, 0xfe, 0x89, 0xb2, 0xfe, 0xb3, 0x07, 0xfe, 0x01, 0xfe, 0xc8, 0xb4, 0xfe, 
0x0c, 0xb5, 0xfe, 0x0e, 0xb6, 0xfe, 0x0f, 0x04, 0xfe, 0x00, 0x09, 0xfe, 0x08, 0x02, 0x10, 0xfe, 0x8a, 0x7e, 0xfe, 0x00, 
0x04, 0xfe, 0x00, 0xfe, 0x8b, 0xfe, 0x8c, 0xfe, 0x8d, 0xfe, 0x83, 0x7e, 0xfe, 0x00, 0x04, 0xfe, 0x00, 0x8e, 0xfe, 0x8f, 
0xfe, 0xc6, 0xfe, 0xc7, 0xfe, 0x01, 0xfe, 0x06, 0xfe, 0x01, 0xfe, 0x06, 0xfe, 0x90, 0x02, 0x91, 0xfe, 0x92, 0x02, 0x7e, 
0xfe, 0x01, 0xfe, 0x00, 0xfe, 0x85, 0xfe, 0x00, 0xfe, 0x01, 0xfe, 0x00, 0xfe, 0x01, 0xfe, 0x93, 0xfe, 0x94, 0xfe, 0x95, 
0x03, 0x05, 0x02, 0xfe, 0x01, 0xfe, 0x00, 0xfe, 0x01, 0xfe, 0x00, 0x03, 0x03, 0xfe, 0x01, 0xfe, 0x00, 0x03, 0x05, 0x02, 
0xfe, 0x83, 0x03, 0x04, 0xfe, 0x00, 0x09, 0xfe, 0x08, 0x02, 0x07, 0xfe, 0x01, 0xfe, 0x13, 0x96, 0xfe, 0x97, 0x04, 0xfe, 
0x01, 0xfe, 0x00, 0xfe, 0x86, 0xfe, 0x0c, 0xfe, 0x98, 0xfe, 0x0e, 0xfe, 0x85, 0xfe, 0x0f, 0xfe, 0x01, 0xfe, 0x00, 0x03, 
0x05, 0x02, 0xfe, 0x01, 0xfe, 0x00, 0x03, 0x04, 0xfe, 0x01, 0xfe, 0xb7, 0xfe, 0x00, 0xfe, 0x84, 0xfe, 0x87, 0xb8, 0xfe, 
0x00, 0x10, 0xfe, 0xf0, 0x0a, 0xfe, 0xf0, 0x0a, 0xfe, 0xf0, 0xfe, 0x00, 0x0a, 0xfe, 0x01, 0xfe, 0xc2, 0xfe, 0x15, 0xfe, 
0x86, 0xfe, 0xf0, 0xfe, 0x15, 0xfe, 0x86, 0xfe, 0xf0, 0xfe, 0xf0, 0xfe, 0xc3, 0xfe, 0xc4, 0xf0, 0xfe, 0xf0, 0xfe, 0xc3, 
0xfe, 0xc4, 0xf0, 0xfe, 0xf0, 0xfe, 0xc2, 0xfe, 0xf0, 0xfe, 0xf0, 0xfe, 0x84, 0xfe, 0xb9, 0xfe, 0xba, 0xbb, 0xfe, 0x00, 
0xf0, 0xfe, 0x00, 0x03, 0x33, 0x34, 0x35, 0x0c, 0x0d, 0x0e, 0x0f, 0x10, 0x11, 0x12, 0x13, 0x14, 0x15, 0x5c, 0x16, 0x5d, 
0x17, 0x5e, 0x4d, 0x18, 0x19, 0x4e, 0x4f, 0x53, 0x50, 0x1a, 0x1b, 0x1c, 0x1d, 0x1e, 0x1f, 0x20, 0x21, 0x22, 0x23, 0x24, 
0x25, 0x26, 0x27, 0x28, 0x29, 0x2a, 0x2b, 0x2c, 0x2d, 0x2e, 0x2f, 0x30, 0x31, 0x32, 0x36, 0x4c, 0x5a, 0x4c, 0x5b, 0x37, 
0x38, 0x39, 0x3a, 0x3b, 0x3c, 0x3d, 0x3e, 0x3f, 0x40, 0x41, 0x42, 0x43, 0x44, 0x45, 0x46, 0x47, 0x48, 0x49, 0x4a, 0x4b, 
0x02, 0xa5, 0x57, 0xa6, 0x57, 0xaa, 0x57, 0xab, 0x57, 0xa5, 0x57, 0xa5, 0x57, 0xa5, 0x57, 0xa5, 0x57, 0xa6, 0x57, 0xa6, 
0x57, 0xa6, 0x57, 0xa6, 0x57, 0xaa, 0x57, 0xaa, 0x57, 0xaa, 0x57, 0xaa, 0x57, 0xab, 0x57, 0xab, 0x57, 0xab, 0x57, 0xab, 
0x57, 0xac, 0x57, 0xad, 0x57, 0xae, 0x57, 0xf5, 0xab, 0xbe, 0x33, 0xf5, 0xab, 0xe2, 0x37, 0xe2, 0x37, 0xac, 0x57, 0xac, 
0x57, 0xac, 0x57, 0xac, 0x57, 0xad, 0x57, 0xad, 0x57, 0xad, 0x57, 0xad, 0x57, 0xae, 0x57, 0xae, 0x57, 0xae, 0x57, 0xae, 
0x57, 0xd0, 0x55, 0xf5, 0xab, 0xd0, 0x55, 0xbe, 0x33, 0xdf, 0x86, 0xd0, 0x55, 0xd0, 0x55, 0xaf, 0x57, 0xdf, 0x86, 0xe2, 
0x37, 0xaf, 0x57, 0xaf, 0x57, 0xaf, 0x57, 0xaf, 0x57, 0xdf, 0x86, 0xd0, 0x55, 0xe2, 0x37, 0x85, 0xa1, 0xe3, 0x51, 0x85, 
0xa1, 0xbf, 0x8a, 0xe3, 0x51, 0xa2, 0x97, 0xa7, 0x57, 0xfc, 0x65, 0xa7, 0x57, 0xa2, 0x97, 0xa2, 0x97, 0xfc, 0x65, 0xf3, 
0x57, 0x8d, 0x6b, 0xb9, 0x3d, 0xb9, 0x3d, 0x85, 0xa1, 0xa7, 0x57, 0xf3, 0x57, 0xfc, 0x65, 0x8d, 0x6b, 0xb9, 0x3d, 0xb9, 
0x3d, 0xa3, 0x66, 0xa7, 0x57, 0xa3, 0x66, 0xb9, 0x3d, 0xf3, 0x57, 0xa3, 0x66, 0x8d, 0x6b, 0xfc, 0x65, 0xa3, 0x66, 0xb9, 
0x3d, 0xf3, 0x57, 0xa7, 0x57, 0x8d, 0x6b, 0xfc, 0x65, 0xbf, 0x8a, 0xfc, 0x65, 0xbf, 0x8a, 0xd5, 0x85, 0x85, 0xa1, 0xac, 
0x8f, 0xd5, 0x85, 0x8e, 0xb9, 0xbf, 0x8a, 0x8e, 0xb9, 0xed, 0x77, 0xbf, 0x8a, 0xed, 0x77, 0x8e, 0xb9, 0xed, 0x77, 0x8e, 
0xb9, 0xed, 0x77, 0x8e, 0xb9, 0xac, 0x8f, 0xed, 0x77, 0xac, 0x8f, 0xbf, 0x8a, 0xb8, 0x51, 0xac, 0x8f, 0xb8, 0x51, 0xac, 
0x8f, 0xde, 0x7a, 0xb8, 0x51, 0xbb, 0x6e, 0xde, 0x7a, 0xe5, 0x8f, 0xbb, 0x6e, 0xda, 0x49, 0xde, 0x7a, 0xda, 0x49, 0xbb, 
0x6e, 0xe5, 0x8f, 0xda, 0x49, 0xe5, 0x8f, 0xde, 0x7a, 0x81, 0x71, 0xe5, 0x8f, 0xe5, 0x8f, 0xf1, 0x8e, 0x81, 0x71, 0xac, 
0x55, 0xe3, 0x51, 0xa3, 0x97, 0xa8, 0x57, 0xfd, 0x65, 0xa8, 0x57, 0xa3, 0x97, 0xa3, 0x97, 0xfd, 0x65, 0xf4, 0x57, 0x8e, 
0x6b, 0xba, 0x3d, 0xba, 0x3d, 0x85, 0xa1, 0xa8, 0x57, 0xf4, 0x57, 0xfd, 0x65, 0x8e, 0x6b, 0xba, 0x3d, 0xba, 0x3d, 0xa4, 
0x66, 0xa8, 0x57, 0xa4, 0x66, 0xba, 0x3d, 0xf4, 0x57, 0xa4, 0x66, 0x8e, 0x6b, 0xfd, 0x65, 0xa4, 0x66, 0xba, 0x3d, 0xf4, 
0x57, 0xa8, 0x57, 0x8e, 0x6b, 0xfd, 0x65, 0xac, 0x55, 0xfd, 0x65, 0xac, 0x55, 0xaa, 0x8a, 0xd5, 0x85, 0xfa, 0x31, 0xac, 
0x55, 0xfa, 0x31, 0xee, 0x77, 0xee, 0x77, 0xfa, 0x31, 0xee, 0x77, 0xfa, 0x31, 0xee, 0x77, 0xfa, 0x31, 0xaa, 0x8a, 0xee, 
0x77, 0xaa, 0x8a, 0xac, 0x55, 0xdc, 0x90, 0xf1, 0x8e, 0x85, 0xa1, 0xaa, 0x8a, 0x85, 0xa1, 0xaa, 0x8a, 0x85, 0xa1, 0xaa, 
0x8a, 0x85, 0xa1, 0x81, 0x71, 0xf1, 0x8e, 0xdc, 0x90, 0xdc, 0x90, 0x99, 0x6a, 0xdc, 0x90, 0x99, 0x6a, 0x99, 0x6a, 0x99, 
0x6a, 0xad, 0x55, 0xe3, 0x51, 0xa4, 0x97, 0xa9, 0x57, 0xfe, 0x65, 0xa9, 0x57, 0xa4, 0x97, 0xa4, 0x97, 0xfe, 0x65, 0xf5, 
0x57, 0x8f, 0x6b, 0xbb, 0x3d, 0xbb, 0x3d, 0x85, 0xa1, 0xa9, 0x57, 0xf5, 0x57, 0xfe, 0x65, 0x8f, 0x6b, 0xbb, 0x3d, 0xbb, 
0x3d, 0xa5, 0x66, 0xa9, 0x57, 0xa5, 0x66, 0xbb, 0x3d, 0xf5, 0x57, 0xa5, 0x66, 0x8f, 0x6b, 0xfe, 0x65, 0xa5, 0x66, 0xbb, 
0x3d, 0xf5, 0x57, 0xa9, 0x57, 0x8f, 0x6b, 0xfe, 0x65, 0xad, 0x55, 0xfe, 0x65, 0xad, 0x55, 0x90, 0x31, 0xd5, 0x85, 0xc9, 
0x8f, 0xad, 0x55, 0xc9, 0x8f, 0xef, 0x77, 0xad, 0x55, 0xef, 0x77, 0xc9, 0x8f, 0xef, 0x77, 0xc9, 0x8f, 0xef, 0x77, 0xc9, 
0x8f, 0x90, 0x31, 0xef, 0x77, 0x90, 0x31, 0xad, 0x55, 0xd6, 0x3f, 0xdc, 0x90, 0x90, 0x31, 0xd6, 0x3f, 0xd6, 0x3f, 0xd6, 
0x3f, 0xbb, 0x57, 0xc6, 0x6e, 0xa5, 0x92, 0xc6, 0x6e, 0xa1, 0xbb, 0xa5, 0x92, 0xbb, 0x57, 0xd6, 0x3f, 0xd6, 0x3f, 0xc6, 
0x6e, 0xd6, 0x3f, 0xd6, 0x3f, 0xa5, 0x92, 0xa1, 0xbb, 0xd6, 0x3f, 0xd6, 0x3f, 0xa1, 0xbb, 0xd6, 0x3f, 0xd6, 0x3f, 0xa5, 
0x92, 0xbb, 0x57, 0xd6, 0x3f, 0xd6, 0x3f, 0xd6, 0x3f, 0xd6, 0x3f, 0xd6, 0x3f, 0x85, 0xa1, 0x36, 0x10, 0x00, 0x00, 0x4b, 
0x01, 0x00, 0x00, 0x21, 0x00, 0x00, 0x00, 0x4b, 0x01, 0x00, 0x00, 0x9e, 0x00, 0x00, 0x00, 0x50, 0x51, 0x99, 0x02, 0x9a, 
0x9b, 0x9c, 0x9d, 0x0b, 0x18, 0x02, 0x48, 0x49, 0x4a, 0x4b, 0x4c, 0x4d, 0x4e, 0x0b, 0x19, 0x1a, 0x0d, 0x1b, 0xf0, 0xf0, 
0x0d, 0xf0, 0x9e, 0x9f, 0x0d, 0xa0, 0x1c, 0x02, 0x1d, 0x1e, 0x16, 0x02, 0x1f, 0x20, 0x21, 0x22, 0x23, 0x24, 0x25, 0x26, 
0x27, 0x28, 0x29, 0x2a, 0x2b, 0x2c, 0x2d, 0x2e, 0x52, 0x53, 0x54, 0x2f, 0x30, 0x31, 0x32, 0x55, 0x56, 0x57, 0x58, 0x59, 
0x5a, 0x5b, 0x5c, 0x5d, 0x5e, 0x5f, 0x60, 0x61, 0x62, 0x63, 0x33, 0x64, 0x65, 0x66, 0x34, 0x67, 0x68, 0x35, 0x69, 0x6a, 
0x36, 0x6b, 0x6c, 0x37, 0x6d, 0x38, 0x6e, 0x6f, 0x39, 0x3a, 0x70, 0x3b, 0x3c, 0x3d, 0x71, 0x72, 0x3e, 0x73, 0x3f, 0x40, 
0x41, 0x42, 0x43, 0x44, 0x45, 0x74, 0x75, 0x76, 0x77, 0x46, 0x78, 0x79, 0x7a, 0x7b, 0x7c, 0x17, 0xf0, 0xa1, 0xa2, 0xf0, 
0xf0, 0xf0, 0xf0, 0x14, 0x02, 0xa3, 0x02, 0xa4, 0x03, 0x05, 0x02, 0xa5, 0x03, 0x10, 0xfe, 0xf0, 0x04, 0xfe, 0x83, 0x04, 
0xfe, 0x01, 0xfe, 0x00, 0xfe, 0x84, 0xfe, 0x87, 0x04, 0xfe, 0xa6, 0xfe, 0x00, 0x0a, 0xfe, 0x01, 0xfe, 0xa7, 0x04, 0xfe, 
0x00, 0x47, 0xfe, 0xa8, 0x02, 0x04, 0xfe, 0x01, 0xfe, 0x00, 0xfe, 0xa9, 0xfe, 0xaa, 0xfe, 0x01, 0xfe, 0x00, 0x03, 0x05, 
0x02, 0xfe, 0x01, 0xfe, 0x00, 0x03, 0x88, 0xfe, 0xab, 0xfe, 0xac, 0xfe, 0xad, 0x11, 0xfe, 0x01, 0xfe, 0x89, 0x88, 0xfe, 
0xae, 0xfe, 0xf0, 0xfe, 0xf0, 0xfe, 0xf0, 0xfe, 0xf0, 0xfe, 0xf0, 0xfe, 0xf0, 0xfe, 0xf0, 0xfe, 0xf0, 0xfe, 0xaf, 0xfe, 
0xb0, 0x04, 0xfe, 0x01, 0xfe, 0xf0, 0xb1, 0xfe, 0x89, 0xb2, 0xfe, 0xb3, 0x07, 0xfe, 0x01, 0xfe, 0x13, 0xb4, 0xfe, 0x0c, 
0xb5, 0xfe, 0x0e, 0xb6, 0xfe, 0x0f, 0x04, 0xfe, 0x01, 0xfe, 0xb7, 0xfe, 0x00, 0xfe, 0x84, 0xfe, 0x87, 0xf0, 0xfe, 0xf0, 
0xb8, 0xfe, 0x00, 0x10, 0xfe, 0xf0, 0x0a, 0xfe, 0xf0, 0x0a, 0xfe, 0xf0, 0xfe, 0x00, 0x0a, 0xfe, 0x01, 0xfe, 0xc2, 0xfe, 
0x15, 0xfe, 0x86, 0xfe, 0xf0, 0xfe, 0x15, 0xfe, 0x86, 0xfe, 0xf0, 0xfe, 0xf0, 0xfe, 0xc3, 0xfe, 0xc4, 0xf0, 0xfe, 0xf0, 
0xfe, 0xc3, 0xfe, 0xc4, 0xf0, 0xfe, 0xf0, 0xfe, 0xc2, 0xfe, 0xf0, 0xfe, 0xf0, 0xfe, 0x84, 0xfe, 0xb9, 0xfe, 0xba, 0xbb, 
0xfe, 0x00, 0xf0, 0xfe, 0x00, 0x03, 0x33, 0x34, 0x35, 0x4d, 0x4e, 0x4f, 0x65, 0x50, 0x36, 0x37, 0x38, 0x39, 0x3a, 0x3b, 
0x3c, 0x3d, 0x3e, 0x52, 0x60, 0x61, 0x3f, 0x40, 0x41, 0x42, 0x43, 0x44, 0x45, 0x46, 0x47, 0x48, 0x49, 0x4a, 0x4b, 0x85, 
0xa1, 0xc8, 0x62, 0xb8, 0x51, 0xc8, 0x62, 0xb8, 0x51, 0xc8, 0x62, 0xde, 0x7a, 0xb8, 0x51, 0xbb, 0x6e, 0xde, 0x7a, 0xe5, 
0x8f, 0xbb, 0x6e, 0xda, 0x49, 0xde, 0x7a, 0xda, 0x49, 0xbb, 0x6e, 0xe5, 0x8f, 0xda, 0x49, 0xe5, 0x8f, 0xde, 0x7a, 0x81, 
0x71, 0xe5, 0x8f, 0xe5, 0x8f, 0xf9, 0x75, 0x81, 0x71, 0xdc, 0x90, 0xf9, 0x75, 0x85, 0xa1, 0xc8, 0x62, 0x85, 0xa1, 0xc8, 
0x62, 0x85, 0xa1, 0xc8, 0x62, 0x85, 0xa1, 0x81, 0x71, 0xf9, 0x75, 0xda, 0x52, 0xdc, 0x90, 0xdc, 0x90, 0xdc, 0x90, 0x99, 
0x6a, 0xda, 0x52, 0x99, 0x6a, 0x99, 0x6a, 0x99, 0x6a, 0xe6, 0x62, 0xdc, 0x90, 0xc8, 0x62, 0xe6, 0x62, 0xe6, 0x62, 0xda, 
0x52, 0xe6, 0x62, 0xbb, 0x57, 0xc6, 0x6e, 0xa5, 0x92, 0xc6, 0x6e, 0xa1, 0xbb, 0xa5, 0x92, 0xbb, 0x57, 0xe6, 0x62, 0xe6, 
0x62, 0xc6, 0x6e, 0xe6, 0x62, 0xe6, 0x62, 0xa5, 0x92, 0xa1, 0xbb, 0xe6, 0x62, 0xe6, 0x62, 0xa1, 0xbb, 0xe6, 0x62, 0xe6, 
0x62, 0xa5, 0x92, 0xbb, 0x57, 0xe6, 0x62, 0xe6, 0x62, 0xe6, 0x62, 0xe6, 0x62, 0xe6, 0x62, 0x85, 0xa1, 0xbf, 0x21, 0x00, 
0x00, 0xac, 0x03, 0x00, 0x00, 0x50, 0x00, 0x00, 0x00, 0xac, 0x03, 0x00, 0x00, 0x67, 0x02, 0x00, 0x00, 0x50, 0x51, 0x99, 
0x02, 0x9a, 0x9b, 0x9c, 0x9d, 0x0b, 0x18, 0x02, 0x48, 0x49, 0x4a, 0x4b, 0x4c, 0x4d, 0x4e, 0x0b, 0x19, 0x1a, 0x0d, 0x1b, 
0xf0, 0xf0, 0x0d, 0xf0, 0xf0, 0x02, 0xf0, 0xf0, 0xf0, 0x0b, 0xf0, 0x02, 0xf0, 0x0b, 0x9e, 0x9f, 0x0d, 0xa0, 0xf0, 0xfe, 
0x00, 0x04, 0xfe, 0x00, 0x1c, 0x02, 0x1d, 0x1e, 0x16, 0x02, 0x1f, 0x20, 0x21, 0x22, 0x23, 0x24, 0x25, 0x26, 0x27, 0x28, 
0x29, 0x2a, 0x2b, 0x2c, 0x2d, 0x2e, 0x52, 0x53, 0x54, 0x2f, 0x30, 0x31, 0x32, 0x55, 0x56, 0x57, 0x58, 0x59, 0x5a, 0x5b, 
0x5c, 0x5d, 0x5e, 0x5f, 0x60, 0x61, 0x62, 0x63, 0x33, 0x64, 0x65, 0x66, 0x34, 0x67, 0x68, 0x35, 0x69, 0x6a, 0x36, 0x6b, 
0x6c, 0x37, 0x6d, 0x38, 0x6e, 0x6f, 0x39, 0x3a, 0x70, 0x3b, 0x3c, 0x3d, 0x71, 0x72, 0x3e, 0x73, 0x3f, 0x40, 0x41, 0x42, 
0x43, 0x44, 0x45, 0x74, 0x75, 0x76, 0x77, 0x46, 0x78, 0x79, 0x7a, 0x7b, 0x7c, 0x17, 0xf0, 0x02, 0xf0, 0xf0, 0xf0, 0x02, 
0xf0, 0xf0, 0xf0, 0xf0, 0xf0, 0xf0, 0xa1, 0xf0, 0xf0, 0xa2, 0xf0, 0xf0, 0xf0, 0xf0, 0xf0, 0x02, 0xf0, 0x02, 0x7f, 0xfe, 
0xbc, 0x7f, 0xfe, 0xbd, 0x7f, 0xfe, 0xbe, 0x7f, 0xfe, 0xf0, 0xf0, 0xfe, 0x80, 0xfe, 0x81, 0xfe, 0x82, 0xfe, 0xbf, 0xfe, 
0x80, 0xfe, 0x81, 0xfe, 0x82, 0xfe, 0xc0, 0xfe, 0x80, 0xfe, 0x81, 0xfe, 0x82, 0xfe, 0xf0, 0xfe, 0x80, 0xfe, 0x81, 0xfe, 
0x82, 0xfe, 0xf0, 0xf0, 0x03, 0x7f, 0xfe, 0xbc, 0x7f, 0xfe, 0xbd, 0x7f, 0xfe, 0xbe, 0xc1, 0xfe, 0xf0, 0xc1, 0xfe, 0x01, 
0xfe, 0xf0, 0x07, 0xfe, 0x00, 0xfe, 0xf0, 0xfe, 0x80, 0xfe, 0x81, 0xfe, 0x82, 0xfe, 0xbf, 0xfe, 0x80, 0xfe, 0x81, 0xfe, 
0x82, 0xfe, 0xc0, 0xfe, 0x80, 0xfe, 0x81, 0xfe, 0x82, 0xfe, 0xf0, 0xf0, 0xfe, 0x01, 0xfe, 0xf0, 0xfe, 0xf0, 0xfe, 0xf0, 
0x02, 0x11, 0xfe, 0xf0, 0xfe, 0xf0, 0xfe, 0xf0, 0x7f, 0xfe, 0xf0, 0xfe, 0xf0, 0xfe, 0xf0, 0xfe, 0x80, 0xfe, 0x81, 0xfe, 
0x82, 0xfe, 0xf0, 0xfe, 0x7d, 0xfe, 0xf0, 0xf0, 0x03, 0xf0, 0xfe, 0x00, 0x03, 0x14, 0x02, 0xa3, 0x02, 0xa4, 0x03, 0x05, 
0x02, 0xa5, 0x03, 0x10, 0xfe, 0xf0, 0x12, 0xfe, 0xf0, 0xfe, 0xf0, 0x04, 0xfe, 0x00, 0x09, 0xfe, 0x08, 0x02, 0x10, 0xfe, 
0x8a, 0x7e, 0xfe, 0x00, 0x04, 0xfe, 0x00, 0xfe, 0x8b, 0xfe, 0x8c, 0xfe, 0x8d, 0xfe, 0x83, 0x7e, 0xfe, 0x00, 0x04, 0xfe, 
0x00, 0x8e, 0xfe, 0x8f, 0xfe, 0xc6, 0xfe, 0xc7, 0xfe, 0x01, 0xfe, 0x06, 0xfe, 0x01, 0xfe, 0x06, 0xfe, 0x90, 0x02, 0x91, 
0xfe, 0x92, 0x02, 0x7e, 0xfe, 0x01, 0xfe, 0x00, 0xfe, 0x85, 0xfe, 0x00, 0xfe, 0x01, 0xfe, 0x00, 0xfe, 0x01, 0xfe, 0x93, 
0xfe, 0x94, 0xfe, 0x95, 0x03, 0x05, 0x02, 0xfe, 0x01, 0xfe, 0x00, 0xfe, 0x01, 0xfe, 0x00, 0x03, 0x03, 0xfe, 0x01, 0xfe, 
0x00, 0x03, 0x05, 0x02, 0xfe, 0x83, 0x03, 0x12, 0xfe, 0xf0, 0xfe, 0xf0, 0x04, 0xfe, 0x00, 0x09, 0xfe, 0x08, 0x02, 0x07, 
0xfe, 0x01, 0xfe, 0x13, 0x96, 0xfe, 0x97, 0x04, 0xfe, 0x01, 0xfe, 0x00, 0xfe, 0x86, 0xfe, 0x0c, 0xfe, 0x98, 0xfe, 0x0e, 
0xfe, 0x85, 0xfe, 0x0f, 0xfe, 0x01, 0xfe, 0x00, 0x03, 0x05, 0x02, 0xfe, 0x01, 0xfe, 0x00, 0x03, 0x04, 0xfe, 0x01, 0xfe, 
0x00, 0xfe, 0x84, 0xfe, 0x87, 0x04, 0xfe, 0xa6, 0xfe, 0x00, 0x0a, 0xfe, 0x01, 0xfe, 0xa7, 0x04, 0xfe, 0x00, 0x47, 0xfe, 
0xa8, 0x02, 0x04, 0xfe, 0x01, 0xfe, 0x00, 0xfe, 0xa9, 0xfe, 0xaa, 0xfe, 0x01, 0xfe, 0x00, 0x03, 0x05, 0x02, 0xfe, 0x01, 
0xfe, 0x00, 0x03, 0x88, 0xfe, 0xab, 0xfe, 0xac, 0xfe, 0xad, 0x11, 0xfe, 0x01, 0xfe, 0x89, 0x04, 0xfe, 0x00, 0x09, 0xfe, 
0x08, 0x02, 0x10, 0xfe, 0x8a, 0x7e, 0xfe, 0x00, 0x04, 0xfe, 0x00, 0xfe, 0x8b, 0xfe, 0x8c, 0xfe, 0x8d, 0xfe, 0x83, 0x7e, 
0xfe, 0x00, 0x04, 0xfe, 0x00, 0x8e, 0xfe, 0x8f, 0xfe, 0xc6, 0xfe, 0xc7, 0xfe, 0x01, 0xfe, 0x06, 0xfe, 0x01, 0xfe, 0x06, 
0xfe, 0x90, 0x02, 0x91, 0xfe, 0x92, 0x02, 0x7e, 0xfe, 0x01, 0xfe, 0x00, 0xfe, 0x85, 0xfe, 0x00, 0xfe, 0x01, 0xfe, 0x00, 
0xfe, 0x01, 0xfe, 0x93, 0xfe, 0x94, 0xfe, 0x95, 0x03, 0x05, 0x02, 0xfe, 0x01, 0xfe, 0x00, 0xfe, 0x01, 0xfe, 0x00, 0x03, 
0x03, 0xfe, 0x01, 0xfe, 0x00, 0x03, 0x05, 0x02, 0xfe, 0x83, 0x03, 0x04, 0xfe, 0x00, 0x09, 0xfe, 0x08, 0x02, 0x07, 0xfe, 
0x01, 0xfe, 0x13, 0x96, 0xfe, 0x97, 0x04, 0xfe, 0x00, 0xfe, 0x86, 0xfe, 0x0c, 0xfe, 0x98, 0xfe, 0x0e, 0xfe, 0x85, 0xfe, 
0x0f, 0xfe, 0x01, 0xfe, 0x00, 0x03, 0x05, 0x02, 0xfe, 0x01, 0xfe, 0x00, 0x03, 0x88, 0xfe, 0xae, 0xfe, 0xf0, 0xfe, 0xf0, 
0xfe, 0xf0, 0xfe, 0xf0, 0xfe, 0xf0, 0xfe, 0xf0, 0xfe, 0xf0, 0xfe, 0xf0, 0xfe, 0xaf, 0xfe, 0xb0, 0x11, 0xfe, 0x01, 0xfe, 
0x89, 0x04, 0xfe, 0x01, 0xfe, 0xb3, 0x04, 0xfe, 0x01, 0xfe, 0xf0, 0xb1, 0xfe, 0x00, 0xb2, 0xfe, 0x00, 0x07, 0xfe, 0x01, 
0xfe, 0x13, 0xb4, 0xfe, 0x0c, 0xb5, 0xfe, 0x0e, 0xb6, 0xfe, 0x0f, 0x04, 0xfe, 0x00, 0x09, 0xfe, 0x08, 0x02, 0x10, 0xfe, 
0x8a, 0x7e, 0xfe, 0x00, 0x04, 0xfe, 0x00, 0xfe, 0x8b, 0xfe, 0x8c, 0xfe, 0x8d, 0xfe, 0x83, 0x7e, 0xfe, 0x00, 0x04, 0xfe, 
0x00, 0x8e, 0xfe, 0x8f, 0xfe, 0xc6, 0xfe, 0xc7, 0xfe, 0x01, 0xfe, 0x06, 0xfe, 0x01, 0xfe, 0x06, 0xfe, 0x90, 0x02, 0x91, 
0xfe, 0x92, 0x02, 0x7e, 0xfe, 0x01, 0xfe, 0x00, 0xfe, 0x85, 0xfe, 0x00, 0xfe, 0x01, 0xfe, 0x00, 0xfe, 0x01, 0xfe, 0x93, 
0xfe, 0x94, 0xfe, 0x95, 0x03, 0x05, 0x02, 0xfe, 0x01, 0xfe, 0x00, 0xfe, 0x01, 0xfe, 0x00, 0x03, 0x03, 0xfe, 0x01, 0xfe, 
0x00, 0x03, 0x05, 0x02, 0xfe, 0x83, 0x03, 0x04, 0xfe, 0x00, 0x09, 0xfe, 0x08, 0x02, 0x07, 0xfe, 0x01, 0xfe, 0x13, 0x96, 
0xfe, 0x97, 0x04, 0xfe, 0x01, 0xfe, 0x00, 0xfe, 0x86, 0xfe, 0x0c, 0xfe, 0x98, 0xfe, 0x0e, 0xfe, 0x85, 0xfe, 0x0f, 0xfe, 
0x01, 0xfe, 0x00, 0x03, 0x05, 0x02, 0xfe, 0x01, 0xfe, 0x00, 0x03, 0x04, 0xfe, 0x01, 0xfe, 0xb7, 0xfe, 0x00, 0xfe, 0x84, 
0xfe, 0x87, 0xf0, 0xfe, 0x06, 0xfe, 0x06, 0xfe, 0x06, 0xfe, 0xf0, 0xb8, 0xfe, 0x00, 0x10, 0xfe, 0xf0, 0x0a, 0xfe, 0xf0, 
0x0a, 0xfe, 0xf0, 0xfe, 0x00, 0x0a, 0xfe, 0x01, 0xfe, 0xc2, 0xfe, 0x15, 0xfe, 0x86, 0xfe, 0xf0, 0xfe, 0x15, 0xfe, 0x86, 
0xfe, 0xf0, 0xfe, 0xf0, 0xfe, 0xc3, 0xfe, 0xc4, 0xf0, 0xfe, 0xf0, 0xfe, 0xc3, 0xfe, 0xc4, 0xf0, 0xfe, 0xf0, 0xfe, 0xc2, 
0xfe, 0xf0, 0xfe, 0xf0, 0xfe, 0x84, 0xfe, 0xb9, 0xfe, 0xba, 0xbb, 0xfe, 0x00, 0xf0, 0xfe, 0x00, 0x03, 0x33, 0x34, 0x35, 
0x0c, 0x0d, 0x0e, 0x0f, 0x10, 0x11, 0x62, 0x12, 0x13, 0x14, 0x15, 0x5c, 0x16, 0x5d, 0x17, 0x5e, 0x4d, 0x18, 0x19, 0x4e, 
0x4f, 0x65, 0x50, 0x1a, 0x1b, 0x1c, 0x1d, 0x1e, 0x1f, 0x20, 0x21, 0x22, 0x23, 0x24, 0x25, 0x26, 0x27, 0x28, 0x29, 0x2a, 
0x2b, 0x2c, 0x2d, 0x2e, 0x2f, 0x30, 0x31, 0x32, 0x36, 0x4c, 0x5a, 0x4c, 0x5b, 0x37, 0x38, 0x39, 0x3a, 0x3b, 0x3c, 0x3d, 
0x3e, 0x52, 0x63, 0x64, 0x3f, 0x40, 0x41, 0x42, 0x43, 0x44, 0x45, 0x46, 0x47, 0x48, 0x49, 0x4a, 0x4b, 0x02, 0x03, 0xfc, 
0x47, 0xfd, 0x47, 0xfe, 0x47, 0xff, 0x47, 0xfc, 0x47, 0xfc, 0x47, 0xfc, 0x47, 0xfc, 0x47, 0xfd, 0x47, 0xfd, 0x47, 0xfd, 
0x47, 0xfd, 0x47, 0xfe, 0x47, 0xfe, 0x47, 0xfe, 0x47, 0xfe, 0x47, 0xff, 0x47, 0xff, 0x47, 0xff, 0x47, 0xff, 0x47, 0x80, 
0x48, 0x81, 0x48, 0x82, 0x48, 0xcc, 0x9c, 0x94, 0xb9, 0xcc, 0x9c, 0xf2, 0x5a, 0xf2, 0x5a, 0x80, 0x48, 0x80, 0x48, 0x80, 
0x48, 0x80, 0x48, 0x81, 0x48, 0x81, 0x48, 0x81, 0x48, 0x81, 0x48, 0x82, 0x48, 0x82, 0x48, 0x82, 0x48, 0x82, 0x48, 0xa7, 
0x46, 0xcc, 0x9c, 0xa7, 0x46, 0x94, 0xb9, 0xef, 0xa9, 0xa7, 0x46, 0xa7, 0x46, 0x83, 0x48, 0xef, 0xa9, 0xf2, 0x5a, 0x83, 
0x48, 0x83, 0x48, 0x83, 0x48, 0x83, 0x48, 0xef, 0xa9, 0xa7, 0x46, 0xf2, 0x5a, 0x85, 0xa1, 0xe3, 0x51, 0x85, 0xa1, 0xbf, 
0x8a, 0xe3, 0x51, 0xa2, 0x97, 0xa7, 0x57, 0xfc, 0x65, 0xa7, 0x57, 0xa2, 0x97, 0xa2, 0x97, 0xfc, 0x65, 0xf3, 0x57, 0x8d, 
0x6b, 0xb9, 0x3d, 0xb9, 0x3d, 0x85, 0xa1, 0xa7, 0x57, 0xf3, 0x57, 0xfc, 0x65, 0x8d, 0x6b, 0xb9, 0x3d, 0xb9, 0x3d, 0xa3, 
0x66, 0xa7, 0x57, 0xa3, 0x66, 0xb9, 0x3d, 0xf3, 0x57, 0xa3, 0x66, 0x8d, 0x6b, 0xfc, 0x65, 0xa3, 0x66, 0xb9, 0x3d, 0xf3, 
0x57, 0xa7, 0x57, 0x8d, 0x6b, 0xfc, 0x65, 0xbf, 0x8a, 0xfc, 0x65, 0xbf, 0x8a, 0xd5, 0x85, 0x85, 0xa1, 0xac, 0x8f, 0xd5, 
0x85, 0x8e, 0xb9, 0xbf, 0x8a, 0x8e, 0xb9, 0xed, 0x77, 0xbf, 0x8a, 0xed, 0x77, 0x8e, 0xb9, 0xed, 0x77, 0x8e, 0xb9, 0xed, 
0x77, 0x8e, 0xb9, 0xac, 0x8f, 0xed, 0x77, 0xac, 0x8f, 0xbf, 0x8a, 0xb8, 0x51, 0xac, 0x8f, 0xb8, 0x51, 0xac, 0x8f, 0xde, 
0x7a, 0xb8, 0x51, 0xbb, 0x6e, 0xde, 0x7a, 0xe5, 0x8f, 0xbb, 0x6e, 0xda, 0x49, 0xde, 0x7a, 0xda, 0x49, 0xbb, 0x6e, 0xe5, 
0x8f, 0xda, 0x49, 0xe5, 0x8f, 0xde, 0x7a, 0x81, 0x71, 0xe5, 0x8f, 0xe5, 0x8f, 0xf1, 0x8e, 0x81, 0x71, 0xac, 0x55, 0xe3, 
0x51, 0xa3, 0x97, 0xa8, 0x57, 0xfd, 0x65, 0xa8, 0x57, 0xa3, 0x97, 0xa3, 0x97, 0xfd, 0x65, 0xf4, 0x57, 0x8e, 0x6b, 0xba, 
0x3d, 0xba, 0x3d, 0x85, 0xa1, 0xa8, 0x57, 0xf4, 0x57, 0xfd, 0x65, 0x8e, 0x6b, 0xba, 0x3d, 0xba, 0x3d, 0xa4, 0x66, 0xa8, 
0x57, 0xa4, 0x66, 0xba, 0x3d, 0xf4, 0x57, 0xa4, 0x66, 0x8e, 0x6b, 0xfd, 0x65, 0xa4, 0x66, 0xba, 0x3d, 0xf4, 0x57, 0xa8, 
0x57, 0x8e, 0x6b, 0xfd, 0x65, 0xac, 0x55, 0xfd, 0x65, 0xac, 0x55, 0xaa, 0x8a, 0xd5, 0x85, 0xfa, 0x31, 0xac, 0x55, 0xfa, 
0x31, 0xee, 0x77, 0xee, 0x77, 0xfa, 0x31, 0xee, 0x77, 0xfa, 0x31, 0xee, 0x77, 0xfa, 0x31, 0xaa, 0x8a, 0xee, 0x77, 0xaa, 
0x8a, 0xac, 0x55, 0xdc, 0x90, 0xf1, 0x8e, 0x85, 0xa1, 0xaa, 0x8a, 0x85, 0xa1, 0xaa, 0x8a, 0x85, 0xa1, 0xaa, 0x8a, 0x85, 
0xa1, 0x81, 0x71, 0xf1, 0x8e, 0xdb, 0x50, 0xdc, 0x90, 0xbf, 0xae, 0xdc, 0x90, 0xda, 0x52, 0xdc, 0x90, 0xdb, 0x50, 0xbf, 
0xae, 0x99, 0x6a, 0xda, 0x52, 0x99, 0x6a, 0x99, 0x6a, 0x99, 0x6a, 0xad, 0x55, 0xe3, 0x51, 0xa4, 0x97, 0xa9, 0x57, 0xfe, 
0x65, 0xa9, 0x57, 0xa4, 0x97, 0xa4, 0x97, 0xfe, 0x65, 0xf5, 0x57, 0x8f, 0x6b, 0xbb, 0x3d, 0xbb, 0x3d, 0x85, 0xa1, 0xa9, 
0x57, 0xf5, 0x57, 0xfe, 0x65, 0x8f, 0x6b, 0xbb, 0x3d, 0xbb, 0x3d, 0xa5, 0x66, 0xa9, 0x57, 0xa5, 0x66, 0xbb, 0x3d, 0xf5, 
0x57, 0xa5, 0x66, 0x8f, 0x6b, 0xfe, 0x65, 0xa5, 0x66, 0xbb, 0x3d, 0xf5, 0x57, 0xa9, 0x57, 0x8f, 0x6b, 0xfe, 0x65, 0xad, 
0x55, 0xfe, 0x65, 0xad, 0x55, 0x90, 0x31, 0xd5, 0x85, 0xc9, 0x8f, 0xad, 0x55, 0xc9, 0x8f, 0xef, 0x77, 0xad, 0x55, 0xef, 
0x77, 0xc9, 0x8f, 0xef, 0x77, 0xc9, 0x8f, 0xef, 0x77, 0xc9, 0x8f, 0x90, 0x31, 0xef, 0x77, 0x90, 0x31, 0xad, 0x55, 0xd6, 
0x3f, 0xdc, 0x90, 0x90, 0x31, 0xd6, 0x3f, 0xd6, 0x3f, 0xdb, 0x50, 0xbf, 0xae, 0xda, 0x52, 0x02, 0xd6, 0x3f, 0xbb, 0x57, 
0xc6, 0x6e, 0xa5, 0x92, 0xc6, 0x6e, 0xa1, 0xbb, 0xa5, 0x92, 0xbb, 0x57, 0xd6, 0x3f, 0xd6, 0x3f, 0xc6, 0x6e, 0xd6, 0x3f, 
0xd6, 0x3f, 0xa5, 0x92, 0xa1, 0xbb, 0xd6, 0x3f, 0xd6, 0x3f, 0xa1, 0xbb, 0xd6, 0x3f, 0xd6, 0x3f, 0xa5, 0x92, 0xbb, 0x57, 
0xd6, 0x3f, 0xd6, 0x3f, 0xd6, 0x3f, 0xd6, 0x3f, 0xd6, 0x3f, 0x85, 0xa1, 0x52, 0x49, 0x50, 0x53, 0x5f, 0x43, 0x49, 0x44, 
0x2d, 0x2e, 0x01, 0x00, 0x01, 0x00, 0x00, 0x00, 0x1a, 0x00, 0x00, 0x00, 0x38, 0x08, 0x00, 0x00, 0x00, 0x00, 0x00, 0x00, 
0x4c, 0x4f, 0x4d, 0x53, 0x00, 0x03, 0x01, 0x00, 0x0b, 0x00, 0x08, 0x00, 0x47, 0x62, 0x00, 0x00, 0x00, 0x00, 0x00, 0x00, 
0x00, 0x1b, 0x00, 0x00, 0x91, 0x02, 0x01, 0xd1, 0x10, 0x02, 0x47, 0x4c, 0x53, 0x4c, 0x2e, 0x73, 0x74, 0x64, 0x2e, 0x34, 
0x35, 0x30, 0x00, 0x00, 0x00, 0x00, 0xa0, 0x04, 0x00, 0x01, 0xdf, 0x0f, 0x00, 0x9f, 0x2c, 0xed, 0xc2, 0xa5, 0xf3, 0x06, 
0x00, 0x82, 0x1f, 0xcf, 0x2d, 0x8c, 0x1a, 0xb0, 0x23, 0x84, 0x28, 0xed, 0x17, 0xab, 0x22, 0xd9, 0x1b, 0xc2, 0x26, 0x10, 
0xc6, 0x21, 0x06, 0x10, 0x37, 0xf5, 0x19, 0x0b, 0x00, 0x05, 0x00, 0x07, 0x01, 0x10, 0x00, 0x23, 0x00, 0x01, 0x05, 0x00, 
0x07, 0x01, 0x10, 0x00, 0x23, 0x40, 0x01, 0x23, 0x30, 0x01, 0x23, 0x04, 0x01, 0x23, 0x04, 0x01, 0x23, 0x04, 0x01, 0x23, 
0x04, 0x10, 0xf6, 0x46, 0x01, 0x01, 0x10, 0xd9, 0x4a, 0x06, 0x80, 0x02, 0x00, 0xea, 0x12, 0x02, 0x47, 0x00, 0x01, 0x00, 
0x23, 0x00, 0x10, 0xde, 0x1c, 0x21, 0x00, 0x10, 0x00, 0x22, 0x01, 0x10, 0xd5, 0x0b, 0x06, 0x40, 0x10, 0x02, 0x06, 0x40, 
0x10, 0x85, 0x01, 0x06, 0x10, 0x10, 0xa6, 0x08, 0x06, 0x10, 0x10, 0xdf, 0x2c, 0x06, 0x10, 0x00, 0xac, 0x05, 0x02, 0x37, 
0x00, 0x94, 0x00, 0x05, 0x00, 0x07, 0x01, 0x10, 0x00, 0x23, 0x00, 0x01, 0x05, 0x00, 0x07, 0x01, 0x10, 0x00, 0x23, 0x40, 
0x01, 0x05, 0x00, 0x07, 0x01, 0x10, 0x00, 0x23, 0x40, 0x01, 0x05, 0x00, 0x07, 0x01, 0x10, 0x00, 0x23, 0x40, 0x01, 0x05, 
0x00, 0x07, 0x01, 0x10, 0x00, 0x23, 0x40, 0x01, 0x05, 0x00, 0x07, 0x01, 0x10, 0x00, 0x23, 0x80, 0x02, 0x01, 0x05, 0x00, 
0x07, 0x01, 0x10, 0x00, 0x23, 0x80, 0x02, 0x01, 0x05, 0x00, 0x07, 0x01, 0x10, 0x00, 0x23, 0x40, 0x01, 0x23, 0x40, 0x01, 
0x23, 0x10, 0x01, 0x23, 0x08, 0x01, 0x23, 0x04, 0x01, 0x23, 0x04, 0x01, 0x23, 0x10, 0x01, 0x23, 0x10, 0x01, 0x23, 0x08, 
0x01, 0x00, 0x00, 0x23, 0x08, 0x01, 0x00, 0x00, 0x23, 0x04, 0x01, 0x00, 0x00, 0x23, 0x04, 0x01, 0x23, 0x08, 0x01, 0x23, 
0x04, 0x01, 0x23, 0x04, 0x01, 0x23, 0x04, 0x01, 0x00, 0x00, 0x23, 0x04, 0x01, 0x00, 0x00, 0x23, 0x04, 0x01, 0x00, 0x00, 
0x23, 0x04, 0x01, 0x00, 0x00, 0x23, 0x04, 0x01, 0x00, 0x00, 0x23, 0x04, 0x01, 0x00, 0x00, 0x23, 0x10, 0x01, 0x00, 0x00, 
0x23, 0x0c, 0x01, 0x00, 0x00, 0x23, 0x04, 0x01, 0x00, 0x00, 0x23, 0x08, 0x01, 0x00, 0x00, 0x23, 0x04, 0x01, 0x00, 0x00, 
0x23, 0x04, 0x01, 0x00, 0x00, 0x23, 0x04, 0x01, 0x00, 0x00, 0x23, 0x04, 0x01, 0x00, 0x00, 0x23, 0x04, 0x01, 0x00, 0x00, 
0x23, 0x04, 0x01, 0x23, 0x90, 0x01, 0x01, 0x00, 0x00, 0x23, 0x0c, 0x01, 0x00, 0x00, 0x23, 0x04, 0x01, 0x00, 0x00, 0x23, 
0x10, 0x01, 0x23, 0x10, 0x01, 0x00, 0x00, 0x23, 0x08, 0x01, 0x00, 0x00, 0x23, 0x04, 0x01, 0x23, 0x04, 0x01, 0x00, 0x00, 
0x23, 0x08, 0x01, 0x00, 0x00, 0x23, 0x04, 0x01, 0x23, 0x04, 0x01, 0x00, 0x00, 0x23, 0x10, 0x01, 0x00, 0x00, 0x23, 0x04, 
0x01, 0x23, 0x04, 0x01, 0x00, 0x00, 0x23, 0x08, 0x01, 0x23, 0x04, 0x01, 0x00, 0x00, 0x23, 0x04, 0x01, 0x00, 0x00, 0x23, 
0x04, 0x01, 0x23, 0x04, 0x01, 0x23, 0x0c, 0x01, 0x00, 0x00, 0x23, 0x04, 0x01, 0x23, 0x04, 0x01, 0x23, 0x04, 0x01, 0x23, 
0x04, 0x01, 0x00, 0x00, 0x23, 0x04, 0x01, 0x00, 0x00, 0x23, 0x0c, 0x01, 0x23, 0x04, 0x01, 0x00, 0x00, 0x23, 0x04, 0x01, 
0x23, 0x04, 0x01, 0x23, 0x04, 0x01, 0x05, 0x00, 0x07, 0x01, 0x10, 0x00, 0x23, 0x04, 0x01, 0x23, 0x30, 0x01, 0x23, 0x08, 
0x01, 0x05, 0x00, 0x07, 0x01, 0x10, 0x00, 0x23, 0x08, 0x01, 0x05, 0x00, 0x07, 0x01, 0x10, 0x00, 0x23, 0x40, 0x01, 0x00, 
0x00, 0x23, 0x40, 0x01, 0x00, 0x00, 0x23, 0x04, 0x01, 0x00, 0x00, 0x23, 0x04, 0x01, 0x00, 0x00, 0x23, 0x04, 0x01, 0x23, 
0x04, 0x01, 0x00, 0x00, 0x23, 0x40, 0x01, 0x00, 0x00, 0x23, 0x04, 0x01, 0x00, 0x00, 0x23, 0x04, 0x01, 0x00, 0x00, 0x23, 
0x04, 0x01, 0x00, 0x00, 0x23, 0x04, 0x10, 0xbe, 0x37, 0x21, 0x00, 0x10, 0x00, 0x22, 0x00, 0x10, 0x85, 0x01, 0x1e, 0x00, 
0x10, 0x9a, 0x1d, 0x1e, 0x03, 0x00, 0x85, 0x27, 0x0e, 0x10, 0x00, 0x1e, 0x0a, 0x10, 0xc8, 0x12, 0x0b, 0x2b, 0x10, 0xa8, 
0x09, 0x1e, 0x05, 0x10, 0xad, 0x20, 0x1e, 0x00, 0x10, 0xfc, 0x14, 0x1e, 0x06, 0x10, 0xa3, 0x0d, 0x1e, 0x09, 0x00, 0xa1, 
0x27, 0x02, 0x47, 0x00, 0x02, 0x00, 0x0b, 0x01, 0x00, 0x01, 0x0b, 0x01, 0x01, 0x93, 0x02, 0x0e, 0xa1, 0x04, 0xf4, 0x13, 
0x08, 0xa6, 0x02, 0xe9, 0x13, 0x20, 0xb7, 0x02, 0x20, 0x0d, 0x04, 0xb8, 0x02, 0x90, 0x01, 0x1d, 0x04, 0xb7, 0x02, 0x99, 
0x01, 0x0d, 0x03, 0xb5, 0x02, 0x17, 0x20, 0x01, 0xb7, 0x02, 0x0e, 0x0d, 0x02, 0xde, 0x02, 0xec, 0x18, 0x13, 0x1d, 0x1d, 
0x65, 0xb5, 0x02, 0xfb, 0x18, 0x20, 0x00, 0xbb, 0x04, 0x0b, 0xfe, 0x27, 0x00, 0x00, 0x00, 0x00, 0xbb, 0x04, 0x0c, 0x02, 
0x00, 0x00, 0x00, 0x00, 0xbb, 0x04, 0x0b, 0x04, 0x01, 0x00, 0x00, 0x00, 0xbb, 0x04, 0x0b, 0x06, 0x02, 0x00, 0x00, 0x00, 
0xb8, 0x02, 0x93, 0x27, 0x18, 0x03, 0xbb, 0x04, 0x0b, 0xb8, 0x27, 0x08, 0x00, 0x00, 0x00, 0xbc, 0x02, 0xfd, 0x06, 0x1d, 
0xa2, 0x14, 0x8e, 0x03, 0xf5, 0x19, 0x65, 0x46, 0x0c, 0x0c, 0x0c, 0x0d, 0xe3, 0x10, 0xb2, 0x06, 0x0c, 0xf6, 0x46, 0x40, 
0x00, 0x00, 0x00, 0xbc, 0x02, 0xd9, 0x4a, 0xe8, 0x03, 0xa3, 0x27, 0xae, 0x02, 0xea, 0x12, 0xf6, 0x01, 0x3e, 0xfa, 0x09, 
0x02, 0xab, 0x0b, 0x39, 0xa8, 0x10, 0xe4, 0x12, 0x02, 0x3e, 0xef, 0x27, 0x02, 0x65, 0xbb, 0x04, 0x0c, 0xf0, 0x1c, 0x05, 
0x00, 0x00, 0x00, 0xbb, 0x04, 0x0b, 0x07, 0x04, 0x00, 0x00, 0x00, 0xbc, 0x02, 0x4d, 0x65, 0x96, 0x14, 0xbc, 0x02, 0x02, 
0x65, 0x96, 0x14, 0xb7, 0x02, 0xb7, 0x27, 0x0b, 0x03, 0xbb, 0x04, 0x0b, 0xa2, 0x28, 0x09, 0x00, 0x00, 0x00, 0xbc, 0x02, 
0xef, 0x01, 0x18, 0xa5, 0x14, 0xbc, 0x02, 0xa6, 0x08, 0x1d, 0x96, 0x14, 0xbb, 0x04, 0x0b, 0xed, 0x05, 0x15, 0x00, 0x00, 
0x00, 0xbc, 0x02, 0xf1, 0x26, 0x1d, 0xc9, 0x14, 0xce, 0x82, 0xc0, 0x02, 0xac, 0x05, 0x65, 0x65, 0x65, 0x65, 0xef, 0x13, 
0xf0, 0x13, 0x65, 0x65, 0x1d, 0x13, 0x0d, 0x0d, 0x1d, 0x1d, 0x13, 0x13, 0x0d, 0x0d, 0x13, 0x0d, 0x0d, 0x0d, 0x0d, 0x0d, 
0x0d, 0x0d, 0x0d, 0x1d, 0x14, 0x0c, 0x13, 0x0c, 0x0c, 0x0c, 0x0c, 0x0d, 0x0d, 0xad, 0x13, 0x18, 0x0d, 0x1d, 0x1d, 0x13, 
0x0c, 0x0d, 0x13, 0x0d, 0x0d, 0x1d, 0x0c, 0x0d, 0x13, 0x0d, 0x0d, 0x0d, 0x0b, 0x18, 0x0d, 0x0d, 0x0b, 0x0d, 0x0d, 0x18, 
0x0d, 0x0d, 0x0d, 0x0d, 0x0d, 0x46, 0x13, 0x13, 0x65, 0x65, 0x0d, 0x0d, 0x0d, 0x0d, 0xc0, 0x17, 0x0c, 0x0d, 0x0d, 0x0d, 
0x90, 0x01, 0x3e, 0xfa, 0x09, 0x02, 0xe6, 0x03, 0x39, 0xe3, 0x08, 0xc4, 0x2d, 0x02, 0xbb, 0x04, 0x0c, 0xcf, 0x16, 0x06, 
0x00, 0x00, 0x00, 0x3e, 0x85, 0x1e, 0x01, 0x1d, 0x39, 0x9a, 0x05, 0xd0, 0x33, 0x01, 0xbb, 0x04, 0x0d, 0x9d, 0x2f, 0x00, 
0x00, 0x00, 0xbf, 0xbb, 0x04, 0x0d, 0xed, 0x0a, 0x00, 0x00, 0x00, 0x3f, 0xbb, 0x04, 0x0d, 0xac, 0x10, 0x00, 0x00, 0x00, 
0x20, 0x94, 0x02, 0x91, 0x14, 0xbb, 0x04, 0x0d, 0x86, 0x28, 0x00, 0x00, 0x00, 0x00, 0xbb, 0x04, 0x0d, 0xe1, 0x1e, 0x00, 
0x00, 0x00, 0xa0, 0xbb, 0x04, 0x0d, 0xa1, 0x07, 0x00, 0x00, 0x80, 0x3f, 0x3e, 0x8c, 0x08, 0x01, 0x13, 0x39, 0x90, 0x05, 
0xfe, 0x50, 0x01, 0x3e, 0x89, 0x51, 0x01, 0x0d, 0xec, 0x04, 0x1d, 0xe0, 0x23, 0xdc, 0x05, 0xdc, 0x05, 0xdc, 0x05, 0xdc, 
0x05, 0xec, 0x04, 0x1d, 0xcd, 0x17, 0x92, 0x14, 0xf1, 0x11, 0xf1, 0x11, 0xf1, 0x11, 0xec, 0x04, 0x1d, 0x82, 0x09, 0xef, 
0x08, 0x94, 0x1d, 0xef, 0x08, 0xef, 0x08, 0xec, 0x04, 0x1d, 0xa7, 0x10, 0x97, 0x19, 0x97, 0x19, 0xec, 0x0c, 0x97, 0x19, 
0xec, 0x04, 0x1d, 0xde, 0x1e, 0xc6, 0x05, 0xc6, 0x05, 0xc6, 0x05, 0xca, 0x2b, 0xec, 0x04, 0x65, 0xdb, 0x23, 0xa3, 0x0c, 
0xa5, 0x15, 0xfd, 0x04, 0xdb, 0x23, 0xbb, 0x04, 0x0d, 0xcf, 0x09, 0x00, 0x00, 0x00, 0x40, 0x3e, 0xe0, 0x09, 0x03, 0x0c, 
0x39, 0x89, 0x05, 0x86, 0x2a, 0x03, 0x3e, 0x81, 0x2a, 0x01, 0x0c, 0x39, 0x8b, 0x05, 0xca, 0x3c, 0x01, 0x3e, 0xbd, 0x3c, 
0x03, 0x13, 0x39, 0x91, 0x05, 0xe6, 0x45, 0x03, 0x3e, 0xd1, 0x45, 0x03, 0x1d, 0x39, 0x9b, 0x05, 0xa4, 0x25, 0x03, 0x39, 
0x9b, 0x05, 0xfc, 0x14, 0x03, 0x3e, 0xbd, 0x3a, 0x03, 0x0d, 0x39, 0x9b, 0x05, 0x9a, 0x2d, 0x03, 0xbe, 0x02, 0xa1, 0x27, 
0x1d, 0x0d, 0x3e, 0xfa, 0x09, 0x03, 0x88, 0x08, 0x39, 0x85, 0x0d, 0xfa, 0x32, 0x03, 0xcc, 0x04, 0x13, 0x83, 0x41, 0xec, 
0x09, 0xec, 0x09, 0xc6, 0x06, 0x08, 0xbe, 0x4c, 0x00, 0x82, 0x0a, 0x18, 0xa6, 0xa8, 0x02, 0x01, 0x0c, 0x99, 0x3f, 0xea, 
0xfa, 0x01, 0x22, 0xb2, 0x8d, 0x02, 0x00, 0x01, 0x0c, 0xef, 0x9c, 0x01, 0xc2, 0x70, 0x33, 0xe2, 0x05, 0xec, 0xa2, 0x01, 
0xda, 0x19, 0x8b, 0x14, 0xad, 0x52, 0x8b, 0x14, 0x01, 0x65, 0xca, 0x16, 0xca, 0x16, 0x13, 0x8a, 0x05, 0x9b, 0x23, 0xcf, 
0x2d, 0x8a, 0x14, 0x01, 0x0d, 0x9e, 0x23, 0x9e, 0x23, 0x13, 0x8a, 0x05, 0xd1, 0x0f, 0xcf, 0x2d, 0x8d, 0x14, 0x01, 0x0d, 
0x91, 0x9d, 0x01, 0x91, 0x9d, 0x01, 0xc3, 0x10, 0x0d, 0xe8, 0xb1, 0x01, 0x82, 0xe1, 0x02, 0xe8, 0xb1, 0x01, 0xc0, 0x0a, 
0x13, 0xe5, 0xe8, 0x01, 0xe1, 0xe3, 0x01, 0xe5, 0xe8, 0x01, 0x13, 0xe2, 0x05, 0xa8, 0x89, 0x01, 0xc5, 0x1f, 0x9d, 0x14, 
0x01, 0x65, 0xd9, 0x66, 0xd9, 0x66, 0x01, 0x1d, 0x92, 0x28, 0x8c, 0x87, 0x01, 0xc1, 0x0a, 0x0d, 0xcd, 0x46, 0xcd, 0x46, 
0x02, 0x4a, 0x0d, 0xb2, 0xcf, 0x01, 0xb2, 0xcf, 0x01, 0x8e, 0xbf, 0x02, 0x4b, 0x0d, 0x89, 0x08, 0x89, 0x08, 0xf2, 0xc1, 
0x02, 0xd2, 0x0a, 0x1d, 0xf9, 0xa2, 0x01, 0xf9, 0xa2, 0x01, 0x9f, 0x22, 0x02, 0xc1, 0x12, 0x1d, 0xcc, 0x52, 0xbe, 0x58, 
0xcc, 0x52, 0xc1, 0x0a, 0x0d, 0xc5, 0x18, 0xc5, 0x18, 0x03, 0x5c, 0x0d, 0xdb, 0x79, 0x01, 0x04, 0xbb, 0x6e, 0xc8, 0x16, 
0x09, 0x8e, 0x3e, 0x8e, 0x3e, 0x84, 0x8d, 0x01, 0xa7, 0x1e, 0xdf, 0x83, 0x01, 0x00, 0xba, 0x1e, 0x00, 0xc9, 0x24, 0xdf, 
0x83, 0x01, 0x18, 0xca, 0x24, 0xc8, 0x16, 0x09, 0xe7, 0x27, 0xeb, 0x3e, 0xf2, 0x75, 0xd9, 0x14, 0x0d, 0xac, 0x44, 0xac, 
0x44, 0x80, 0xd9, 0x01, 0x92, 0xce, 0x01, 0xd2, 0x0a, 0x1d, 0x81, 0x4f, 0x81, 0x4f, 0x87, 0x62, 0x03, 0x99, 0x1e, 0xd3, 
0x91, 0x01, 0x18, 0xd4, 0x91, 0x01, 0xe5, 0x1e, 0x1d, 0xbd, 0x05, 0x5e, 0x3d, 0x00, 0x00, 0x32, 0x60, 0x00, 0x00, 0xda, 
0x24, 0x00, 0x00, 0x79, 0x31, 0x00, 0x00, 0xc1, 0x0a, 0x0d, 0xf5, 0x39, 0xf5, 0x39, 0x03, 0xc8, 0x10, 0x0d, 0x9e, 0x56, 
0xde, 0xb9, 0x02, 0x9e, 0x56, 0xce, 0x10, 0x1d, 0xbe, 0x07, 0xe6, 0x23, 0xbe, 0x07, 0xe0, 0x0a, 0xc9, 0x0c, 0xad, 0x61, 
0xd2, 0x67, 0x8e, 0xb4, 0x01, 0xad, 0x61, 0x80, 0xd8, 0x01, 0xc1, 0x0a, 0x13, 0xf0, 0x09, 0xf0, 0x09, 0x00, 0xc1, 0x0a, 
0x1d, 0x92, 0x7c, 0x82, 0x86, 0x01, 0x02, 0x3d, 0x18, 0xd8, 0x0f, 0xcc, 0xb2, 0x01, 0xcc, 0xb2, 0x01, 0x18, 0xc1, 0x0a, 
0x0d, 0x91, 0xe6, 0x01, 0x91, 0xe6, 0x01, 0x00, 0xc1, 0x0a, 0x1d, 0x80, 0x52, 0xc5, 0x7a, 0x00, 0xce, 0x10, 0x1d, 0xec, 
0x1b, 0xec, 0x1b, 0xec, 0x6d, 0xc1, 0x0a, 0x0d, 0xbe, 0x14, 0xe7, 0x63, 0x01, 0xc1, 0x0a, 0x1d, 0xe4, 0x59, 0xc8, 0x0f, 
0x01, 0xce, 0x10, 0x1d, 0x9f, 0x6e, 0x9f, 0x6e, 0xbb, 0x14, 0xc1, 0x0a, 0x0d, 0xbe, 0x14, 0xe5, 0x63, 0x02, 0xc1, 0x0a, 
0x1d, 0xe4, 0x59, 0xca, 0x0f, 0x02, 0xce, 0x10, 0x1d, 0x83, 0x60, 0x83, 0x60, 0x9f, 0x06, 0xc1, 0x0a, 0x1d, 0xaf, 0x7f, 
0xe9, 0xcf, 0x01, 0x03, 0x4b, 0x1d, 0xdc, 0x57, 0xd3, 0x27, 0xdc, 0x57, 0x4b, 0x1d, 0xbc, 0x3d, 0x86, 0x24, 0xbc, 0x3d, 
0x4b, 0x1d, 0xdf, 0x19, 0xa8, 0x0a, 0xdf, 0x19, 0x23, 0xe2, 0x05, 0xe7, 0x72, 0xc5, 0x1f, 0x9a, 0x14, 0x8b, 0x14, 0x01, 
0x65, 0xd6, 0x9d, 0x01, 0xd6, 0x9d, 0x01, 0xc1, 0x12, 0x1d, 0xdd, 0x69, 0xdd, 0x69, 0xef, 0x3e, 0xce, 0x10, 0x13, 0xb3, 
0x06, 0xb7, 0x27, 0x88, 0xc4, 0x01, 0xc3, 0x10, 0x13, 0xc0, 0x12, 0xc0, 0x12, 0xfa, 0xca, 0x01, 0xc1, 0x0a, 0x0d, 0x85, 
0x5f, 0x85, 0x5f, 0x00, 0xc1, 0x0a, 0x0d, 0x8e, 0x80, 0x01, 0x88, 0x21, 0x01, 0xe0, 0x0a, 0x1d, 0x27, 0xe6, 0x7f, 0x27, 
0xc2, 0xcf, 0x01, 0xc6, 0xf5, 0x01, 0xc1, 0x0a, 0x0d, 0x8f, 0x7c, 0x8f, 0x7c, 0x00, 0xc1, 0x0a, 0x0d, 0x86, 0xe7, 0x01, 
0xf6, 0x6a, 0x01, 0xc1, 0x0a, 0x0d, 0x9d, 0xeb, 0x01, 0xa7, 0x80, 0x01, 0x02, 0xc1, 0x0a, 0x0d, 0xda, 0x02, 0xcd, 0x7d, 
0x03, 0xe0, 0x0a, 0x1d, 0x82, 0x80, 0x01, 0xc4, 0x7e, 0xc1, 0x68, 0xdc, 0x82, 0x01, 0x82, 0x80, 0x01, 0xe0, 0x0a, 0x65, 
0x98, 0x04, 0xb2, 0xd0, 0x01, 0xb2, 0xd0, 0x01, 0xb2, 0xd0, 0x01, 0x98, 0x04, 0xe0, 0x0a, 0xc9, 0x0c, 0x92, 0x23, 0xc6, 
0x35, 0xca, 0x56, 0xcb, 0x46, 0x92, 0x23, 0xc1, 0x0a, 0x13, 0x81, 0x80, 0x01, 0x81, 0x80, 0x01, 0x00, 0xc1, 0x0a, 0x1d, 
0xc8, 0xbb, 0x01, 0xc6, 0x3b, 0x01, 0xc1, 0x0a, 0x1d, 0xc9, 0xb7, 0x01, 0x83, 0x7c, 0x02, 0x22, 0xac, 0x55, 0xfe, 0x03, 
0x22, 0xda, 0x75, 0xc9, 0xb7, 0x01, 0x3d, 0x18, 0xfe, 0x2e, 0xfe, 0x2e, 0xfe, 0x2e, 0x18, 0x13, 0x8c, 0x05, 0xb3, 0x73, 
0xab, 0x22, 0x8a, 0x14, 0xc1, 0x0a, 0x0d, 0x86, 0x6f, 0xad, 0x04, 0x00, 0x22, 0x86, 0x6f, 0x00, 0x13, 0x8c, 0x05, 0xf0, 
0x2f, 0xab, 0x22, 0x8d, 0x14, 0xc1, 0x0a, 0x0d, 0xef, 0x09, 0xd2, 0x21, 0x01, 0x22, 0xef, 0x09, 0x00, 0x13, 0x8c, 0x05, 
0xf2, 0x09, 0xab, 0x22, 0x90, 0x14, 0xc1, 0x0a, 0x0d, 0x91, 0x05, 0xb2, 0x26, 0x02, 0x22, 0x91, 0x05, 0x00, 0xc1, 0x0a, 
0x65, 0xcb, 0x7c, 0x9f, 0xa3, 0x01, 0x03, 0xc1, 0x12, 0x1d, 0xb4, 0x47, 0xb4, 0x47, 0x3c, 0xc1, 0x0a, 0x0d, 0xe3, 0x4d, 
0xe3, 0x4d, 0x02, 0x4a, 0x0d, 0xc2, 0xa7, 0x01, 0xc2, 0xa7, 0x01, 0xc4, 0x90, 0x02, 0x4b, 0x0d, 0xee, 0x0d, 0xee, 0x0d, 
0xa0, 0xa9, 0x02, 0xd2, 0x0a, 0x1d, 0x86, 0x56, 0x86, 0x56, 0xd2, 0xbd, 0x01, 0x02, 0x22, 0xec, 0xcb, 0x02, 0x00, 0xc1, 
0x0a, 0x0d, 0xf7, 0xf9, 0x01, 0xf7, 0xf9, 0x01, 0x01, 0x3f, 0x0d, 0xe6, 0xff, 0x01, 0xe6, 0xff, 0x01, 0xd2, 0x0a, 0x1d, 
0xe1, 0x3d, 0xe1, 0x3d, 0xf3, 0x37, 0x01, 0x13, 0x9b, 0x05, 0xc3, 0x4b, 0xc2, 0x26, 0x8b, 0x14, 0x22, 0x00, 0xc3, 0x4b, 
0x8d, 0x1e, 0x88, 0x06, 0x0b, 0x04, 0x00, 0x00, 0x00, 0x00, 0x00, 0x00, 0x4c, 0x4f, 0x4d, 0x53, 0x00, 0x03, 0x01, 0x00, 
0x0b, 0x00, 0x08, 0x00, 0xf2, 0x61, 0x00, 0x00, 0x00, 0x00, 0x00, 0x00, 0x5c, 0x09, 0x00, 0x00, 0x91, 0x02, 0x01, 0x91, 
0x02, 0x32, 0xd1, 0x10, 0x02, 0x47, 0x4c, 0x53, 0x4c, 0x2e, 0x73, 0x74, 0x64, 0x2e, 0x34, 0x35, 0x30, 0x00, 0x00, 0x00, 
0x00, 0xa0, 0x04, 0x00, 0x01, 0xef, 0x0e, 0x04, 0x9f, 0x2c, 0xed, 0xc2, 0xa5, 0xf3, 0x06, 0x00, 0xed, 0x17, 0xbf, 0x1c, 
0xa0, 0x02, 0x9f, 0x2c, 0x07, 0x37, 0xe6, 0x13, 0x06, 0x00, 0x00, 0x01, 0x00, 0x01, 0x00, 0x01, 0x00, 0x01, 0x00, 0x01, 
0x00, 0x10, 0xf4, 0x1b, 0x1e, 0x00, 0x00, 0x85, 0x20, 0x02, 0x47, 0x00, 0x03, 0x00, 0x23, 0x00, 0x01, 0x23, 0x04, 0x01, 
0x23, 0x04, 0x10, 0xf0, 0x2e, 0x21, 0x00, 0x10, 0x00, 0x22, 0x02, 0x00, 0x88, 0x01, 0x00, 0x10, 0x00, 0x21, 0x02, 0x10, 
0x00, 0x22, 0x02, 0x10, 0xc0, 0x08, 0x21, 0x01, 0x10, 0x00, 0x22, 0x02, 0x00, 0x8d, 0x0f, 0x00, 0x10, 0x00, 0x1e, 0x00, 
0x00, 0xe4, 0xab, 0x01, 0x00, 0x00, 0xb7, 0x12, 0x00, 0x00, 0xd7, 0x51, 0x00, 0x00, 0xea, 0x56, 0x00, 0x00, 0x3b, 0x00, 
0x00, 0xe2, 0xb0, 0x01, 0x00, 0x00, 0xc1, 0x49, 0x00, 0x00, 0xa1, 0xaf, 0x01, 0x00, 0x00, 0xd0, 0x4d, 0x00, 0x00, 0xb2, 
0x05, 0x00, 0x00, 0xb2, 0x65, 0x00, 0x00, 0xb7, 0x35, 0x00, 0x93, 0x02, 0x0e, 0xa1, 0x04, 0xf4, 0x13, 0x08, 0xa6, 0x02, 
0xe9, 0x13, 0x20, 0xb7, 0x02, 0x0c, 0x0d, 0x02, 0x94, 0x02, 0x13, 0xb7, 0x02, 0x28, 0x0d, 0x04, 0xb7, 0x02, 0x09, 0x0d, 
0x03, 0xfe, 0x02, 0xb6, 0x13, 0x1d, 0x1d, 0x0d, 0x0d, 0x0d, 0x18, 0xb5, 0x02, 0xcd, 0x13, 0x20, 0x01, 0xb5, 0x02, 0x01, 
0x20, 0x00, 0xbb, 0x04, 0x0c, 0x80, 0x28, 0x00, 0x00, 0x00, 0x00, 0xbb, 0x04, 0x0c, 0x06, 0x01, 0x00, 0x00, 0x00, 0xbb, 
0x04, 0x0b, 0x07, 0x00, 0x00, 0x00, 0x00, 0xbb, 0x04, 0x0d, 0xff, 0x25, 0x00, 0x00, 0x80, 0x3f, 0xbb, 0x04, 0x0b, 0x92, 
0x26, 0x03, 0x00, 0x00, 0x00, 0xbb, 0x04, 0x0d, 0x0d, 0x00, 0x00, 0x00, 0x00, 0x3e, 0xe3, 0x1d, 0x01, 0x1d, 0xbb, 0x04, 
0x0d, 0xbb, 0x06, 0x00, 0x00, 0x00, 0x3f, 0x3e, 0x9c, 0x06, 0x01, 0x0d, 0x39, 0x9a, 0x05, 0xc6, 0x25, 0x01, 0xce, 0x02, 
0x85, 0x20, 0x0b, 0x0b, 0x0b, 0x3e, 0xfa, 0x09, 0x02, 0xea, 0x07, 0x39, 0xe7, 0x0c, 0xf6, 0x24, 0x02, 0x3e, 0xb3, 0x34, 
0x02, 0x0b, 0x89, 0x03, 0xe3, 0x07, 0x0d, 0x01, 0x00, 0x00, 0x00, 0x01, 0x00, 0xab, 0x02, 0xd0, 0x05, 0x96, 0x01, 0x3e, 
0xfa, 0x09, 0x00, 0xfe, 0x03, 0x39, 0xfb, 0x08, 0xd6, 0x2d, 0x00, 0xbb, 0x04, 0x0d, 0xc5, 0x31, 0x17, 0xb7, 0xd1, 0x38, 
0xbb, 0x04, 0x0d, 0xa5, 0x0d, 0x6f, 0x12, 0x83, 0x3a, 0xec, 0x04, 0x1d, 0x94, 0x2d, 0xdc, 0x05, 0xdc, 0x05, 0xdc, 0x05, 
0xdc, 0x05, 0x39, 0xfb, 0x08, 0x98, 0x1a, 0x00, 0x3e, 0xd5, 0x3d, 0x03, 0x1d, 0x39, 0x9b, 0x05, 0xc8, 0x2e, 0x03, 0xad, 
0x06, 0x1d, 0xf9, 0x38, 0xad, 0x06, 0x0d, 0x02, 0xad, 0x06, 0x18, 0x02, 0xdc, 0x04, 0x18, 0xce, 0x0e, 0xde, 0x0a, 0xde, 
0x0a, 0xde, 0x0a, 0xc6, 0x06, 0x08, 0xe8, 0x49, 0x00, 0x82, 0x0a, 0x18, 0xac, 0xad, 0x02, 0x01, 0x1d, 0x81, 0x71, 0x8e, 
0xe5, 0x01, 0x3d, 0x18, 0xc2, 0x3e, 0xc2, 0x3e, 0xc2, 0x3e, 0x18, 0x13, 0x8a, 0x05, 0x80, 0x34, 0xed, 0x17, 0x93, 0x14, 
0x01, 0x0d, 0xc3, 0xe7, 0x01, 0xc3, 0xe7, 0x01, 0xd0, 0x0a, 0x18, 0xf2, 0x8c, 0x01, 0xf2, 0x8c, 0x01, 0xf2, 0x8c, 0x01, 
0xf2, 0x8c, 0x01, 0xc8, 0x10, 0x18, 0x91, 0x46, 0xe3, 0x6c, 0x91, 0x46, 0xce, 0x10, 0x18, 0xe3, 0x01, 0xe3, 0x01, 0xea, 
0xe0, 0x01, 0x4b, 0x18, 0xb7, 0x12, 0xb7, 0x12, 0xd4, 0xc3, 0x01, 0xc1, 0x0a, 0x0d, 0xd7, 0x51, 0xf3, 0x65, 0x02, 0x2d, 
0x13, 0xea, 0x56, 0x92, 0x05, 0x92, 0x05, 0x10, 0x13, 0x88, 0x05, 0xed, 0x2c, 0xa2, 0x1f, 0x8b, 0x14, 0x01, 0x0b, 0x92, 
0x4a, 0x92, 0x4a, 0xcb, 0x14, 0x09, 0xfd, 0x2a, 0xfd, 0x2a, 0xce, 0xa1, 0x01, 0xa7, 0x1e, 0x93, 0x3c, 0x00, 0xba, 0x1e, 
0x00, 0xc8, 0x31, 0x93, 0x3c, 0x18, 0xc7, 0x31, 0xc1, 0x0a, 0x0d, 0xc0, 0x87, 0x01, 0x9e, 0x48, 0x00, 0xc1, 0x0a, 0x0d, 
0xb4, 0x23, 0xd2, 0x6b, 0x01, 0xc3, 0x10, 0x0d, 0xed, 0x60, 0x8c, 0xe0, 0x01, 0xed, 0x60, 0xc0, 0x0a, 0x13, 0xbe, 0x64, 
0x84, 0x27, 0xbe, 0x64, 0x99, 0x1e, 0xe8, 0x40, 0x18, 0xe7, 0x40, 0xe5, 0x1e, 0x13, 0xbc, 0x41, 0xde, 0x35, 0x00, 0x00, 
0x75, 0x61, 0x00, 0x00, 0xaf, 0x51, 0x00, 0x00, 0x0d, 0x26, 0x00, 0x00, 0x01, 0xfe, 0x03, 0xb1, 0x70, 0xb4, 0x97, 0x01, 
0xe8, 0x0a, 0x1d, 0xe2, 0xb0, 0x01, 0xe2, 0xb0, 0x01, 0xb0, 0x40, 0x02, 0x8c, 0x14, 0x13, 0x88, 0x05, 0x9b, 0xd2, 0x01, 
0xa2, 0x1f, 0x8e, 0x14, 0x01, 0x0b, 0xa4, 0x19, 0xa4, 0x19, 0xcb, 0x14, 0x09, 0x85, 0x05, 0x85, 0x05, 0xd0, 0xa1, 0x01, 
0xa7, 0x1e, 0x85, 0x83, 0x01, 0x00, 0xba, 0x1e, 0x00, 0x80, 0x13, 0x85, 0x83, 0x01, 0x18, 0xff, 0x12, 0xc1, 0x0a, 0x0d, 
0xbc, 0x87, 0x01, 0xc1, 0x49, 0x00, 0xc8, 0x16, 0x09, 0xe1, 0xdc, 0x01, 0xe1, 0xdc, 0x01, 0xb8, 0x53, 0xb8, 0x14, 0x09, 
0xb6, 0x89, 0x02, 0xb6, 0x89, 0x02, 0xa7, 0x1e, 0x98, 0x75, 0x00, 0xba, 0x1e, 0x00, 0xa6, 0x44, 0x98, 0x75, 0x18, 0xa5, 
0x44, 0xc3, 0x10, 0x0d, 0xcf, 0x97, 0x01, 0xac, 0x0e, 0xa1, 0xaf, 0x01, 0x5c, 0x0d, 0xd0, 0x4d, 0x01, 0x04, 0xbf, 0x47, 
0xca, 0x16, 0x09, 0xa4, 0x66, 0xa4, 0x66, 0x92, 0xc2, 0x02, 0x99, 0x1e, 0x96, 0x4d, 0x18, 0x95, 0x4d, 0xe5, 0x1e, 0x09, 
0x83, 0x51, 0x5f, 0x18, 0x00, 0x00, 0xb2, 0x2d, 0x00, 0x00, 0xb9, 0x50, 0x00, 0x00, 0xa7, 0x49, 0x00, 0x00, 0x99, 0x1e, 
0x91, 0xa8, 0x01, 0x18, 0x92, 0xa8, 0x01, 0xe5, 0x1e, 0x09, 0x91, 0xa2, 0x01, 0x72, 0x32, 0x00, 0x00, 0x7b, 0x41, 0x00, 
0x00, 0x2c, 0x29, 0x00, 0x00, 0x6e, 0x3d, 0x00, 0x00, 0xa7, 0x1e, 0xe5, 0x60, 0x00, 0xba, 0x1e, 0x00, 0xf7, 0xac, 0x01, 
0xc1, 0x66, 0x18, 0xf8, 0xac, 0x01, 0x99, 0x1e, 0x92, 0x4c, 0x18, 0xb5, 0x46, 0x01, 0xfe, 0x03, 0x85, 0x54, 0x88, 0x75, 
0xc1, 0x0a, 0x0d, 0xd4, 0xa9, 0x01, 0xac, 0x8f, 0x01, 0x00, 0xc1, 0x0a, 0x0d, 0xeb, 0x7e, 0xc0, 0x10, 0x01, 0xc3, 0x10, 
0x0d, 0xc1, 0x35, 0xa6, 0xb0, 0x01, 0xc1, 0x35, 0xc0, 0x0a, 0x13, 0x97, 0x0c, 0xc5, 0xc0, 0x01, 0x97, 0x0c, 0xe8, 0x0a, 
0x1d, 0xe3, 0x19, 0xd5, 0x30, 0xe3, 0x19, 0x02, 0x8c, 0x14, 0x99, 0x1e, 0xff, 0x7e, 0x18, 0x80, 0x7f, 0xe5, 0x1e, 0x1d, 
0xbc, 0x06, 0x7a, 0x0b, 0x00, 0x00, 0xe8, 0x55, 0x00, 0x00, 0x1f, 0x23, 0x00, 0x00, 0x4d, 0x44, 0x00, 0x00, 0x80, 0x0b, 
0xf3, 0x09, 0xff, 0x53, 0xff, 0x53, 0xf6, 0xbd, 0x01, 0xf4, 0xbd, 0x01, 0xf4, 0xbd, 0x01, 0xf4, 0xbd, 0x01, 0xf2, 0xbd, 
0x01, 0xc1, 0x0a, 0x1d, 0x91, 0x0a, 0x91, 0x0a, 0x00, 0x80, 0x0b, 0xf3, 0x09, 0x65, 0x65, 0xfe, 0xb2, 0x01, 0xfc, 0xb2, 
0x01, 0xfc, 0xb2, 0x01, 0xfc, 0xb2, 0x01, 0xfa, 0xb2, 0x01, 0xc1, 0x0a, 0x1d, 0xfe, 0x2e, 0xfe, 0x2e, 0x00, 0x22, 0x82, 
0xa9, 0x01, 0x00, 0x8d, 0x1e, 0x88, 0x06, 0x00, 0x00, 0x00, 0x00, 0x00, 0x76, 0x17, 0x00, 0x00, 0x00, 0x00, 0x00, 0x00, 
0x4c, 0x4f, 0x4d, 0x53, 0x00, 0x03, 0x01, 0x00, 0x0b, 0x00, 0x08, 0x00, 0x63, 0x62, 0x00, 0x00, 0x00, 0x00, 0x00, 0x00, 
0x4c, 0x3c, 0x00, 0x00, 0x91, 0x02, 0x01, 0xd1, 0x10, 0x02, 0x47, 0x4c, 0x53, 0x4c, 0x2e, 0x73, 0x74, 0x64, 0x2e, 0x34, 
0x35, 0x30, 0x00, 0x00, 0x00, 0x00, 0xa0, 0x04, 0x00, 0x01, 0x8f, 0x8e, 0x40, 0x00, 0x9f, 0x2c, 0xed, 0xc2, 0xa5, 0xf3, 
0x06, 0x00, 0xa9, 0x20, 0x82, 0x1f, 0xaf, 0x2e, 0x93, 0x2d, 0xcf, 0x2d, 0x8c, 0x1a, 0xb0, 0x23, 0x84, 0x28, 0xed, 0x17, 
0xab, 0x22, 0xd9, 0x1b, 0xc2, 0x26, 0x10, 0xb8, 0x28, 0x06, 0x10, 0x37, 0xdd, 0x18, 0x0b, 0x00, 0x05, 0x00, 0x07, 0x01, 
0x10, 0x00, 0x23, 0x00, 0x01, 0x05, 0x00, 0x07, 0x01, 0x10, 0x00, 0x23, 0x40, 0x01, 0x23, 0x30, 0x01, 0x23, 0x04, 0x01, 
0x23, 0x04, 0x01, 0x23, 0x04, 0x01, 0x23, 0x04, 0x10, 0xec, 0x3e, 0x01, 0x01, 0x10, 0x95, 0x22, 0x06, 0x80, 0x02, 0x00, 
0xdd, 0x22, 0x02, 0x47, 0x00, 0x01, 0x00, 0x23, 0x00, 0x10, 0xe2, 0x29, 0x21, 0x00, 0x10, 0x00, 0x22, 0x01, 0x10, 0x99, 
0x1c, 0x06, 0x40, 0x10, 0x02, 0x06, 0x40, 0x10, 0xde, 0x14, 0x06, 0x10, 0x10, 0x8d, 0x25, 0x06, 0x10, 0x10, 0xa6, 0x02, 
0x06, 0x10, 0x00, 0xb2, 0x1d, 0x02, 0x37, 0x00, 0x94, 0x00, 0x05, 0x00, 0x07, 0x01, 0x10, 0x00, 0x23, 0x00, 0x01, 0x05, 
0x00, 0x07, 0x01, 0x10, 0x00, 0x23, 0x40, 0x01, 0x05, 0x00, 0x07, 0x01, 0x10, 0x00, 0x23, 0x40, 0x01, 0x05, 0x00, 0x07, 
0x01, 0x10, 0x00, 0x23, 0x40, 0x01, 0x05, 0x00, 0x07, 0x01, 0x10, 0x00, 0x23, 0x40, 0x01, 0x05, 0x00, 0x07, 0x01, 0x10, 
0x00, 0x23, 0x80, 0x02, 0x01, 0x05, 0x00, 0x07, 0x01, 0x10, 0x00, 0x23, 0x80, 0x02, 0x01, 0x05, 0x00, 0x07, 0x01, 0x10, 
0x00, 0x23, 0x40, 0x01, 0x23, 0x40, 0x01, 0x23, 0x10, 0x01, 0x23, 0x08, 0x01, 0x23, 0x04, 0x01, 0x23, 0x04, 0x01, 0x23, 
0x10, 0x01, 0x23, 0x10, 0x01, 0x23, 0x08, 0x01, 0x00, 0x00, 0x23, 0x08, 0x01, 0x00, 0x00, 0x23, 0x04, 0x01, 0x00, 0x00, 
0x23, 0x04, 0x01, 0x23, 0x08, 0x01, 0x23, 0x04, 0x01, 0x23, 0x04, 0x01, 0x23, 0x04, 0x01, 0x00, 0x00, 0x23, 0x04, 0x01, 
0x00, 0x00, 0x23, 0x04, 0x01, 0x00, 0x00, 0x23, 0x04, 0x01, 0x00, 0x00, 0x23, 0x04, 0x01, 0x00, 0x00, 0x23, 0x04, 0x01, 
0x00, 0x00, 0x23, 0x10, 0x01, 0x00, 0x00, 0x23, 0x0c, 0x01, 0x00, 0x00, 0x23, 0x04, 0x01, 0x00, 0x00, 0x23, 0x08, 0x01, 
0x00, 0x00, 0x23, 0x04, 0x01, 0x00, 0x00, 0x23, 0x04, 0x01, 0x00, 0x00, 0x23, 0x04, 0x01, 0x00, 0x00, 0x23, 0x04, 0x01, 
0x00, 0x00, 0x23, 0x04, 0x01, 0x00, 0x00, 0x23, 0x04, 0x01, 0x23, 0x90, 0x01, 0x01, 0x00, 0x00, 0x23, 0x0c, 0x01, 0x00, 
0x00, 0x23, 0x04, 0x01, 0x00, 0x00, 0x23, 0x10, 0x01, 0x23, 0x10, 0x01, 0x00, 0x00, 0x23, 0x08, 0x01, 0x00, 0x00, 0x23, 
0x04, 0x01, 0x23, 0x04, 0x01, 0x00, 0x00, 0x23, 0x08, 0x01, 0x00, 0x00, 0x23, 0x04, 0x01, 0x23, 0x04, 0x01, 0x00, 0x00, 
0x23, 0x10, 0x01, 0x00, 0x00, 0x23, 0x04, 0x01, 0x23, 0x04, 0x01, 0x00, 0x00, 0x23, 0x08, 0x01, 0x23, 0x04, 0x01, 0x00, 
0x00, 0x23, 0x04, 0x01, 0x00, 0x00, 0x23, 0x04, 0x01, 0x23, 0x04, 0x01, 0x23, 0x0c, 0x01, 0x00, 0x00, 0x23, 0x04, 0x01, 
0x23, 0x04, 0x01, 0x23, 0x04, 0x01, 0x23, 0x04, 0x01, 0x00, 0x00, 0x23, 0x04, 0x01, 0x00, 0x00, 0x23, 0x0c, 0x01, 0x23, 
0x04, 0x01, 0x00, 0x00, 0x23, 0x04, 0x01, 0x23, 0x04, 0x01, 0x23, 0x04, 0x01, 0x05, 0x00, 0x07, 0x01, 0x10, 0x00, 0x23, 
0x04, 0x01, 0x23, 0x30, 0x01, 0x23, 0x08, 0x01, 0x05, 0x00, 0x07, 0x01, 0x10, 0x00, 0x23, 0x08, 0x01, 0x05, 0x00, 0x07, 
0x01, 0x10, 0x00, 0x23, 0x40, 0x01, 0x00, 0x00, 0x23, 0x40, 0x01, 0x00, 0x00, 0x23, 0x04, 0x01, 0x00, 0x00, 0x23, 0x04, 
0x01, 0x00, 0x00, 0x23, 0x04, 0x01, 0x23, 0x04, 0x01, 0x00, 0x00, 0x23, 0x40, 0x01, 0x00, 0x00, 0x23, 0x04, 0x01, 0x00, 
0x00, 0x23, 0x04, 0x01, 0x00, 0x00, 0x23, 0x04, 0x01, 0x00, 0x00, 0x23, 0x04, 0x10, 0xc6, 0x18, 0x21, 0x00, 0x10, 0x00, 
0x22, 0x00, 0x10, 0xc8, 0x01, 0x0b, 0x2a, 0x37, 0x8b, 0x2e, 0x05, 0x00, 0x05, 0x00, 0x07, 0x01, 0x10, 0x00, 0x23, 0x00, 
0x01, 0x23, 0x30, 0x01, 0x23, 0x0c, 0x10, 0x86, 0x0e, 0x06, 0x40, 0x00, 0x44, 0x02, 0x47, 0x00, 0x01, 0x00, 0x23, 0x00, 
0x10, 0xf8, 0x15, 0x21, 0x01, 0x10, 0x00, 0x22, 0x01, 0x10, 0xb6, 0x0f, 0x21, 0x05, 0x10, 0x00, 0x22, 0x01, 0x00, 0x8f, 
0x37, 0x02, 0x47, 0x00, 0x01, 0x00, 0x23, 0x00, 0x10, 0xfc, 0x02, 0x06, 0x10, 0x00, 0xdd, 0x0d, 0x02, 0x37, 0x00, 0x02, 
0x00, 0x00, 0x00, 0x23, 0x00, 0x10, 0xde, 0x3a, 0x21, 0x02, 0x10, 0x00, 0x22, 0x01, 0x10, 0xcb, 0x02, 0x21, 0x03, 0x10, 
0x00, 0x22, 0x01, 0x10, 0xa6, 0x01, 0x1e, 0x00, 0x10, 0xda, 0x1e, 0x1e, 0x05, 0x10, 0xb7, 0x02, 0x1e, 0x06, 0x10, 0x78, 
0x1e, 0x03, 0x00, 0x85, 0x27, 0x0e, 0x10, 0x00, 0x1e, 0x0a, 0x10, 0xc8, 0x12, 0x0b, 0x2b, 0x10, 0xa8, 0x09, 0x1e, 0x05, 
0x10, 0xad, 0x20, 0x1e, 0x00, 0x10, 0xfc, 0x14, 0x1e, 0x06, 0x10, 0xa3, 0x0d, 0x1e, 0x09, 0x00, 0xa1, 0x27, 0x02, 0x47, 
0x00, 0x02, 0x00, 0x0b, 0x01, 0x00, 0x01, 0x0b, 0x01, 0x01, 0x00, 0xa4, 0x86, 0x02, 0x00, 0x00, 0x02, 0x00, 0x00, 0x02, 
0x00, 0x93, 0x02, 0x0e, 0xa1, 0x04, 0xf4, 0x13, 0x08, 0xa6, 0x02, 0xe9, 0x13, 0x20, 0xb7, 0x02, 0x20, 0x0d, 0x04, 0xb8, 
0x02, 0x90, 0x01, 0x1d, 0x04, 0xb7, 0x02, 0x99, 0x01, 0x0d, 0x03, 0xb5, 0x02, 0x17, 0x20, 0x01, 0x3e, 0x92, 0x0a, 0x07, 
0x18, 0xb5, 0x02, 0x93, 0x0a, 0x20, 0x00, 0xb7, 0x02, 0x18, 0x0b, 0x04, 0xd1, 0x04, 0xe8, 0x05, 0x08, 0x95, 0x05, 0x17, 
0x1d, 0xb7, 0x02, 0xef, 0x05, 0x0d, 0x02, 0xde, 0x02, 0xec, 0x18, 0x13, 0x1d, 0x1d, 0x65, 0xbb, 0x04, 0x0b, 0x82, 0x0f, 
0x00, 0x00, 0x00, 0x00, 0xbb, 0x04, 0x0c, 0x02, 0x00, 0x00, 0x00, 0x00, 0xbb, 0x04, 0x0b, 0x04, 0x01, 0x00, 0x00, 0x00, 
0xbb, 0x04, 0x0c, 0x02, 0x01, 0x00, 0x00, 0x00, 0xbb, 0x04, 0x0b, 0x04, 0x02, 0x00, 0x00, 0x00, 0xbb, 0x04, 0x0c, 0x02, 
0x02, 0x00, 0x00, 0x00, 0xbb, 0x04, 0x0c, 0x06, 0x03, 0x00, 0x00, 0x00, 0xb8, 0x02, 0x9b, 0x27, 0x18, 0x03, 0xbb, 0x04, 
0x0b, 0xb8, 0x27, 0x08, 0x00, 0x00, 0x00, 0xbc, 0x02, 0x0b, 0x1d, 0xa2, 0x14, 0x8e, 0x03, 0xdd, 0x18, 0x65, 0x46, 0x0c, 
0x0c, 0x0c, 0x0d, 0x9c, 0x14, 0xb2, 0x06, 0x0c, 0xec, 0x3e, 0x40, 0x00, 0x00, 0x00, 0xbc, 0x02, 0x95, 0x22, 0xed, 0x07, 
0xa3, 0x27, 0xae, 0x02, 0xdd, 0x22, 0x98, 0x16, 0x3e, 0xfa, 0x09, 0x02, 0xe9, 0x04, 0x39, 0xe6, 0x09, 0xe8, 0x1f, 0x02, 
0x3e, 0xef, 0x27, 0x02, 0x65, 0x3e, 0xb1, 0x01, 0x02, 0x0c, 0xbb, 0x04, 0x0c, 0xa2, 0x1e, 0x05, 0x00, 0x00, 0x00, 0x3e, 
0x9f, 0x1e, 0x02, 0x0d, 0xbb, 0x04, 0x0b, 0x98, 0x1e, 0x04, 0x00, 0x00, 0x00, 0xbc, 0x02, 0x91, 0x11, 0x65, 0x96, 0x14, 
0xbc, 0x02, 0x02, 0x65, 0x96, 0x14, 0xb7, 0x02, 0xf3, 0x16, 0x0b, 0x03, 0xbb, 0x04, 0x0b, 0xa2, 0x28, 0x09, 0x00, 0x00, 
0x00, 0xbc, 0x02, 0xb0, 0x03, 0x18, 0xa5, 0x14, 0xbc, 0x02, 0x8d, 0x25, 0x1d, 0x96, 0x14, 0xbb, 0x04, 0x0b, 0xa6, 0x22, 
0x15, 0x00, 0x00, 0x00, 0xbc, 0x02, 0xff, 0x1f, 0x1d, 0xc9, 0x14, 0xce, 0x82, 0xc0, 0x02, 0xb2, 0x1d, 0x65, 0x65, 0x65, 
0x65, 0xcd, 0x0b, 0xce, 0x0b, 0x65, 0x65, 0x1d, 0x13, 0x0d, 0x0d, 0x1d, 0x1d, 0x13, 0x13, 0x0d, 0x0d, 0x13, 0x0d, 0x0d, 
0x0d, 0x0d, 0x0d, 0x0d, 0x0d, 0x0d, 0x1d, 0x14, 0x0c, 0x13, 0x0c, 0x0c, 0x0c, 0x0c, 0x0d, 0x0d, 0xfd, 0x15, 0x18, 0x0d, 
0x1d, 0x1d, 0x13, 0x0c, 0x0d, 0x13, 0x0d, 0x0d, 0x1d, 0x0c, 0x0d, 0x13, 0x0d, 0x0d, 0x0d, 0x0b, 0x18, 0x0d, 0x0d, 0x0b, 
0x0d, 0x0d, 0x18, 0x0d, 0x0d, 0x0d, 0x0d, 0x0d, 0x46, 0x13, 0x13, 0x65, 0x65, 0x0d, 0x0d, 0x0d, 0x0d, 0xb6, 0x03, 0x0c, 
0x0d, 0x0d, 0x0d, 0xc9, 0x04, 0x3e, 0x8b, 0x25, 0x02, 0xa2, 0x13, 0x39, 0x5c, 0xd2, 0x3d, 0x02, 0xbb, 0x04, 0x0c, 0xcf, 
0x16, 0x06, 0x00, 0x00, 0x00, 0x3e, 0xa3, 0x1e, 0x01, 0x0c, 0x39, 0x8b, 0x05, 0xbc, 0x36, 0x01, 0xb8, 0x02, 0xa5, 0x3f, 
0x18, 0x04, 0xb8, 0x02, 0x0b, 0x1d, 0x03, 0xce, 0x02, 0xa6, 0x11, 0x50, 0x18, 0x0d, 0xbb, 0x04, 0x0b, 0xb7, 0x0d, 0x00, 
0x01, 0x00, 0x00, 0xbc, 0x02, 0xbe, 0x1b, 0xa3, 0x09, 0xc7, 0x02, 0xae, 0x02, 0x44, 0xa6, 0x10, 0x3e, 0xfa, 0x09, 0x02, 
0xc8, 0x10, 0x39, 0xc5, 0x15, 0xfe, 0x0b, 0x02, 0x3e, 0xed, 0x2b, 0x02, 0x50, 0xbb, 0x04, 0x0b, 0x8c, 0x1d, 0x03, 0x00, 
0x00, 0x00, 0xbb, 0x04, 0x0d, 0x0d, 0x00, 0x00, 0x00, 0x00, 0x94, 0x02, 0x85, 0x28, 0xbb, 0x04, 0x0d, 0x82, 0x02, 0x00, 
0x00, 0x80, 0x3f, 0xb7, 0x02, 0xef, 0x01, 0x0c, 0x02, 0xbb, 0x04, 0x0b, 0xe4, 0x29, 0x00, 0x08, 0x00, 0x00, 0x89, 0x03, 
0xdb, 0x27, 0x0d, 0x01, 0x00, 0x00, 0x00, 0x01, 0x00, 0xab, 0x02, 0xd0, 0x05, 0x96, 0x01, 0x3e, 0xfa, 0x09, 0x00, 0xfe, 
0x03, 0x39, 0xfb, 0x08, 0xc8, 0x34, 0x00, 0xae, 0x02, 0x8f, 0x37, 0x0c, 0x3e, 0xfa, 0x09, 0x09, 0xd7, 0x07, 0x39, 0xd4, 
0x0c, 0xa2, 0x17, 0x09, 0x3e, 0xb1, 0x26, 0x09, 0x0c, 0xb7, 0x02, 0xeb, 0x09, 0x0c, 0x03, 0xbb, 0x04, 0x0c, 0xde, 0x29, 
0x00, 0x08, 0x00, 0x00, 0xbc, 0x02, 0xdf, 0x17, 0x1d, 0xc7, 0x02, 0xae, 0x02, 0xdd, 0x0d, 0x95, 0x09, 0x3e, 0xfa, 0x09, 
0x02, 0xa6, 0x02, 0x39, 0xa3, 0x07, 0xe4, 0x30, 0x02, 0x89, 0x03, 0xfd, 0x3b, 0x0d, 0x01, 0x00, 0x01, 0x00, 0x01, 0x00, 
0xab, 0x02, 0xd2, 0x04, 0xd6, 0x01, 0x3e, 0xfa, 0x09, 0x00, 0xff, 0x03, 0x39, 0xfc, 0x08, 0xe6, 0x2a, 0x00, 0x3e, 0xa9, 
0x32, 0x01, 0x1d, 0x39, 0x9a, 0x05, 0xd0, 0x33, 0x01, 0xbb, 0x04, 0x0c, 0xf3, 0x2c, 0x00, 0x02, 0x00, 0x00, 0xbb, 0x04, 
0x0c, 0xff, 0x0b, 0x00, 0x01, 0x00, 0x00, 0x3e, 0x98, 0x05, 0x01, 0x17, 0x39, 0x94, 0x05, 0xb6, 0x52, 0x01, 0x39, 0x9a, 
0x05, 0xb7, 0x02, 0x01, 0xbb, 0x04, 0x0d, 0xbf, 0x4b, 0x00, 0x00, 0x00, 0xbf, 0xbb, 0x04, 0x0d, 0xed, 0x0a, 0x00, 0x00, 
0x00, 0x3f, 0xbb, 0x04, 0x0d, 0xac, 0x10, 0x00, 0x00, 0x00, 0x20, 0xbb, 0x04, 0x0d, 0xed, 0x0a, 0x00, 0x00, 0x00, 0xa0, 
0x3e, 0x6a, 0x01, 0x13, 0x39, 0x90, 0x05, 0xfe, 0x50, 0x01, 0x3e, 0x83, 0x51, 0x01, 0x0d, 0xec, 0x04, 0x1d, 0xda, 0x23, 
0xdc, 0x05, 0xdc, 0x05, 0xdc, 0x05, 0xdc, 0x05, 0xec, 0x04, 0x1d, 0xcd, 0x17, 0x92, 0x14, 0xf1, 0x11, 0xf1, 0x11, 0xf1, 
0x11, 0xec, 0x04, 0x1d, 0x82, 0x09, 0xef, 0x08, 0x94, 0x1d, 0xef, 0x08, 0xef, 0x08, 0xec, 0x04, 0x1d, 0xa7, 0x10, 0x97, 
0x19, 0x97, 0x19, 0xec, 0x0c, 0x97, 0x19, 0xec, 0x04, 0x1d, 0xde, 0x1e, 0xc6, 0x05, 0xc6, 0x05, 0xc6, 0x05, 0xca, 0x2b, 
0xec, 0x04, 0x65, 0xdb, 0x23, 0xa3, 0x0c, 0xa5, 0x15, 0xfd, 0x04, 0xdb, 0x23, 0xbb, 0x04, 0x0d, 0xcf, 0x09, 0x00, 0x00, 
0x00, 0x40, 0x3e, 0xea, 0x09, 0x03, 0x0c, 0x39, 0x8e, 0x05, 0xfc, 0x29, 0x03, 0x39, 0x8b, 0x05, 0xc8, 0x12, 0x01, 0x3e, 
0xbd, 0x3c, 0x03, 0x13, 0x39, 0x91, 0x05, 0xe6, 0x45, 0x03, 0x3e, 0xd1, 0x45, 0x03, 0x1d, 0x39, 0x9b, 0x05, 0xa4, 0x25, 
0x03, 0x39, 0x9b, 0x05, 0xfc, 0x14, 0x03, 0x3e, 0xb7, 0x3a, 0x03, 0x0d, 0x39, 0x9b, 0x05, 0x94, 0x2d, 0x03, 0xbe, 0x02, 
0xa1, 0x27, 0x1d, 0x0d, 0x3e, 0xfa, 0x09, 0x03, 0x88, 0x08, 0x39, 0x85, 0x0d, 0xfa, 0x32, 0x03, 0xcc, 0x04, 0x13, 0x83, 
0x41, 0xec, 0x09, 0xec, 0x09, 0xad, 0x06, 0x1d, 0xfb, 0x0b, 0xc6, 0x06, 0x08, 0xba, 0x58, 0x00, 0x82, 0x0a, 0x18, 0xe8, 
0xac, 0x02, 0x39, 0x95, 0x05, 0x93, 0x66, 0x07, 0x39, 0x95, 0x05, 0xc4, 0x37, 0x07, 0x39, 0x95, 0x05, 0xb9, 0x79, 0x07, 
0x01, 0x0c, 0xfa, 0x26, 0xb6, 0xbd, 0x01, 0x22, 0xfe, 0xcf, 0x01, 0x00, 0x01, 0x0c, 0xbb, 0x5f, 0xc2, 0x70, 0x33, 0xe2, 
0x05, 0xec, 0xa2, 0x01, 0xda, 0x19, 0x8b, 0x14, 0xad, 0x52, 0x8b, 0x14, 0x01, 0x65, 0xca, 0x16, 0xca, 0x16, 0x33, 0x89, 
0x05, 0x9b, 0x23, 0xda, 0x19, 0x8b, 0x14, 0xad, 0x52, 0x91, 0x14, 0x01, 0x0c, 0x9e, 0x23, 0x9e, 0x23, 0x33, 0x89, 0x05, 
0x9b, 0x23, 0xda, 0x19, 0x8b, 0x14, 0xad, 0x52, 0x94, 0x14, 0x01, 0x0c, 0x9e, 0x23, 0x9e, 0x23, 0x13, 0x8d, 0x05, 0x9b, 
0x23, 0xcf, 0x2d, 0x8a, 0x14, 0x01, 0x0d, 0x9e, 0x23, 0x9e, 0x23, 0x13, 0x8d, 0x05, 0xd5, 0x0f, 0xcf, 0x2d, 0x8d, 0x14, 
0x01, 0x0d, 0x91, 0x9d, 0x01, 0x91, 0x9d, 0x01, 0xc3, 0x10, 0x0d, 0xe8, 0xb1, 0x01, 0x82, 0xe1, 0x02, 0xe8, 0xb1, 0x01, 
0xc0, 0x0a, 0x13, 0xe5, 0xe8, 0x01, 0xe5, 0xe3, 0x01, 0xe5, 0xe8, 0x01, 0x13, 0xe2, 0x05, 0xa8, 0x89, 0x01, 0xc5, 0x1f, 
0x9d, 0x14, 0x01, 0x65, 0xd5, 0x43, 0xd5, 0x43, 0x01, 0x1d, 0xcb, 0x04, 0xb2, 0x7d, 0xc7, 0x18, 0x0c, 0xee, 0x9f, 0x01, 
0xef, 0x02, 0x94, 0xca, 0x02, 0xcb, 0x14, 0x09, 0xdd, 0xb7, 0x01, 0xdd, 0xb7, 0x01, 0xb0, 0x7b, 0xa7, 0x1e, 0xda, 0x36, 
0x00, 0xba, 0x1e, 0x00, 0xfb, 0x25, 0xda, 0x36, 0x18, 0xfc, 0x25, 0x01, 0x0c, 0xf1, 0x0c, 0xfe, 0x7b, 0x13, 0x8c, 0x05, 
0xaf, 0x0b, 0xa5, 0x18, 0x8b, 0x14, 0x01, 0x0c, 0xde, 0x19, 0xde, 0x19, 0xc0, 0x10, 0x0c, 0xc6, 0x63, 0xf4, 0x71, 0xc6, 
0x63, 0xcb, 0x10, 0x0c, 0xb1, 0x9d, 0x01, 0xb1, 0x9d, 0x01, 0x88, 0x67, 0xc7, 0x10, 0x0c, 0x81, 0x2a, 0xb3, 0xc7, 0x01, 
0x86, 0x3d, 0xd0, 0x0a, 0x16, 0xda, 0xe8, 0x01, 0xd8, 0xbe, 0x01, 0xda, 0xe8, 0x01, 0xd4, 0xa7, 0x02, 0x99, 0x1e, 0xa4, 
0x13, 0x18, 0xa3, 0x13, 0xe5, 0x1e, 0x16, 0xf7, 0x8d, 0x01, 0xf5, 0x53, 0x00, 0x00, 0x61, 0x32, 0x00, 0x00, 0xf3, 0x2b, 
0x00, 0x00, 0xed, 0x57, 0x00, 0x00, 0xe5, 0x1e, 0x1d, 0xaa, 0x1d, 0xdb, 0x2e, 0x00, 0x00, 0x61, 0x32, 0x00, 0x00, 0x8d, 
0x35, 0x00, 0x00, 0xed, 0x57, 0x00, 0x00, 0xe5, 0x1e, 0x0c, 0x85, 0x51, 0x0b, 0x0a, 0x00, 0x00, 0x61, 0x32, 0x00, 0x00, 
0x0c, 0x56, 0x00, 0x00, 0xed, 0x57, 0x00, 0x00, 0xc1, 0x16, 0x09, 0xf5, 0x14, 0xf5, 0x14, 0x95, 0xf8, 0x01, 0xb6, 0x1e, 
0x8b, 0x07, 0xdd, 0xf9, 0x01, 0x00, 0xba, 0x1e, 0x00, 0xb1, 0x7d, 0x8b, 0x07, 0x18, 0xb2, 0x7d, 0x33, 0x8a, 0x05, 0x9a, 
0x5c, 0xd5, 0x1f, 0x8b, 0x14, 0xb9, 0x3d, 0x8a, 0x14, 0x01, 0x0d, 0x93, 0x29, 0x93, 0x29, 0xc7, 0x16, 0x09, 0xf3, 0x7a, 
0xf3, 0x7a, 0xa8, 0x73, 0xa7, 0x1e, 0xcf, 0xdf, 0x01, 0x00, 0xba, 0x1e, 0x00, 0xf8, 0x0b, 0xcf, 0xdf, 0x01, 0x18, 0xf7, 
0x0b, 0xd2, 0x0a, 0x16, 0xfe, 0x3c, 0xd4, 0x51, 0xf8, 0x1d, 0x02, 0x01, 0xff, 0x03, 0xb0, 0x51, 0x98, 0xe1, 0x01, 0xb4, 
0x0c, 0xd6, 0x01, 0xeb, 0x58, 0xeb, 0x58, 0xef, 0x0a, 0x1d, 0xfe, 0x20, 0xfe, 0x20, 0xc2, 0x19, 0x02, 0x8b, 0x14, 0xce, 
0x10, 0x1d, 0xc9, 0x19, 0xc9, 0x19, 0xf5, 0x49, 0x4b, 0x1d, 0xa8, 0x22, 0xee, 0x22, 0xa8, 0x22, 0x99, 0x1e, 0xa9, 0x8c, 
0x01, 0x18, 0xaa, 0x8c, 0x01, 0xe5, 0x1e, 0x16, 0xa9, 0xcb, 0x01, 0xa7, 0x2b, 0x00, 0x00, 0xd7, 0x38, 0x00, 0x00, 0x23, 
0x33, 0x00, 0x00, 0xe4, 0x23, 0x00, 0x00, 0xe5, 0x1e, 0x1d, 0xb4, 0x26, 0xfc, 0x32, 0x00, 0x00, 0xd7, 0x38, 0x00, 0x00, 
0xb3, 0x3b, 0x00, 0x00, 0xe4, 0x23, 0x00, 0x00, 0x99, 0x1e, 0xbf, 0x89, 0x01, 0x18, 0xc0, 0x89, 0x01, 0xc0, 0x10, 0x0c, 
0xc1, 0x07, 0xa6, 0xdd, 0x01, 0xfc, 0xaf, 0x02, 0x99, 0x1e, 0xd2, 0x1b, 0x18, 0x8f, 0xeb, 0x01, 0x99, 0x1e, 0x1c, 0x18, 
0x1b, 0xe5, 0x1e, 0x1d, 0x92, 0xa8, 0x01, 0xdb, 0x2e, 0x00, 0x00, 0x53, 0x61, 0x00, 0x00, 0xfc, 0x32, 0x00, 0x00, 0x44, 
0x1b, 0x00, 0x00, 0xc7, 0x18, 0x0c, 0xa5, 0x78, 0xbb, 0xc1, 0x01, 0xc8, 0x97, 0x01, 0xcb, 0x14, 0x09, 0xd2, 0x6e, 0xd2, 
0x6e, 0x94, 0xe3, 0x01, 0xa7, 0x1e, 0xdd, 0x19, 0x00, 0xba, 0x1e, 0x00, 0x80, 0x43, 0xdd, 0x19, 0x18, 0xff, 0x42, 0x01, 
0x17, 0xba, 0x04, 0x86, 0x70, 0x01, 0x1d, 0xa6, 0x76, 0xe4, 0xe8, 0x01, 0x3d, 0x18, 0xfb, 0x43, 0xef, 0x15, 0xef, 0x15, 
0x18, 0x22, 0xf2, 0x21, 0x00, 0xe9, 0x06, 0x08, 0xc1, 0x84, 0x01, 0xaa, 0x33, 0xcf, 0x62, 0x97, 0x52, 0xbd, 0xc8, 0x01, 
0x01, 0x18, 0xbe, 0xbc, 0x01, 0xee, 0x59, 0xc1, 0x0a, 0x0d, 0xbb, 0x0a, 0xbb, 0x0a, 0x00, 0xd2, 0x0a, 0x1d, 0xf3, 0x3c, 
0xf3, 0x3c, 0xa3, 0x25, 0x00, 0xc1, 0x0a, 0x0d, 0xbe, 0x46, 0x71, 0x01, 0xd2, 0x0a, 0x1d, 0x89, 0x3a, 0x89, 0x3a, 0xb4, 
0x0c, 0x01, 0xc1, 0x0a, 0x0d, 0xfa, 0x6b, 0xfe, 0x30, 0x02, 0xd2, 0x0a, 0x1d, 0xe7, 0xd6, 0x01, 0xe7, 0xd6, 0x01, 0xed, 
0x6a, 0x02, 0x99, 0x1e, 0xe7, 0x93, 0x01, 0x18, 0xe8, 0x93, 0x01, 0xe5, 0x1e, 0x1d, 0xaf, 0x06, 0x3f, 0x45, 0x00, 0x00, 
0x36, 0x1b, 0x00, 0x00, 0x50, 0x24, 0x00, 0x00, 0x15, 0x32, 0x00, 0x00, 0xc1, 0x0a, 0x0d, 0xe3, 0x34, 0xe3, 0x34, 0x02, 
0x4a, 0x0d, 0x99, 0x5e, 0x99, 0x5e, 0xf4, 0x7c, 0x4b, 0x0d, 0x90, 0xba, 0x01, 0x90, 0xba, 0x01, 0xf2, 0xc1, 0x02, 0xd2, 
0x0a, 0x1d, 0xf9, 0xa2, 0x01, 0xf9, 0xa2, 0x01, 0xe7, 0x7b, 0x02, 0xc1, 0x12, 0x1d, 0xcc, 0x52, 0xba, 0x35, 0xcc, 0x52, 
0xc1, 0x0a, 0x0d, 0xc5, 0x18, 0xc5, 0x18, 0x03, 0x5c, 0x0d, 0xdb, 0x79, 0x01, 0x04, 0xbb, 0x6e, 0xc8, 0x16, 0x09, 0x8e, 
0x3e, 0x8e, 0x3e, 0x84, 0x8d, 0x01, 0xa7, 0x1e, 0xe1, 0x83, 0x01, 0x00, 0xba, 0x1e, 0x00, 0xc9, 0x24, 0xe1, 0x83, 0x01, 
0x18, 0xca, 0x24, 0xc8, 0x16, 0x09, 0xe7, 0x27, 0xeb, 0x3e, 0xf2, 0x75, 0xd9, 0x14, 0x0d, 0xac, 0x44, 0xac, 0x44, 0x80, 
0xd9, 0x01, 0x92, 0xce, 0x01, 0xd2, 0x0a, 0x1d, 0x81, 0x4f, 0x81, 0x4f, 0x87, 0x62, 0x03, 0x99, 0x1e, 0xd5, 0x91, 0x01, 
0x18, 0xd6, 0x91, 0x01, 0xe5, 0x1e, 0x1d, 0xbf, 0x05, 0x5e, 0x3d, 0x00, 0x00, 0x44, 0x49, 0x00, 0x00, 0xda, 0x24, 0x00, 
0x00, 0x79, 0x31, 0x00, 0x00, 0xc1, 0x0a, 0x0d, 0xf5, 0x39, 0xf5, 0x39, 0x03, 0xc8, 0x10, 0x0d, 0x9e, 0x56, 0xde, 0xb9, 
0x02, 0x9e, 0x56, 0xce, 0x10, 0x1d, 0xbe, 0x07, 0xe6, 0x23, 0xbe, 0x07, 0xe0, 0x0a, 0xc9, 0x0c, 0xad, 0x61, 0xd2, 0x67, 
0x8e, 0xb4, 0x01, 0xad, 0x61, 0x80, 0xd8, 0x01, 0xc1, 0x0a, 0x13, 0xe0, 0x3b, 0xe0, 0x3b, 0x00, 0xc1, 0x0a, 0x1d, 0xd9, 
0x1f, 0x86, 0x1c, 0x02, 0xa7, 0x1e, 0xfc, 0x82, 0x01, 0x00, 0xba, 0x1e, 0xc2, 0x5a, 0xc4, 0x34, 0xfc, 0x82, 0x01, 0x18, 
0xc3, 0x34, 0x01, 0x0c, 0xf1, 0x0c, 0x80, 0x7c, 0x13, 0x8c, 0x05, 0xaf, 0x0b, 0xa5, 0x18, 0x8b, 0x14, 0x01, 0x0c, 0xde, 
0x19, 0xde, 0x19, 0xc0, 0x10, 0x0c, 0xc6, 0x63, 0xf4, 0x71, 0xc6, 0x63, 0xcb, 0x10, 0x0c, 0xb1, 0x9d, 0x01, 0xb1, 0x9d, 
0x01, 0x8a, 0x67, 0xc7, 0x10, 0x0c, 0x81, 0x2a, 0xb3, 0xc7, 0x01, 0x88, 0x3d, 0xd0, 0x0a, 0x16, 0xda, 0xe8, 0x01, 0xd8, 
0xbe, 0x01, 0xda, 0xe8, 0x01, 0xd6, 0xa7, 0x02, 0x99, 0x1e, 0xa4, 0x13, 0x18, 0xa3, 0x13, 0xe5, 0x1e, 0x16, 0xf7, 0x8d, 
0x01, 0xf6, 0x53, 0x00, 0x00, 0x62, 0x32, 0x00, 0x00, 0xf4, 0x2b, 0x00, 0x00, 0xee, 0x57, 0x00, 0x00, 0xe5, 0x1e, 0x1d, 
0xaa, 0x1d, 0xdb, 0x2e, 0x00, 0x00, 0x62, 0x32, 0x00, 0x00, 0x8e, 0x35, 0x00, 0x00, 0xee, 0x57, 0x00, 0x00, 0xe5, 0x1e, 
0x0c, 0x85, 0x51, 0x0b, 0x0a, 0x00, 0x00, 0x62, 0x32, 0x00, 0x00, 0x0d, 0x56, 0x00, 0x00, 0xee, 0x57, 0x00, 0x00, 0xc1, 
0x16, 0x09, 0xf5, 0x14, 0xf5, 0x14, 0x93, 0xf8, 0x01, 0xb6, 0x1e, 0x8b, 0x07, 0xdd, 0xf9, 0x01, 0x00, 0xba, 0x1e, 0x00, 
0xb1, 0x7d, 0x8b, 0x07, 0x18, 0xb2, 0x7d, 0x33, 0x8a, 0x05, 0x9a, 0x5c, 0xd5, 0x1f, 0x8b, 0x14, 0xba, 0x3d, 0x8a, 0x14, 
0x01, 0x0d, 0x93, 0x29, 0x93, 0x29, 0xc7, 0x16, 0x09, 0xf3, 0x7a, 0xf3, 0x7a, 0xaa, 0x73, 0xa7, 0x1e, 0xcf, 0xdf, 0x01, 
0x00, 0xba, 0x1e, 0x00, 0xf8, 0x0b, 0xcf, 0xdf, 0x01, 0x18, 0xf7, 0x0b, 0xd2, 0x0a, 0x16, 0xfe, 0x3c, 0xd4, 0x51, 0xf8, 
0x1d, 0x02, 0x01, 0xff, 0x03, 0xb0, 0x51, 0x9a, 0xe1, 0x01, 0xb4, 0x0c, 0xd6, 0x01, 0xeb, 0x58, 0xeb, 0x58, 0xef, 0x0a, 
0x1d, 0xfe, 0x20, 0xfe, 0x20, 0xc2, 0x19, 0x02, 0x8b, 0x14, 0xce, 0x10, 0x1d, 0xc9, 0x19, 0xc9, 0x19, 0xf5, 0x49, 0x4b, 
0x1d, 0xa8, 0x22, 0xee, 0x22, 0xa8, 0x22, 0x99, 0x1e, 0xa9, 0x8c, 0x01, 0x18, 0xaa, 0x8c, 0x01, 0xe5, 0x1e, 0x16, 0xa9, 
0xcb, 0x01, 0xa8, 0x2b, 0x00, 0x00, 0xd8, 0x38, 0x00, 0x00, 0x24, 0x33, 0x00, 0x00, 0xe5, 0x23, 0x00, 0x00, 0xe5, 0x1e, 
0x1d, 0xb4, 0x26, 0xfd, 0x32, 0x00, 0x00, 0xd8, 0x38, 0x00, 0x00, 0xb4, 0x3b, 0x00, 0x00, 0xe5, 0x23, 0x00, 0x00, 0x99, 
0x1e, 0xbf, 0x89, 0x01, 0x18, 0xc0, 0x89, 0x01, 0xc0, 0x10, 0x0c, 0xc1, 0x07, 0xa6, 0xdd, 0x01, 0xfe, 0xaf, 0x02, 0x99, 
0x1e, 0xd2, 0x1b, 0x18, 0x8f, 0xeb, 0x01, 0x99, 0x1e, 0x81, 0x0e, 0x18, 0x82, 0x0e, 0xe5, 0x1e, 0x1d, 0xcc, 0x2f, 0xdb, 
0x2e, 0x00, 0x00, 0x45, 0x49, 0x00, 0x00, 0xfd, 0x32, 0x00, 0x00, 0x45, 0x1b, 0x00, 0x00, 0xa7, 0x1e, 0xe3, 0x79, 0x00, 
0xba, 0x1e, 0xd1, 0x60, 0xd3, 0x1d, 0xe3, 0x79, 0x18, 0xd4, 0x1d, 0x01, 0x17, 0xba, 0x04, 0x88, 0x70, 0x01, 0x1d, 0xa6, 
0x76, 0xe6, 0xe8, 0x01, 0x3d, 0x18, 0xfb, 0x43, 0xb8, 0x54, 0xb8, 0x54, 0x18, 0x22, 0xc5, 0x57, 0x00, 0xe9, 0x06, 0x08, 
0xc1, 0x84, 0x01, 0xac, 0x33, 0x87, 0xdc, 0x01, 0x97, 0x52, 0xbd, 0xc8, 0x01, 0x01, 0x18, 0xbe, 0xbc, 0x01, 0xc9, 0x1f, 
0xc1, 0x0a, 0x0d, 0xbb, 0x0a, 0xbb, 0x0a, 0x00, 0xd2, 0x0a, 0x1d, 0xf3, 0x3c, 0xf3, 0x3c, 0xd8, 0xef, 0x01, 0x00, 0xc1, 
0x0a, 0x0d, 0xbe, 0x46, 0x71, 0x01, 0xd2, 0x0a, 0x1d, 0x89, 0x3a, 0x89, 0x3a, 0xb4, 0x0c, 0x01, 0xc1, 0x0a, 0x0d, 0xfa, 
0x6b, 0xfe, 0x30, 0x02, 0xd2, 0x0a, 0x1d, 0xe7, 0xd6, 0x01, 0xe7, 0xd6, 0x01, 0xed, 0x6a, 0x02, 0x99, 0x1e, 0x99, 0x93, 
0x01, 0x18, 0x9a, 0x93, 0x01, 0xe5, 0x1e, 0x1d, 0xe7, 0x0f, 0xac, 0x2a, 0x00, 0x00, 0xc6, 0x1e, 0x00, 0x00, 0x51, 0x24, 
0x00, 0x00, 0x16, 0x32, 0x00, 0x00, 0x3d, 0x18, 0xce, 0x29, 0xce, 0x29, 0xce, 0x29, 0x18, 0xc1, 0x0a, 0x0d, 0x93, 0x77, 
0x93, 0x77, 0x00, 0xc1, 0x0a, 0x1d, 0xbc, 0x1c, 0xc5, 0x7a, 0x00, 0xce, 0x10, 0x1d, 0xec, 0x1b, 0xec, 0x1b, 0xa8, 0x38, 
0xc1, 0x0a, 0x0d, 0xbe, 0x14, 0xad, 0x2a, 0x01, 0xc1, 0x0a, 0x1d, 0xe4, 0x59, 0xc8, 0x0f, 0x01, 0xce, 0x10, 0x1d, 0x9f, 
0x6e, 0x9f, 0x6e, 0xbb, 0x14, 0xc1, 0x0a, 0x0d, 0xbe, 0x14, 0xab, 0x2a, 0x02, 0xc1, 0x0a, 0x1d, 0xe4, 0x59, 0xca, 0x0f, 
0x02, 0xce, 0x10, 0x1d, 0x83, 0x60, 0x83, 0x60, 0x9f, 0x06, 0xc1, 0x0a, 0x1d, 0xaf, 0x7f, 0xe9, 0xcf, 0x01, 0x03, 0x4b, 
0x1d, 0xdc, 0x57, 0xd3, 0x27, 0xdc, 0x57, 0x4b, 0x1d, 0xbc, 0x3d, 0x86, 0x24, 0xbc, 0x3d, 0x4b, 0x1d, 0xdf, 0x19, 0xa8, 
0x0a, 0xdf, 0x19, 0x23, 0xe2, 0x05, 0xe7, 0x72, 0xc5, 0x1f, 0x9a, 0x14, 0x8b, 0x14, 0x01, 0x65, 0xd6, 0x9d, 0x01, 0xd6, 
0x9d, 0x01, 0xc1, 0x12, 0x1d, 0xdd, 0x69, 0xdd, 0x69, 0xef, 0x3e, 0xce, 0x10, 0x13, 0xb3, 0x06, 0xa7, 0x59, 0x88, 0xc4, 
0x01, 0xc3, 0x10, 0x13, 0xc0, 0x12, 0xc0, 0x12, 0xfa, 0xca, 0x01, 0xc1, 0x0a, 0x0d, 0x85, 0x5f, 0x85, 0x5f, 0x00, 0xc1, 
0x0a, 0x0d, 0x8e, 0x80, 0x01, 0x88, 0x21, 0x01, 0xe0, 0x0a, 0x1d, 0x27, 0xe6, 0x7f, 0x27, 0xc2, 0xcf, 0x01, 0xc6, 0xf5, 
0x01, 0xc1, 0x0a, 0x0d, 0x8f, 0x7c, 0x8f, 0x7c, 0x00, 0xc1, 0x0a, 0x0d, 0x86, 0xe7, 0x01, 0xf6, 0x6a, 0x01, 0xc1, 0x0a, 
0x0d, 0x9d, 0xeb, 0x01, 0xa7, 0x80, 0x01, 0x02, 0xc1, 0x0a, 0x0d, 0xda, 0x02, 0xcd, 0x7d, 0x03, 0xe0, 0x0a, 0x1d, 0x82, 
0x80, 0x01, 0xc4, 0x7e, 0xc1, 0x68, 0xdc, 0x82, 0x01, 0x82, 0x80, 0x01, 0xe0, 0x0a, 0x65, 0x98, 0x04, 0xb2, 0xd0, 0x01, 
0xb2, 0xd0, 0x01, 0xb2, 0xd0, 0x01, 0x98, 0x04, 0xe0, 0x0a, 0xc9, 0x0c, 0x92, 0x23, 0xd6, 0x03, 0xca, 0x56, 0xb0, 0x23, 
0x92, 0x23, 0xc1, 0x0a, 0x13, 0x81, 0x80, 0x01, 0x81, 0x80, 0x01, 0x00, 0xc1, 0x0a, 0x1d, 0xc8, 0xbb, 0x01, 0xc6, 0x3b, 
0x01, 0xc1, 0x0a, 0x1d, 0xc9, 0xb7, 0x01, 0x83, 0x7c, 0x02, 0x22, 0xac, 0x55, 0xfe, 0x03, 0x22, 0xda, 0x75, 0xc9, 0xb7, 
0x01, 0x3d, 0x18, 0xfe, 0x2e, 0xfe, 0x2e, 0xfe, 0x2e, 0x18, 0x13, 0x8f, 0x05, 0xb3, 0x73, 0xab, 0x22, 0x8a, 0x14, 0xc1, 
0x0a, 0x0d, 0x86, 0x6f, 0xad, 0x04, 0x00, 0x22, 0x86, 0x6f, 0x00, 0x13, 0x8f, 0x05, 0xf0, 0x2f, 0xab, 0x22, 0x8d, 0x14, 
0xc1, 0x0a, 0x0d, 0xef, 0x09, 0xd2, 0x21, 0x01, 0x22, 0xef, 0x09, 0x00, 0x13, 0x8f, 0x05, 0xf2, 0x09, 0xab, 0x22, 0x90, 
0x14, 0xc1, 0x0a, 0x0d, 0x91, 0x05, 0xb2, 0x26, 0x02, 0x22, 0x91, 0x05, 0x00, 0xc1, 0x0a, 0x65, 0x93, 0x34, 0xe7, 0x5a, 
0x03, 0xa7, 0x1e, 0xc2, 0x4b, 0x00, 0xba, 0x1e, 0x8a, 0x23, 0xf5, 0x02, 0xc2, 0x4b, 0x18, 0xf6, 0x02, 0x01, 0x0c, 0xf1, 
0x0c, 0x82, 0x7c, 0x13, 0x8c, 0x05, 0xaf, 0x0b, 0xa5, 0x18, 0x8b, 0x14, 0x01, 0x0c, 0xde, 0x19, 0xde, 0x19, 0xc0, 0x10, 
0x0c, 0xc6, 0x63, 0xf4, 0x71, 0xc6, 0x63, 0xcb, 0x10, 0x0c, 0xb1, 0x9d, 0x01, 0xb1, 0x9d, 0x01, 0x8c, 0x67, 0xc7, 0x10, 
0x0c, 0x81, 0x2a, 0xb3, 0xc7, 0x01, 0x8a, 0x3d, 0xd0, 0x0a, 0x16, 0xda, 0xe8, 0x01, 0xd8, 0xbe, 0x01, 0xda, 0xe8, 0x01, 
0xd8, 0xa7, 0x02, 0x99, 0x1e, 0xa4, 0x13, 0x18, 0xa3, 0x13, 0xe5, 0x1e, 0x16, 0xf7, 0x8d, 0x01, 0xf7, 0x53, 0x00, 0x00, 
0x63, 0x32, 0x00, 0x00, 0xf5, 0x2b, 0x00, 0x00, 0xef, 0x57, 0x00, 0x00, 0xe5, 0x1e, 0x1d, 0xaa, 0x1d, 0xdb, 0x2e, 0x00, 
0x00, 0x63, 0x32, 0x00, 0x00, 0x8f, 0x35, 0x00, 0x00, 0xef, 0x57, 0x00, 0x00, 0xe5, 0x1e, 0x0c, 0x85, 0x51, 0x0b, 0x0a, 
0x00, 0x00, 0x63, 0x32, 0x00, 0x00, 0x0e, 0x56, 0x00, 0x00, 0xef, 0x57, 0x00, 0x00, 0xc1, 0x16, 0x09, 0xf5, 0x14, 0xf5, 
0x14, 0x91, 0xf8, 0x01, 0xb6, 0x1e, 0x8b, 0x07, 0xdd, 0xf9, 0x01, 0x00, 0xba, 0x1e, 0x00, 0xb1, 0x7d, 0x8b, 0x07, 0x18, 
0xb2, 0x7d, 0x33, 0x8a, 0x05, 0x9a, 0x5c, 0xd5, 0x1f, 0x8b, 0x14, 0xbb, 0x3d, 0x8a, 0x14, 0x01, 0x0d, 0x93, 0x29, 0x93, 
0x29, 0xc7, 0x16, 0x09, 0xf3, 0x7a, 0xf3, 0x7a, 0xac, 0x73, 0xa7, 0x1e, 0xcf, 0xdf, 0x01, 0x00, 0xba, 0x1e, 0x00, 0xf8, 
0x0b, 0xcf, 0xdf, 0x01, 0x18, 0xf7, 0x0b, 0xd2, 0x0a, 0x16, 0xfe, 0x3c, 0xd4, 0x51, 0xf8, 0x1d, 0x02, 0x01, 0xff, 0x03, 
0xb0, 0x51, 0x9c, 0xe1, 0x01, 0xb4, 0x0c, 0xd6, 0x01, 0xeb, 0x58, 0xeb, 0x58, 0xef, 0x0a, 0x1d, 0xfe, 0x20, 0xfe, 0x20, 
0xc2, 0x19, 0x02, 0x8b, 0x14, 0xce, 0x10, 0x1d, 0xc9, 0x19, 0xc9, 0x19, 0xf5, 0x49, 0x4b, 0x1d, 0xa8, 0x22, 0xee, 0x22, 
0xa8, 0x22, 0x99, 0x1e, 0xa9, 0x8c, 0x01, 0x18, 0xaa, 0x8c, 0x01, 0xe5, 0x1e, 0x16, 0xa9, 0xcb, 0x01, 0xa9, 0x2b, 0x00, 
0x00, 0xd9, 0x38, 0x00, 0x00, 0x25, 0x33, 0x00, 0x00, 0xe6, 0x23, 0x00, 0x00, 0xe5, 0x1e, 0x1d, 0xb4, 0x26, 0xfe, 0x32, 
0x00, 0x00, 0xd9, 0x38, 0x00, 0x00, 0xb5, 0x3b, 0x00, 0x00, 0xe6, 0x23, 0x00, 0x00, 0x99, 0x1e, 0xbf, 0x89, 0x01, 0x18, 
0xc0, 0x89, 0x01, 0xc0, 0x10, 0x0c, 0xc1, 0x07, 0xa6, 0xdd, 0x01, 0x80, 0xb0, 0x02, 0x99, 0x1e, 0xd2, 0x1b, 0x18, 0x8f, 
0xeb, 0x01, 0x99, 0x1e, 0x81, 0x0e, 0x18, 0x82, 0x0e, 0xe5, 0x1e, 0x1d, 0xcc, 0x2f, 0xdb, 0x2e, 0x00, 0x00, 0x1e, 0x49, 
0x00, 0x00, 0xfe, 0x32, 0x00, 0x00, 0x46, 0x1b, 0x00, 0x00, 0xa7, 0x1e, 0xad, 0x8d, 0x01, 0x00, 0xba, 0x1e, 0xcf, 0x60, 
0xd3, 0x1d, 0xad, 0x8d, 0x01, 0x18, 0xd4, 0x1d, 0x01, 0x17, 0xba, 0x04, 0x8a, 0x70, 0x01, 0x1d, 0xa6, 0x76, 0xe8, 0xe8, 
0x01, 0x3d, 0x18, 0xfb, 0x43, 0xb8, 0x54, 0xb8, 0x54, 0x18, 0x22, 0xff, 0x1f, 0x00, 0xe9, 0x06, 0x08, 0xc1, 0x84, 0x01, 
0xae, 0x33, 0xc1, 0xa4, 0x01, 0x97, 0x52, 0xbd, 0xc8, 0x01, 0x01, 0x18, 0xbe, 0xbc, 0x01, 0xfc, 0x17, 0xc1, 0x0a, 0x0d, 
0xbb, 0x0a, 0xbb, 0x0a, 0x00, 0xd2, 0x0a, 0x1d, 0xf3, 0x3c, 0xf3, 0x3c, 0x84, 0x45, 0x00, 0xc1, 0x0a, 0x0d, 0xbe, 0x46, 
0x71, 0x01, 0xd2, 0x0a, 0x1d, 0x89, 0x3a, 0x89, 0x3a, 0xb4, 0x0c, 0x01, 0xc1, 0x0a, 0x0d, 0xfa, 0x6b, 0xfe, 0x30, 0x02, 
0xd2, 0x0a, 0x1d, 0xe7, 0xd6, 0x01, 0xe7, 0xd6, 0x01, 0xed, 0x6a, 0x02, 0x99, 0x1e, 0xe3, 0xa6, 0x01, 0x18, 0xe4, 0xa6, 
0x01, 0xe5, 0x1e, 0x1d, 0xe7, 0xd5, 0x01, 0xad, 0x2a, 0x00, 0x00, 0xc7, 0x1e, 0x00, 0x00, 0x52, 0x24, 0x00, 0x00, 0x17, 
0x32, 0x00, 0x00, 0xc1, 0x12, 0x1d, 0x8c, 0x1d, 0xa3, 0x47, 0x8c, 0x1d, 0xc1, 0x0a, 0x0d, 0x80, 0x2e, 0x80, 0x2e, 0x02, 
0x4a, 0x0d, 0xfe, 0x71, 0xfe, 0x71, 0xc4, 0x90, 0x02, 0x4b, 0x0d, 0xee, 0x0d, 0xee, 0x0d, 0xa0, 0xa9, 0x02, 0xd2, 0x0a, 
0x1d, 0x86, 0x56, 0x86, 0x56, 0xf2, 0x83, 0x02, 0x02, 0x22, 0xec, 0xcb, 0x02, 0x00, 0xc1, 0x0a, 0x0d, 0xf7, 0xf9, 0x01, 
0xf7, 0xf9, 0x01, 0x01, 0x3f, 0x0d, 0xe6, 0xff, 0x01, 0xe6, 0xff, 0x01, 0xd2, 0x0a, 0x1d, 0xe1, 0x3d, 0xe1, 0x3d, 0xf3, 
0x37, 0x01, 0x13, 0x9b, 0x05, 0xc3, 0x4b, 0xc2, 0x26, 0x8b, 0x14, 0x22, 0x00, 0xc3, 0x4b, 0x8d, 0x1e, 0x88, 0x06, 0xc6, 
0x06, 0x08, 0xc3, 0xb8, 0x01, 0x00, 0x8b, 0x03, 0xa7, 0x06, 0x95, 0x05, 0x9d, 0x04, 0xa7, 0x06, 0x17, 0xd4, 0x16, 0xa7, 
0x06, 0x1d, 0xd7, 0x12, 0x18, 0xbe, 0xa8, 0x02, 0xc1, 0x0a, 0x0d, 0xd3, 0xaf, 0x01, 0xea, 0x78, 0x03, 0xce, 0x16, 0x09, 
0xa0, 0x4a, 0xa0, 0x4a, 0xf2, 0xe1, 0x01, 0xa7, 0x1e, 0xfe, 0x24, 0x00, 0xba, 0x1e, 0x00, 0xbc, 0x9c, 0x01, 0xfe, 0x24, 
0x18, 0xbb, 0x9c, 0x01, 0xc1, 0x0a, 0x0d, 0xdc, 0x72, 0xaa, 0x99, 0x01, 0x00, 0xc1, 0x0a, 0x0b, 0x83, 0x39, 0xce, 0x4d, 
0x00, 0x01, 0x18, 0xc6, 0x7b, 0xe8, 0xdf, 0x01, 0x33, 0xcd, 0x05, 0x85, 0x0d, 0xc4, 0x1b, 0x8b, 0x14, 0xd3, 0x53, 0x8b, 
0x14, 0x01, 0x50, 0x9a, 0x55, 0x9a, 0x55, 0xb4, 0x0a, 0x56, 0xb5, 0xbc, 0x01, 0xc0, 0x5a, 0x00, 0x00, 0xc1, 0x0a, 0x0d, 
0xe6, 0x37, 0xbb, 0x3c, 0x00, 0xc1, 0x0a, 0x18, 0xe9, 0x20, 0xfc, 0x16, 0x00, 0xce, 0x10, 0x18, 0xa4, 0x0f, 0xa4, 0x0f, 
0xc5, 0x11, 0xc1, 0x0a, 0x0d, 0xbe, 0x14, 0xc3, 0x39, 0x01, 0xc1, 0x0a, 0x18, 0xe8, 0x59, 0xc6, 0x94, 0x01, 0x01, 0xce, 
0x10, 0x18, 0xa3, 0x6e, 0xa3, 0x6e, 0xbb, 0x14, 0xc1, 0x0a, 0x0d, 0xbe, 0x14, 0xc1, 0x39, 0x02, 0xc1, 0x0a, 0x18, 0xe8, 
0x59, 0xc8, 0x94, 0x01, 0x02, 0xce, 0x10, 0x18, 0x87, 0x60, 0x87, 0x60, 0x9f, 0x06, 0xc1, 0x0a, 0x18, 0xaf, 0x7f, 0xef, 
0x4a, 0x03, 0x4b, 0x18, 0xde, 0x57, 0xd1, 0x27, 0xde, 0x57, 0x4b, 0x18, 0xa8, 0x54, 0xf4, 0x3a, 0xa8, 0x54, 0x4b, 0x18, 
0x96, 0x2f, 0x8c, 0x6a, 0x96, 0x2f, 0xce, 0x10, 0x18, 0xb1, 0x09, 0xb1, 0x09, 0x9a, 0x55, 0xc1, 0x0a, 0x0d, 0x14, 0xd8, 
0xee, 0x01, 0x01, 0xc1, 0x0a, 0x0b, 0xaf, 0x46, 0xd0, 0x95, 0x01, 0x01, 0x01, 0x18, 0xc6, 0x33, 0xea, 0xdf, 0x01, 0x33, 
0xcd, 0x05, 0x85, 0x0d, 0xc4, 0x1b, 0x8b, 0x14, 0xd4, 0x77, 0x8b, 0x14, 0x01, 0x50, 0x9a, 0x55, 0x9a, 0x55, 0xb4, 0x0a, 
0x56, 0xb5, 0xbc, 0x01, 0xc1, 0x5a, 0x00, 0x00, 0xc1, 0x0a, 0x0d, 0xe6, 0x37, 0xbb, 0x3c, 0x00, 0xc1, 0x0a, 0x18, 0xe9, 
0x20, 0xfc, 0x16, 0x00, 0xce, 0x10, 0x18, 0xa6, 0x0f, 0xa6, 0x0f, 0xc3, 0x11, 0xc1, 0x0a, 0x0d, 0xbe, 0x14, 0xc1, 0x39, 
0x01, 0xc1, 0x0a, 0x18, 0xe8, 0x59, 0xc8, 0x94, 0x01, 0x01, 0xce, 0x10, 0x18, 0xa3, 0x6e, 0xa3, 0x6e, 0xbb, 0x14, 0xc1, 
0x0a, 0x0d, 0xbe, 0x14, 0xbf, 0x39, 0x02, 0xc1, 0x0a, 0x18, 0xe8, 0x59, 0xca, 0x94, 0x01, 0x02, 0xce, 0x10, 0x18, 0x89, 
0x60, 0x89, 0x60, 0xa1, 0x06, 0xc1, 0x0a, 0x18, 0xaf, 0x7f, 0xef, 0x4a, 0x03, 0x4b, 0x18, 0xde, 0x57, 0xd1, 0x27, 0xde, 
0x57, 0x4b, 0x18, 0xa8, 0x54, 0xf2, 0x3a, 0xa8, 0x54, 0x4b, 0x18, 0xb4, 0x3d, 0xa8, 0x78, 0xb4, 0x3d, 0xce, 0x10, 0x18, 
0xb1, 0x99, 0x01, 0xb1, 0x99, 0x01, 0xf3, 0x81, 0x01, 0x4b, 0x18, 0x9b, 0x31, 0xfb, 0xb2, 0x01, 0x9b, 0x31, 0xc1, 0x0a, 
0x0d, 0xf0, 0xf6, 0x01, 0xb8, 0xb2, 0x02, 0x02, 0xc1, 0x0a, 0x0b, 0xcd, 0x96, 0x01, 0x92, 0x89, 0x01, 0x02, 0x01, 0x18, 
0x86, 0x40, 0xec, 0xdf, 0x01, 0x33, 0xcd, 0x05, 0x85, 0x0d, 0xc4, 0x1b, 0x8b, 0x14, 0xb5, 0x71, 0x8b, 0x14, 0x01, 0x50, 
0x9a, 0x55, 0x9a, 0x55, 0xb4, 0x0a, 0x56, 0xaf, 0xbc, 0x01, 0xc2, 0x5a, 0x00, 0x00, 0xc1, 0x0a, 0x0d, 0xe0, 0x37, 0xbb, 
0x3c, 0x00, 0xc1, 0x0a, 0x18, 0xe9, 0x20, 0xf6, 0x16, 0x00, 0xce, 0x10, 0x18, 0xa8, 0x0f, 0xa8, 0x0f, 0xc1, 0x11, 0xc1, 
0x0a, 0x0d, 0xbe, 0x14, 0xbf, 0x39, 0x01, 0xc1, 0x0a, 0x18, 0xe8, 0x59, 0xc4, 0x94, 0x01, 0x01, 0xce, 0x10, 0x18, 0xa3, 
0x6e, 0xa3, 0x6e, 0xbb, 0x14, 0xc1, 0x0a, 0x0d, 0xbe, 0x14, 0xbd, 0x39, 0x02, 0xc1, 0x0a, 0x18, 0xe8, 0x59, 0xc6, 0x94, 
0x01, 0x02, 0xce, 0x10, 0x18, 0x8b, 0x60, 0x8b, 0x60, 0xa3, 0x06, 0xc1, 0x0a, 0x18, 0xaf, 0x7f, 0xf5, 0x4a, 0x03, 0x4b, 
0x18, 0xde, 0x57, 0xd1, 0x27, 0xde, 0x57, 0x4b, 0x18, 0xa8, 0x54, 0xf0, 0x3a, 0xa8, 0x54, 0x4b, 0x18, 0xb4, 0x3d, 0xa6, 
0x78, 0xb4, 0x3d, 0xce, 0x10, 0x18, 0xb1, 0x99, 0x01, 0xb1, 0x99, 0x01, 0xd1, 0xc5, 0x01, 0x4b, 0x18, 0x95, 0x37, 0xf7, 
0x05, 0x95, 0x37, 0xc1, 0x0a, 0x0b, 0x8a, 0x0a, 0x82, 0x2d, 0x03, 0x01, 0x18, 0xc8, 0x80, 0x02, 0x9e, 0xc4, 0x02, 0x33, 
0xcd, 0x05, 0xb5, 0x71, 0xc4, 0x1b, 0x8b, 0x14, 0xad, 0x43, 0x8b, 0x14, 0x01, 0x50, 0x9a, 0x55, 0x9a, 0x55, 0xb4, 0x0a, 
0x56, 0xaf, 0xbc, 0x01, 0xc3, 0x5a, 0x00, 0x00, 0xc1, 0x0a, 0x0d, 0xe0, 0x37, 0xeb, 0xa0, 0x01, 0x00, 0xc1, 0x0a, 0x18, 
0xe9, 0x20, 0xf6, 0x16, 0x00, 0xce, 0x10, 0x18, 0xaa, 0x0f, 0xaa, 0x0f, 0xbf, 0x11, 0xc1, 0x0a, 0x0d, 0xbe, 0x14, 0xed, 
0x9d, 0x01, 0x01, 0xc1, 0x0a, 0x18, 0xe8, 0x59, 0xc6, 0x94, 0x01, 0x01, 0xce, 0x10, 0x18, 0xa3, 0x6e, 0xa3, 0x6e, 0xbb, 
0x14, 0xc1, 0x0a, 0x0d, 0xbe, 0x14, 0xeb, 0x9d, 0x01, 0x02, 0xc1, 0x0a, 0x18, 0xe8, 0x59, 0xc8, 0x94, 0x01, 0x02, 0xce, 
0x10, 0x18, 0x8d, 0x60, 0x8d, 0x60, 0xa5, 0x06, 0xc1, 0x0a, 0x18, 0xaf, 0x7f, 0xf5, 0x4a, 0x03, 0x4b, 0x18, 0xde, 0x57, 
0xd1, 0x27, 0xde, 0x57, 0x4b, 0x18, 0xa8, 0x54, 0xee, 0x3a, 0xa8, 0x54, 0x4b, 0x18, 0xb4, 0x3d, 0xa4, 0x78, 0xb4, 0x3d, 
0xce, 0x10, 0x18, 0x87, 0x9f, 0x01, 0x87, 0x9f, 0x01, 0xd7, 0x11, 0x4b, 0x18, 0xec, 0x3a, 0xae, 0x6c, 0xec, 0x3a, 0x22, 
0xfa, 0xa5, 0x01, 0x00, 0x8d, 0x1e, 0x18, 0xf1, 0x03, 0xc1, 0x0a, 0x0d, 0xb3, 0x11, 0xd8, 0x8c, 0x01, 0x00, 0xc1, 0x0a, 
0x0b, 0xaf, 0x2c, 0xd0, 0x4d, 0x00, 0x01, 0x18, 0xca, 0x7b, 0xee, 0xdf, 0x01, 0x33, 0xcd, 0x05, 0x83, 0x0d, 0xc4, 0x1b, 
0x8b, 0x14, 0xd4, 0x53, 0x8b, 0x14, 0x01, 0x50, 0x9a, 0x55, 0x9a, 0x55, 0xb4, 0x0a, 0x56, 0xaf, 0xbc, 0x01, 0xc4, 0x5a, 
0x00, 0x00, 0xc1, 0x0a, 0x0d, 0xe0, 0x37, 0xb9, 0x3c, 0x00, 0xc1, 0x0a, 0x18, 0xe9, 0x20, 0xf6, 0x16, 0x00, 0xce, 0x10, 
0x18, 0xac, 0x0f, 0xac, 0x0f, 0xbd, 0x11, 0xc1, 0x0a, 0x0d, 0xbe, 0x14, 0xb9, 0x39, 0x01, 0xc1, 0x0a, 0x18, 0xe8, 0x59, 
0xc8, 0x94, 0x01, 0x01, 0xce, 0x10, 0x18, 0xa3, 0x6e, 0xa3, 0x6e, 0xbb, 0x14, 0xc1, 0x0a, 0x0d, 0xbe, 0x14, 0xb7, 0x39, 
0x02, 0xc1, 0x0a, 0x18, 0xe8, 0x59, 0xca, 0x94, 0x01, 0x02, 0xce, 0x10, 0x18, 0x8f, 0x60, 0x8f, 0x60, 0xa7, 0x06, 0xc1, 
0x0a, 0x18, 0xaf, 0x7f, 0xf5, 0x4a, 0x03, 0x4b, 0x18, 0xde, 0x57, 0xd1, 0x27, 0xde, 0x57, 0x4b, 0x18, 0xa8, 0x54, 0xec, 
0x3a, 0xa8, 0x54, 0x4b, 0x18, 0x90, 0x2f, 0xfe, 0x69, 0x90, 0x2f, 0xce, 0x10, 0x18, 0xb1, 0x09, 0xb1, 0x09, 0xee, 0x61, 
0xc1, 0x0a, 0x0d, 0x14, 0xda, 0xee, 0x01, 0x01, 0xc1, 0x0a, 0x0b, 0xaf, 0x46, 0xd2, 0x95, 0x01, 0x01, 0x01, 0x18, 0xca, 
0x33, 0xf0, 0xdf, 0x01, 0x33, 0xcd, 0x05, 0x83, 0x0d, 0xc4, 0x1b, 0x8b, 0x14, 0xd5, 0x77, 0x8b, 0x14, 0x01, 0x50, 0x9a, 
0x55, 0x9a, 0x55, 0xb4, 0x0a, 0x56, 0xaf, 0xbc, 0x01, 0xc5, 0x5a, 0x00, 0x00, 0xc1, 0x0a, 0x0d, 0xe0, 0x37, 0xb9, 0x3c, 
0x00, 0xc1, 0x0a, 0x18, 0xe9, 0x20, 0xf6, 0x16, 0x00, 0xce, 0x10, 0x18, 0xae, 0x0f, 0xae, 0x0f, 0xbb, 0x11, 0xc1, 0x0a, 
0x0d, 0xbe, 0x14, 0xb7, 0x39, 0x01, 0xc1, 0x0a, 0x18, 0xe8, 0x59, 0xca, 0x94, 0x01, 0x01, 0xce, 0x10, 0x18, 0xa3, 0x6e, 
0xa3, 0x6e, 0xbb, 0x14, 0xc1, 0x0a, 0x0d, 0xbe, 0x14, 0xb5, 0x39, 0x02, 0xc1, 0x0a, 0x18, 0xe8, 0x59, 0xcc, 0x94, 0x01, 
0x02, 0xce, 0x10, 0x18, 0x91, 0x60, 0x91, 0x60, 0xa9, 0x06, 0xc1, 0x0a, 0x18, 0xaf, 0x7f, 0xf5, 0x4a, 0x03, 0x4b, 0x18, 
0xde, 0x57, 0xd1, 0x27, 0xde, 0x57, 0x4b, 0x18, 0xa8, 0x54, 0xea, 0x3a, 0xa8, 0x54, 0x4b, 0x18, 0xb2, 0x3d, 0x9e, 0x78, 
0xb2, 0x3d, 0xce, 0x10, 0x18, 0xb3, 0x99, 0x01, 0xb3, 0x99, 0x01, 0xf1, 0x81, 0x01, 0x4b, 0x18, 0x9d, 0x31, 0xfb, 0xb2, 
0x01, 0x9d, 0x31, 0xc1, 0x0a, 0x0d, 0xf0, 0xf6, 0x01, 0xba, 0xb2, 0x02, 0x02, 0xc1, 0x0a, 0x0b, 0xcd, 0x96, 0x01, 0x94, 
0x89, 0x01, 0x02, 0x01, 0x18, 0x8a, 0x40, 0xf2, 0xdf, 0x01, 0x33, 0xcd, 0x05, 0x83, 0x0d, 0xc4, 0x1b, 0x8b, 0x14, 0xb6, 
0x71, 0x8b, 0x14, 0x01, 0x50, 0x9a, 0x55, 0x9a, 0x55, 0xb4, 0x0a, 0x56, 0xaf, 0xbc, 0x01, 0xc6, 0x5a, 0x00, 0x00, 0xc1, 
0x0a, 0x0d, 0xe0, 0x37, 0xb9, 0x3c, 0x00, 0xc1, 0x0a, 0x18, 0xe9, 0x20, 0xf6, 0x16, 0x00, 0xce, 0x10, 0x18, 0xb0, 0x0f, 
0xb0, 0x0f, 0xb9, 0x11, 0xc1, 0x0a, 0x0d, 0xbe, 0x14, 0xb5, 0x39, 0x01, 0xc1, 0x0a, 0x18, 0xe8, 0x59, 0xcc, 0x94, 0x01, 
0x01, 0xce, 0x10, 0x18, 0xa3, 0x6e, 0xa3, 0x6e, 0xbb, 0x14, 0xc1, 0x0a, 0x0d, 0xbe, 0x14, 0xb3, 0x39, 0x02, 0xc1, 0x0a, 
0x18, 0xe8, 0x59, 0xce, 0x94, 0x01, 0x02, 0xce, 0x10, 0x18, 0x93, 0x60, 0x93, 0x60, 0xab, 0x06, 0xc1, 0x0a, 0x18, 0xaf, 
0x7f, 0xf5, 0x4a, 0x03, 0x4b, 0x18, 0xde, 0x57, 0xd1, 0x27, 0xde, 0x57, 0x4b, 0x18, 0xa8, 0x54, 0xe8, 0x3a, 0xa8, 0x54, 
0x4b, 0x18, 0xb2, 0x3d, 0x9c, 0x78, 0xb2, 0x3d, 0xce, 0x10, 0x18, 0xe5, 0x8b, 0x01, 0xe5, 0x8b, 0x01, 0x81, 0xb8, 0x01, 
0x4b, 0x18, 0xce, 0x7d, 0xbc, 0xbc, 0x01, 0xce, 0x7d, 0x3f, 0x0d, 0xba, 0x08, 0xd6, 0x87, 0x01, 0xc3, 0x10, 0x0d, 0xcf, 
0xa7, 0x01, 0xcf, 0xa7, 0x01, 0xdc, 0x9d, 0x01, 0xbd, 0x0c, 0x0b, 0xfa, 0xb7, 0x01, 0xfa, 0xb7, 0x01, 0xc1, 0x0a, 0x0b, 
0xe9, 0xb4, 0x01, 0xa8, 0x49, 0x03, 0xc2, 0x10, 0x0b, 0x8c, 0x45, 0x8c, 0x45, 0xe6, 0xbf, 0x01, 0xc0, 0x10, 0x0b, 0x8f, 
0x81, 0x01, 0xed, 0xf0, 0x01, 0x8f, 0x81, 0x01, 0x99, 0x1e, 0xb3, 0x8f, 0x02, 0x18, 0xb4, 0x8f, 0x02, 0xe5, 0x1e, 0x18, 
0xeb, 0x86, 0x02, 0xc3, 0x4f, 0x00, 0x00, 0x46, 0x39, 0x00, 0x00, 0xbd, 0x3e, 0x00, 0x00, 0xb5, 0x4c, 0x00, 0x00, 0xe5, 
0x1e, 0x0b, 0xdc, 0x3b, 0xf5, 0x55, 0x00, 0x00, 0x46, 0x39, 0x00, 0x00, 0xf1, 0x36, 0x00, 0x00, 0xb5, 0x4c, 0x00, 0x00, 
0xc0, 0x16, 0x09, 0x92, 0x10, 0x92, 0x10, 0xb6, 0x54, 0xb6, 0x1e, 0x87, 0x58, 0xb7, 0x77, 0x00, 0xba, 0x1e, 0x00, 0xb7, 
0x77, 0x87, 0x58, 0x18, 0xb8, 0x77, 0xc9, 0x10, 0x0b, 0xa7, 0xc2, 0x01, 0xdd, 0x3a, 0xba, 0x46, 0xbc, 0x0e, 0x0c, 0xc3, 
0x07, 0xc3, 0x07, 0xc6, 0x10, 0x0b, 0xbc, 0x28, 0xe5, 0x19, 0xb2, 0x67, 0xbc, 0x0e, 0x0c, 0xaa, 0xf6, 0x01, 0xaa, 0xf6, 
0x01, 0xc0, 0x0a, 0x12, 0xe0, 0x01, 0xc6, 0xa0, 0x02, 0xe0, 0x01, 0x01, 0xfe, 0x03, 0xb9, 0x5f, 0xcc, 0xe3, 0x01, 0xb4, 
0x0c, 0x96, 0x01, 0xcd, 0x56, 0xcd, 0x56, 0xef, 0x0a, 0x1d, 0x85, 0x41, 0x85, 0x41, 0x8d, 0xf7, 0x01, 0x02, 0x8b, 0x14, 
0x2d, 0x13, 0x88, 0x7b, 0x88, 0x7b, 0x88, 0x7b, 0x10, 0xc1, 0x0a, 0x0d, 0xa4, 0x6b, 0xa4, 0x6b, 0x00, 0xbd, 0x0c, 0x0b, 
0xe6, 0x0d, 0xe6, 0x0d, 0x01, 0x18, 0x83, 0xda, 0x01, 0xc0, 0x69, 0x33, 0xcd, 0x05, 0xb8, 0x9b, 0x01, 0xc4, 0x1b, 0x8b, 
0x14, 0xa4, 0xc3, 0x01, 0x8b, 0x14, 0x01, 0x50, 0x92, 0x23, 0x92, 0x23, 0xb4, 0x0a, 0x56, 0xaf, 0xbc, 0x01, 0xc7, 0x5a, 
0x00, 0x00, 0xc1, 0x0a, 0x0d, 0xe0, 0x37, 0xfa, 0x39, 0x00, 0xc1, 0x0a, 0x18, 0xe9, 0x20, 0xf6, 0x16, 0x00, 0xce, 0x10, 
0x18, 0xb2, 0x0f, 0xb2, 0x0f, 0xb7, 0x11, 0xc1, 0x0a, 0x0d, 0xbe, 0x14, 0x80, 0x3d, 0x01, 0xc1, 0x0a, 0x18, 0xe8, 0x59, 
0xce, 0x94, 0x01, 0x01, 0xce, 0x10, 0x18, 0xa3, 0x6e, 0xa3, 0x6e, 0xbb, 0x14, 0xc1, 0x0a, 0x0d, 0xbe, 0x14, 0x82, 0x3d, 
0x02, 0xc1, 0x0a, 0x18, 0xe8, 0x59, 0xd0, 0x94, 0x01, 0x02, 0xce, 0x10, 0x18, 0x95, 0x60, 0x95, 0x60, 0xad, 0x06, 0xc1, 
0x0a, 0x18, 0xaf, 0x7f, 0xf5, 0x4a, 0x03, 0x4b, 0x18, 0xde, 0x57, 0xd1, 0x27, 0xde, 0x57, 0x4b, 0x18, 0x8c, 0x42, 0xca, 
0x28, 0x8c, 0x42, 0x4b, 0x18, 0xd3, 0x31, 0x87, 0x09, 0xd3, 0x31, 0xc1, 0x0a, 0x0d, 0xa2, 0x10, 0x9d, 0x31, 0x01, 0xce, 
0x10, 0x18, 0xe5, 0x16, 0xc3, 0x06, 0xe5, 0x16, 0x4b, 0x18, 0xc0, 0x35, 0xb6, 0x8b, 0x01, 0xc0, 0x35, 0xc0, 0x10, 0x0b, 
0x97, 0x1f, 0xc2, 0x30, 0xc6, 0xb3, 0x01, 0x99, 0x1e, 0xcd, 0x9a, 0x01, 0x18, 0xd8, 0x37, 0x22, 0xb6, 0xd0, 0x01, 0xf6, 
0xa3, 0x01, 0x8d, 0x1e, 0x88, 0x06, 0x00, 0x00, 0x5a, 0x00, 0x00, 0x00, 0x00, 0x00, 0x00, 0x00, 0x4c, 0x4f, 0x4d, 0x53, 
0x00, 0x03, 0x01, 0x00, 0x0b, 0x00, 0x08, 0x00, 0xe8, 0x3e, 0x00, 0x00, 0x00, 0x00, 0x00, 0x00, 0x98, 0x00, 0x00, 0x00, 
0x91, 0x02, 0x01, 0xd1, 0x10, 0x02, 0x47, 0x4c, 0x53, 0x4c, 0x2e, 0x73, 0x74, 0x64, 0x2e, 0x34, 0x35, 0x30, 0x00, 0x00, 
0x00, 0x00, 0xa0, 0x04, 0x00, 0x01, 0xcf, 0x0e, 0x04, 0x9f, 0x2c, 0xed, 0xc2, 0xa5, 0xf3, 0x06, 0x00, 0xa0, 0x02, 0x9f, 
0x2c, 0x07, 0x93, 0x02, 0x0e, 0xa1, 0x04, 0xf4, 0x13, 0x08, 0xc6, 0x06, 0x08, 0xba, 0x44, 0x00, 0x82, 0x0a, 0x18, 0x90, 
0xa3, 0x01, 0x8d, 0x1e, 0x88, 0x06, 0x00, 0x00, 0x00, 0x00, 0x00, 0x00, 0xce, 0x0d, 0x00, 0x00, 0x00, 0x00, 0x00, 0x00, 
0x4c, 0x4f, 0x4d, 0x53, 0x00, 0x03, 0x01, 0x00, 0x0b, 0x00, 0x08, 0x00, 0x0d, 0x62, 0x00, 0x00, 0x00, 0x00, 0x00, 0x00, 
0x54, 0x27, 0x00, 0x00, 0x91, 0x02, 0x01, 0x91, 0x02, 0x32, 0xd1, 0x10, 0x02, 0x47, 0x4c, 0x53, 0x4c, 0x2e, 0x73, 0x74, 
0x64, 0x2e, 0x34, 0x35, 0x30, 0x00, 0x00, 0x00, 0x00, 0xa0, 0x04, 0x00, 0x01, 0xff, 0x0e, 0x04, 0x9f, 0x2c, 0xed, 0xc2, 
0xa5, 0xf3, 0x06, 0x00, 0xab, 0x22, 0xed, 0x17, 0xbf, 0x1c, 0xa0, 0x02, 0x9f, 0x2c, 0x07, 0x37, 0xe6, 0x13, 0x06, 0x00, 
0x00, 0x01, 0x00, 0x01, 0x00, 0x01, 0x00, 0x01, 0x00, 0x01, 0x00, 0x00, 0x8e, 0x26, 0x00, 0x00, 0xfc, 0x0d, 0x00, 0x10, 
0x99, 0x3f, 0x06, 0x40, 0x10, 0x02, 0x06, 0x40, 0x10, 0xe2, 0x20, 0x06, 0x10, 0x10, 0xf1, 0x25, 0x06, 0x10, 0x10, 0xa6, 
0x02, 0x06, 0x10, 0x00, 0x9c, 0x0b, 0x02, 0x37, 0x00, 0x94, 0x00, 0x05, 0x00, 0x07, 0x01, 0x10, 0x00, 0x23, 0x00, 0x01, 
0x05, 0x00, 0x07, 0x01, 0x10, 0x00, 0x23, 0x40, 0x01, 0x05, 0x00, 0x07, 0x01, 0x10, 0x00, 0x23, 0x40, 0x01, 0x05, 0x00, 
0x07, 0x01, 0x10, 0x00, 0x23, 0x40, 0x01, 0x05, 0x00, 0x07, 0x01, 0x10, 0x00, 0x23, 0x40, 0x01, 0x05, 0x00, 0x07, 0x01, 
0x10, 0x00, 0x23, 0x80, 0x02, 0x01, 0x05, 0x00, 0x07, 0x01, 0x10, 0x00, 0x23, 0x80, 0x02, 0x01, 0x05, 0x00, 0x07, 0x01, 
0x10, 0x00, 0x23, 0x40, 0x01, 0x23, 0x40, 0x01, 0x23, 0x10, 0x01, 0x23, 0x08, 0x01, 0x23, 0x04, 0x01, 0x23, 0x04, 0x01, 
0x23, 0x10, 0x01, 0x23, 0x10, 0x01, 0x23, 0x08, 0x01, 0x00, 0x00, 0x23, 0x08, 0x01, 0x00, 0x00, 0x23, 0x04, 0x01, 0x00, 
0x00, 0x23, 0x04, 0x01, 0x23, 0x08, 0x01, 0x23, 0x04, 0x01, 0x23, 0x04, 0x01, 0x23, 0x04, 0x01, 0x00, 0x00, 0x23, 0x04, 
0x01, 0x00, 0x00, 0x23, 0x04, 0x01, 0x00, 0x00, 0x23, 0x04, 0x01, 0x00, 0x00, 0x23, 0x04, 0x01, 0x00, 0x00, 0x23, 0x04, 
0x01, 0x00, 0x00, 0x23, 0x10, 0x01, 0x00, 0x00, 0x23, 0x0c, 0x01, 0x00, 0x00, 0x23, 0x04, 0x01, 0x00, 0x00, 0x23, 0x08, 
0x01, 0x00, 0x00, 0x23, 0x04, 0x01, 0x00, 0x00, 0x23, 0x04, 0x01, 0x00, 0x00, 0x23, 0x04, 0x01, 0x00, 0x00, 0x23, 0x04, 
0x01, 0x00, 0x00, 0x23, 0x04, 0x01, 0x00, 0x00, 0x23, 0x04, 0x01, 0x23, 0x90, 0x01, 0x01, 0x00, 0x00, 0x23, 0x0c, 0x01, 
0x00, 0x00, 0x23, 0x04, 0x01, 0x00, 0x00, 0x23, 0x10, 0x01, 0x23, 0x10, 0x01, 0x00, 0x00, 0x23, 0x08, 0x01, 0x00, 0x00, 
0x23, 0x04, 0x01, 0x23, 0x04, 0x01, 0x00, 0x00, 0x23, 0x08, 0x01, 0x00, 0x00, 0x23, 0x04, 0x01, 0x23, 0x04, 0x01, 0x00, 
0x00, 0x23, 0x10, 0x01, 0x00, 0x00, 0x23, 0x04, 0x01, 0x23, 0x04, 0x01, 0x00, 0x00, 0x23, 0x08, 0x01, 0x23, 0x04, 0x01, 
0x00, 0x00, 0x23, 0x04, 0x01, 0x00, 0x00, 0x23, 0x04, 0x01, 0x23, 0x04, 0x01, 0x23, 0x0c, 0x01, 0x00, 0x00, 0x23, 0x04, 
0x01, 0x23, 0x04, 0x01, 0x23, 0x04, 0x01, 0x23, 0x04, 0x01, 0x00, 0x00, 0x23, 0x04, 0x01, 0x00, 0x00, 0x23, 0x0c, 0x01, 
0x23, 0x04, 0x01, 0x00, 0x00, 0x23, 0x04, 0x01, 0x23, 0x04, 0x01, 0x23, 0x04, 0x01, 0x05, 0x00, 0x07, 0x01, 0x10, 0x00, 
0x23, 0x04, 0x01, 0x23, 0x30, 0x01, 0x23, 0x08, 0x01, 0x05, 0x00, 0x07, 0x01, 0x10, 0x00, 0x23, 0x08, 0x01, 0x05, 0x00, 
0x07, 0x01, 0x10, 0x00, 0x23, 0x40, 0x01, 0x00, 0x00, 0x23, 0x40, 0x01, 0x00, 0x00, 0x23, 0x04, 0x01, 0x00, 0x00, 0x23, 
0x04, 0x01, 0x00, 0x00, 0x23, 0x04, 0x01, 0x23, 0x04, 0x01, 0x00, 0x00, 0x23, 0x40, 0x01, 0x00, 0x00, 0x23, 0x04, 0x01, 
0x00, 0x00, 0x23, 0x04, 0x01, 0x00, 0x00, 0x23, 0x04, 0x01, 0x00, 0x00, 0x23, 0x04, 0x10, 0x80, 0x2e, 0x21, 0x00, 0x10, 
0x00, 0x22, 0x00, 0x10, 0xcc, 0x05, 0x1e, 0x06, 0x00, 0x86, 0xfb, 0x01, 0x00, 0x00, 0xbf, 0x84, 0x01, 0x00, 0x00, 0xd2, 
0xb0, 0x01, 0x00, 0x00, 0xdf, 0x72, 0x00, 0x00, 0xd6, 0x77, 0x00, 0x00, 0xb1, 0x5b, 0x00, 0x00, 0xe6, 0x72, 0x00, 0x00, 
0xad, 0x84, 0x02, 0x00, 0x00, 0x92, 0xdf, 0x01, 0x00, 0x00, 0xfb, 0x43, 0x00, 0x00, 0xe5, 0xb4, 0x01, 0x00, 0x00, 0xce, 
0x2a, 0x00, 0x00, 0xd5, 0x01, 0x00, 0x00, 0xc4, 0x8b, 0x01, 0x00, 0x00, 0xcd, 0x40, 0x00, 0x00, 0xf0, 0x59, 0x00, 0x00, 
0xfd, 0x4d, 0x00, 0x00, 0xaa, 0x76, 0x00, 0x00, 0x85, 0xa2, 0x01, 0x00, 0x00, 0xd5, 0x1e, 0x00, 0x00, 0xce, 0x08, 0x00, 
0x00, 0xc7, 0x30, 0x00, 0x00, 0xd0, 0x37, 0x00, 0x00, 0xde, 0x07, 0x00, 0x00, 0xd4, 0xbb, 0x01, 0x00, 0x00, 0xff, 0x3f, 
0x00, 0x00, 0x90, 0x2e, 0x00, 0x00, 0xa5, 0xbb, 0x01, 0x00, 0x00, 0xf6, 0xc5, 0x01, 0x00, 0x00, 0x9b, 0x1f, 0x00, 0x10, 
0xb9, 0x9c, 0x02, 0x1e, 0x00, 0x00, 0x85, 0x20, 0x02, 0x47, 0x00, 0x03, 0x00, 0x23, 0x00, 0x01, 0x23, 0x04, 0x01, 0x23, 
0x04, 0x10, 0xf0, 0x2e, 0x21, 0x00, 0x10, 0x00, 0x22, 0x02, 0x00, 0x88, 0x01, 0x00, 0x10, 0x00, 0x21, 0x02, 0x10, 0x00, 
0x22, 0x02, 0x10, 0xc0, 0x08, 0x21, 0x01, 0x10, 0x00, 0x22, 0x02, 0x00, 0x8d, 0x0f, 0x00, 0x10, 0x00, 0x1e, 0x00, 0x00, 
0x90, 0x0e, 0x00, 0x10, 0x00, 0x21, 0x0b, 0x10, 0x00, 0x22, 0x00, 0x00, 0xa0, 0x95, 0x02, 0x00, 0x00, 0x95, 0x20, 0x00, 
0x00, 0xfd, 0x27, 0x00, 0x00, 0x85, 0x12, 0x00, 0x00, 0xe8, 0x16, 0x00, 0x00, 0xa3, 0x76, 0x00, 0x00, 0xa4, 0x2c, 0x00, 
0x00, 0xb3, 0x6c, 0x00, 0x00, 0x9a, 0x82, 0x01, 0x00, 0x00, 0xb7, 0x12, 0x00, 0x00, 0xd7, 0x51, 0x00, 0x00, 0xea, 0x56, 
0x00, 0x00, 0x3b, 0x00, 0x00, 0xe2, 0xb0, 0x01, 0x00, 0x00, 0xc1, 0x49, 0x00, 0x00, 0xa1, 0xaf, 0x01, 0x00, 0x00, 0xd0, 
0x4d, 0x00, 0x00, 0xb5, 0x32, 0x00, 0x00, 0x9a, 0x9d, 0x01, 0x00, 0x00, 0xb7, 0x35, 0x00, 0x00, 0x92, 0x1b, 0x00, 0x00, 
0xa7, 0x25, 0x00, 0x93, 0x02, 0x0e, 0xa1, 0x04, 0xf4, 0x13, 0x08, 0xa6, 0x02, 0xe9, 0x13, 0x20, 0xb7, 0x02, 0x0c, 0x0d, 
0x02, 0xb7, 0x02, 0x0a, 0x0d, 0x03, 0x94, 0x02, 0x1d, 0xb7, 0x02, 0x28, 0x0d, 0x04, 0xfe, 0x02, 0xac, 0x13, 0x1d, 0x1d, 
0x0d, 0x0d, 0x0d, 0x18, 0x3e, 0xbb, 0x09, 0x07, 0x18, 0x89, 0x03, 0xf9, 0x07, 0x0d, 0x03, 0x00, 0x00, 0x00, 0x01, 0x00, 
0xab, 0x02, 0xcc, 0x05, 0x98, 0x01, 0x3e, 0xfa, 0x09, 0x00, 0xfe, 0x03, 0xc1, 0x04, 0xbc, 0x0a, 0x1d, 0x95, 0x05, 0xfb, 
0x08, 0xb5, 0x02, 0x99, 0x1c, 0x20, 0x01, 0xb8, 0x02, 0xb2, 0x01, 0x1d, 0x04, 0xb8, 0x02, 0x3d, 0x18, 0x03, 0xb5, 0x02, 
0x75, 0x20, 0x00, 0xbb, 0x04, 0x0c, 0x80, 0x28, 0x00, 0x00, 0x00, 0x00, 0x3e, 0xd1, 0x1c, 0x02, 0x65, 0xbb, 0x04, 0x0c, 
0xd8, 0x1c, 0x01, 0x00, 0x00, 0x00, 0x3e, 0x95, 0x1d, 0x02, 0x46, 0xbb, 0x04, 0x0c, 0xa2, 0x1d, 0x03, 0x00, 0x00, 0x00, 
0x3e, 0x93, 0x1e, 0x02, 0x0d, 0xbb, 0x04, 0x0b, 0x80, 0x1e, 0x00, 0x00, 0x00, 0x00, 0xbb, 0x04, 0x0d, 0xff, 0x25, 0x00, 
0x00, 0x80, 0x3f, 0xbb, 0x04, 0x0b, 0x86, 0x26, 0x01, 0x00, 0x00, 0x00, 0xbb, 0x04, 0x0b, 0x12, 0x04, 0x00, 0x00, 0x00, 
0xbc, 0x02, 0xd5, 0x1f, 0x65, 0x96, 0x14, 0xbc, 0x02, 0x02, 0x65, 0x96, 0x14, 0xb7, 0x02, 0xaf, 0x08, 0x0b, 0x03, 0xbb, 
0x04, 0x0b, 0xa2, 0x28, 0x09, 0x00, 0x00, 0x00, 0xbc, 0x02, 0x70, 0x18, 0xa5, 0x14, 0xbc, 0x02, 0xf1, 0x25, 0x1d, 0x96, 
0x14, 0xbb, 0x04, 0x0b, 0xca, 0x25, 0x15, 0x00, 0x00, 0x00, 0xbc, 0x02, 0xa3, 0x23, 0x1d, 0xc9, 0x14, 0xce, 0x82, 0xc0, 
0x02, 0x9c, 0x0b, 0x65, 0x65, 0x65, 0x65, 0xab, 0x04, 0xac, 0x04, 0x65, 0x65, 0x1d, 0x13, 0x0d, 0x0d, 0x1d, 0x1d, 0x13, 
0x13, 0x0d, 0x0d, 0x13, 0x0d, 0x0d, 0x0d, 0x0d, 0x0d, 0x0d, 0x0d, 0x0d, 0x1d, 0x14, 0x0c, 0x13, 0x0c, 0x0c, 0x0c, 0x0c, 
0x0d, 0x0d, 0xdd, 0x14, 0x18, 0x0d, 0x1d, 0x1d, 0x13, 0x0c, 0x0d, 0x13, 0x0d, 0x0d, 0x1d, 0x0c, 0x0d, 0x13, 0x0d, 0x0d, 
0x0d, 0x0b, 0x18, 0x0d, 0x0d, 0x0b, 0x0d, 0x0d, 0x18, 0x0d, 0x0d, 0x0d, 0x0d, 0x0d, 0x46, 0x13, 0x13, 0x65, 0x65, 0x0d, 
0x0d, 0x0d, 0x0d, 0xe4, 0x01, 0x0c, 0x0d, 0x0d, 0x0d, 0xf7, 0x02, 0x3e, 0xfa, 0x09, 0x02, 0xc5, 0x08, 0x39, 0xc2, 0x0d, 
0x86, 0x24, 0x02, 0x3e, 0xd5, 0x34, 0x02, 0x1d, 0xbb, 0x04, 0x0b, 0xf2, 0x1d, 0x03, 0x00, 0x00, 0x00, 0xbb, 0x04, 0x0d, 
0x0d, 0x00, 0x00, 0x00, 0x00, 0x3e, 0xe1, 0x1d, 0x01, 0x1d, 0x39, 0x9b, 0x05, 0xa0, 0x3a, 0x01, 0xbb, 0x04, 0x0d, 0xdd, 
0x40, 0x00, 0x00, 0x00, 0x3f, 0x3e, 0x9e, 0x06, 0x01, 0x0d, 0x3e, 0x02, 0x07, 0x0d, 0xbb, 0x04, 0x0c, 0xd4, 0x20, 0x39, 
0x00, 0x00, 0x00, 0xec, 0x04, 0x1d, 0x88, 0x03, 0xdc, 0x05, 0xdc, 0x05, 0xdc, 0x05, 0xdc, 0x05, 0xbb, 0x04, 0x0c, 0xef, 
0x02, 0x3d, 0x00, 0x00, 0x00, 0xbb, 0x04, 0x0c, 0x1d, 0x38, 0x00, 0x00, 0x00, 0x3e, 0xb9, 0x20, 0x02, 0x18, 0xbb, 0x04, 
0x0c, 0xd2, 0x20, 0x3c, 0x00, 0x00, 0x00, 0xbb, 0x04, 0x0b, 0xdd, 0x02, 0x02, 0x00, 0x00, 0x00, 0xbb, 0x04, 0x0d, 0xbf, 
0x09, 0x0a, 0xd7, 0xa3, 0x3a, 0xbb, 0x04, 0x0c, 0x92, 0x0c, 0x3a, 0x00, 0x00, 0x00, 0xbb, 0x04, 0x0c, 0x18, 0x3e, 0x00, 
0x00, 0x00, 0xbb, 0x04, 0x0c, 0x06, 0x3f, 0x00, 0x00, 0x00, 0xbb, 0x04, 0x0c, 0x12, 0x42, 0x00, 0x00, 0x00, 0xbb, 0x04, 
0x0c, 0x06, 0x43, 0x00, 0x00, 0x00, 0xbb, 0x04, 0x0c, 0x2f, 0x3b, 0x00, 0x00, 0x00, 0x3e, 0xe7, 0x20, 0x02, 0x0b, 0xbb, 
0x04, 0x0c, 0xb0, 0x1e, 0x07, 0x00, 0x00, 0x00, 0xbb, 0x04, 0x0c, 0xa8, 0x01, 0x23, 0x00, 0x00, 0x00, 0xbb, 0x04, 0x0c, 
0xb4, 0x01, 0x41, 0x00, 0x00, 0x00, 0xbb, 0x04, 0x0c, 0x05, 0x40, 0x00, 0x00, 0x00, 0xbb, 0x04, 0x0c, 0x8f, 0x01, 0x28, 
0x00, 0x00, 0x00, 0xbb, 0x04, 0x0c, 0x0b, 0x26, 0x00, 0x00, 0x00, 0x39, 0x9b, 0x05, 0xe0, 0x05, 0x01, 0xce, 0x02, 0x85, 
0x20, 0x0b, 0x0b, 0x0b, 0x3e, 0xfa, 0x09, 0x02, 0xea, 0x07, 0x39, 0xe7, 0x0c, 0xf6, 0x24, 0x02, 0x89, 0x03, 0x97, 0x3c, 
0x0d, 0x01, 0x00, 0x00, 0x00, 0x01, 0x00, 0xab, 0x02, 0xd2, 0x05, 0x96, 0x01, 0x3e, 0xfa, 0x09, 0x00, 0xff, 0x03, 0x39, 
0xfc, 0x08, 0xd4, 0x2d, 0x00, 0xbb, 0x04, 0x0d, 0xc5, 0x31, 0x17, 0xb7, 0xd1, 0x38, 0xbb, 0x04, 0x0d, 0xa5, 0x0d, 0x6f, 
0x12, 0x83, 0x3a, 0x39, 0xfc, 0x08, 0xac, 0x47, 0x00, 0x3e, 0xd3, 0x3d, 0x03, 0x1d, 0x39, 0x9c, 0x05, 0xc6, 0x2e, 0x03, 
0xbb, 0x04, 0x0c, 0xcf, 0x0d, 0x44, 0x00, 0x00, 0x00, 0x39, 0xfb, 0x08, 0xe0, 0x1b, 0x00, 0x3e, 0xf3, 0x3c, 0x03, 0x0d, 
0xad, 0x06, 0x1d, 0x95, 0x0a, 0xad, 0x06, 0x0d, 0x02, 0xad, 0x06, 0x18, 0x02, 0xdc, 0x04, 0x18, 0xce, 0x0e, 0xde, 0x0a, 
0xde, 0x0a, 0xde, 0x0a, 0xc6, 0x06, 0x08, 0xe8, 0x49, 0x00, 0x82, 0x0a, 0x18, 0xb4, 0xad, 0x02, 0x39, 0x95, 0x05, 0xbd, 
0xab, 0x02, 0x07, 0x01, 0x1d, 0x94, 0xf0, 0x01, 0xf2, 0x85, 0x02, 0x3d, 0x18, 0xb5, 0x5b, 0xb5, 0x5b, 0xb5, 0x5b, 0x18, 
0x01, 0x1d, 0x96, 0x0f, 0xce, 0xce, 0x01, 0x3d, 0x18, 0xf6, 0x12, 0xf6, 0x12, 0xf6, 0x12, 0x18, 0x13, 0x8b, 0x05, 0x8c, 
0x76, 0xed, 0x17, 0x93, 0x14, 0x01, 0x0d, 0xc3, 0xe7, 0x01, 0xc3, 0xe7, 0x01, 0xd0, 0x0a, 0x18, 0xf2, 0x8c, 0x01, 0xf2, 
0x8c, 0x01, 0xf2, 0x8c, 0x01, 0xf2, 0x8c, 0x01, 0xc8, 0x10, 0x18, 0x91, 0x46, 0xd7, 0x2a, 0x91, 0x46, 0xce, 0x10, 0x18, 
0xe3, 0x01, 0xe3, 0x01, 0xea, 0xe0, 0x01, 0x4b, 0x18, 0xb7, 0x12, 0xb7, 0x12, 0xd4, 0xc3, 0x01, 0xc1, 0x0a, 0x0d, 0xd7, 
0x51, 0xf3, 0x65, 0x02, 0x2d, 0x13, 0xea, 0x56, 0x92, 0x05, 0x92, 0x05, 0x10, 0x13, 0x88, 0x05, 0xed, 0x2c, 0xa2, 0x1f, 
0x8b, 0x14, 0x01, 0x0b, 0x92, 0x4a, 0x92, 0x4a, 0xcb, 0x14, 0x09, 0xfd, 0x2a, 0xfd, 0x2a, 0xce, 0xa1, 0x01, 0xa7, 0x1e, 
0x93, 0x3c, 0x00, 0xba, 0x1e, 0x00, 0xc8, 0x31, 0x93, 0x3c, 0x18, 0xc7, 0x31, 0xc1, 0x0a, 0x0d, 0xc0, 0x87, 0x01, 0x9e, 
0x48, 0x00, 0xc1, 0x0a, 0x0d, 0xb4, 0x23, 0xd2, 0x6b, 0x01, 0xc3, 0x10, 0x0d, 0xed, 0x60, 0x8c, 0xe0, 0x01, 0xed, 0x60, 
0xc0, 0x0a, 0x13, 0xbe, 0x64, 0x84, 0x27, 0xbe, 0x64, 0x99, 0x1e, 0xe8, 0x40, 0x18, 0xe7, 0x40, 0xe5, 0x1e, 0x13, 0xbc, 
0x41, 0xde, 0x35, 0x00, 0x00, 0x79, 0x61, 0x00, 0x00, 0xaf, 0x51, 0x00, 0x00, 0x0d, 0x26, 0x00, 0x00, 0x01, 0xff, 0x03, 
0xb1, 0x70, 0xb4, 0x97, 0x01, 0xe8, 0x0a, 0x1d, 0xe2, 0xb0, 0x01, 0xe2, 0xb0, 0x01, 0xb0, 0x40, 0x02, 0x8c, 0x14, 0x13, 
0x88, 0x05, 0x9b, 0xd2, 0x01, 0xa2, 0x1f, 0x8e, 0x14, 0x01, 0x0b, 0xa4, 0x19, 0xa4, 0x19, 0xcb, 0x14, 0x09, 0x85, 0x05, 
0x85, 0x05, 0xd0, 0xa1, 0x01, 0xa7, 0x1e, 0x85, 0x83, 0x01, 0x00, 0xba, 0x1e, 0x00, 0x80, 0x13, 0x85, 0x83, 0x01, 0x18, 
0xff, 0x12, 0xc1, 0x0a, 0x0d, 0xbc, 0x87, 0x01, 0xc1, 0x49, 0x00, 0xc8, 0x16, 0x09, 0xe1, 0xdc, 0x01, 0xe1, 0xdc, 0x01, 
0xb8, 0x53, 0xb8, 0x14, 0x09, 0xb6, 0x89, 0x02, 0xb6, 0x89, 0x02, 0xa7, 0x1e, 0x98, 0x75, 0x00, 0xba, 0x1e, 0x00, 0xa6, 
0x44, 0x98, 0x75, 0x18, 0xa5, 0x44, 0xc3, 0x10, 0x0d, 0xcf, 0x97, 0x01, 0xac, 0x0e, 0xa1, 0xaf, 0x01, 0x5c, 0x0d, 0xd0, 
0x4d, 0x01, 0x04, 0xbf, 0x47, 0xca, 0x16, 0x09, 0xa4, 0x66, 0xa4, 0x66, 0x92, 0xc2, 0x02, 0x99, 0x1e, 0x96, 0x4d, 0x18, 
0x95, 0x4d, 0xe5, 0x1e, 0x09, 0x83, 0x51, 0x5f, 0x18, 0x00, 0x00, 0xb2, 0x2d, 0x00, 0x00, 0xb9, 0x50, 0x00, 0x00, 0xa7, 
0x49, 0x00, 0x00, 0x99, 0x1e, 0x91, 0xa8, 0x01, 0x18, 0x92, 0xa8, 0x01, 0xe5, 0x1e, 0x09, 0x91, 0xa2, 0x01, 0x72, 0x32, 
0x00, 0x00, 0x7b, 0x41, 0x00, 0x00, 0x2c, 0x29, 0x00, 0x00, 0x6e, 0x3d, 0x00, 0x00, 0xa7, 0x1e, 0xe5, 0x60, 0x00, 0xba, 
0x1e, 0x00, 0xf7, 0xac, 0x01, 0xc1, 0x66, 0x18, 0xf8, 0xac, 0x01, 0x99, 0x1e, 0x92, 0x4c, 0x18, 0xb5, 0x46, 0x01, 0xff, 
0x03, 0x85, 0x54, 0x88, 0x75, 0xc1, 0x0a, 0x0d, 0xd4, 0xa9, 0x01, 0xac, 0x8f, 0x01, 0x00, 0xc1, 0x0a, 0x0d, 0xeb, 0x7e, 
0xc0, 0x10, 0x01, 0xc3, 0x10, 0x0d, 0xc1, 0x35, 0xa6, 0xb0, 0x01, 0xc1, 0x35, 0xc0, 0x0a, 0x13, 0x97, 0x0c, 0xc5, 0xc0, 
0x01, 0x97, 0x0c, 0xe8, 0x0a, 0x1d, 0xe3, 0x19, 0xd5, 0x30, 0xe3, 0x19, 0x02, 0x8c, 0x14, 0x99, 0x1e, 0xff, 0x7e, 0x18, 
0x80, 0x7f, 0xe5, 0x1e, 0x1d, 0xbc, 0x06, 0x7a, 0x0b, 0x00, 0x00, 0xe8, 0x55, 0x00, 0x00, 0x1f, 0x23, 0x00, 0x00, 0x4d, 
0x44, 0x00, 0x00, 0x80, 0x0b, 0xf3, 0x09, 0xff, 0x53, 0xff, 0x53, 0xf6, 0xbd, 0x01, 0xf4, 0xbd, 0x01, 0xf4, 0xbd, 0x01, 
0xf4, 0xbd, 0x01, 0xf2, 0xbd, 0x01, 0xc1, 0x0a, 0x1d, 0x91, 0x0a, 0x91, 0x0a, 0x00, 0x80, 0x0b, 0xf3, 0x09, 0x65, 0x65, 
0xfe, 0xb2, 0x01, 0xfc, 0xb2, 0x01, 0xfc, 0xb2, 0x01, 0xfc, 0xb2, 0x01, 0xfa, 0xb2, 0x01, 0xc1, 0x0a, 0x1d, 0xe9, 0x08, 
0xe9, 0x08, 0x00, 0x22, 0x9a, 0x71, 0x00, 0x23, 0x9a, 0x05, 0xea, 0x90, 0x01, 0xc5, 0x1f, 0x8e, 0x14, 0x94, 0x14, 0x01, 
0x1d, 0xf1, 0xd8, 0x01, 0xf1, 0xd8, 0x01, 0x3d, 0x18, 0xa0, 0x17, 0xa0, 0x17, 0xa0, 0x17, 0x18, 0xc3, 0x10, 0x18, 0x84, 
0x94, 0x01, 0xa2, 0x1e, 0x84, 0x94, 0x01, 0x13, 0xc3, 0x05, 0x8c, 0x2e, 0xc5, 0x1f, 0xd7, 0x15, 0x01, 0x46, 0xb9, 0x05, 
0xb9, 0x05, 0xc1, 0x12, 0x18, 0xf1, 0xd2, 0x01, 0xf1, 0xd2, 0x01, 0x9f, 0xaa, 0x01, 0x22, 0xe0, 0x08, 0x00, 0xd9, 0x06, 
0x1d, 0x9a, 0xf9, 0x01, 0xbe, 0x94, 0x02, 0xfa, 0x81, 0x02, 0xa0, 0x95, 0x02, 0x01, 0x1d, 0x95, 0x20, 0x9a, 0x83, 0x02, 
0x3d, 0x18, 0xfd, 0x27, 0xfd, 0x27, 0xfd, 0x27, 0x18, 0xc1, 0x0a, 0x0d, 0x85, 0x12, 0x99, 0x5a, 0x03, 0xc3, 0x10, 0x0d, 
0xe8, 0x16, 0xe8, 0x96, 0x02, 0xe8, 0x16, 0xce, 0x10, 0x18, 0xa3, 0x76, 0xc1, 0x71, 0xa3, 0x76, 0x3d, 0x18, 0xa4, 0x2c, 
0xb1, 0x8d, 0x01, 0xb1, 0x8d, 0x01, 0x18, 0x4b, 0x18, 0xb3, 0x6c, 0x8f, 0x40, 0xb3, 0x6c, 0x13, 0x8d, 0x05, 0x82, 0x92, 
0x01, 0xbf, 0x1c, 0x8a, 0x14, 0xc1, 0x0a, 0x0d, 0x8a, 0x59, 0x8c, 0xeb, 0x01, 0x00, 0x22, 0x8a, 0x59, 0x00, 0x13, 0x8d, 
0x05, 0xdf, 0x4d, 0xbf, 0x1c, 0x8d, 0x14, 0xc1, 0x0a, 0x0d, 0xef, 0x09, 0xbc, 0x93, 0x01, 0x01, 0x22, 0xef, 0x09, 0x00, 
0x13, 0x8d, 0x05, 0xf2, 0x09, 0xbf, 0x1c, 0x90, 0x14, 0xc1, 0x0a, 0x0d, 0xf6, 0x2d, 0xa4, 0xcb, 0x01, 0x02, 0x22, 0xf6, 
0x2d, 0x00, 0x8d, 0x1e, 0x88, 0x06, 0xc6, 0x06, 0x1d, 0xfb, 0xe5, 0x01, 0x00, 0x99, 0x0e, 0xa7, 0x06, 0x95, 0x05, 0xc9, 
0x0e, 0xa7, 0x06, 0xfb, 0x08, 0x4e, 0x18, 0x88, 0xf6, 0x01, 0x01, 0x18, 0x89, 0x10, 0xcc, 0xe6, 0x01, 0x5c, 0x0d, 0x87, 
0xab, 0x01, 0x01, 0x42, 0xf9, 0x8f, 0x01, 0x13, 0x8a, 0x05, 0xee, 0xfc, 0x01, 0xc5, 0x1f, 0xb6, 0x15, 0x01, 0x0d, 0xdb, 
0x8a, 0x02, 0xdb, 0x8a, 0x02, 0xc8, 0x16, 0x09, 0x84, 0xd7, 0x01, 0x96, 0xc9, 0x01, 0x84, 0xd7, 0x01, 0xa7, 0x1e, 0xdd, 
0x07, 0x00, 0xba, 0x1e, 0x00, 0xd1, 0x04, 0xdd, 0x07, 0x18, 0xd2, 0x04, 0x9e, 0x1e, 0x7a, 0x0b, 0x00, 0x00, 0x18, 0x8c, 
0x03, 0x13, 0x8a, 0x05, 0xd4, 0x25, 0xc5, 0x1f, 0xc2, 0x15, 0x01, 0x0d, 0xb9, 0xc9, 0x01, 0xb9, 0xc9, 0x01, 0xca, 0x16, 
0x09, 0x82, 0xc6, 0x01, 0x90, 0xf3, 0x01, 0x82, 0xc6, 0x01, 0xa7, 0x1e, 0x9a, 0x22, 0x00, 0xba, 0x1e, 0x00, 0xa6, 0x25, 
0x9a, 0x22, 0x18, 0xa5, 0x25, 0x9e, 0x1e, 0x7a, 0x0b, 0x00, 0x00, 0x18, 0x8c, 0x03, 0x13, 0x96, 0x05, 0xdc, 0x01, 0xc5, 
0x1f, 0xb3, 0x15, 0x01, 0x18, 0xd3, 0xbf, 0x01, 0xd3, 0xbf, 0x01, 0x13, 0x8a, 0x05, 0xb0, 0xb0, 0x01, 0xc5, 0x1f, 0xbf, 
0x15, 0x01, 0x0d, 0xcb, 0x0b, 0xcb, 0x0b, 0xc1, 0x0a, 0x0d, 0xb3, 0x44, 0xb0, 0x60, 0x02, 0x13, 0x8c, 0x05, 0xd0, 0x9f, 
0x01, 0xd3, 0x1c, 0x8d, 0x14, 0x01, 0x0d, 0x99, 0xc5, 0x01, 0x99, 0xc5, 0x01, 0x4a, 0x0d, 0xd3, 0x57, 0xd1, 0xc1, 0x01, 
0xd3, 0x57, 0x5c, 0x0d, 0xe2, 0xcb, 0x01, 0x01, 0x04, 0xbd, 0x35, 0xca, 0x16, 0x09, 0xfd, 0x40, 0xfd, 0x40, 0xfe, 0xd6, 
0x01, 0xa7, 0x1e, 0xeb, 0x81, 0x01, 0x00, 0xba, 0x1e, 0x00, 0x80, 0x65, 0xeb, 0x81, 0x01, 0x18, 0xff, 0x64, 0xc1, 0x0a, 
0x0d, 0xc0, 0x87, 0x01, 0xb6, 0x90, 0x01, 0x00, 0xc1, 0x0a, 0x0d, 0xd2, 0x0f, 0x88, 0xa0, 0x01, 0x01, 0xc3, 0x10, 0x0d, 
0xab, 0x29, 0xab, 0x29, 0xca, 0x93, 0x01, 0x5c, 0x0d, 0xff, 0x58, 0x01, 0x1b, 0xa2, 0x7f, 0x4a, 0x0d, 0xbd, 0x0a, 0x97, 
0x7d, 0xbd, 0x0a, 0xc3, 0x10, 0x0d, 0xd7, 0x0e, 0xe9, 0x5b, 0xd7, 0x0e, 0xc8, 0x10, 0x0d, 0xcc, 0xd3, 0x01, 0xcc, 0xd3, 
0x01, 0x80, 0xf5, 0x01, 0x99, 0x1e, 0xcf, 0x17, 0x18, 0xd0, 0x17, 0xe5, 0x1e, 0x0d, 0xe7, 0x8a, 0x02, 0x0c, 0x3a, 0x00, 
0x00, 0x70, 0x51, 0x00, 0x00, 0xfd, 0x57, 0x00, 0x00, 0x2f, 0x24, 0x00, 0x00, 0xc3, 0x10, 0x0d, 0xa6, 0xf3, 0x01, 0x9e, 
0xeb, 0x01, 0x8c, 0xf9, 0x01, 0x6c, 0x0d, 0xd9, 0x54, 0x01, 0x28, 0x84, 0xb0, 0x01, 0x8c, 0x14, 0x4a, 0x0d, 0x81, 0x1f, 
0xca, 0x7f, 0x81, 0x1f, 0x3f, 0x0d, 0xc7, 0x41, 0xc7, 0x41, 0x5c, 0x0d, 0x91, 0x32, 0x01, 0x1b, 0xb2, 0x55, 0xc3, 0x10, 
0x0d, 0x8a, 0xc7, 0x01, 0xc8, 0xbd, 0x02, 0x8a, 0xc7, 0x01, 0x13, 0x8a, 0x05, 0x9f, 0x82, 0x01, 0xc5, 0x1f, 0xb9, 0x15, 
0x01, 0x0d, 0x9f, 0x02, 0x9f, 0x02, 0x6c, 0x0d, 0xd2, 0xb0, 0x01, 0x01, 0x25, 0xee, 0x9f, 0x01, 0xce, 0x5d, 0x13, 0x96, 
0x05, 0xb5, 0x89, 0x01, 0xc5, 0x1f, 0xc5, 0x15, 0x01, 0x18, 0xd6, 0x16, 0xd6, 0x16, 0x13, 0x8a, 0x05, 0xa0, 0x5e, 0xc5, 
0x1f, 0xc8, 0x15, 0x01, 0x0d, 0xb6, 0x19, 0xb6, 0x19, 0xca, 0x16, 0x09, 0xe7, 0x08, 0xe7, 0x08, 0xe4, 0xbf, 0x02, 0xa7, 
0x1e, 0xd3, 0x08, 0x00, 0xba, 0x1e, 0x00, 0xf6, 0xb1, 0x01, 0xd3, 0x08, 0x18, 0xf5, 0xb1, 0x01, 0x13, 0x8a, 0x05, 0x9a, 
0x73, 0xc5, 0x1f, 0xd1, 0x15, 0x01, 0x0d, 0x89, 0x2e, 0x89, 0x2e, 0x4a, 0x0d, 0x91, 0x78, 0x9a, 0x0e, 0x91, 0x78, 0x13, 
0x8a, 0x05, 0x90, 0x27, 0xc5, 0x1f, 0xd4, 0x15, 0x01, 0x0d, 0xae, 0xc4, 0x01, 0xae, 0xc4, 0x01, 0xc3, 0x10, 0x0d, 0xc6, 
0x14, 0x84, 0x80, 0x02, 0xc6, 0x14, 0x13, 0x88, 0x05, 0xcb, 0x8e, 0x01, 0xc5, 0x1f, 0xbc, 0x15, 0x01, 0x0b, 0x8c, 0x55, 
0x8c, 0x55, 0x5c, 0x13, 0xd1, 0xcf, 0x01, 0x01, 0x3e, 0xe4, 0xa4, 0x01, 0xc1, 0x0a, 0x0d, 0xbc, 0x9b, 0x01, 0xbc, 0x9b, 
0x01, 0x01, 0xc1, 0x0a, 0x0d, 0xe6, 0x72, 0xa2, 0x8e, 0x02, 0x00, 0x7c, 0x0d, 0xad, 0x84, 0x02, 0x01, 0x2b, 0xc4, 0xc1, 
0x01, 0x8c, 0x14, 0x8a, 0x01, 0x7c, 0x0d, 0x92, 0xdf, 0x01, 0x01, 0x2e, 0xd9, 0x8a, 0x01, 0x8c, 0xc4, 0x01, 0xf5, 0x41, 
0x13, 0xe2, 0x05, 0xc9, 0x65, 0xc5, 0x1f, 0xa0, 0x14, 0x01, 0x65, 0xe6, 0x3b, 0xe6, 0x3b, 0xc1, 0x0a, 0x1d, 0xf3, 0x70, 
0xf3, 0x70, 0x00, 0x3d, 0x18, 0x9e, 0x10, 0x9e, 0x10, 0x9e, 0x10, 0x18, 0xc1, 0x0a, 0x1d, 0x8d, 0x5b, 0xe3, 0xbb, 0x01, 
0x01, 0x3d, 0x18, 0x86, 0xd9, 0x01, 0x86, 0xd9, 0x01, 0x86, 0xd9, 0x01, 0x18, 0xc1, 0x0a, 0x1d, 0xab, 0xd9, 0x01, 0x89, 
0xbc, 0x01, 0x02, 0x3d, 0x18, 0xc4, 0xdd, 0x01, 0xc4, 0xdd, 0x01, 0xc4, 0xdd, 0x01, 0x18, 0xd0, 0x0a, 0x46, 0xd5, 0x70, 
0xba, 0x11, 0xbd, 0x6c, 0xd5, 0x70, 0xb4, 0x0a, 0x46, 0xfe, 0x74, 0x7e, 0x3a, 0x00, 0x00, 0x01, 0xfe, 0x03, 0xf9, 0x3f, 
0x8c, 0xe5, 0x01, 0x01, 0x18, 0xbe, 0x01, 0x98, 0xe7, 0x01, 0xc1, 0x12, 0x18, 0xfb, 0x0c, 0xb7, 0x4b, 0xfb, 0x0c, 0xe8, 
0x0a, 0x1d, 0xa7, 0xa9, 0x01, 0xe5, 0xb4, 0x01, 0xa7, 0xa9, 0x01, 0x02, 0xbe, 0xb1, 0x01, 0x3d, 0x18, 0xce, 0x2a, 0xce, 
0x2a, 0xce, 0x2a, 0x18, 0x4a, 0x18, 0xd5, 0x01, 0xfb, 0x65, 0xd5, 0x01, 0x99, 0x1e, 0xbd, 0xdd, 0x01, 0x18, 0xbe, 0xdd, 
0x01, 0xe5, 0x1e, 0x18, 0xc3, 0x43, 0x47, 0x3e, 0x00, 0x00, 0xe5, 0x5d, 0x00, 0x00, 0xc9, 0x24, 0x00, 0x00, 0x83, 0x2d, 
0x00, 0x00, 0x13, 0x8a, 0x05, 0xc2, 0x53, 0xc5, 0x1f, 0xf4, 0x14, 0x01, 0x0d, 0xf7, 0x61, 0xf7, 0x61, 0x4a, 0x0d, 0xcd, 
0x40, 0xcd, 0x40, 0xe5, 0x8d, 0x01, 0xce, 0x10, 0x18, 0xf0, 0x59, 0xec, 0x0a, 0xf0, 0x59, 0x13, 0x8a, 0x05, 0x95, 0xa1, 
0x01, 0xc5, 0x1f, 0xce, 0x15, 0x01, 0x0d, 0x98, 0x53, 0x98, 0x53, 0xca, 0x16, 0x09, 0x84, 0x7e, 0x84, 0x7e, 0xe6, 0xbf, 
0x02, 0xa7, 0x1e, 0x82, 0x25, 0x00, 0xba, 0x1e, 0x00, 0xf6, 0xb1, 0x01, 0x82, 0x25, 0x18, 0xf5, 0xb1, 0x01, 0x13, 0x8a, 
0x05, 0xcc, 0x72, 0xc5, 0x1f, 0xcb, 0x15, 0x01, 0x0d, 0x97, 0x37, 0x97, 0x37, 0xc3, 0x10, 0x0d, 0xce, 0x35, 0xa0, 0xb2, 
0x01, 0xce, 0x35, 0x6c, 0x0d, 0xbf, 0x83, 0x01, 0x01, 0x28, 0xc5, 0x93, 0x01, 0x8c, 0x14, 0x4a, 0x0d, 0xe4, 0x48, 0xcc, 
0x7f, 0xe4, 0x48, 0x3f, 0x0d, 0x95, 0x55, 0x95, 0x55, 0x5c, 0x0d, 0xd6, 0x92, 0x01, 0x01, 0x1b, 0xcc, 0x4b, 0x13, 0x9a, 
0x05, 0xbf, 0x9a, 0x01, 0xc5, 0x1f, 0x83, 0x15, 0x01, 0x1d, 0xf6, 0xd0, 0x01, 0xf6, 0xd0, 0x01, 0x3d, 0x18, 0x85, 0xa2, 
0x01, 0x85, 0xa2, 0x01, 0x85, 0xa2, 0x01, 0x18, 0x23, 0x8a, 0x05, 0xf9, 0x55, 0xc5, 0x1f, 0x83, 0x15, 0x93, 0x14, 0x01, 
0x0d, 0xa4, 0x37, 0xa4, 0x37, 0xce, 0x10, 0x18, 0xce, 0x08, 0x87, 0x16, 0xce, 0x08, 0x01, 0x18, 0xd0, 0x42, 0xc0, 0xb1, 
0x01, 0x5c, 0x18, 0xd9, 0x86, 0x01, 0x01, 0x45, 0xb3, 0x75, 0x13, 0x96, 0x05, 0xfc, 0xfd, 0x01, 0xc5, 0x1f, 0xfd, 0x14, 
0x01, 0x18, 0xa5, 0x9b, 0x01, 0xa5, 0x9b, 0x01, 0xc4, 0x12, 0x0d, 0xc9, 0x1d, 0x8c, 0x45, 0xc9, 0x1d, 0x6c, 0x0d, 0xf6, 
0xa2, 0x01, 0x01, 0x28, 0xcc, 0x54, 0x8c, 0x14, 0x6c, 0x0d, 0xbf, 0xd4, 0x01, 0x01, 0x1a, 0x87, 0xa6, 0x01, 0xfd, 0x74, 
0xc3, 0x10, 0x0d, 0xd0, 0x37, 0x8a, 0xad, 0x01, 0xcf, 0x7a, 0x4a, 0x0d, 0xde, 0x07, 0xae, 0x3f, 0xde, 0x07, 0xce, 0x10, 
0x18, 0xd4, 0xbb, 0x01, 0xba, 0xca, 0x01, 0xd4, 0xbb, 0x01, 0x4b, 0x18, 0xff, 0x3f, 0xa7, 0x05, 0xff, 0x3f, 0x99, 0x1e, 
0xab, 0x10, 0x18, 0xac, 0x10, 0xe5, 0x1e, 0x18, 0x97, 0x3b, 0xfc, 0x4d, 0x00, 0x00, 0x28, 0x5c, 0x00, 0x00, 0xa8, 0x4c, 
0x00, 0x00, 0x84, 0x2d, 0x00, 0x00, 0xc1, 0x0a, 0x0d, 0xfc, 0x58, 0xfc, 0x58, 0x00, 0xc1, 0x0a, 0x0d, 0xa5, 0xbb, 0x01, 
0xa9, 0x62, 0x01, 0xc1, 0x0a, 0x0d, 0xf6, 0xc5, 0x01, 0xcc, 0x63, 0x02, 0xe0, 0x0a, 0x1d, 0x9b, 0x1f, 0xcb, 0x14, 0xda, 
0xa6, 0x01, 0x9b, 0x1f, 0xd9, 0x1f, 0x9e, 0x1e, 0x0a, 0x53, 0x00, 0x00, 0x88, 0x06, 0x00, 0x00, 0xe6, 0x01, 0x00, 0x00, 
0x00, 0x00, 0x00, 0x00, 0x4c, 0x4f, 0x4d, 0x53, 0x00, 0x03, 0x01, 0x00, 0x0b, 0x00, 0x08, 0x00, 0x09, 0x62, 0x00, 0x00, 
0x00, 0x00, 0x00, 0x00, 0xe0, 0x04, 0x00, 0x00, 0x91, 0x02, 0x01, 0xd1, 0x10, 0x02, 0x47, 0x4c, 0x53, 0x4c, 0x2e, 0x73, 
0x74, 0x64, 0x2e, 0x34, 0x35, 0x30, 0x00, 0x00, 0x00, 0x00, 0xa0, 0x04, 0x00, 0x01, 0xef, 0x0e, 0x04, 0x9f, 0x2c, 0xed, 
0xc2, 0xa5, 0xf3, 0x06, 0x00, 0xef, 0x25, 0xd9, 0x1b, 0xa0, 0x02, 0x9f, 0x2c, 0x07, 0x10, 0x96, 0x0f, 0x06, 0x10, 0x37, 
0xb3, 0x0d, 0x0b, 0x00, 0x05, 0x00, 0x07, 0x01, 0x10, 0x00, 0x23, 0x00, 0x01, 0x05, 0x00, 0x07, 0x01, 0x10, 0x00, 0x23, 
0x40, 0x01, 0x23, 0x30, 0x01, 0x23, 0x04, 0x01, 0x23, 0x04, 0x01, 0x23, 0x04, 0x01, 0x23, 0x04, 0x00, 0xe4, 0x4c, 0x00, 
0x10, 0x00, 0x01, 0x01, 0x10, 0xcf, 0x4c, 0x06, 0x80, 0x02, 0x00, 0xf4, 0x10, 0x02, 0x47, 0x00, 0x01, 0x00, 0x23, 0x00, 
0x10, 0xca, 0x20, 0x21, 0x00, 0x10, 0x00, 0x22, 0x01, 0x10, 0xaa, 0x18, 0x1e, 0x00, 0x10, 0xab, 0x14, 0x1e, 0x09, 0x93, 
0x02, 0x0e, 0xa1, 0x04, 0xf4, 0x13, 0x08, 0xb5, 0x02, 0xeb, 0x13, 0x20, 0x01, 0xa6, 0x02, 0x02, 0x20, 0xb7, 0x02, 0x20, 
0x0d, 0x04, 0xb8, 0x02, 0x90, 0x01, 0x1d, 0x04, 0xb7, 0x02, 0x99, 0x01, 0x0d, 0x03, 0xb8, 0x02, 0x5c, 0x18, 0x03, 0xb5, 
0x02, 0x75, 0x20, 0x00, 0xbb, 0x04, 0x0b, 0xae, 0x28, 0x08, 0x00, 0x00, 0x00, 0xbc, 0x02, 0xad, 0x19, 0x1d, 0xa2, 0x14, 
0x8e, 0x03, 0xb3, 0x0d, 0x65, 0x46, 0x0c, 0x0c, 0x0c, 0x0d, 0xcb, 0x07, 0xb2, 0x06, 0x0c, 0xe4, 0x4c, 0x40, 0x00, 0x00, 
0x00, 0xbc, 0x02, 0xcf, 0x4c, 0x71, 0xa3, 0x27, 0xae, 0x02, 0xf4, 0x10, 0x7b, 0x3e, 0xfa, 0x09, 0x02, 0xb5, 0x09, 0x39, 
0xb2, 0x0e, 0xd0, 0x16, 0x02, 0xbb, 0x04, 0x0c, 0x9d, 0x0b, 0x00, 0x00, 0x00, 0x00, 0x3e, 0x83, 0x1e, 0x02, 0x0c, 0xbb, 
0x04, 0x0c, 0x9c, 0x1e, 0x04, 0x00, 0x00, 0x00, 0xb7, 0x02, 0x8b, 0x28, 0x0b, 0x02, 0x3e, 0xfa, 0x09, 0x03, 0x11, 0x39, 
0x8e, 0x05, 0xc2, 0x41, 0x03, 0xbb, 0x04, 0x0b, 0xc9, 0x23, 0x00, 0x00, 0x00, 0x00, 0x3e, 0x83, 0x1e, 0x03, 0x0b, 0x3e, 
0x24, 0x01, 0x1d, 0x39, 0x9a, 0x05, 0xfe, 0x2c, 0x01, 0xbb, 0x04, 0x0b, 0x91, 0x0f, 0x02, 0x00, 0x00, 0x00, 0x3e, 0x8b, 
0x1e, 0x01, 0x0d, 0xbb, 0x04, 0x0b, 0x92, 0x1e, 0x03, 0x00, 0x00, 0x00, 0xbb, 0x04, 0x0b, 0x0b, 0x01, 0x00, 0x00, 0x00, 
0xad, 0x06, 0x0c, 0x95, 0x28, 0xc6, 0x06, 0x08, 0xba, 0x58, 0x00, 0x82, 0x0a, 0x18, 0x98, 0x9d, 0x02, 0x33, 0x89, 0x05, 
0xe1, 0xf4, 0x01, 0xda, 0x19, 0x8b, 0x14, 0x02, 0x97, 0x14, 0x01, 0x0c, 0xfa, 0xfe, 0x01, 0xfa, 0xfe, 0x01, 0xbc, 0x0e, 
0x0b, 0xed, 0x9c, 0x02, 0xed, 0x9c, 0x02, 0x13, 0x88, 0x05, 0x90, 0xa5, 0x02, 0xef, 0x25, 0x8a, 0x14, 0x22, 0x00, 0x90, 
0xa5, 0x02, 0x13, 0x8a, 0x05, 0x8d, 0x51, 0xd9, 0x1b, 0x90, 0x14, 0x01, 0x0d, 0xe9, 0xc3, 0x01, 0xe9, 0xc3, 0x01, 0x13, 
0x8a, 0x05, 0xe6, 0xdc, 0x01, 0xd9, 0x1b, 0x93, 0x14, 0x01, 0x0d, 0x89, 0x9f, 0x01, 0x89, 0x9f, 0x01, 0xc8, 0x10, 0x0d, 
0x9c, 0x0f, 0xf8, 0x4c, 0x9c, 0x0f, 0xbc, 0x0e, 0x0b, 0xa8, 0x24, 0xa8, 0x24, 0x13, 0x88, 0x05, 0xfa, 0x6d, 0xef, 0x25, 
0x8d, 0x14, 0x22, 0x00, 0xfa, 0x6d, 0x8d, 0x1e, 0x88, 0x06, 0x00, 0x00, 0xd6, 0x08, 0x00, 0x00, 0x00, 0x00, 0x00, 0x00, 
0x4c, 0x4f, 0x4d, 0x53, 0x00, 0x03, 0x01, 0x00, 0x0b, 0x00, 0x08, 0x00, 0x8c, 0x62, 0x00, 0x00, 0x00, 0x00, 0x00, 0x00, 
0x60, 0x1c, 0x00, 0x00, 0x91, 0x02, 0x01, 0xd1, 0x10, 0x02, 0x47, 0x4c, 0x53, 0x4c, 0x2e, 0x73, 0x74, 0x64, 0x2e, 0x34, 
0x35, 0x30, 0x00, 0x00, 0x00, 0x00, 0xa0, 0x04, 0x00, 0x01, 0xdf, 0x0f, 0x00, 0x9f, 0x2c, 0xed, 0xc2, 0xa5, 0xf3, 0x06, 
0x00, 0x82, 0x1f, 0xcf, 0x2d, 0x8c, 0x1a, 0xb0, 0x23, 0x84, 0x28, 0xed, 0x17, 0xab, 0x22, 0xd9, 0x1b, 0xc2, 0x26, 0x10, 
0xc2, 0x23, 0x06, 0x10, 0x37, 0x91, 0x0c, 0x0b, 0x00, 0x05, 0x00, 0x07, 0x01, 0x10, 0x00, 0x23, 0x00, 0x01, 0x05, 0x00, 
0x07, 0x01, 0x10, 0x00, 0x23, 0x40, 0x01, 0x23, 0x30, 0x01, 0x23, 0x04, 0x01, 0x23, 0x04, 0x01, 0x23, 0x04, 0x01, 0x23, 
0x04, 0x10, 0x96, 0x37, 0x01, 0x01, 0x10, 0xed, 0x46, 0x06, 0x80, 0x02, 0x00, 0xd6, 0x16, 0x02, 0x47, 0x00, 0x01, 0x00, 
0x23, 0x00, 0x10, 0x86, 0x15, 0x21, 0x00, 0x10, 0x00, 0x22, 0x01, 0x10, 0xff, 0x31, 0x06, 0x40, 0x10, 0x02, 0x06, 0x40, 
0x10, 0xe6, 0x26, 0x06, 0x10, 0x10, 0xa5, 0x26, 0x06, 0x10, 0x10, 0xa6, 0x02, 0x06, 0x10, 0x00, 0xd4, 0x19, 0x02, 0x37, 
0x00, 0x94, 0x00, 0x05, 0x00, 0x07, 0x01, 0x10, 0x00, 0x23, 0x00, 0x01, 0x05, 0x00, 0x07, 0x01, 0x10, 0x00, 0x23, 0x40, 
0x01, 0x05, 0x00, 0x07, 0x01, 0x10, 0x00, 0x23, 0x40, 0x01, 0x05, 0x00, 0x07, 0x01, 0x10, 0x00, 0x23, 0x40, 0x01, 0x05, 
0x00, 0x07, 0x01, 0x10, 0x00, 0x23, 0x40, 0x01, 0x05, 0x00, 0x07, 0x01, 0x10, 0x00, 0x23, 0x80, 0x02, 0x01, 0x05, 0x00, 
0x07, 0x01, 0x10, 0x00, 0x23, 0x80, 0x02, 0x01, 0x05, 0x00, 0x07, 0x01, 0x10, 0x00, 0x23, 0x40, 0x01, 0x23, 0x40, 0x01, 
0x23, 0x10, 0x01, 0x23, 0x08, 0x01, 0x23, 0x04, 0x01, 0x23, 0x04, 0x01, 0x23, 0x10, 0x01, 0x23, 0x10, 0x01, 0x23, 0x08, 
0x01, 0x00, 0x00, 0x23, 0x08, 0x01, 0x00, 0x00, 0x23, 0x04, 0x01, 0x00, 0x00, 0x23, 0x04, 0x01, 0x23, 0x08, 0x01, 0x23, 
0x04, 0x01, 0x23, 0x04, 0x01, 0x23, 0x04, 0x01, 0x00, 0x00, 0x23, 0x04, 0x01, 0x00, 0x00, 0x23, 0x04, 0x01, 0x00, 0x00, 
0x23, 0x04, 0x01, 0x00, 0x00, 0x23, 0x04, 0x01, 0x00, 0x00, 0x23, 0x04, 0x01, 0x00, 0x00, 0x23, 0x10, 0x01, 0x00, 0x00, 
0x23, 0x0c, 0x01, 0x00, 0x00, 0x23, 0x04, 0x01, 0x00, 0x00, 0x23, 0x08, 0x01, 0x00, 0x00, 0x23, 0x04, 0x01, 0x00, 0x00, 
0x23, 0x04, 0x01, 0x00, 0x00, 0x23, 0x04, 0x01, 0x00, 0x00, 0x23, 0x04, 0x01, 0x00, 0x00, 0x23, 0x04, 0x01, 0x00, 0x00, 
0x23, 0x04, 0x01, 0x23, 0x90, 0x01, 0x01, 0x00, 0x00, 0x23, 0x0c, 0x01, 0x00, 0x00, 0x23, 0x04, 0x01, 0x00, 0x00, 0x23, 
0x10, 0x01, 0x23, 0x10, 0x01, 0x00, 0x00, 0x23, 0x08, 0x01, 0x00, 0x00, 0x23, 0x04, 0x01, 0x23, 0x04, 0x01, 0x00, 0x00, 
0x23, 0x08, 0x01, 0x00, 0x00, 0x23, 0x04, 0x01, 0x23, 0x04, 0x01, 0x00, 0x00, 0x23, 0x10, 0x01, 0x00, 0x00, 0x23, 0x04, 
0x01, 0x23, 0x04, 0x01, 0x00, 0x00, 0x23, 0x08, 0x01, 0x23, 0x04, 0x01, 0x00, 0x00, 0x23, 0x04, 0x01, 0x00, 0x00, 0x23, 
0x04, 0x01, 0x23, 0x04, 0x01, 0x23, 0x0c, 0x01, 0x00, 0x00, 0x23, 0x04, 0x01, 0x23, 0x04, 0x01, 0x23, 0x04, 0x01, 0x23, 
0x04, 0x01, 0x00, 0x00, 0x23, 0x04, 0x01, 0x00, 0x00, 0x23, 0x0c, 0x01, 0x23, 0x04, 0x01, 0x00, 0x00, 0x23, 0x04, 0x01, 
0x23, 0x04, 0x01, 0x23, 0x04, 0x01, 0x05, 0x00, 0x07, 0x01, 0x10, 0x00, 0x23, 0x04, 0x01, 0x23, 0x30, 0x01, 0x23, 0x08, 
0x01, 0x05, 0x00, 0x07, 0x01, 0x10, 0x00, 0x23, 0x08, 0x01, 0x05, 0x00, 0x07, 0x01, 0x10, 0x00, 0x23, 0x40, 0x01, 0x00, 
0x00, 0x23, 0x40, 0x01, 0x00, 0x00, 0x23, 0x04, 0x01, 0x00, 0x00, 0x23, 0x04, 0x01, 0x00, 0x00, 0x23, 0x04, 0x01, 0x23, 
0x04, 0x01, 0x00, 0x00, 0x23, 0x40, 0x01, 0x00, 0x00, 0x23, 0x04, 0x01, 0x00, 0x00, 0x23, 0x04, 0x01, 0x00, 0x00, 0x23, 
0x04, 0x01, 0x00, 0x00, 0x23, 0x04, 0x10, 0x9a, 0x21, 0x21, 0x00, 0x10, 0x00, 0x22, 0x00, 0x10, 0x85, 0x01, 0x1e, 0x00, 
0x10, 0x9a, 0x1d, 0x1e, 0x03, 0x00, 0x85, 0x27, 0x0e, 0x10, 0x00, 0x1e, 0x0a, 0x10, 0xc8, 0x12, 0x0b, 0x2b, 0x10, 0xa8, 
0x09, 0x1e, 0x05, 0x10, 0xad, 0x20, 0x1e, 0x00, 0x00, 0xfc, 0x14, 0x10, 0x10, 0x00, 0x1e, 0x06, 0x10, 0xa3, 0x0d, 0x1e, 
0x09, 0x00, 0xa1, 0x27, 0x02, 0x47, 0x00, 0x02, 0x00, 0x0b, 0x01, 0x00, 0x01, 0x0b, 0x01, 0x01, 0x93, 0x02, 0x0e, 0xa1, 
0x04, 0xf4, 0x13, 0x08, 0xa6, 0x02, 0xe9, 0x13, 0x20, 0xb7, 0x02, 0x20, 0x0d, 0x04, 0xb8, 0x02, 0x90, 0x01, 0x1d, 0x04, 
0xb7, 0x02, 0x99, 0x01, 0x0d, 0x03, 0xb5, 0x02, 0x17, 0x20, 0x01, 0xb7, 0x02, 0x0e, 0x0d, 0x02, 0xde, 0x02, 0xec, 0x18, 
0x13, 0x1d, 0x1d, 0x65, 0xb5, 0x02, 0xfb, 0x18, 0x20, 0x00, 0xbb, 0x04, 0x0b, 0xfe, 0x27, 0x00, 0x00, 0x00, 0x00, 0xbb, 
0x04, 0x0c, 0x02, 0x00, 0x00, 0x00, 0x00, 0xbb, 0x04, 0x0b, 0x04, 0x01, 0x00, 0x00, 0x00, 0xbb, 0x04, 0x0b, 0x06, 0x02, 
0x00, 0x00, 0x00, 0xb8, 0x02, 0x93, 0x27, 0x18, 0x03, 0xbb, 0x04, 0x0b, 0xb8, 0x27, 0x08, 0x00, 0x00, 0x00, 0xbc, 0x02, 
0x81, 0x05, 0x1d, 0xa2, 0x14, 0x8e, 0x03, 0x91, 0x0c, 0x65, 0x46, 0x0c, 0x0c, 0x0c, 0x0d, 0xe1, 0x11, 0xb2, 0x06, 0x0c, 
0x96, 0x37, 0x40, 0x00, 0x00, 0x00, 0xbc, 0x02, 0xed, 0x46, 0xd8, 0x0b, 0xa3, 0x27, 0xae, 0x02, 0xd6, 0x16, 0xec, 0x03, 
0x3e, 0xfa, 0x09, 0x02, 0x97, 0x0f, 0x39, 0x94, 0x14, 0x8c, 0x0b, 0x02, 0x3e, 0xef, 0x27, 0x02, 0x65, 0xbb, 0x04, 0x0c, 
0xf0, 0x1c, 0x05, 0x00, 0x00, 0x00, 0x3e, 0x9f, 0x1e, 0x02, 0x0d, 0xbb, 0x04, 0x0b, 0x98, 0x1e, 0x04, 0x00, 0x00, 0x00, 
0xbc, 0x02, 0xf7, 0x26, 0x65, 0x96, 0x14, 0xbc, 0x02, 0x02, 0x65, 0x96, 0x14, 0xb7, 0x02, 0x8d, 0x01, 0x0b, 0x03, 0xbb, 
0x04, 0x0b, 0xa2, 0x28, 0x09, 0x00, 0x00, 0x00, 0xbc, 0x02, 0x2d, 0x18, 0xa5, 0x14, 0xbc, 0x02, 0xa5, 0x26, 0x1d, 0x96, 
0x14, 0xbb, 0x04, 0x0b, 0x9c, 0x27, 0x15, 0x00, 0x00, 0x00, 0xbc, 0x02, 0xf5, 0x24, 0x1d, 0xc9, 0x14, 0xce, 0x82, 0xc0, 
0x02, 0xd4, 0x19, 0x65, 0x65, 0x65, 0x65, 0x5a, 0x5b, 0x65, 0x65, 0x1d, 0x13, 0x0d, 0x0d, 0x1d, 0x1d, 0x13, 0x13, 0x0d, 
0x0d, 0x13, 0x0d, 0x0d, 0x0d, 0x0d, 0x0d, 0x0d, 0x0d, 0x0d, 0x1d, 0x14, 0x0c, 0x13, 0x0c, 0x0c, 0x0c, 0x0c, 0x0d, 0x0d, 
0x8e, 0x14, 0x18, 0x0d, 0x1d, 0x1d, 0x13, 0x0c, 0x0d, 0x13, 0x0d, 0x0d, 0x1d, 0x0c, 0x0d, 0x13, 0x0d, 0x0d, 0x0d, 0x0b, 
0x18, 0x0d, 0x0d, 0x0b, 0x0d, 0x0d, 0x18, 0x0d, 0x0d, 0x0d, 0x0d, 0x0d, 0x46, 0x13, 0x13, 0x65, 0x65, 0x0d, 0x0d, 0x0d, 
0x0d, 0x7b, 0x0c, 0x0d, 0x0d, 0x0d, 0x8e, 0x02, 0x3e, 0xfa, 0x09, 0x02, 0xf8, 0x0e, 0x39, 0xf5, 0x13, 0xa0, 0x17, 0x02, 
0xbb, 0x04, 0x0c, 0xcf, 0x16, 0x06, 0x00, 0x00, 0x00, 0x3e, 0x85, 0x1e, 0x01, 0x1d, 0x39, 0x9a, 0x05, 0xd0, 0x33, 0x01, 
0xbb, 0x04, 0x0d, 0x9d, 0x2f, 0x00, 0x00, 0x00, 0xbf, 0xbb, 0x04, 0x0d, 0xed, 0x0a, 0x00, 0x00, 0x00, 0x3f, 0xbb, 0x04, 
0x0b, 0xae, 0x24, 0x03, 0x00, 0x00, 0x00, 0xbb, 0x04, 0x0d, 0x81, 0x14, 0x00, 0x00, 0x00, 0x20, 0x94, 0x02, 0x91, 0x14, 
0xbb, 0x04, 0x0d, 0x86, 0x28, 0x00, 0x00, 0x00, 0x00, 0xbb, 0x04, 0x0d, 0xe1, 0x1e, 0x00, 0x00, 0x00, 0xa0, 0xbb, 0x04, 
0x0d, 0xa1, 0x07, 0x00, 0x00, 0x80, 0x3f, 0x3e, 0x8c, 0x08, 0x01, 0x13, 0x39, 0x90, 0x05, 0xfe, 0x50, 0x01, 0x3e, 0x87, 
0x51, 0x01, 0x0d, 0xec, 0x04, 0x1d, 0xde, 0x23, 0xdc, 0x05, 0xdc, 0x05, 0xdc, 0x05, 0xdc, 0x05, 0xec, 0x04, 0x1d, 0xcd, 
0x17, 0x92, 0x14, 0xf1, 0x11, 0xf1, 0x11, 0xf1, 0x11, 0xec, 0x04, 0x1d, 0x82, 0x09, 0xef, 0x08, 0x94, 0x1d, 0xef, 0x08, 
0xef, 0x08, 0xec, 0x04, 0x1d, 0xa7, 0x10, 0x97, 0x19, 0x97, 0x19, 0xec, 0x0c, 0x97, 0x19, 0xec, 0x04, 0x1d, 0xde, 0x1e, 
0xc6, 0x05, 0xc6, 0x05, 0xc6, 0x05, 0xca, 0x2b, 0xec, 0x04, 0x65, 0xdb, 0x23, 0xa3, 0x0c, 0xa5, 0x15, 0xfd, 0x04, 0xdb, 
0x23, 0xbb, 0x04, 0x0d, 0xcf, 0x09, 0x00, 0x00, 0x00, 0x40, 0x3e, 0xe0, 0x09, 0x03, 0x0c, 0x39, 0x89, 0x05, 0x86, 0x2a, 
0x03, 0x3e, 0xff, 0x29, 0x01, 0x0c, 0x39, 0x8c, 0x05, 0xc8, 0x3c, 0x01, 0x3e, 0xbd, 0x3c, 0x03, 0x13, 0x39, 0x91, 0x05, 
0xe6, 0x45, 0x03, 0x3e, 0xd1, 0x45, 0x03, 0x1d, 0x39, 0x9b, 0x05, 0xa4, 0x25, 0x03, 0x39, 0x9b, 0x05, 0xfc, 0x14, 0x03, 
0x3e, 0xbb, 0x3a, 0x03, 0x0d, 0xbb, 0x04, 0x0c, 0xee, 0x1e, 0x13, 0x00, 0x00, 0x00, 0xbb, 0x04, 0x0c, 0x06, 0x14, 0x00, 
0x00, 0x00, 0x39, 0x9b, 0x05, 0xa4, 0x0e, 0x03, 0xbe, 0x02, 0xa1, 0x27, 0x1d, 0x0d, 0x3e, 0xfa, 0x09, 0x03, 0x88, 0x08, 
0x39, 0x85, 0x0d, 0xfa, 0x32, 0x03, 0xcc, 0x04, 0x13, 0x83, 0x41, 0xec, 0x09, 0xec, 0x09, 0xc6, 0x06, 0x08, 0xbe, 0x4c, 
0x00, 0x82, 0x0a, 0x18, 0xa6, 0xa8, 0x02, 0x01, 0x0c, 0x99, 0x3f, 0xea, 0xfa, 0x01, 0x22, 0xb2, 0x8d, 0x02, 0x00, 0x01, 
0x0c, 0xef, 0x9c, 0x01, 0xc2, 0x70, 0x33, 0xe2, 0x05, 0xec, 0xa2, 0x01, 0xda, 0x19, 0x8b, 0x14, 0xad, 0x52, 0x8b, 0x14, 
0x01, 0x65, 0xca, 0x16, 0xca, 0x16, 0x13, 0x8b, 0x05, 0x9b, 0x23, 0xcf, 0x2d, 0x8a, 0x14, 0x01, 0x0d, 0x9e, 0x23, 0x9e, 
0x23, 0x13, 0x8b, 0x05, 0xd1, 0x0f, 0xcf, 0x2d, 0x8d, 0x14, 0x01, 0x0d, 0x91, 0x9d, 0x01, 0x91, 0x9d, 0x01, 0xc3, 0x10, 
0x0d, 0xe8, 0xb1, 0x01, 0x82, 0xe1, 0x02, 0xe8, 0xb1, 0x01, 0xc0, 0x0a, 0x13, 0xe5, 0xe8, 0x01, 0xe1, 0xe3, 0x01, 0xe5, 
0xe8, 0x01, 0x13, 0xe2, 0x05, 0xa8, 0x89, 0x01, 0xc5, 0x1f, 0x9d, 0x14, 0x01, 0x65, 0xd9, 0x66, 0xd9, 0x66, 0x01, 0x1d, 
0x92, 0x28, 0x8c, 0x87, 0x01, 0xc1, 0x0a, 0x0d, 0xcd, 0x46, 0xcd, 0x46, 0x02, 0x4a, 0x0d, 0xb2, 0xcf, 0x01, 0xb2, 0xcf, 
0x01, 0x8e, 0xbf, 0x02, 0x4b, 0x0d, 0x89, 0x08, 0x89, 0x08, 0xf2, 0xc1, 0x02, 0xd2, 0x0a, 0x1d, 0xf9, 0xa2, 0x01, 0xf9, 
0xa2, 0x01, 0x9f, 0x22, 0x02, 0xc1, 0x12, 0x1d, 0xcc, 0x52, 0xbe, 0x58, 0xcc, 0x52, 0xc1, 0x0a, 0x0d, 0xc5, 0x18, 0xc5, 
0x18, 0x03, 0x5c, 0x0d, 0xdb, 0x79, 0x01, 0x04, 0xbb, 0x6e, 0xc8, 0x16, 0x09, 0x8e, 0x3e, 0x8e, 0x3e, 0x84, 0x8d, 0x01, 
0xa7, 0x1e, 0xdf, 0x83, 0x01, 0x00, 0xba, 0x1e, 0x00, 0xc9, 0x24, 0xdf, 0x83, 0x01, 0x18, 0xca, 0x24, 0xc8, 0x16, 0x09, 
0xe7, 0x27, 0xeb, 0x3e, 0xf2, 0x75, 0xd9, 0x14, 0x0d, 0xac, 0x44, 0xac, 0x44, 0x80, 0xd9, 0x01, 0x92, 0xce, 0x01, 0xd2, 
0x0a, 0x1d, 0x81, 0x4f, 0x81, 0x4f, 0x87, 0x62, 0x03, 0x99, 0x1e, 0xd3, 0x91, 0x01, 0x18, 0xd4, 0x91, 0x01, 0xe5, 0x1e, 
0x1d, 0xbd, 0x05, 0x5e, 0x3d, 0x00, 0x00, 0x32, 0x60, 0x00, 0x00, 0xda, 0x24, 0x00, 0x00, 0x79, 0x31, 0x00, 0x00, 0xc1, 
0x0a, 0x0d, 0xf5, 0x39, 0xf5, 0x39, 0x03, 0xc8, 0x10, 0x0d, 0x9e, 0x56, 0xde, 0xb9, 0x02, 0x9e, 0x56, 0xce, 0x10, 0x1d, 
0xbe, 0x07, 0xe6, 0x23, 0xbe, 0x07, 0xe0, 0x0a, 0xc9, 0x0c, 0xad, 0x61, 0xd2, 0x67, 0x8e, 0xb4, 0x01, 0xad, 0x61, 0x80, 
0xd8, 0x01, 0xc1, 0x0a, 0x13, 0xf0, 0x09, 0xf0, 0x09, 0x00, 0xc1, 0x0a, 0x1d, 0x92, 0x7c, 0x82, 0x86, 0x01, 0x02, 0x3d, 
0x18, 0xd8, 0x0f, 0xcc, 0xb2, 0x01, 0xcc, 0xb2, 0x01, 0x18, 0xc1, 0x0a, 0x0d, 0x91, 0xe6, 0x01, 0x91, 0xe6, 0x01, 0x00, 
0xc1, 0x0a, 0x1d, 0x80, 0x52, 0xc5, 0x7a, 0x00, 0xce, 0x10, 0x1d, 0xec, 0x1b, 0xec, 0x1b, 0xec, 0x6d, 0xc1, 0x0a, 0x0d, 
0xbe, 0x14, 0xe7, 0x63, 0x01, 0xc1, 0x0a, 0x1d, 0xe4, 0x59, 0xc8, 0x0f, 0x01, 0xce, 0x10, 0x1d, 0x9f, 0x6e, 0x9f, 0x6e, 
0xbb, 0x14, 0xc1, 0x0a, 0x0d, 0xbe, 0x14, 0xe5, 0x63, 0x02, 0xc1, 0x0a, 0x1d, 0xe4, 0x59, 0xca, 0x0f, 0x02, 0xce, 0x10, 
0x1d, 0x83, 0x60, 0x83, 0x60, 0x9f, 0x06, 0xc1, 0x0a, 0x1d, 0xaf, 0x7f, 0xe9, 0xcf, 0x01, 0x03, 0x4b, 0x1d, 0xdc, 0x57, 
0xd3, 0x27, 0xdc, 0x57, 0x4b, 0x1d, 0xbc, 0x3d, 0x86, 0x24, 0xbc, 0x3d, 0x4b, 0x1d, 0xdf, 0x19, 0xa8, 0x0a, 0xdf, 0x19, 
0x23, 0xe2, 0x05, 0xe7, 0x72, 0xc5, 0x1f, 0x9a, 0x14, 0x8b, 0x14, 0x01, 0x65, 0xd6, 0x9d, 0x01, 0xd6, 0x9d, 0x01, 0xc1, 
0x12, 0x1d, 0xdd, 0x69, 0xdd, 0x69, 0xef, 0x3e, 0xce, 0x10, 0x13, 0xb3, 0x06, 0xb7, 0x27, 0x88, 0xc4, 0x01, 0xc3, 0x10, 
0x13, 0xc0, 0x12, 0xc0, 0x12, 0xfa, 0xca, 0x01, 0xc1, 0x0a, 0x0d, 0x85, 0x5f, 0x85, 0x5f, 0x00, 0xc1, 0x0a, 0x0d, 0x8e, 
0x80, 0x01, 0x88, 0x21, 0x01, 0xe0, 0x0a, 0x1d, 0x27, 0xe6, 0x7f, 0x27, 0xc2, 0xcf, 0x01, 0xc6, 0xf5, 0x01, 0xc1, 0x0a, 
0x0d, 0x8f, 0x7c, 0x8f, 0x7c, 0x00, 0xc1, 0x0a, 0x0d, 0x86, 0xe7, 0x01, 0xf6, 0x6a, 0x01, 0xc1, 0x0a, 0x0d, 0x9d, 0xeb, 
0x01, 0xa7, 0x80, 0x01, 0x02, 0xc1, 0x0a, 0x0d, 0xda, 0x02, 0xcd, 0x7d, 0x03, 0xe0, 0x0a, 0x1d, 0x82, 0x80, 0x01, 0xc4, 
0x7e, 0xc1, 0x68, 0xdc, 0x82, 0x01, 0x82, 0x80, 0x01, 0xe0, 0x0a, 0x65, 0x98, 0x04, 0xb2, 0xd0, 0x01, 0xb2, 0xd0, 0x01, 
0xb2, 0xd0, 0x01, 0x98, 0x04, 0xe0, 0x0a, 0xc9, 0x0c, 0x92, 0x23, 0xc6, 0x35, 0xca, 0x56, 0xcb, 0x46, 0x92, 0x23, 0xc1, 
0x0a, 0x13, 0x81, 0x80, 0x01, 0x81, 0x80, 0x01, 0x00, 0xc1, 0x0a, 0x1d, 0xc8, 0xbb, 0x01, 0xc6, 0x3b, 0x01, 0xc1, 0x0a, 
0x1d, 0xc9, 0xb7, 0x01, 0x83, 0x7c, 0x02, 0x22, 0xac, 0x55, 0xfe, 0x03, 0x22, 0xda, 0x75, 0xc9, 0xb7, 0x01, 0x3d, 0x18, 
0xfe, 0x2e, 0xfe, 0x2e, 0xfe, 0x2e, 0x18, 0x13, 0x8d, 0x05, 0xb3, 0x73, 0xab, 0x22, 0x8a, 0x14, 0xc1, 0x0a, 0x0d, 0x86, 
0x6f, 0xad, 0x04, 0x00, 0x22, 0x86, 0x6f, 0x00, 0x13, 0x8d, 0x05, 0xf0, 0x2f, 0xab, 0x22, 0x8d, 0x14, 0xc1, 0x0a, 0x0d, 
0xef, 0x09, 0xd2, 0x21, 0x01, 0x22, 0xef, 0x09, 0x00, 0x13, 0x8d, 0x05, 0xf2, 0x09, 0xab, 0x22, 0x90, 0x14, 0xc1, 0x0a, 
0x0d, 0x91, 0x05, 0xb2, 0x26, 0x02, 0x22, 0x91, 0x05, 0x00, 0xc1, 0x0a, 0x65, 0xcb, 0x7c, 0x9f, 0xa3, 0x01, 0x03, 0xc1, 
0x12, 0x1d, 0xb4, 0x47, 0xb4, 0x47, 0x3c, 0xc1, 0x0a, 0x0d, 0xe3, 0x4d, 0xe3, 0x4d, 0x02, 0x4a, 0x0d, 0xc2, 0xa7, 0x01, 
0xc2, 0xa7, 0x01, 0xc4, 0x90, 0x02, 0x4b, 0x0d, 0xe0, 0x0e, 0xe0, 0x0e, 0x92, 0xaa, 0x02, 0xd2, 0x0a, 0x1d, 0x8e, 0x47, 
0x8e, 0x47, 0xcc, 0xaf, 0x01, 0x02, 0x13, 0xe2, 0x05, 0xc5, 0x79, 0xc5, 0x1f, 0x8b, 0x14, 0x01, 0x65, 0xbc, 0x01, 0xbc, 
0x01, 0xc1, 0x12, 0x1d, 0xba, 0x71, 0xba, 0x71, 0x94, 0xc9, 0x01, 0xc1, 0x0a, 0x0d, 0xe5, 0x01, 0xe5, 0x01, 0x02, 0x3f, 
0x0d, 0xc3, 0x24, 0xc3, 0x24, 0x13, 0x8a, 0x05, 0xcf, 0xac, 0x01, 0xc5, 0x1f, 0xc4, 0x14, 0x01, 0x0d, 0xa0, 0xee, 0x01, 
0xa0, 0xee, 0x01, 0x4a, 0x0d, 0xad, 0xff, 0x01, 0xdd, 0xbd, 0x01, 0xad, 0xff, 0x01, 0x13, 0x8a, 0x05, 0x90, 0x27, 0xc5, 
0x1f, 0xc7, 0x14, 0x01, 0x0d, 0xc6, 0xd8, 0x01, 0xc6, 0xd8, 0x01, 0xc3, 0x10, 0x0d, 0xd5, 0xa2, 0x01, 0x80, 0x5d, 0xd5, 
0xa2, 0x01, 0x4a, 0x0d, 0xb7, 0x14, 0xb7, 0x14, 0xd6, 0xd2, 0x01, 0xc3, 0x10, 0x0d, 0xd6, 0x05, 0xd6, 0x05, 0xca, 0xd6, 
0x01, 0x13, 0x8d, 0x05, 0xc3, 0x32, 0xab, 0x22, 0x93, 0x14, 0x22, 0x00, 0xc3, 0x32, 0x22, 0xe8, 0x6e, 0xfd, 0xce, 0x01, 
0xc1, 0x0a, 0x0d, 0xea, 0xda, 0x01, 0xec, 0x0b, 0x01, 0x3f, 0x0d, 0x88, 0x08, 0x88, 0x08, 0xd2, 0x0a, 0x1d, 0xe1, 0x3d, 
0xe1, 0x3d, 0xed, 0x29, 0x01, 0x13, 0x9b, 0x05, 0xc3, 0x4b, 0xc2, 0x26, 0x8b, 0x14, 0x22, 0x00, 0xc3, 0x4b, 0x8d, 0x1e, 
0x88, 0x06, 0x00, 0x00, 0x61, 0x04, 0x00, 0x00, 0x00, 0x00, 0x00, 0x00, 0x4c, 0x4f, 0x4d, 0x53, 0x00, 0x03, 0x01, 0x00, 
0x0b, 0x00, 0x08, 0x00, 0x6e, 0x61, 0x00, 0x00, 0x00, 0x00, 0x00, 0x00, 0x84, 0x11, 0x00, 0x00, 0x91, 0x02, 0x01, 0xd1, 
0x10, 0x02, 0x47, 0x4c, 0x53, 0x4c, 0x2e, 0x73, 0x74, 0x64, 0x2e, 0x34, 0x35, 0x30, 0x00, 0x00, 0x00, 0x00, 0xa0, 0x04, 
0x00, 0x01, 0xef, 0x0e, 0x04, 0x9f, 0x2c, 0xed, 0xc2, 0xa5, 0xf3, 0x06, 0x00, 0xab, 0x22, 0xbf, 0x1c, 0xa0, 0x02, 0x9f, 
0x2c, 0x07, 0x10, 0xca, 0x0f, 0x06, 0x40, 0x10, 0x02, 0x06, 0x40, 0x10, 0x8e, 0x0b, 0x06, 0x10, 0x10, 0x9c, 0x04, 0x06, 
0x10, 0x10, 0xd0, 0x02, 0x06, 0x10, 0x00, 0xe3, 0x0d, 0x02, 0x37, 0x00, 0x94, 0x00, 0x05, 0x00, 0x07, 0x01, 0x10, 0x00, 
0x23, 0x00, 0x01, 0x05, 0x00, 0x07, 0x01, 0x10, 0x00, 0x23, 0x40, 0x01, 0x05, 0x00, 0x07, 0x01, 0x10, 0x00, 0x23, 0x40, 
0x01, 0x05, 0x00, 0x07, 0x01, 0x10, 0x00, 0x23, 0x40, 0x01, 0x05, 0x00, 0x07, 0x01, 0x10, 0x00, 0x23, 0x40, 0x01, 0x05, 
0x00, 0x07, 0x01, 0x10, 0x00, 0x23, 0x80, 0x02, 0x01, 0x05, 0x00, 0x07, 0x01, 0x10, 0x00, 0x23, 0x80, 0x02, 0x01, 0x05, 
0x00, 0x07, 0x01, 0x10, 0x00, 0x23, 0x40, 0x01, 0x23, 0x40, 0x01, 0x23, 0x10, 0x01, 0x23, 0x08, 0x01, 0x23, 0x04, 0x01, 
0x23, 0x04, 0x01, 0x23, 0x10, 0x01, 0x23, 0x10, 0x01, 0x23, 0x08, 0x01, 0x00, 0x00, 0x23, 0x08, 0x01, 0x00, 0x00, 0x23, 
0x04, 0x01, 0x00, 0x00, 0x23, 0x04, 0x01, 0x23, 0x08, 0x01, 0x23, 0x04, 0x01, 0x23, 0x04, 0x01, 0x23, 0x04, 0x01, 0x00, 
0x00, 0x23, 0x04, 0x01, 0x00, 0x00, 0x23, 0x04, 0x01, 0x00, 0x00, 0x23, 0x04, 0x01, 0x00, 0x00, 0x23, 0x04, 0x01, 0x00, 
0x00, 0x23, 0x04, 0x01, 0x00, 0x00, 0x23, 0x10, 0x01, 0x00, 0x00, 0x23, 0x0c, 0x01, 0x00, 0x00, 0x23, 0x04, 0x01, 0x00, 
0x00, 0x23, 0x08, 0x01, 0x00, 0x00, 0x23, 0x04, 0x01, 0x00, 0x00, 0x23, 0x04, 0x01, 0x00, 0x00, 0x23, 0x04, 0x01, 0x00, 
0x00, 0x23, 0x04, 0x01, 0x00, 0x00, 0x23, 0x04, 0x01, 0x00, 0x00, 0x23, 0x04, 0x01, 0x23, 0x90, 0x01, 0x01, 0x00, 0x00, 
0x23, 0x0c, 0x01, 0x00, 0x00, 0x23, 0x04, 0x01, 0x00, 0x00, 0x23, 0x10, 0x01, 0x23, 0x10, 0x01, 0x00, 0x00, 0x23, 0x08, 
0x01, 0x00, 0x00, 0x23, 0x04, 0x01, 0x23, 0x04, 0x01, 0x00, 0x00, 0x23, 0x08, 0x01, 0x00, 0x00, 0x23, 0x04, 0x01, 0x23, 
0x04, 0x01, 0x00, 0x00, 0x23, 0x10, 0x01, 0x00, 0x00, 0x23, 0x04, 0x01, 0x23, 0x04, 0x01, 0x00, 0x00, 0x23, 0x08, 0x01, 
0x23, 0x04, 0x01, 0x00, 0x00, 0x23, 0x04, 0x01, 0x00, 0x00, 0x23, 0x04, 0x01, 0x23, 0x04, 0x01, 0x23, 0x0c, 0x01, 0x00, 
0x00, 0x23, 0x04, 0x01, 0x23, 0x04, 0x01, 0x23, 0x04, 0x01, 0x23, 0x04, 0x01, 0x00, 0x00, 0x23, 0x04, 0x01, 0x00, 0x00, 
0x23, 0x0c, 0x01, 0x23, 0x04, 0x01, 0x00, 0x00, 0x23, 0x04, 0x01, 0x23, 0x04, 0x01, 0x23, 0x04, 0x01, 0x05, 0x00, 0x07, 
0x01, 0x10, 0x00, 0x23, 0x04, 0x01, 0x23, 0x30, 0x01, 0x23, 0x08, 0x01, 0x05, 0x00, 0x07, 0x01, 0x10, 0x00, 0x23, 0x08, 
0x01, 0x05, 0x00, 0x07, 0x01, 0x10, 0x00, 0x23, 0x40, 0x01, 0x00, 0x00, 0x23, 0x40, 0x01, 0x00, 0x00, 0x23, 0x04, 0x01, 
0x00, 0x00, 0x23, 0x04, 0x01, 0x00, 0x00, 0x23, 0x04, 0x01, 0x23, 0x04, 0x01, 0x00, 0x00, 0x23, 0x40, 0x01, 0x00, 0x00, 
0x23, 0x04, 0x01, 0x00, 0x00, 0x23, 0x04, 0x01, 0x00, 0x00, 0x23, 0x04, 0x01, 0x00, 0x00, 0x23, 0x04, 0x10, 0xa8, 0x2b, 
0x21, 0x00, 0x10, 0x00, 0x22, 0x00, 0x00, 0xcc, 0x05, 0x10, 0x10, 0x00, 0x1e, 0x06, 0x10, 0xd7, 0x0b, 0x1e, 0x00, 0x00, 
0x9a, 0x5f, 0x00, 0x00, 0xf2, 0xc2, 0x01, 0x00, 0x93, 0x02, 0x0e, 0xa1, 0x04, 0xf4, 0x13, 0x08, 0xa6, 0x02, 0xe9, 0x13, 
0x20, 0xb7, 0x02, 0x20, 0x0d, 0x04, 0xb5, 0x02, 0x21, 0x20, 0x01, 0xb8, 0x02, 0xb2, 0x01, 0x1d, 0x04, 0xb7, 0x02, 0x99, 
0x01, 0x0d, 0x03, 0xb8, 0x02, 0x5c, 0x18, 0x03, 0xb5, 0x02, 0x75, 0x20, 0x00, 0x3e, 0xfe, 0x09, 0x02, 0x0d, 0xbb, 0x04, 
0x0b, 0x98, 0x1e, 0x04, 0x00, 0x00, 0x00, 0xbc, 0x02, 0xe1, 0x18, 0x65, 0x96, 0x14, 0xbc, 0x02, 0x02, 0x65, 0x96, 0x14, 
0xb7, 0x02, 0xa5, 0x0f, 0x0d, 0x02, 0xb7, 0x02, 0x02, 0x0b, 0x03, 0xbb, 0x04, 0x0b, 0xa2, 0x28, 0x09, 0x00, 0x00, 0x00, 
0xbc, 0x02, 0xef, 0x0d, 0x18, 0xa5, 0x14, 0xbc, 0x02, 0x9c, 0x04, 0x1d, 0x96, 0x14, 0xbb, 0x04, 0x0b, 0x9c, 0x0a, 0x15, 
0x00, 0x00, 0x00, 0xbc, 0x02, 0xcb, 0x07, 0x1d, 0xc9, 0x14, 0xce, 0x82, 0xc0, 0x02, 0xe3, 0x0d, 0x65, 0x65, 0x65, 0x65, 
0xe5, 0x07, 0xe6, 0x07, 0x65, 0x65, 0x1d, 0x13, 0x0d, 0x0d, 0x1d, 0x1d, 0x13, 0x13, 0x0d, 0x0d, 0x13, 0x0d, 0x0d, 0x0d, 
0x0d, 0x0d, 0x0d, 0x0d, 0x0d, 0x1d, 0x14, 0x0c, 0x13, 0x0c, 0x0c, 0x0c, 0x0c, 0x0d, 0x0d, 0xad, 0x0d, 0x18, 0x0d, 0x1d, 
0x1d, 0x13, 0x0c, 0x0d, 0x13, 0x0d, 0x0d, 0x1d, 0x0c, 0x0d, 0x13, 0x0d, 0x0d, 0x0d, 0x0b, 0x18, 0x0d, 0x0d, 0x0b, 0x0d, 
0x0d, 0x18, 0x0d, 0x0d, 0x0d, 0x0d, 0x0d, 0x46, 0x13, 0x13, 0x65, 0x65, 0x0d, 0x0d, 0x0d, 0x0d, 0xbb, 0x0f, 0x0c, 0x0d, 
0x0d, 0x0d, 0xe3, 0x10, 0x3e, 0xfa, 0x09, 0x02, 0xf1, 0x09, 0x39, 0xee, 0x0e, 0xae, 0x21, 0x02, 0x3e, 0xd5, 0x34, 0x01, 
0x1d, 0x39, 0x9a, 0x05, 0xa2, 0x3a, 0x01, 0xbb, 0x04, 0x0b, 0xaf, 0x1c, 0x03, 0x00, 0x00, 0x00, 0x3e, 0x8f, 0x1e, 0x01, 
0x0d, 0x3e, 0x20, 0x03, 0x1d, 0x39, 0x9b, 0x05, 0xc8, 0x2e, 0x03, 0xbb, 0x04, 0x0c, 0xa9, 0x0e, 0x35, 0x00, 0x00, 0x00, 
0xbb, 0x04, 0x0c, 0x05, 0x34, 0x00, 0x00, 0x00, 0xbb, 0x04, 0x0d, 0xcb, 0x1d, 0x00, 0x00, 0x80, 0xbf, 0xbb, 0x04, 0x0d, 
0xa5, 0x07, 0x00, 0x00, 0x80, 0x3e, 0xc6, 0x06, 0x08, 0xe2, 0x52, 0x00, 0x82, 0x0a, 0x18, 0x98, 0x9d, 0x02, 0x13, 0x8b, 
0x05, 0xa3, 0x86, 0x02, 0xab, 0x22, 0x93, 0x14, 0x01, 0x0d, 0xe4, 0x84, 0x01, 0xe4, 0x84, 0x01, 0x13, 0x8a, 0x05, 0xde, 
0x46, 0xc5, 0x1f, 0xaa, 0x15, 0x01, 0x0d, 0x9c, 0x23, 0x9c, 0x23, 0x13, 0x8a, 0x05, 0x83, 0x0f, 0xc5, 0x1f, 0xa7, 0x15, 
0x01, 0x0d, 0xf3, 0xb6, 0x01, 0xf3, 0xb6, 0x01, 0x4a, 0x0d, 0x9c, 0x26, 0x9c, 0x26, 0xe1, 0x35, 0x5c, 0x0d, 0xa6, 0xc7, 
0x01, 0x01, 0x1b, 0x9a, 0x5f, 0xc8, 0x10, 0x0d, 0x97, 0x32, 0xc0, 0xc6, 0x02, 0x97, 0x32, 0xc0, 0x0a, 0x13, 0xc9, 0xea, 
0x01, 0xe1, 0x9c, 0x02, 0xc9, 0xea, 0x01, 0x4a, 0x13, 0xee, 0xf7, 0x01, 0xee, 0xf7, 0x01, 0xee, 0xf7, 0x01, 0xbf, 0x18, 
0x0d, 0x88, 0x0a, 0x0b, 0x3d, 0x00, 0x00, 0xb0, 0x1a, 0x0d, 0xc3, 0xe0, 0x01, 0x0b, 0x3d, 0x00, 0x00, 0x4a, 0x0d, 0xfe, 
0xb9, 0x01, 0xc5, 0x26, 0xc5, 0x26, 0x4a, 0x0d, 0xe5, 0x68, 0x98, 0x51, 0x98, 0x51, 0x4b, 0x0d, 0xea, 0x0e, 0xfb, 0x59, 
0xea, 0x0e, 0x4a, 0x0d, 0xf9, 0x5e, 0xd6, 0x85, 0x01, 0xf9, 0x5e, 0x4a, 0x0d, 0xd8, 0xcf, 0x01, 0xf2, 0xc2, 0x01, 0xf2, 
0xc2, 0x01, 0xce, 0x10, 0x13, 0xc5, 0x0e, 0xa1, 0x14, 0xc5, 0x0e, 0xce, 0x10, 0x13, 0x99, 0xd8, 0x01, 0x99, 0xd8, 0x01, 
0x87, 0x17, 0x4b, 0x13, 0x8e, 0x34, 0xad, 0xb8, 0x01, 0x8e, 0x34, 0xc0, 0x0a, 0x13, 0xa6, 0x60, 0xb1, 0x55, 0xb1, 0x55, 
0x6c, 0x13, 0xf8, 0x5a, 0x01, 0x25, 0x9c, 0x54, 0xaf, 0x84, 0x01, 0xc1, 0x0a, 0x0d, 0xab, 0x2d, 0xb2, 0xcd, 0x01, 0x00, 
0xc1, 0x0a, 0x0d, 0xab, 0x89, 0x01, 0xd7, 0xb6, 0x01, 0x00, 0xc1, 0x0a, 0x0d, 0xcb, 0x35, 0xba, 0x0e, 0x01, 0xc1, 0x0a, 
0x0d, 0xd1, 0x02, 0xf5, 0xee, 0x01, 0x01, 0xe0, 0x0a, 0x1d, 0xb2, 0xe9, 0x01, 0xe8, 0x27, 0x94, 0xb1, 0x01, 0xe0, 0xe6, 
0x01, 0xb2, 0xe9, 0x01, 0x22, 0x94, 0xa5, 0x02, 0x00, 0x8d, 0x1e, 0x88, 0x06, 0x00, 0x00, 0x00, 0x00, 0x00, 0x00, 0x00, 
0x30, 0x18, 0x00, 0x00, 0x00, 0x00, 0x00, 0x00, 0x4c, 0x4f, 0x4d, 0x53, 0x00, 0x03, 0x01, 0x00, 0x0b, 0x00, 0x08, 0x00, 
0x8c, 0x62, 0x00, 0x00, 0x00, 0x00, 0x00, 0x00, 0xc8, 0x3d, 0x00, 0x00, 0x91, 0x02, 0x01, 0xd1, 0x10, 0x02, 0x47, 0x4c, 
0x53, 0x4c, 0x2e, 0x73, 0x74, 0x64, 0x2e, 0x34, 0x35, 0x30, 0x00, 0x00, 0x00, 0x00, 0xa0, 0x04, 0x00, 0x01, 0x8f, 0x8e, 
0x40, 0x00, 0x9f, 0x2c, 0xed, 0xc2, 0xa5, 0xf3, 0x06, 0x00, 0xa9, 0x20, 0x82, 0x1f, 0xaf, 0x2e, 0x93, 0x2d, 0xcf, 0x2d, 
0x8c, 0x1a, 0xb0, 0x23, 0x84, 0x28, 0xed, 0x17, 0xab, 0x22, 0xd9, 0x1b, 0xc2, 0x26, 0x10, 0xb4, 0x2a, 0x06, 0x10, 0x37, 
0xf9, 0x0a, 0x0b, 0x00, 0x05, 0x00, 0x07, 0x01, 0x10, 0x00, 0x23, 0x00, 0x01, 0x05, 0x00, 0x07, 0x01, 0x10, 0x00, 0x23, 
0x40, 0x01, 0x23, 0x30, 0x01, 0x23, 0x04, 0x01, 0x23, 0x04, 0x01, 0x23, 0x04, 0x01, 0x23, 0x04, 0x10, 0x8c, 0x2f, 0x01, 
0x01, 0x10, 0xc3, 0x4a, 0x06, 0x80, 0x02, 0x00, 0x80, 0x13, 0x02, 0x47, 0x00, 0x01, 0x00, 0x23, 0x00, 0x10, 0xb2, 0x1c, 
0x21, 0x00, 0x10, 0x00, 0x22, 0x01, 0x10, 0xbd, 0x13, 0x06, 0x40, 0x10, 0x02, 0x06, 0x40, 0x10, 0xc2, 0x0d, 0x06, 0x10, 
0x10, 0xd1, 0x24, 0x06, 0x10, 0x10, 0xa6, 0x02, 0x06, 0x10, 0x00, 0xd4, 0x02, 0x02, 0x37, 0x00, 0x94, 0x00, 0x05, 0x00, 
0x07, 0x01, 0x10, 0x00, 0x23, 0x00, 0x01, 0x05, 0x00, 0x07, 0x01, 0x10, 0x00, 0x23, 0x40, 0x01, 0x05, 0x00, 0x07, 0x01, 
0x10, 0x00, 0x23, 0x40, 0x01, 0x05, 0x00, 0x07, 0x01, 0x10, 0x00, 0x23, 0x40, 0x01, 0x05, 0x00, 0x07, 0x01, 0x10, 0x00, 
0x23, 0x40, 0x01, 0x05, 0x00, 0x07, 0x01, 0x10, 0x00, 0x23, 0x80, 0x02, 0x01, 0x05, 0x00, 0x07, 0x01, 0x10, 0x00, 0x23, 
0x80, 0x02, 0x01, 0x05, 0x00, 0x07, 0x01, 0x10, 0x00, 0x23, 0x40, 0x01, 0x23, 0x40, 0x01, 0x23, 0x10, 0x01, 0x23, 0x08, 
0x01, 0x23, 0x04, 0x01, 0x23, 0x04, 0x01, 0x23, 0x10, 0x01, 0x23, 0x10, 0x01, 0x23, 0x08, 0x01, 0x00, 0x00, 0x23, 0x08, 
0x01, 0x00, 0x00, 0x23, 0x04, 0x01, 0x00, 0x00, 0x23, 0x04, 0x01, 0x23, 0x08, 0x01, 0x23, 0x04, 0x01, 0x23, 0x04, 0x01, 
0x23, 0x04, 0x01, 0x00, 0x00, 0x23, 0x04, 0x01, 0x00, 0x00, 0x23, 0x04, 0x01, 0x00, 0x00, 0x23, 0x04, 0x01, 0x00, 0x00, 
0x23, 0x04, 0x01, 0x00, 0x00, 0x23, 0x04, 0x01, 0x00, 0x00, 0x23, 0x10, 0x01, 0x00, 0x00, 0x23, 0x0c, 0x01, 0x00, 0x00, 
0x23, 0x04, 0x01, 0x00, 0x00, 0x23, 0x08, 0x01, 0x00, 0x00, 0x23, 0x04, 0x01, 0x00, 0x00, 0x23, 0x04, 0x01, 0x00, 0x00, 
0x23, 0x04, 0x01, 0x00, 0x00, 0x23, 0x04, 0x01, 0x00, 0x00, 0x23, 0x04, 0x01, 0x00, 0x00, 0x23, 0x04, 0x01, 0x23, 0x90, 
0x01, 0x01, 0x00, 0x00, 0x23, 0x0c, 0x01, 0x00, 0x00, 0x23, 0x04, 0x01, 0x00, 0x00, 0x23, 0x10, 0x01, 0x23, 0x10, 0x01, 
0x00, 0x00, 0x23, 0x08, 0x01, 0x00, 0x00, 0x23, 0x04, 0x01, 0x23, 0x04, 0x01, 0x00, 0x00, 0x23, 0x08, 0x01, 0x00, 0x00, 
0x23, 0x04, 0x01, 0x23, 0x04, 0x01, 0x00, 0x00, 0x23, 0x10, 0x01, 0x00, 0x00, 0x23, 0x04, 0x01, 0x23, 0x04, 0x01, 0x00, 
0x00, 0x23, 0x08, 0x01, 0x23, 0x04, 0x01, 0x00, 0x00, 0x23, 0x04, 0x01, 0x00, 0x00, 0x23, 0x04, 0x01, 0x23, 0x04, 0x01, 
0x23, 0x0c, 0x01, 0x00, 0x00, 0x23, 0x04, 0x01, 0x23, 0x04, 0x01, 0x23, 0x04, 0x01, 0x23, 0x04, 0x01, 0x00, 0x00, 0x23, 
0x04, 0x01, 0x00, 0x00, 0x23, 0x0c, 0x01, 0x23, 0x04, 0x01, 0x00, 0x00, 0x23, 0x04, 0x01, 0x23, 0x04, 0x01, 0x23, 0x04, 
0x01, 0x05, 0x00, 0x07, 0x01, 0x10, 0x00, 0x23, 0x04, 0x01, 0x23, 0x30, 0x01, 0x23, 0x08, 0x01, 0x05, 0x00, 0x07, 0x01, 
0x10, 0x00, 0x23, 0x08, 0x01, 0x05, 0x00, 0x07, 0x01, 0x10, 0x00, 0x23, 0x40, 0x01, 0x00, 0x00, 0x23, 0x40, 0x01, 0x00, 
0x00, 0x23, 0x04, 0x01, 0x00, 0x00, 0x23, 0x04, 0x01, 0x00, 0x00, 0x23, 0x04, 0x01, 0x23, 0x04, 0x01, 0x00, 0x00, 0x23, 
0x40, 0x01, 0x00, 0x00, 0x23, 0x04, 0x01, 0x00, 0x00, 0x23, 0x04, 0x01, 0x00, 0x00, 0x23, 0x04, 0x01, 0x00, 0x00, 0x23, 
0x04, 0x10, 0xa8, 0x31, 0x21, 0x00, 0x10, 0x00, 0x22, 0x00, 0x10, 0xc8, 0x01, 0x0b, 0x2a, 0x37, 0x8b, 0x2e, 0x05, 0x00, 
0x05, 0x00, 0x07, 0x01, 0x10, 0x00, 0x23, 0x00, 0x01, 0x23, 0x30, 0x01, 0x23, 0x0c, 0x10, 0x8a, 0x0a, 0x06, 0x40, 0x00, 
0xb7, 0x03, 0x02, 0x47, 0x00, 0x01, 0x00, 0x23, 0x00, 0x10, 0xf0, 0x1d, 0x21, 0x01, 0x10, 0x00, 0x22, 0x01, 0x10, 0xb6, 
0x0f, 0x21, 0x05, 0x10, 0x00, 0x22, 0x01, 0x00, 0x8f, 0x37, 0x02, 0x47, 0x00, 0x01, 0x00, 0x23, 0x00, 0x10, 0xa0, 0x06, 
0x06, 0x10, 0x00, 0xb9, 0x0a, 0x02, 0x37, 0x00, 0x02, 0x00, 0x00, 0x00, 0x23, 0x00, 0x10, 0x96, 0x34, 0x21, 0x02, 0x10, 
0x00, 0x22, 0x01, 0x10, 0xcb, 0x02, 0x21, 0x03, 0x10, 0x00, 0x22, 0x01, 0x10, 0xa6, 0x01, 0x1e, 0x00, 0x10, 0xda, 0x1e, 
0x1e, 0x05, 0x10, 0xb7, 0x02, 0x1e, 0x06, 0x10, 0x78, 0x1e, 0x03, 0x00, 0x85, 0x27, 0x0e, 0x10, 0x00, 0x1e, 0x0a, 0x10, 
0xc8, 0x12, 0x0b, 0x2b, 0x10, 0xa8, 0x09, 0x1e, 0x05, 0x10, 0xad, 0x20, 0x1e, 0x00, 0x00, 0xfc, 0x14, 0x10, 0x10, 0x00, 
0x1e, 0x06, 0x10, 0xa3, 0x0d, 0x1e, 0x09, 0x00, 0xa1, 0x27, 0x02, 0x47, 0x00, 0x02, 0x00, 0x0b, 0x01, 0x00, 0x01, 0x0b, 
0x01, 0x01, 0x00, 0xa4, 0x86, 0x02, 0x00, 0x00, 0x02, 0x00, 0x00, 0x02, 0x00, 0x93, 0x02, 0x0e, 0xa1, 0x04, 0xf4, 0x13, 
0x08, 0xa6, 0x02, 0xe9, 0x13, 0x20, 0xb7, 0x02, 0x20, 0x0d, 0x04, 0xb8, 0x02, 0x90, 0x01, 0x1d, 0x04, 0xb7, 0x02, 0x99, 
0x01, 0x0d, 0x03, 0xb5, 0x02, 0x17, 0x20, 0x01, 0x3e, 0x92, 0x0a, 0x07, 0x18, 0xb5, 0x02, 0x93, 0x0a, 0x20, 0x00, 0xb7, 
0x02, 0x18, 0x0b, 0x04, 0xd1, 0x04, 0xe8, 0x05, 0x08, 0x95, 0x05, 0x17, 0x1d, 0xb7, 0x02, 0xef, 0x05, 0x0d, 0x02, 0xde, 
0x02, 0xec, 0x18, 0x13, 0x1d, 0x1d, 0x65, 0xbb, 0x04, 0x0b, 0x82, 0x0f, 0x00, 0x00, 0x00, 0x00, 0xbb, 0x04, 0x0c, 0x02, 
0x00, 0x00, 0x00, 0x00, 0xbb, 0x04, 0x0b, 0x04, 0x01, 0x00, 0x00, 0x00, 0xbb, 0x04, 0x0c, 0x02, 0x01, 0x00, 0x00, 0x00, 
0xbb, 0x04, 0x0b, 0x04, 0x02, 0x00, 0x00, 0x00, 0xbb, 0x04, 0x0c, 0x02, 0x02, 0x00, 0x00, 0x00, 0xbb, 0x04, 0x0c, 0x06, 
0x03, 0x00, 0x00, 0x00, 0xb8, 0x02, 0x9b, 0x27, 0x18, 0x03, 0xbb, 0x04, 0x0b, 0xb8, 0x27, 0x08, 0x00, 0x00, 0x00, 0xbc, 
0x02, 0xf0, 0x01, 0x1d, 0xa2, 0x14, 0x8e, 0x03, 0xf9, 0x0a, 0x65, 0x46, 0x0c, 0x0c, 0x0c, 0x0d, 0x9a, 0x15, 0xb2, 0x06, 
0x0c, 0x8c, 0x2f, 0x40, 0x00, 0x00, 0x00, 0xbc, 0x02, 0xc3, 0x4a, 0xdd, 0x0f, 0xa3, 0x27, 0xae, 0x02, 0x80, 0x13, 0x81, 
0x02, 0x3e, 0xfa, 0x09, 0x02, 0xc1, 0x0b, 0x39, 0xbe, 0x10, 0xb8, 0x12, 0x02, 0x3e, 0xef, 0x27, 0x02, 0x65, 0x3e, 0xb1, 
0x01, 0x02, 0x0c, 0xbb, 0x04, 0x0c, 0xa2, 0x1e, 0x05, 0x00, 0x00, 0x00, 0x3e, 0x9f, 0x1e, 0x02, 0x0d, 0xbb, 0x04, 0x0b, 
0x98, 0x1e, 0x04, 0x00, 0x00, 0x00, 0xbc, 0x02, 0xb5, 0x08, 0x65, 0x96, 0x14, 0xbc, 0x02, 0x02, 0x65, 0x96, 0x14, 0xb7, 
0x02, 0xcf, 0x1f, 0x0b, 0x03, 0xbb, 0x04, 0x0b, 0xa2, 0x28, 0x09, 0x00, 0x00, 0x00, 0xbc, 0x02, 0xf0, 0x04, 0x18, 0xa5, 
0x14, 0xbc, 0x02, 0xd1, 0x24, 0x1d, 0x96, 0x14, 0xbb, 0x04, 0x0b, 0xaa, 0x20, 0x15, 0x00, 0x00, 0x00, 0xbc, 0x02, 0x83, 
0x1e, 0x1d, 0xc9, 0x14, 0xce, 0x82, 0xc0, 0x02, 0xd4, 0x02, 0x65, 0x65, 0x65, 0x65, 0xfb, 0x0f, 0xfc, 0x0f, 0x65, 0x65, 
0x1d, 0x13, 0x0d, 0x0d, 0x1d, 0x1d, 0x13, 0x13, 0x0d, 0x0d, 0x13, 0x0d, 0x0d, 0x0d, 0x0d, 0x0d, 0x0d, 0x0d, 0x0d, 0x1d, 
0x14, 0x0c, 0x13, 0x0c, 0x0c, 0x0c, 0x0c, 0x0d, 0x0d, 0xdd, 0x16, 0x18, 0x0d, 0x1d, 0x1d, 0x13, 0x0c, 0x0d, 0x13, 0x0d, 
0x0d, 0x1d, 0x0c, 0x0d, 0x13, 0x0d, 0x0d, 0x0d, 0x0b, 0x18, 0x0d, 0x0d, 0x0b, 0x0d, 0x0d, 0x18, 0x0d, 0x0d, 0x0d, 0x0d, 
0x0d, 0x46, 0x13, 0x13, 0x65, 0x65, 0x0d, 0x0d, 0x0d, 0x0d, 0xb4, 0x04, 0x0c, 0x0d, 0x0d, 0x0d, 0xc7, 0x05, 0x3e, 0xfa, 
0x09, 0x02, 0xf1, 0x06, 0x39, 0xee, 0x0b, 0xae, 0x27, 0x02, 0xbb, 0x04, 0x0c, 0xcf, 0x16, 0x06, 0x00, 0x00, 0x00, 0x3e, 
0xa3, 0x1e, 0x01, 0x0c, 0x39, 0x8b, 0x05, 0xbc, 0x36, 0x01, 0xb8, 0x02, 0xa5, 0x3f, 0x18, 0x04, 0xb8, 0x02, 0x0b, 0x1d, 
0x03, 0xce, 0x02, 0xa6, 0x11, 0x50, 0x18, 0x0d, 0xbb, 0x04, 0x0b, 0xb7, 0x0d, 0x00, 0x01, 0x00, 0x00, 0xbc, 0x02, 0xc2, 
0x17, 0xa3, 0x09, 0xc7, 0x02, 0xae, 0x02, 0xb7, 0x03, 0xa8, 0x0e, 0x3e, 0xfa, 0x09, 0x02, 0xcc, 0x0c, 0x39, 0xc9, 0x11, 
0xf6, 0x13, 0x02, 0x3e, 0xed, 0x2b, 0x02, 0x50, 0xbb, 0x04, 0x0b, 0x8c, 0x1d, 0x03, 0x00, 0x00, 0x00, 0xbb, 0x04, 0x0d, 
0x0d, 0x00, 0x00, 0x00, 0x00, 0x94, 0x02, 0x85, 0x28, 0xbb, 0x04, 0x0d, 0x82, 0x02, 0x00, 0x00, 0x80, 0x3f, 0xb7, 0x02, 
0xef, 0x01, 0x0c, 0x02, 0xbb, 0x04, 0x0b, 0xe4, 0x29, 0x00, 0x08, 0x00, 0x00, 0x89, 0x03, 0xdb, 0x27, 0x0d, 0x01, 0x00, 
0x00, 0x00, 0x01, 0x00, 0xab, 0x02, 0xd0, 0x05, 0x96, 0x01, 0x3e, 0xfa, 0x09, 0x00, 0xfe, 0x03, 0x39, 0xfb, 0x08, 0xc8, 
0x34, 0x00, 0xae, 0x02, 0x8f, 0x37, 0x0c, 0x3e, 0xfa, 0x09, 0x09, 0xd7, 0x07, 0x39, 0xd4, 0x0c, 0xa2, 0x17, 0x09, 0x3e, 
0xb1, 0x26, 0x09, 0x0c, 0xb7, 0x02, 0xeb, 0x09, 0x0c, 0x03, 0xbb, 0x04, 0x0c, 0xde, 0x29, 0x00, 0x08, 0x00, 0x00, 0xbc, 
0x02, 0xbb, 0x14, 0x1d, 0xc7, 0x02, 0xae, 0x02, 0xb9, 0x0a, 0xe7, 0x0a, 0x3e, 0xfa, 0x09, 0x02, 0xca, 0x05, 0x39, 0xc7, 
0x0a, 0x9c, 0x2a, 0x02, 0x89, 0x03, 0xfd, 0x3b, 0x0d, 0x01, 0x00, 0x01, 0x00, 0x01, 0x00, 0xab, 0x02, 0xd2, 0x04, 0xd6, 
0x01, 0x3e, 0xfa, 0x09, 0x00, 0xff, 0x03, 0x39, 0xfc, 0x08, 0xe6, 0x2a, 0x00, 0x3e, 0xa9, 0x32, 0x01, 0x1d, 0x39, 0x9a, 
0x05, 0xd0, 0x33, 0x01, 0xbb, 0x04, 0x0c, 0xf3, 0x2c, 0x00, 0x02, 0x00, 0x00, 0xbb, 0x04, 0x0c, 0xff, 0x0b, 0x00, 0x01, 
0x00, 0x00, 0x3e, 0x98, 0x05, 0x01, 0x17, 0x39, 0x94, 0x05, 0xb6, 0x52, 0x01, 0x39, 0x9a, 0x05, 0xb7, 0x02, 0x01, 0xbb, 
0x04, 0x0d, 0xbf, 0x4b, 0x00, 0x00, 0x00, 0xbf, 0xbb, 0x04, 0x0d, 0xed, 0x0a, 0x00, 0x00, 0x00, 0x3f, 0xbb, 0x04, 0x0d, 
0xac, 0x10, 0x00, 0x00, 0x00, 0x20, 0xbb, 0x04, 0x0d, 0xed, 0x0a, 0x00, 0x00, 0x00, 0xa0, 0x3e, 0x6a, 0x01, 0x13, 0x39, 
0x90, 0x05, 0xfe, 0x50, 0x01, 0x3e, 0x83, 0x51, 0x01, 0x0d, 0xec, 0x04, 0x1d, 0xda, 0x23, 0xdc, 0x05, 0xdc, 0x05, 0xdc, 
0x05, 0xdc, 0x05, 0xec, 0x04, 0x1d, 0xcd, 0x17, 0x92, 0x14, 0xf1, 0x11, 0xf1, 0x11, 0xf1, 0x11, 0xec, 0x04, 0x1d, 0x82, 
0x09, 0xef, 0x08, 0x94, 0x1d, 0xef, 0x08, 0xef, 0x08, 0xec, 0x04, 0x1d, 0xa7, 0x10, 0x97, 0x19, 0x97, 0x19, 0xec, 0x0c, 
0x97, 0x19, 0xec, 0x04, 0x1d, 0xde, 0x1e, 0xc6, 0x05, 0xc6, 0x05, 0xc6, 0x05, 0xca, 0x2b, 0xec, 0x04, 0x65, 0xdb, 0x23, 
0xa3, 0x0c, 0xa5, 0x15, 0xfd, 0x04, 0xdb, 0x23, 0xbb, 0x04, 0x0d, 0xcf, 0x09, 0x00, 0x00, 0x00, 0x40, 0x3e, 0xea, 0x09, 
0x03, 0x0c, 0x39, 0x8e, 0x05, 0xfc, 0x29, 0x03, 0x39, 0x8b, 0x05, 0xc8, 0x12, 0x01, 0x3e, 0xbd, 0x3c, 0x03, 0x13, 0x39, 
0x91, 0x05, 0xe6, 0x45, 0x03, 0x3e, 0xd1, 0x45, 0x03, 0x1d, 0x39, 0x9b, 0x05, 0xa4, 0x25, 0x03, 0x39, 0x9b, 0x05, 0xfc, 
0x14, 0x03, 0x3e, 0xb7, 0x3a, 0x03, 0x0d, 0xbb, 0x04, 0x0c, 0xea, 0x1e, 0x13, 0x00, 0x00, 0x00, 0xbb, 0x04, 0x0c, 0x06, 
0x14, 0x00, 0x00, 0x00, 0x39, 0x9b, 0x05, 0xa4, 0x0e, 0x03, 0xbe, 0x02, 0xa1, 0x27, 0x1d, 0x0d, 0x3e, 0xfa, 0x09, 0x03, 
0x88, 0x08, 0x39, 0x85, 0x0d, 0xfa, 0x32, 0x03, 0xad, 0x06, 0x65, 0xff, 0x4c, 0xcc, 0x04, 0x13, 0xfc, 0x0b, 0xec, 0x09, 
0xec, 0x09, 0xad, 0x06, 0x1d, 0xf9, 0x0b, 0xc6, 0x06, 0x08, 0xb8, 0x58, 0x00, 0x82, 0x0a, 0x18, 0xe8, 0xac, 0x02, 0x39, 
0x95, 0x05, 0x93, 0x66, 0x07, 0x39, 0x95, 0x05, 0xc4, 0x37, 0x07, 0x39, 0x95, 0x05, 0xb9, 0x79, 0x07, 0x01, 0x0c, 0xfa, 
0x26, 0xb6, 0xbd, 0x01, 0x22, 0xfe, 0xcf, 0x01, 0x00, 0x01, 0x0c, 0xbb, 0x5f, 0xc2, 0x70, 0x33, 0xe2, 0x05, 0xec, 0xa2, 
0x01, 0xda, 0x19, 0x8b, 0x14, 0xad, 0x52, 0x8b, 0x14, 0x01, 0x65, 0xca, 0x16, 0xca, 0x16, 0x33, 0x89, 0x05, 0x9b, 0x23, 
0xda, 0x19, 0x8b, 0x14, 0xad, 0x52, 0x91, 0x14, 0x01, 0x0c, 0x9e, 0x23, 0x9e, 0x23, 0x33, 0x89, 0x05, 0x9b, 0x23, 0xda, 
0x19, 0x8b, 0x14, 0xad, 0x52, 0x94, 0x14, 0x01, 0x0c, 0x9e, 0x23, 0x9e, 0x23, 0x13, 0x8d, 0x05, 0x9b, 0x23, 0xcf, 0x2d, 
0x8a, 0x14, 0x01, 0x0d, 0x9e, 0x23, 0x9e, 0x23, 0x13, 0x8d, 0x05, 0xd5, 0x0f, 0xcf, 0x2d, 0x8d, 0x14, 0x01, 0x0d, 0x91, 
0x9d, 0x01, 0x91, 0x9d, 0x01, 0xc3, 0x10, 0x0d, 0xe8, 0xb1, 0x01, 0x82, 0xe1, 0x02, 0xe8, 0xb1, 0x01, 0xc0, 0x0a, 0x13, 
0xe5, 0xe8, 0x01, 0xe5, 0xe3, 0x01, 0xe5, 0xe8, 0x01, 0x13, 0xe2, 0x05, 0xa8, 0x89, 0x01, 0xc5, 0x1f, 0x9d, 0x14, 0x01, 
0x65, 0xd5, 0x43, 0xd5, 0x43, 0x01, 0x1d, 0xcb, 0x04, 0xb2, 0x7d, 0xc7, 0x18, 0x0c, 0xee, 0x9f, 0x01, 0xef, 0x02, 0x94, 
0xca, 0x02, 0xcb, 0x14, 0x09, 0xdd, 0xb7, 0x01, 0xdd, 0xb7, 0x01, 0xb0, 0x7b, 0xa7, 0x1e, 0xda, 0x36, 0x00, 0xba, 0x1e, 
0x00, 0xfb, 0x25, 0xda, 0x36, 0x18, 0xfc, 0x25, 0x01, 0x0c, 0xf1, 0x0c, 0xfe, 0x7b, 0x13, 0x8c, 0x05, 0xaf, 0x0b, 0xa5, 
0x18, 0x8b, 0x14, 0x01, 0x0c, 0xde, 0x19, 0xde, 0x19, 0xc0, 0x10, 0x0c, 0xc6, 0x63, 0xf4, 0x71, 0xc6, 0x63, 0xcb, 0x10, 
0x0c, 0xb1, 0x9d, 0x01, 0xb1, 0x9d, 0x01, 0x88, 0x67, 0xc7, 0x10, 0x0c, 0x81, 0x2a, 0xb3, 0xc7, 0x01, 0x86, 0x3d, 0xd0, 
0x0a, 0x16, 0xda, 0xe8, 0x01, 0xd8, 0xbe, 0x01, 0xda, 0xe8, 0x01, 0xd4, 0xa7, 0x02, 0x99, 0x1e, 0xa4, 0x13, 0x18, 0xa3, 
0x13, 0xe5, 0x1e, 0x16, 0xf7, 0x8d, 0x01, 0xf5, 0x53, 0x00, 0x00, 0x61, 0x32, 0x00, 0x00, 0xf3, 0x2b, 0x00, 0x00, 0xed, 
0x57, 0x00, 0x00, 0xe5, 0x1e, 0x1d, 0xaa, 0x1d, 0xdb, 0x2e, 0x00, 0x00, 0x61, 0x32, 0x00, 0x00, 0x8d, 0x35, 0x00, 0x00, 
0xed, 0x57, 0x00, 0x00, 0xe5, 0x1e, 0x0c, 0x85, 0x51, 0x0b, 0x0a, 0x00, 0x00, 0x61, 0x32, 0x00, 0x00, 0x0c, 0x56, 0x00, 
0x00, 0xed, 0x57, 0x00, 0x00, 0xc1, 0x16, 0x09, 0xf5, 0x14, 0xf5, 0x14, 0x95, 0xf8, 0x01, 0xb6, 0x1e, 0x8b, 0x07, 0xdd, 
0xf9, 0x01, 0x00, 0xba, 0x1e, 0x00, 0xb1, 0x7d, 0x8b, 0x07, 0x18, 0xb2, 0x7d, 0x33, 0x8a, 0x05, 0x9a, 0x5c, 0xd5, 0x1f, 
0x8b, 0x14, 0xb9, 0x3d, 0x8a, 0x14, 0x01, 0x0d, 0x93, 0x29, 0x93, 0x29, 0xc7, 0x16, 0x09, 0xf3, 0x7a, 0xf3, 0x7a, 0xa8, 
0x73, 0xa7, 0x1e, 0xcf, 0xdf, 0x01, 0x00, 0xba, 0x1e, 0x00, 0xf8, 0x0b, 0xcf, 0xdf, 0x01, 0x18, 0xf7, 0x0b, 0xd2, 0x0a, 
0x16, 0xfe, 0x3c, 0xd4, 0x51, 0xf8, 0x1d, 0x02, 0x01, 0xff, 0x03, 0xb0, 0x51, 0x98, 0xe1, 0x01, 0xb4, 0x0c, 0xd6, 0x01, 
0xeb, 0x58, 0xeb, 0x58, 0xef, 0x0a, 0x1d, 0xfe, 0x20, 0xfe, 0x20, 0xc2, 0x19, 0x02, 0x8b, 0x14, 0xce, 0x10, 0x1d, 0xc9, 
0x19, 0xc9, 0x19, 0xf5, 0x49, 0x4b, 0x1d, 0xa8, 0x22, 0xee, 0x22, 0xa8, 0x22, 0x99, 0x1e, 0xa9, 0x8c, 0x01, 0x18, 0xaa, 
0x8c, 0x01, 0xe5, 0x1e, 0x16, 0xa9, 0xcb, 0x01, 0xa7, 0x2b, 0x00, 0x00, 0xd7, 0x38, 0x00, 0x00, 0x23, 0x33, 0x00, 0x00, 
0xe4, 0x23, 0x00, 0x00, 0xe5, 0x1e, 0x1d, 0xb4, 0x26, 0xfc, 0x32, 0x00, 0x00, 0xd7, 0x38, 0x00, 0x00, 0xb3, 0x3b, 0x00, 
0x00, 0xe4, 0x23, 0x00, 0x00, 0x99, 0x1e, 0xbf, 0x89, 0x01, 0x18, 0xc0, 0x89, 0x01, 0xc0, 0x10, 0x0c, 0xc1, 0x07, 0xa6, 
0xdd, 0x01, 0xfc, 0xaf, 0x02, 0x99, 0x1e, 0xd2, 0x1b, 0x18, 0x8f, 0xeb, 0x01, 0x99, 0x1e, 0x1c, 0x18, 0x1b, 0xe5, 0x1e, 
0x1d, 0x92, 0xa8, 0x01, 0xdb, 0x2e, 0x00, 0x00, 0x53, 0x61, 0x00, 0x00, 0xfc, 0x32, 0x00, 0x00, 0x44, 0x1b, 0x00, 0x00, 
0xc7, 0x18, 0x0c, 0xa5, 0x78, 0xbb, 0xc1, 0x01, 0xc8, 0x97, 0x01, 0xcb, 0x14, 0x09, 0xd2, 0x6e, 0xd2, 0x6e, 0x94, 0xe3, 
0x01, 0xa7, 0x1e, 0xdd, 0x19, 0x00, 0xba, 0x1e, 0x00, 0x80, 0x43, 0xdd, 0x19, 0x18, 0xff, 0x42, 0x01, 0x17, 0xba, 0x04, 
0x86, 0x70, 0x01, 0x1d, 0xa6, 0x76, 0xe4, 0xe8, 0x01, 0x3d, 0x18, 0xfb, 0x43, 0xef, 0x15, 0xef, 0x15, 0x18, 0x22, 0xf2, 
0x21, 0x00, 0xe9, 0x06, 0x08, 0xc1, 0x84, 0x01, 0xaa, 0x33, 0xcf, 0x62, 0x97, 0x52, 0xbd, 0xc8, 0x01, 0x01, 0x18, 0xbe, 
0xbc, 0x01, 0xee, 0x59, 0xc1, 0x0a, 0x0d, 0xbb, 0x0a, 0xbb, 0x0a, 0x00, 0xd2, 0x0a, 0x1d, 0xf3, 0x3c, 0xf3, 0x3c, 0xa3, 
0x25, 0x00, 0xc1, 0x0a, 0x0d, 0xbe, 0x46, 0x71, 0x01, 0xd2, 0x0a, 0x1d, 0x89, 0x3a, 0x89, 0x3a, 0xb4, 0x0c, 0x01, 0xc1, 
0x0a, 0x0d, 0xfa, 0x6b, 0xfe, 0x30, 0x02, 0xd2, 0x0a, 0x1d, 0xe7, 0xd6, 0x01, 0xe7, 0xd6, 0x01, 0xed, 0x6a, 0x02, 0x99, 
0x1e, 0xe7, 0x93, 0x01, 0x18, 0xe8, 0x93, 0x01, 0xe5, 0x1e, 0x1d, 0xaf, 0x06, 0x3f, 0x45, 0x00, 0x00, 0x36, 0x1b, 0x00, 
0x00, 0x50, 0x24, 0x00, 0x00, 0x15, 0x32, 0x00, 0x00, 0xc1, 0x0a, 0x0d, 0xe3, 0x34, 0xe3, 0x34, 0x02, 0x4a, 0x0d, 0x99, 
0x5e, 0x99, 0x5e, 0xf4, 0x7c, 0x4b, 0x0d, 0x90, 0xba, 0x01, 0x90, 0xba, 0x01, 0xf2, 0xc1, 0x02, 0xd2, 0x0a, 0x1d, 0xf9, 
0xa2, 0x01, 0xf9, 0xa2, 0x01, 0xe7, 0x7b, 0x02, 0xc1, 0x12, 0x1d, 0xcc, 0x52, 0xba, 0x35, 0xcc, 0x52, 0xc1, 0x0a, 0x0d, 
0xc5, 0x18, 0xc5, 0x18, 0x03, 0x5c, 0x0d, 0xdb, 0x79, 0x01, 0x04, 0xbb, 0x6e, 0xc8, 0x16, 0x09, 0x8e, 0x3e, 0x8e, 0x3e, 
0x84, 0x8d, 0x01, 0xa7, 0x1e, 0xe1, 0x83, 0x01, 0x00, 0xba, 0x1e, 0x00, 0xc9, 0x24, 0xe1, 0x83, 0x01, 0x18, 0xca, 0x24, 
0xc8, 0x16, 0x09, 0xe7, 0x27, 0xeb, 0x3e, 0xf2, 0x75, 0xd9, 0x14, 0x0d, 0xac, 0x44, 0xac, 0x44, 0x80, 0xd9, 0x01, 0x92, 
0xce, 0x01, 0xd2, 0x0a, 0x1d, 0x81, 0x4f, 0x81, 0x4f, 0x87, 0x62, 0x03, 0x99, 0x1e, 0xd5, 0x91, 0x01, 0x18, 0xd6, 0x91, 
0x01, 0xe5, 0x1e, 0x1d, 0xbf, 0x05, 0x5e, 0x3d, 0x00, 0x00, 0x44, 0x49, 0x00, 0x00, 0xda, 0x24, 0x00, 0x00, 0x79, 0x31, 
0x00, 0x00, 0xc1, 0x0a, 0x0d, 0xf5, 0x39, 0xf5, 0x39, 0x03, 0xc8, 0x10, 0x0d, 0x9e, 0x56, 0xde, 0xb9, 0x02, 0x9e, 0x56, 
0xce, 0x10, 0x1d, 0xbe, 0x07, 0xe6, 0x23, 0xbe, 0x07, 0xe0, 0x0a, 0xc9, 0x0c, 0xad, 0x61, 0xd2, 0x67, 0x8e, 0xb4, 0x01, 
0xad, 0x61, 0x80, 0xd8, 0x01, 0xc1, 0x0a, 0x13, 0xe0, 0x3b, 0xe0, 0x3b, 0x00, 0xc1, 0x0a, 0x1d, 0xd9, 0x1f, 0x86, 0x1c, 
0x02, 0xa7, 0x1e, 0xfc, 0x82, 0x01, 0x00, 0xba, 0x1e, 0xc2, 0x5a, 0xc4, 0x34, 0xfc, 0x82, 0x01, 0x18, 0xc3, 0x34, 0x01, 
0x0c, 0xf1, 0x0c, 0x80, 0x7c, 0x13, 0x8c, 0x05, 0xaf, 0x0b, 0xa5, 0x18, 0x8b, 0x14, 0x01, 0x0c, 0xde, 0x19, 0xde, 0x19, 
0xc0, 0x10, 0x0c, 0xc6, 0x63, 0xf4, 0x71, 0xc6, 0x63, 0xcb, 0x10, 0x0c, 0xb1, 0x9d, 0x01, 0xb1, 0x9d, 0x01, 0x8a, 0x67, 
0xc7, 0x10, 0x0c, 0x81, 0x2a, 0xb3, 0xc7, 0x01, 0x88, 0x3d, 0xd0, 0x0a, 0x16, 0xda, 0xe8, 0x01, 0xd8, 0xbe, 0x01, 0xda, 
0xe8, 0x01, 0xd6, 0xa7, 0x02, 0x99, 0x1e, 0xa4, 0x13, 0x18, 0xa3, 0x13, 0xe5, 0x1e, 0x16, 0xf7, 0x8d, 0x01, 0xf6, 0x53, 
0x00, 0x00, 0x62, 0x32, 0x00, 0x00, 0xf4, 0x2b, 0x00, 0x00, 0xee, 0x57, 0x00, 0x00, 0xe5, 0x1e, 0x1d, 0xaa, 0x1d, 0xdb, 
0x2e, 0x00, 0x00, 0x62, 0x32, 0x00, 0x00, 0x8e, 0x35, 0x00, 0x00, 0xee, 0x57, 0x00, 0x00, 0xe5, 0x1e, 0x0c, 0x85, 0x51, 
0x0b, 0x0a, 0x00, 0x00, 0x62, 0x32, 0x00, 0x00, 0x0d, 0x56, 0x00, 0x00, 0xee, 0x57, 0x00, 0x00, 0xc1, 0x16, 0x09, 0xf5, 
0x14, 0xf5, 0x14, 0x93, 0xf8, 0x01, 0xb6, 0x1e, 0x8b, 0x07, 0xdd, 0xf9, 0x01, 0x00, 0xba, 0x1e, 0x00, 0xb1, 0x7d, 0x8b, 
0x07, 0x18, 0xb2, 0x7d, 0x33, 0x8a, 0x05, 0x9a, 0x5c, 0xd5, 0x1f, 0x8b, 0x14, 0xba, 0x3d, 0x8a, 0x14, 0x01, 0x0d, 0x93, 
0x29, 0x93, 0x29, 0xc7, 0x16, 0x09, 0xf3, 0x7a, 0xf3, 0x7a, 0xaa, 0x73, 0xa7, 0x1e, 0xcf, 0xdf, 0x01, 0x00, 0xba, 0x1e, 
0x00, 0xf8, 0x0b, 0xcf, 0xdf, 0x01, 0x18, 0xf7, 0x0b, 0xd2, 0x0a, 0x16, 0xfe, 0x3c, 0xd4, 0x51, 0xf8, 0x1d, 0x02, 0x01, 
0xff, 0x03, 0xb0, 0x51, 0x9a, 0xe1, 0x01, 0xb4, 0x0c, 0xd6, 0x01, 0xeb, 0x58, 0xeb, 0x58, 0xef, 0x0a, 0x1d, 0xfe, 0x20, 
0xfe, 0x20, 0xc2, 0x19, 0x02, 0x8b, 0x14, 0xce, 0x10, 0x1d, 0xc9, 0x19, 0xc9, 0x19, 0xf5, 0x49, 0x4b, 0x1d, 0xa8, 0x22, 
0xee, 0x22, 0xa8, 0x22, 0x99, 0x1e, 0xa9, 0x8c, 0x01, 0x18, 0xaa, 0x8c, 0x01, 0xe5, 0x1e, 0x16, 0xa9, 0xcb, 0x01, 0xa8, 
0x2b, 0x00, 0x00, 0xd8, 0x38, 0x00, 0x00, 0x24, 0x33, 0x00, 0x00, 0xe5, 0x23, 0x00, 0x00, 0xe5, 0x1e, 0x1d, 0xb4, 0x26, 
0xfd, 0x32, 0x00, 0x00, 0xd8, 0x38, 0x00, 0x00, 0xb4, 0x3b, 0x00, 0x00, 0xe5, 0x23, 0x00, 0x00, 0x99, 0x1e, 0xbf, 0x89, 
0x01, 0x18, 0xc0, 0x89, 0x01, 0xc0, 0x10, 0x0c, 0xc1, 0x07, 0xa6, 0xdd, 0x01, 0xfe, 0xaf, 0x02, 0x99, 0x1e, 0xd2, 0x1b, 
0x18, 0x8f, 0xeb, 0x01, 0x99, 0x1e, 0x81, 0x0e, 0x18, 0x82, 0x0e, 0xe5, 0x1e, 0x1d, 0xcc, 0x2f, 0xdb, 0x2e, 0x00, 0x00, 
0x45, 0x49, 0x00, 0x00, 0xfd, 0x32, 0x00, 0x00, 0x45, 0x1b, 0x00, 0x00, 0xa7, 0x1e, 0xe3, 0x79, 0x00, 0xba, 0x1e, 0xd1, 
0x60, 0xd3, 0x1d, 0xe3, 0x79, 0x18, 0xd4, 0x1d, 0x01, 0x17, 0xba, 0x04, 0x88, 0x70, 0x01, 0x1d, 0xa6, 0x76, 0xe6, 0xe8, 
0x01, 0x3d, 0x18, 0xfb, 0x43, 0xb8, 0x54, 0xb8, 0x54, 0x18, 0x22, 0xc5, 0x57, 0x00, 0xe9, 0x06, 0x08, 0xc1, 0x84, 0x01, 
0xac, 0x33, 0x87, 0xdc, 0x01, 0x97, 0x52, 0xbd, 0xc8, 0x01, 0x01, 0x18, 0xbe, 0xbc, 0x01, 0xc9, 0x1f, 0xc1, 0x0a, 0x0d, 
0xbb, 0x0a, 0xbb, 0x0a, 0x00, 0xd2, 0x0a, 0x1d, 0xf3, 0x3c, 0xf3, 0x3c, 0xd6, 0xef, 0x01, 0x00, 0xc1, 0x0a, 0x0d, 0xbe, 
0x46, 0x71, 0x01, 0xd2, 0x0a, 0x1d, 0x89, 0x3a, 0x89, 0x3a, 0xb4, 0x0c, 0x01, 0xc1, 0x0a, 0x0d, 0xfa, 0x6b, 0xfe, 0x30, 
0x02, 0xd2, 0x0a, 0x1d, 0xe7, 0xd6, 0x01, 0xe7, 0xd6, 0x01, 0xed, 0x6a, 0x02, 0x99, 0x1e, 0x99, 0x93, 0x01, 0x18, 0x9a, 
0x93, 0x01, 0xe5, 0x1e, 0x1d, 0xe7, 0x0f, 0xac, 0x2a, 0x00, 0x00, 0xc6, 0x1e, 0x00, 0x00, 0x51, 0x24, 0x00, 0x00, 0x16, 
0x32, 0x00, 0x00, 0x3d, 0x18, 0xce, 0x29, 0xce, 0x29, 0xce, 0x29, 0x18, 0xc1, 0x0a, 0x0d, 0x93, 0x77, 0x93, 0x77, 0x00, 
0xc1, 0x0a, 0x1d, 0xbc, 0x1c, 0xc5, 0x7a, 0x00, 0xce, 0x10, 0x1d, 0xec, 0x1b, 0xec, 0x1b, 0xa8, 0x38, 0xc1, 0x0a, 0x0d, 
0xbe, 0x14, 0xad, 0x2a, 0x01, 0xc1, 0x0a, 0x1d, 0xe4, 0x59, 0xc8, 0x0f, 0x01, 0xce, 0x10, 0x1d, 0x9f, 0x6e, 0x9f, 0x6e, 
0xbb, 0x14, 0xc1, 0x0a, 0x0d, 0xbe, 0x14, 0xab, 0x2a, 0x02, 0xc1, 0x0a, 0x1d, 0xe4, 0x59, 0xca, 0x0f, 0x02, 0xce, 0x10, 
0x1d, 0x83, 0x60, 0x83, 0x60, 0x9f, 0x06, 0xc1, 0x0a, 0x1d, 0xaf, 0x7f, 0xe9, 0xcf, 0x01, 0x03, 0x4b, 0x1d, 0xdc, 0x57, 
0xd3, 0x27, 0xdc, 0x57, 0x4b, 0x1d, 0xbc, 0x3d, 0x86, 0x24, 0xbc, 0x3d, 0x4b, 0x1d, 0xdf, 0x19, 0xa8, 0x0a, 0xdf, 0x19, 
0x23, 0xe2, 0x05, 0xe7, 0x72, 0xc5, 0x1f, 0x9a, 0x14, 0x8b, 0x14, 0x01, 0x65, 0xd6, 0x9d, 0x01, 0xd6, 0x9d, 0x01, 0xc1, 
0x12, 0x1d, 0xdd, 0x69, 0xdd, 0x69, 0xef, 0x3e, 0xce, 0x10, 0x13, 0xb3, 0x06, 0xa7, 0x59, 0x88, 0xc4, 0x01, 0xc3, 0x10, 
0x13, 0xc0, 0x12, 0xc0, 0x12, 0xfa, 0xca, 0x01, 0xc1, 0x0a, 0x0d, 0x85, 0x5f, 0x85, 0x5f, 0x00, 0xc1, 0x0a, 0x0d, 0x8e, 
0x80, 0x01, 0x88, 0x21, 0x01, 0xe0, 0x0a, 0x1d, 0x27, 0xe6, 0x7f, 0x27, 0xc2, 0xcf, 0x01, 0xc6, 0xf5, 0x01, 0xc1, 0x0a, 
0x0d, 0x8f, 0x7c, 0x8f, 0x7c, 0x00, 0xc1, 0x0a, 0x0d, 0x86, 0xe7, 0x01, 0xf6, 0x6a, 0x01, 0xc1, 0x0a, 0x0d, 0x9d, 0xeb, 
0x01, 0xa7, 0x80, 0x01, 0x02, 0xc1, 0x0a, 0x0d, 0xda, 0x02, 0xcd, 0x7d, 0x03, 0xe0, 0x0a, 0x1d, 0x82, 0x80, 0x01, 0xc4, 
0x7e, 0xc1, 0x68, 0xdc, 0x82, 0x01, 0x82, 0x80, 0x01, 0xe0, 0x0a, 0x65, 0x98, 0x04, 0xb2, 0xd0, 0x01, 0xb2, 0xd0, 0x01, 
0xb2, 0xd0, 0x01, 0x98, 0x04, 0xe0, 0x0a, 0xc9, 0x0c, 0x92, 0x23, 0xd6, 0x03, 0xca, 0x56, 0xb0, 0x23, 0x92, 0x23, 0xc1, 
0x0a, 0x13, 0x81, 0x80, 0x01, 0x81, 0x80, 0x01, 0x00, 0xc1, 0x0a, 0x1d, 0xc8, 0xbb, 0x01, 0xc6, 0x3b, 0x01, 0xc1, 0x0a, 
0x1d, 0xc9, 0xb7, 0x01, 0x83, 0x7c, 0x02, 0x22, 0xac, 0x55, 0xfe, 0x03, 0x22, 0xda, 0x75, 0xc9, 0xb7, 0x01, 0x3d, 0x18, 
0xfe, 0x2e, 0xfe, 0x2e, 0xfe, 0x2e, 0x18, 0x13, 0x8f, 0x05, 0xb3, 0x73, 0xab, 0x22, 0x8a, 0x14, 0xc1, 0x0a, 0x0d, 0x86, 
0x6f, 0xad, 0x04, 0x00, 0x22, 0x86, 0x6f, 0x00, 0x13, 0x8f, 0x05, 0xf0, 0x2f, 0xab, 0x22, 0x8d, 0x14, 0xc1, 0x0a, 0x0d, 
0xef, 0x09, 0xd2, 0x21, 0x01, 0x22, 0xef, 0x09, 0x00, 0x13, 0x8f, 0x05, 0xf2, 0x09, 0xab, 0x22, 0x90, 0x14, 0xc1, 0x0a, 
0x0d, 0x91, 0x05, 0xb2, 0x26, 0x02, 0x22, 0x91, 0x05, 0x00, 0xc1, 0x0a, 0x65, 0x93, 0x34, 0xe7, 0x5a, 0x03, 0xa7, 0x1e, 
0xc2, 0x4b, 0x00, 0xba, 0x1e, 0x8a, 0x23, 0xf5, 0x02, 0xc2, 0x4b, 0x18, 0xf6, 0x02, 0x01, 0x0c, 0xf1, 0x0c, 0x82, 0x7c, 
0x13, 0x8c, 0x05, 0xaf, 0x0b, 0xa5, 0x18, 0x8b, 0x14, 0x01, 0x0c, 0xde, 0x19, 0xde, 0x19, 0xc0, 0x10, 0x0c, 0xc6, 0x63, 
0xf4, 0x71, 0xc6, 0x63, 0xcb, 0x10, 0x0c, 0xb1, 0x9d, 0x01, 0xb1, 0x9d, 0x01, 0x8c, 0x67, 0xc7, 0x10, 0x0c, 0x81, 0x2a, 
0xb3, 0xc7, 0x01, 0x8a, 0x3d, 0xd0, 0x0a, 0x16, 0xda, 0xe8, 0x01, 0xd8, 0xbe, 0x01, 0xda, 0xe8, 0x01, 0xd8, 0xa7, 0x02, 
0x99, 0x1e, 0xa4, 0x13, 0x18, 0xa3, 0x13, 0xe5, 0x1e, 0x16, 0xf7, 0x8d, 0x01, 0xf7, 0x53, 0x00, 0x00, 0x63, 0x32, 0x00, 
0x00, 0xf5, 0x2b, 0x00, 0x00, 0xef, 0x57, 0x00, 0x00, 0xe5, 0x1e, 0x1d, 0xaa, 0x1d, 0xdb, 0x2e, 0x00, 0x00, 0x63, 0x32, 
0x00, 0x00, 0x8f, 0x35, 0x00, 0x00, 0xef, 0x57, 0x00, 0x00, 0xe5, 0x1e, 0x0c, 0x85, 0x51, 0x0b, 0x0a, 0x00, 0x00, 0x63, 
0x32, 0x00, 0x00, 0x0e, 0x56, 0x00, 0x00, 0xef, 0x57, 0x00, 0x00, 0xc1, 0x16, 0x09, 0xf5, 0x14, 0xf5, 0x14, 0x91, 0xf8, 
0x01, 0xb6, 0x1e, 0x8b, 0x07, 0xdd, 0xf9, 0x01, 0x00, 0xba, 0x1e, 0x00, 0xb1, 0x7d, 0x8b, 0x07, 0x18, 0xb2, 0x7d, 0x33, 
0x8a, 0x05, 0x9a, 0x5c, 0xd5, 0x1f, 0x8b, 0x14, 0xbb, 0x3d, 0x8a, 0x14, 0x01, 0x0d, 0x93, 0x29, 0x93, 0x29, 0xc7, 0x16, 
0x09, 0xf3, 0x7a, 0xf3, 0x7a, 0xac, 0x73, 0xa7, 0x1e, 0xcf, 0xdf, 0x01, 0x00, 0xba, 0x1e, 0x00, 0xf8, 0x0b, 0xcf, 0xdf, 
0x01, 0x18, 0xf7, 0x0b, 0xd2, 0x0a, 0x16, 0xfe, 0x3c, 0xd4, 0x51, 0xf8, 0x1d, 0x02, 0x01, 0xff, 0x03, 0xb0, 0x51, 0x9c, 
0xe1, 0x01, 0xb4, 0x0c, 0xd6, 0x01, 0xeb, 0x58, 0xeb, 0x58, 0xef, 0x0a, 0x1d, 0xfe, 0x20, 0xfe, 0x20, 0xc2, 0x19, 0x02, 
0x8b, 0x14, 0xce, 0x10, 0x1d, 0xc9, 0x19, 0xc9, 0x19, 0xf5, 0x49, 0x4b, 0x1d, 0xa8, 0x22, 0xee, 0x22, 0xa8, 0x22, 0x99, 
0x1e, 0xa9, 0x8c, 0x01, 0x18, 0xaa, 0x8c, 0x01, 0xe5, 0x1e, 0x16, 0xa9, 0xcb, 0x01, 0xa9, 0x2b, 0x00, 0x00, 0xd9, 0x38, 
0x00, 0x00, 0x25, 0x33, 0x00, 0x00, 0xe6, 0x23, 0x00, 0x00, 0xe5, 0x1e, 0x1d, 0xb4, 0x26, 0xfe, 0x32, 0x00, 0x00, 0xd9, 
0x38, 0x00, 0x00, 0xb5, 0x3b, 0x00, 0x00, 0xe6, 0x23, 0x00, 0x00, 0x99, 0x1e, 0xbf, 0x89, 0x01, 0x18, 0xc0, 0x89, 0x01, 
0xc0, 0x10, 0x0c, 0xc1, 0x07, 0xa6, 0xdd, 0x01, 0x80, 0xb0, 0x02, 0x99, 0x1e, 0xd2, 0x1b, 0x18, 0x8f, 0xeb, 0x01, 0x99, 
0x1e, 0x81, 0x0e, 0x18, 0x82, 0x0e, 0xe5, 0x1e, 0x1d, 0xcc, 0x2f, 0xdb, 0x2e, 0x00, 0x00, 0x1e, 0x49, 0x00, 0x00, 0xfe, 
0x32, 0x00, 0x00, 0x46, 0x1b, 0x00, 0x00, 0xa7, 0x1e, 0xad, 0x8d, 0x01, 0x00, 0xba, 0x1e, 0xcf, 0x60, 0xd3, 0x1d, 0xad, 
0x8d, 0x01, 0x18, 0xd4, 0x1d, 0x01, 0x17, 0xba, 0x04, 0x8a, 0x70, 0x01, 0x1d, 0xa6, 0x76, 0xe8, 0xe8, 0x01, 0x3d, 0x18, 
0xfb, 0x43, 0xb8, 0x54, 0xb8, 0x54, 0x18, 0x22, 0xff, 0x1f, 0x00, 0xe9, 0x06, 0x08, 0xc1, 0x84, 0x01, 0xae, 0x33, 0xc1, 
0xa4, 0x01, 0x97, 0x52, 0xbd, 0xc8, 0x01, 0x01, 0x18, 0xbe, 0xbc, 0x01, 0xfc, 0x17, 0xc1, 0x0a, 0x0d, 0xbb, 0x0a, 0xbb, 
0x0a, 0x00, 0xd2, 0x0a, 0x1d, 0xf3, 0x3c, 0xf3, 0x3c, 0x84, 0x45, 0x00, 0xc1, 0x0a, 0x0d, 0xbe, 0x46, 0x71, 0x01, 0xd2, 
0x0a, 0x1d, 0x89, 0x3a, 0x89, 0x3a, 0xb4, 0x0c, 0x01, 0xc1, 0x0a, 0x0d, 0xfa, 0x6b, 0xfe, 0x30, 0x02, 0xd2, 0x0a, 0x1d, 
0xe7, 0xd6, 0x01, 0xe7, 0xd6, 0x01, 0xed, 0x6a, 0x02, 0x99, 0x1e, 0xe3, 0xa6, 0x01, 0x18, 0xe4, 0xa6, 0x01, 0xe5, 0x1e, 
0x1d, 0xe7, 0xd5, 0x01, 0xad, 0x2a, 0x00, 0x00, 0xc7, 0x1e, 0x00, 0x00, 0x52, 0x24, 0x00, 0x00, 0x17, 0x32, 0x00, 0x00, 
0xc1, 0x12, 0x1d, 0x8c, 0x1d, 0xa3, 0x47, 0x8c, 0x1d, 0xc1, 0x0a, 0x0d, 0x80, 0x2e, 0x80, 0x2e, 0x02, 0x4a, 0x0d, 0xfe, 
0x71, 0xfe, 0x71, 0xc4, 0x90, 0x02, 0x4b, 0x0d, 0xe0, 0x0e, 0xe0, 0x0e, 0x92, 0xaa, 0x02, 0xd2, 0x0a, 0x1d, 0x8e, 0x47, 
0x8e, 0x47, 0xec, 0xf5, 0x01, 0x02, 0x13, 0xe2, 0x05, 0xeb, 0x8c, 0x01, 0xc5, 0x1f, 0x8b, 0x14, 0x01, 0x65, 0xc1, 0x65, 
0xc1, 0x65, 0xe0, 0x0a, 0xc9, 0x0c, 0xb8, 0x15, 0x93, 0x09, 0xdb, 0xc4, 0x01, 0x91, 0x0d, 0x9e, 0x98, 0x01, 0xc1, 0x0a, 
0x1d, 0x86, 0x2e, 0x86, 0x2e, 0x02, 0xc1, 0x12, 0x1d, 0xc6, 0x16, 0x84, 0x5a, 0xc6, 0x16, 0xc1, 0x0a, 0x0d, 0xe9, 0x67, 
0xe9, 0x67, 0x02, 0x3f, 0x0d, 0x9a, 0xd3, 0x01, 0x9a, 0xd3, 0x01, 0x13, 0x8a, 0x05, 0xcf, 0xac, 0x01, 0xc5, 0x1f, 0xc4, 
0x14, 0x01, 0x0d, 0xa0, 0xee, 0x01, 0xa0, 0xee, 0x01, 0x4a, 0x0d, 0xad, 0xff, 0x01, 0xdd, 0xbd, 0x01, 0xad, 0xff, 0x01, 
0x13, 0x8a, 0x05, 0x90, 0x27, 0xc5, 0x1f, 0xc7, 0x14, 0x01, 0x0d, 0xc6, 0xd8, 0x01, 0xc6, 0xd8, 0x01, 0xc3, 0x10, 0x0d, 
0xd5, 0xa2, 0x01, 0x80, 0x5d, 0xd5, 0xa2, 0x01, 0x4a, 0x0d, 0xb7, 0x14, 0xb7, 0x14, 0xd6, 0xd2, 0x01, 0xc3, 0x10, 0x0d, 
0xd6, 0x05, 0xd6, 0x05, 0xca, 0xd6, 0x01, 0x13, 0x8f, 0x05, 0xc3, 0x32, 0xab, 0x22, 0x93, 0x14, 0x22, 0x00, 0xc3, 0x32, 
0x22, 0xe8, 0x6e, 0xfd, 0xce, 0x01, 0xc1, 0x0a, 0x0d, 0xea, 0xda, 0x01, 0xec, 0x0b, 0x01, 0x3f, 0x0d, 0x88, 0x08, 0x88, 
0x08, 0xd2, 0x0a, 0x1d, 0xe1, 0x3d, 0xe1, 0x3d, 0xed, 0x29, 0x01, 0x13, 0x9b, 0x05, 0xc3, 0x4b, 0xc2, 0x26, 0x8b, 0x14, 
0x22, 0x00, 0xc3, 0x4b, 0x8d, 0x1e, 0x88, 0x06, 0xc6, 0x06, 0x08, 0xc3, 0xb8, 0x01, 0x00, 0x8b, 0x03, 0xa7, 0x06, 0x95, 
0x05, 0x9d, 0x04, 0xa7, 0x06, 0x17, 0xd4, 0x16, 0xa7, 0x06, 0x1d, 0xd7, 0x12, 0x18, 0xec, 0x89, 0x02, 0xc1, 0x0a, 0x0d, 
0xd3, 0xaf, 0x01, 0x98, 0x5a, 0x03, 0xce, 0x16, 0x09, 0xa0, 0x4a, 0xa0, 0x4a, 0xa0, 0xc3, 0x01, 0xa7, 0x1e, 0xfe, 0x24, 
0x00, 0xba, 0x1e, 0x00, 0xc1, 0x8d, 0x01, 0xfe, 0x24, 0x18, 0xc2, 0x8d, 0x01, 0xc1, 0x0a, 0x0d, 0xa1, 0xb7, 0x01, 0xd8, 
0x7a, 0x00, 0xc1, 0x0a, 0x0b, 0x83, 0x39, 0xfc, 0x2e, 0x00, 0x01, 0x18, 0xc6, 0x7b, 0x96, 0xc1, 0x01, 0x33, 0xcd, 0x05, 
0xec, 0x57, 0xc4, 0x1b, 0x8b, 0x14, 0xaa, 0x44, 0x8b, 0x14, 0x01, 0x50, 0xd7, 0x0f, 0xd7, 0x0f, 0xb4, 0x0a, 0x56, 0xb5, 
0xbc, 0x01, 0x17, 0x53, 0x00, 0x00, 0xc1, 0x0a, 0x0d, 0xe6, 0x37, 0xbb, 0x3c, 0x00, 0xc1, 0x0a, 0x18, 0xe9, 0x20, 0xfc, 
0x16, 0x00, 0xce, 0x10, 0x18, 0x96, 0x74, 0x96, 0x74, 0xac, 0x53, 0xc1, 0x0a, 0x0d, 0xbe, 0x14, 0xae, 0x2b, 0x01, 0xc1, 
0x0a, 0x18, 0x8d, 0x0b, 0xc2, 0x94, 0x01, 0x01, 0xce, 0x10, 0x18, 0xad, 0x09, 0xad, 0x09, 0xbb, 0x14, 0xc1, 0x0a, 0x0d, 
0xbe, 0x14, 0xb0, 0x2b, 0x02, 0xc1, 0x0a, 0x18, 0x8b, 0x0b, 0xc6, 0x94, 0x01, 0x02, 0xce, 0x10, 0x18, 0xec, 0x04, 0xec, 
0x04, 0x9f, 0x06, 0xc1, 0x0a, 0x18, 0xaf, 0x7f, 0x82, 0x1a, 0x03, 0x4b, 0x18, 0x95, 0x0d, 0xc5, 0x8c, 0x01, 0x95, 0x0d, 
0x4b, 0x18, 0xaa, 0x54, 0xfd, 0x29, 0xaa, 0x54, 0x4b, 0x18, 0x96, 0x2f, 0x9a, 0x05, 0x96, 0x2f, 0xce, 0x10, 0x18, 0xb1, 
0x09, 0xb1, 0x09, 0x9a, 0x55, 0xc1, 0x0a, 0x0d, 0x86, 0x65, 0xf8, 0xb4, 0x02, 0x01, 0xc1, 0x0a, 0x0b, 0xa1, 0xab, 0x01, 
0xfe, 0x76, 0x01, 0x01, 0x18, 0xc6, 0x33, 0x98, 0xc1, 0x01, 0x33, 0xcd, 0x05, 0xec, 0x57, 0xc4, 0x1b, 0x8b, 0x14, 0xab, 
0x68, 0x8b, 0x14, 0x01, 0x50, 0xd7, 0x0f, 0xd7, 0x0f, 0xb4, 0x0a, 0x56, 0xb5, 0xbc, 0x01, 0x18, 0x53, 0x00, 0x00, 0xc1, 
0x0a, 0x0d, 0xe6, 0x37, 0xbb, 0x3c, 0x00, 0xc1, 0x0a, 0x18, 0xe9, 0x20, 0xfc, 0x16, 0x00, 0xce, 0x10, 0x18, 0x98, 0x74, 
0x98, 0x74, 0xae, 0x53, 0xc1, 0x0a, 0x0d, 0xbe, 0x14, 0xb0, 0x2b, 0x01, 0xc1, 0x0a, 0x18, 0x8b, 0x0b, 0xc6, 0x94, 0x01, 
0x01, 0xce, 0x10, 0x18, 0xaf, 0x09, 0xaf, 0x09, 0xbb, 0x14, 0xc1, 0x0a, 0x0d, 0xbe, 0x14, 0xb2, 0x2b, 0x02, 0xc1, 0x0a, 
0x18, 0x8b, 0x0b, 0xc8, 0x94, 0x01, 0x02, 0xce, 0x10, 0x18, 0xea, 0x04, 0xea, 0x04, 0xa1, 0x06, 0xc1, 0x0a, 0x18, 0xaf, 
0x7f, 0x82, 0x1a, 0x03, 0x4b, 0x18, 0x95, 0x0d, 0xc5, 0x8c, 0x01, 0x95, 0x0d, 0x4b, 0x18, 0xaa, 0x54, 0xff, 0x29, 0xaa, 
0x54, 0x4b, 0x18, 0xba, 0x3d, 0xbc, 0x13, 0xba, 0x3d, 0xce, 0x10, 0x18, 0xb7, 0x99, 0x01, 0xb7, 0x99, 0x01, 0xe5, 0xe6, 
0x01, 0x4b, 0x18, 0x9b, 0x31, 0xfb, 0xb2, 0x01, 0x9b, 0x31, 0xc1, 0x0a, 0x0d, 0xe4, 0x31, 0xda, 0x4e, 0x02, 0xc1, 0x0a, 
0x0b, 0xbe, 0x2e, 0xc0, 0x6a, 0x02, 0x01, 0x18, 0x86, 0x40, 0x9a, 0xc1, 0x01, 0x33, 0xcd, 0x05, 0xec, 0x57, 0xc4, 0x1b, 
0x8b, 0x14, 0x8c, 0x62, 0x8b, 0x14, 0x01, 0x50, 0xd7, 0x0f, 0xd7, 0x0f, 0xb4, 0x0a, 0x56, 0xb5, 0xbc, 0x01, 0x19, 0x53, 
0x00, 0x00, 0xc1, 0x0a, 0x0d, 0xe6, 0x37, 0xbb, 0x3c, 0x00, 0xc1, 0x0a, 0x18, 0xe9, 0x20, 0xfc, 0x16, 0x00, 0xce, 0x10, 
0x18, 0x9a, 0x74, 0x9a, 0x74, 0xb0, 0x53, 0xc1, 0x0a, 0x0d, 0xbe, 0x14, 0xb2, 0x2b, 0x01, 0xc1, 0x0a, 0x18, 0x8b, 0x0b, 
0xc8, 0x94, 0x01, 0x01, 0xce, 0x10, 0x18, 0xaf, 0x09, 0xaf, 0x09, 0xbb, 0x14, 0xc1, 0x0a, 0x0d, 0xbe, 0x14, 0xb4, 0x2b, 
0x02, 0xc1, 0x0a, 0x18, 0x8b, 0x0b, 0xca, 0x94, 0x01, 0x02, 0xce, 0x10, 0x18, 0xe8, 0x04, 0xe8, 0x04, 0xa3, 0x06, 0xc1, 
0x0a, 0x18, 0xaf, 0x7f, 0x82, 0x1a, 0x03, 0x4b, 0x18, 0x95, 0x0d, 0xc5, 0x8c, 0x01, 0x95, 0x0d, 0x4b, 0x18, 0xaa, 0x54, 
0x81, 0x2a, 0xaa, 0x54, 0x4b, 0x18, 0xba, 0x3d, 0xba, 0x13, 0xba, 0x3d, 0xce, 0x10, 0x18, 0xb7, 0x99, 0x01, 0xb7, 0x99, 
0x01, 0x45, 0x4b, 0x18, 0xe8, 0xf2, 0x01, 0x86, 0xa4, 0x02, 0xe8, 0xf2, 0x01, 0xc1, 0x0a, 0x0b, 0x81, 0xbb, 0x01, 0xa2, 
0x73, 0x03, 0x01, 0x18, 0xd6, 0x9b, 0x01, 0xcc, 0xa5, 0x02, 0x33, 0xcd, 0x05, 0xc3, 0x0c, 0xc4, 0x1b, 0x8b, 0x14, 0xbd, 
0x66, 0x8b, 0x14, 0x01, 0x50, 0xd7, 0x0f, 0xd7, 0x0f, 0xb4, 0x0a, 0x56, 0xb5, 0xbc, 0x01, 0x1a, 0x53, 0x00, 0x00, 0xc1, 
0x0a, 0x0d, 0xe6, 0x37, 0xeb, 0xa0, 0x01, 0x00, 0xc1, 0x0a, 0x18, 0xe9, 0x20, 0xfc, 0x16, 0x00, 0xce, 0x10, 0x18, 0x9c, 
0x74, 0x9c, 0x74, 0xb2, 0x53, 0xc1, 0x0a, 0x0d, 0xbe, 0x14, 0xfb, 0x38, 0x01, 0xc1, 0x0a, 0x18, 0x8b, 0x0b, 0xca, 0x94, 
0x01, 0x01, 0xce, 0x10, 0x18, 0xaf, 0x09, 0xaf, 0x09, 0xbb, 0x14, 0xc1, 0x0a, 0x0d, 0xbe, 0x14, 0xf9, 0x38, 0x02, 0xc1, 
0x0a, 0x18, 0x8b, 0x0b, 0xcc, 0x94, 0x01, 0x02, 0xce, 0x10, 0x18, 0xe6, 0x04, 0xe6, 0x04, 0xa5, 0x06, 0xc1, 0x0a, 0x18, 
0xaf, 0x7f, 0x82, 0x1a, 0x03, 0x4b, 0x18, 0x95, 0x0d, 0xc5, 0x8c, 0x01, 0x95, 0x0d, 0x4b, 0x18, 0xaa, 0x54, 0x83, 0x2a, 
0xaa, 0x54, 0x4b, 0x18, 0xba, 0x3d, 0xb8, 0x13, 0xba, 0x3d, 0xce, 0x10, 0x18, 0x8d, 0x9f, 0x01, 0x8d, 0x9f, 0x01, 0xd7, 
0x11, 0x4b, 0x18, 0xec, 0x3a, 0xcf, 0xbd, 0x01, 0xec, 0x3a, 0x22, 0xa8, 0x87, 0x01, 0x00, 0x8d, 0x1e, 0x18, 0xf1, 0x03, 
0xc1, 0x0a, 0x0d, 0xbe, 0x53, 0xf8, 0xd2, 0x01, 0x00, 0xc1, 0x0a, 0x0b, 0xa1, 0x91, 0x01, 0xfe, 0x2e, 0x00, 0x01, 0x18, 
0xca, 0x7b, 0x9c, 0xc1, 0x01, 0x33, 0xcd, 0x05, 0xee, 0x57, 0xc4, 0x1b, 0x8b, 0x14, 0xab, 0x44, 0x8b, 0x14, 0x01, 0x50, 
0xd7, 0x0f, 0xd7, 0x0f, 0xb4, 0x0a, 0x56, 0xb5, 0xbc, 0x01, 0x1b, 0x53, 0x00, 0x00, 0xc1, 0x0a, 0x0d, 0xe6, 0x37, 0xb9, 
0x3c, 0x00, 0xc1, 0x0a, 0x18, 0xe9, 0x20, 0xfc, 0x16, 0x00, 0xce, 0x10, 0x18, 0x9e, 0x74, 0x9e, 0x74, 0xb4, 0x53, 0xc1, 
0x0a, 0x0d, 0xbe, 0x14, 0xb8, 0x2b, 0x01, 0xc1, 0x0a, 0x18, 0x8b, 0x0b, 0xcc, 0x94, 0x01, 0x01, 0xce, 0x10, 0x18, 0xaf, 
0x09, 0xaf, 0x09, 0xbb, 0x14, 0xc1, 0x0a, 0x0d, 0xbe, 0x14, 0xba, 0x2b, 0x02, 0xc1, 0x0a, 0x18, 0x8b, 0x0b, 0xce, 0x94, 
0x01, 0x02, 0xce, 0x10, 0x18, 0xe4, 0x04, 0xe4, 0x04, 0xa7, 0x06, 0xc1, 0x0a, 0x18, 0xaf, 0x7f, 0x82, 0x1a, 0x03, 0x4b, 
0x18, 0x95, 0x0d, 0xc5, 0x8c, 0x01, 0x95, 0x0d, 0x4b, 0x18, 0xaa, 0x54, 0x85, 0x2a, 0xaa, 0x54, 0x4b, 0x18, 0x90, 0x2f, 
0x8c, 0x05, 0x90, 0x2f, 0xce, 0x10, 0x18, 0xb1, 0x09, 0xb1, 0x09, 0x83, 0x03, 0xc1, 0x0a, 0x0d, 0x86, 0x65, 0xfa, 0xb4, 
0x02, 0x01, 0xc1, 0x0a, 0x0b, 0xa1, 0xab, 0x01, 0x80, 0x77, 0x01, 0x01, 0x18, 0xca, 0x33, 0x9e, 0xc1, 0x01, 0x33, 0xcd, 
0x05, 0xee, 0x57, 0xc4, 0x1b, 0x8b, 0x14, 0xac, 0x68, 0x8b, 0x14, 0x01, 0x50, 0xd7, 0x0f, 0xd7, 0x0f, 0xb4, 0x0a, 0x56, 
0xb5, 0xbc, 0x01, 0x1c, 0x53, 0x00, 0x00, 0xc1, 0x0a, 0x0d, 0xe6, 0x37, 0xb9, 0x3c, 0x00, 0xc1, 0x0a, 0x18, 0xe9, 0x20, 
0xfc, 0x16, 0x00, 0xce, 0x10, 0x18, 0xa0, 0x74, 0xa0, 0x74, 0xb6, 0x53, 0xc1, 0x0a, 0x0d, 0xbe, 0x14, 0xba, 0x2b, 0x01, 
0xc1, 0x0a, 0x18, 0x8b, 0x0b, 0xce, 0x94, 0x01, 0x01, 0xce, 0x10, 0x18, 0xaf, 0x09, 0xaf, 0x09, 0xbb, 0x14, 0xc1, 0x0a, 
0x0d, 0xbe, 0x14, 0xbc, 0x2b, 0x02, 0xc1, 0x0a, 0x18, 0x8b, 0x0b, 0xd0, 0x94, 0x01, 0x02, 0xce, 0x10, 0x18, 0xe2, 0x04, 
0xe2, 0x04, 0xa9, 0x06, 0xc1, 0x0a, 0x18, 0xaf, 0x7f, 0x82, 0x1a, 0x03, 0x4b, 0x18, 0x95, 0x0d, 0xc5, 0x8c, 0x01, 0x95, 
0x0d, 0x4b, 0x18, 0xaa, 0x54, 0x87, 0x2a, 0xaa, 0x54, 0x4b, 0x18, 0xb8, 0x3d, 0xb2, 0x13, 0xb8, 0x3d, 0xce, 0x10, 0x18, 
0xb9, 0x99, 0x01, 0xb9, 0x99, 0x01, 0xe3, 0xe6, 0x01, 0x4b, 0x18, 0x9d, 0x31, 0xfb, 0xb2, 0x01, 0x9d, 0x31, 0xc1, 0x0a, 
0x0d, 0xe4, 0x31, 0xdc, 0x4e, 0x02, 0xc1, 0x0a, 0x0b, 0xbe, 0x2e, 0xc2, 0x6a, 0x02, 0x01, 0x18, 0x8a, 0x40, 0xa0, 0xc1, 
0x01, 0x33, 0xcd, 0x05, 0xee, 0x57, 0xc4, 0x1b, 0x8b, 0x14, 0x8d, 0x62, 0x8b, 0x14, 0x01, 0x50, 0xd7, 0x0f, 0xd7, 0x0f, 
0xb4, 0x0a, 0x56, 0xb5, 0xbc, 0x01, 0x1d, 0x53, 0x00, 0x00, 0xc1, 0x0a, 0x0d, 0xe6, 0x37, 0xb9, 0x3c, 0x00, 0xc1, 0x0a, 
0x18, 0xe9, 0x20, 0xfc, 0x16, 0x00, 0xce, 0x10, 0x18, 0xa2, 0x74, 0xa2, 0x74, 0xb8, 0x53, 0xc1, 0x0a, 0x0d, 0xbe, 0x14, 
0xbc, 0x2b, 0x01, 0xc1, 0x0a, 0x18, 0x8b, 0x0b, 0xd0, 0x94, 0x01, 0x01, 0xce, 0x10, 0x18, 0xaf, 0x09, 0xaf, 0x09, 0xbb, 
0x14, 0xc1, 0x0a, 0x0d, 0xbe, 0x14, 0xbe, 0x2b, 0x02, 0xc1, 0x0a, 0x18, 0x8b, 0x0b, 0xd2, 0x94, 0x01, 0x02, 0xce, 0x10, 
0x18, 0xe0, 0x04, 0xe0, 0x04, 0xab, 0x06, 0xc1, 0x0a, 0x18, 0xaf, 0x7f, 0x82, 0x1a, 0x03, 0x4b, 0x18, 0x95, 0x0d, 0xc5, 
0x8c, 0x01, 0x95, 0x0d, 0x4b, 0x18, 0xaa, 0x54, 0x89, 0x2a, 0xaa, 0x54, 0x4b, 0x18, 0xb8, 0x3d, 0xb0, 0x13, 0xb8, 0x3d, 
0xce, 0x10, 0x18, 0xeb, 0x8b, 0x01, 0xeb, 0x8b, 0x01, 0x8a, 0x0d, 0x4b, 0x18, 0xce, 0x7d, 0xbc, 0xbc, 0x01, 0xce, 0x7d, 
0x3f, 0x0d, 0xba, 0x08, 0xd6, 0x87, 0x01, 0xc3, 0x10, 0x0d, 0xdd, 0x42, 0xdd, 0x42, 0xfc, 0xe3, 0x01, 0xbd, 0x0c, 0x0b, 
0x88, 0x53, 0x88, 0x53, 0xc1, 0x0a, 0x0b, 0xf7, 0x4f, 0xc8, 0x8f, 0x01, 0x03, 0xc2, 0x10, 0x0b, 0x8c, 0x45, 0x8c, 0x45, 
0x86, 0x86, 0x02, 0xc0, 0x10, 0x0b, 0xfc, 0x43, 0x90, 0x39, 0xfc, 0x43, 0x99, 0x1e, 0xca, 0x1a, 0x18, 0xc9, 0x1a, 0xe5, 
0x1e, 0x18, 0xf9, 0xa1, 0x01, 0x1a, 0x48, 0x00, 0x00, 0x9d, 0x31, 0x00, 0x00, 0x14, 0x37, 0x00, 0x00, 0x0c, 0x45, 0x00, 
0x00, 0xe5, 0x1e, 0x0b, 0x95, 0x29, 0x4c, 0x4e, 0x00, 0x00, 0x9d, 0x31, 0x00, 0x00, 0x48, 0x2f, 0x00, 0x00, 0x0c, 0x45, 
0x00, 0x00, 0xc0, 0x16, 0x09, 0x92, 0x10, 0x92, 0x10, 0xc7, 0xd5, 0x01, 0xb6, 0x1e, 0x87, 0x58, 0xb7, 0x77, 0x00, 0xba, 
0x1e, 0x00, 0xb7, 0x77, 0x87, 0x58, 0x18, 0xb8, 0x77, 0xc9, 0x10, 0x0b, 0xd6, 0x67, 0xa0, 0xef, 0x01, 0xe6, 0xd1, 0x02, 
0xbc, 0x0e, 0x0c, 0xcf, 0xcc, 0x01, 0xcf, 0xcc, 0x01, 0xc6, 0x10, 0x0b, 0xb5, 0x3c, 0xe5, 0x19, 0xe0, 0x48, 0xbc, 0x0e, 
0x0c, 0xaa, 0xf6, 0x01, 0xaa, 0xf6, 0x01, 0xc0, 0x0a, 0x12, 0xab, 0xc3, 0x01, 0xb7, 0x09, 0xab, 0xc3, 0x01, 0x01, 0xfe, 
0x03, 0xc4, 0xca, 0x01, 0xec, 0xa9, 0x02, 0xb4, 0x0c, 0x96, 0x01, 0xbf, 0xbb, 0x01, 0xbf, 0xbb, 0x01, 0xef, 0x0a, 0x1d, 
0x85, 0x41, 0x85, 0x41, 0x81, 0x32, 0x02, 0x8b, 0x14, 0x2d, 0x13, 0xfa, 0xdf, 0x01, 0xfa, 0xdf, 0x01, 0xfa, 0xdf, 0x01, 
0x10, 0xc1, 0x0a, 0x0d, 0xb2, 0x06, 0xb2, 0x06, 0x00, 0xbd, 0x0c, 0x0b, 0xe6, 0x0d, 0xe6, 0x0d, 0x01, 0x18, 0x83, 0xda, 
0x01, 0xee, 0x4a, 0x33, 0xcd, 0x05, 0xd3, 0x29, 0xc4, 0x1b, 0x8b, 0x14, 0xfb, 0xb3, 0x01, 0x8b, 0x14, 0x01, 0x50, 0x9e, 
0xe8, 0x01, 0x9e, 0xe8, 0x01, 0xb4, 0x0a, 0x56, 0xb5, 0xbc, 0x01, 0x1e, 0x53, 0x00, 0x00, 0xc1, 0x0a, 0x0d, 0xe6, 0x37, 
0xfa, 0x39, 0x00, 0xc1, 0x0a, 0x18, 0xe9, 0x20, 0xfc, 0x16, 0x00, 0xce, 0x10, 0x18, 0xa4, 0x74, 0xa4, 0x74, 0xba, 0x53, 
0xc1, 0x0a, 0x0d, 0xbe, 0x14, 0xf2, 0xa1, 0x01, 0x01, 0xc1, 0x0a, 0x18, 0x8b, 0x0b, 0xd2, 0x94, 0x01, 0x01, 0xce, 0x10, 
0x18, 0xaf, 0x09, 0xaf, 0x09, 0xbb, 0x14, 0xc1, 0x0a, 0x0d, 0xbe, 0x14, 0xf4, 0xa1, 0x01, 0x02, 0xc1, 0x0a, 0x18, 0x8b, 
0x0b, 0xd4, 0x94, 0x01, 0x02, 0xce, 0x10, 0x18, 0xde, 0x04, 0xde, 0x04, 0xad, 0x06, 0xc1, 0x0a, 0x18, 0xaf, 0x7f, 0x82, 
0x1a, 0x03, 0x4b, 0x18, 0x95, 0x0d, 0xc5, 0x8c, 0x01, 0x95, 0x0d, 0x4b, 0x18, 0x8e, 0x42, 0xa7, 0x3c, 0x8e, 0x42, 0x4b, 
0x18, 0xd9, 0x31, 0xff, 0x6d, 0xd9, 0x31, 0xc1, 0x0a, 0x0d, 0x9a, 0x75, 0x9d, 0x31, 0x01, 0xce, 0x10, 0x18, 0xe5, 0x16, 
0xb4, 0x5e, 0xe5, 0x16, 0x4b, 0x18, 0xb1, 0x2f, 0xc4, 0x26, 0xb1, 0x2f, 0xc0, 0x10, 0x0b, 0x97, 0x1f, 0xc2, 0x30, 0xf4, 
0x94, 0x01, 0x99, 0x1e, 0xcd, 0x9a, 0x01, 0x18, 0xd8, 0x37, 0x22, 0xe4, 0xb1, 0x01, 0x84, 0x3f, 0x8d, 0x1e, 0x88, 0x06, 
0x8e, 0x07, 0x00, 0x00, 0x00, 0x00, 0x00, 0x00, 0x4c, 0x4f, 0x4d, 0x53, 0x00, 0x03, 0x01, 0x00, 0x00, 0x00, 0x07, 0x00, 
0xc7, 0x00, 0x00, 0x00, 0x00, 0x00, 0x00, 0x00, 0x54, 0x1e, 0x00, 0x00, 0x91, 0x02, 0x01, 0xd1, 0x10, 0x02, 0x47, 0x4c, 
0x53, 0x4c, 0x2e, 0x73, 0x74, 0x64, 0x2e, 0x34, 0x35, 0x30, 0x00, 0x00, 0x00, 0x00, 0xa0, 0x04, 0x00, 0x01, 0xef, 0x0f, 
0x00, 0x02, 0xed, 0xc2, 0xa5, 0xf3, 0x06, 0x00, 0x03, 0x04, 0x05, 0x06, 0x07, 0x08, 0x09, 0x0a, 0x0b, 0x0c, 0x10, 0x2c, 
0x06, 0x10, 0x37, 0x0f, 0x0b, 0x00, 0x05, 0x00, 0x07, 0x01, 0x10, 0x00, 0x23, 0x00, 0x01, 0x05, 0x00, 0x07, 0x01, 0x10, 
0x00, 0x23, 0x40, 0x01, 0x23, 0x30, 0x01, 0x23, 0x04, 0x01, 0x23, 0x04, 0x01, 0x23, 0x04, 0x01, 0x23, 0x04, 0x10, 0x02, 
0x01, 0x01, 0x10, 0x10, 0x06, 0x80, 0x02, 0x00, 0x0d, 0x02, 0x47, 0x00, 0x01, 0x00, 0x23, 0x00, 0x10, 0x02, 0x21, 0x00, 
0x10, 0x00, 0x22, 0x01, 0x00, 0x1b, 0x0e, 0x10, 0x00, 0x1e, 0x0a, 0x10, 0x1e, 0x01, 0x08, 0x10, 0x0c, 0x06, 0x40, 0x10, 
0x02, 0x06, 0x40, 0x10, 0x02, 0x06, 0x10, 0x10, 0x02, 0x06, 0x10, 0x10, 0x02, 0x06, 0x10, 0x00, 0x11, 0x02, 0x37, 0x00, 
0x94, 0x00, 0x05, 0x00, 0x07, 0x01, 0x10, 0x00, 0x23, 0x00, 0x01, 0x05, 0x00, 0x07, 0x01, 0x10, 0x00, 0x23, 0x40, 0x01, 
0x05, 0x00, 0x07, 0x01, 0x10, 0x00, 0x23, 0x40, 0x01, 0x05, 0x00, 0x07, 0x01, 0x10, 0x00, 0x23, 0x40, 0x01, 0x05, 0x00, 
0x07, 0x01, 0x10, 0x00, 0x23, 0x40, 0x01, 0x05, 0x00, 0x07, 0x01, 0x10, 0x00, 0x23, 0x80, 0x02, 0x01, 0x05, 0x00, 0x07, 
0x01, 0x10, 0x00, 0x23, 0x80, 0x02, 0x01, 0x05, 0x00, 0x07, 0x01, 0x10, 0x00, 0x23, 0x40, 0x01, 0x23, 0x40, 0x01, 0x23, 
0x10, 0x01, 0x23, 0x08, 0x01, 0x23, 0x04, 0x01, 0x23, 0x04, 0x01, 0x23, 0x10, 0x01, 0x23, 0x10, 0x01, 0x23, 0x08, 0x01, 
0x00, 0x00, 0x23, 0x08, 0x01, 0x00, 0x00, 0x23, 0x04, 0x01, 0x00, 0x00, 0x23, 0x04, 0x01, 0x23, 0x08, 0x01, 0x23, 0x04, 
0x01, 0x23, 0x04, 0x01, 0x23, 0x04, 0x01, 0x00, 0x00, 0x23, 0x04, 0x01, 0x00, 0x00, 0x23, 0x04, 0x01, 0x00, 0x00, 0x23, 
0x04, 0x01, 0x00, 0x00, 0x23, 0x04, 0x01, 0x00, 0x00, 0x23, 0x04, 0x01, 0x00, 0x00, 0x23, 0x10, 0x01, 0x00, 0x00, 0x23, 
0x0c, 0x01, 0x00, 0x00, 0x23, 0x04, 0x01, 0x00, 0x00, 0x23, 0x08, 0x01, 0x00, 0x00, 0x23, 0x04, 0x01, 0x00, 0x00, 0x23, 
0x04, 0x01, 0x00, 0x00, 0x23, 0x04, 0x01, 0x00, 0x00, 0x23, 0x04, 0x01, 0x00, 0x00, 0x23, 0x04, 0x01, 0x00, 0x00, 0x23, 
0x04, 0x01, 0x23, 0x90, 0x01, 0x01, 0x00, 0x00, 0x23, 0x0c, 0x01, 0x00, 0x00, 0x23, 0x04, 0x01, 0x00, 0x00, 0x23, 0x10, 
0x01, 0x23, 0x10, 0x01, 0x00, 0x00, 0x23, 0x08, 0x01, 0x00, 0x00, 0x23, 0x04, 0x01, 0x23, 0x04, 0x01, 0x00, 0x00, 0x23, 
0x08, 0x01, 0x00, 0x00, 0x23, 0x04, 0x01, 0x23, 0x04, 0x01, 0x00, 0x00, 0x23, 0x10, 0x01, 0x00, 0x00, 0x23, 0x04, 0x01, 
0x23, 0x04, 0x01, 0x00, 0x00, 0x23, 0x08, 0x01, 0x23, 0x04, 0x01, 0x00, 0x00, 0x23, 0x04, 0x01, 0x00, 0x00, 0x23, 0x04, 
0x01, 0x23, 0x04, 0x01, 0x23, 0x0c, 0x01, 0x00, 0x00, 0x23, 0x04, 0x01, 0x23, 0x04, 0x01, 0x23, 0x04, 0x01, 0x23, 0x04, 
0x01, 0x00, 0x00, 0x23, 0x04, 0x01, 0x00, 0x00, 0x23, 0x0c, 0x01, 0x23, 0x04, 0x01, 0x00, 0x00, 0x23, 0x04, 0x01, 0x23, 
0x04, 0x01, 0x23, 0x04, 0x01, 0x05, 0x00, 0x07, 0x01, 0x10, 0x00, 0x23, 0x04, 0x01, 0x23, 0x30, 0x01, 0x23, 0x08, 0x01, 
0x05, 0x00, 0x07, 0x01, 0x10, 0x00, 0x23, 0x08, 0x01, 0x05, 0x00, 0x07, 0x01, 0x10, 0x00, 0x23, 0x40, 0x01, 0x00, 0x00, 
0x23, 0x40, 0x01, 0x00, 0x00, 0x23, 0x04, 0x01, 0x00, 0x00, 0x23, 0x04, 0x01, 0x00, 0x00, 0x23, 0x04, 0x01, 0x23, 0x04, 
0x01, 0x00, 0x00, 0x23, 0x40, 0x01, 0x00, 0x00, 0x23, 0x04, 0x01, 0x00, 0x00, 0x23, 0x04, 0x01, 0x00, 0x00, 0x23, 0x04, 
0x01, 0x00, 0x00, 0x23, 0x04, 0x10, 0x02, 0x21, 0x00, 0x10, 0x00, 0x22, 0x00, 0x10, 0x1f, 0x1e, 0x00, 0x10, 0x02, 0x1e, 
0x03, 0x10, 0x02, 0x0b, 0x2b, 0x10, 0x02, 0x1e, 0x05, 0x10, 0x02, 0x1e, 0x00, 0x10, 0x02, 0x1e, 0x06, 0x10, 0x02, 0x1e, 
0x09, 0x10, 0x02, 0x0b, 0x03, 0x00, 0x14, 0x02, 0x47, 0x00, 0x02, 0x00, 0x0b, 0x01, 0x00, 0x01, 0x0b, 0x01, 0x01, 0x93, 
0x02, 0x38, 0xa1, 0x04, 0x02, 0x1d, 0xa6, 0x02, 0x02, 0x20, 0xb7, 0x02, 0x02, 0x1f, 0x04, 0xb8, 0x02, 0x02, 0x20, 0x04, 
0xb7, 0x02, 0x02, 0x1f, 0x03, 0xb5, 0x02, 0x02, 0x20, 0x01, 0xb7, 0x02, 0x02, 0x1f, 0x02, 0xde, 0x02, 0x2d, 0x24, 0x20, 
0x20, 0x21, 0xb5, 0x02, 0x30, 0x20, 0x00, 0xbb, 0x04, 0x25, 0x02, 0x00, 0x00, 0x00, 0x00, 0xbb, 0x04, 0x23, 0x02, 0x00, 
0x00, 0x00, 0x00, 0xbb, 0x04, 0x25, 0x02, 0x01, 0x00, 0x00, 0x00, 0xbb, 0x04, 0x23, 0x02, 0x01, 0x00, 0x00, 0x00, 0xbb, 
0x04, 0x25, 0x02, 0x02, 0x00, 0x00, 0x00, 0xb8, 0x02, 0x02, 0x22, 0x03, 0xbb, 0x04, 0x25, 0x02, 0x08, 0x00, 0x00, 0x00, 
0xbc, 0x02, 0x2b, 0x20, 0x2c, 0x8e, 0x03, 0x0f, 0x21, 0x2b, 0x23, 0x23, 0x23, 0x1f, 0x16, 0xb2, 0x06, 0x23, 0x02, 0x40, 
0x00, 0x00, 0x00, 0xbc, 0x02, 0x10, 0x0e, 0x0f, 0xae, 0x02, 0x0d, 0x17, 0x3e, 0x3a, 0x02, 0x10, 0x39, 0x2d, 0x37, 0x02, 
0x3e, 0x3a, 0x02, 0x21, 0xbb, 0x04, 0x23, 0x02, 0x05, 0x00, 0x00, 0x00, 0x3e, 0x02, 0x03, 0x23, 0x39, 0x30, 0x59, 0x03, 
0xb2, 0x06, 0x23, 0x1e, 0x02, 0x00, 0x00, 0x00, 0xbb, 0x04, 0x25, 0x3e, 0x04, 0x00, 0x00, 0x00, 0xbc, 0x02, 0x31, 0x21, 
0x31, 0xbc, 0x02, 0x02, 0x21, 0x31, 0xb7, 0x02, 0x32, 0x25, 0x03, 0xbb, 0x04, 0x25, 0x02, 0x09, 0x00, 0x00, 0x00, 0xbc, 
0x02, 0x31, 0x22, 0x33, 0xbc, 0x02, 0x02, 0x20, 0x31, 0xbb, 0x04, 0x25, 0x32, 0x15, 0x00, 0x00, 0x00, 0xbc, 0x02, 0x2f, 
0x20, 0x34, 0xce, 0x82, 0xc0, 0x02, 0x11, 0x21, 0x21, 0x21, 0x21, 0x18, 0x19, 0x21, 0x21, 0x20, 0x24, 0x1f, 0x1f, 0x20, 
0x20, 0x24, 0x24, 0x1f, 0x1f, 0x24, 0x1f, 0x1f, 0x1f, 0x1f, 0x1f, 0x1f, 0x1f, 0x1f, 0x20, 0x32, 0x23, 0x24, 0x23, 0x23, 
0x23, 0x23, 0x1f, 0x1f, 0x1a, 0x22, 0x1f, 0x20, 0x20, 0x24, 0x23, 0x1f, 0x24, 0x1f, 0x1f, 0x20, 0x23, 0x1f, 0x24, 0x1f, 
0x1f, 0x1f, 0x25, 0x22, 0x1f, 0x1f, 0x25, 0x1f, 0x1f, 0x22, 0x1f, 0x1f, 0x1f, 0x1f, 0x1f, 0x2b, 0x24, 0x24, 0x21, 0x21, 
0x1f, 0x1f, 0x1f, 0x1f, 0x1b, 0x23, 0x1f, 0x1f, 0x1f, 0x1c, 0x3e, 0x44, 0x02, 0x13, 0x39, 0x35, 0x41, 0x02, 0xbb, 0x04, 
0x23, 0x44, 0x06, 0x00, 0x00, 0x00, 0x3e, 0x02, 0x01, 0x20, 0x39, 0x37, 0x65, 0x01, 0xbb, 0x04, 0x1f, 0x68, 0x00, 0x00, 
0x00, 0xbf, 0xbb, 0x04, 0x1f, 0x02, 0x00, 0x00, 0x00, 0x3f, 0xbb, 0x04, 0x1f, 0x02, 0x00, 0x00, 0x00, 0x20, 0x94, 0x02, 
0x02, 0xbb, 0x04, 0x1f, 0x02, 0x00, 0x00, 0x00, 0x00, 0xbb, 0x04, 0x1f, 0x02, 0x00, 0x00, 0x00, 0xa0, 0xbb, 0x04, 0x1f, 
0x02, 0x00, 0x00, 0x80, 0x3f, 0x3e, 0x02, 0x01, 0x24, 0x39, 0x3f, 0x73, 0x01, 0x3e, 0x76, 0x01, 0x1f, 0xec, 0x04, 0x20, 
0x02, 0x0a, 0x0a, 0x0a, 0x0a, 0xec, 0x04, 0x20, 0x02, 0x08, 0x0c, 0x0c, 0x0c, 0xec, 0x04, 0x20, 0x02, 0x0e, 0x0a, 0x0e, 
0x0e, 0xec, 0x04, 0x20, 0x02, 0x10, 0x10, 0x0c, 0x10, 0xec, 0x04, 0x20, 0x02, 0x12, 0x12, 0x12, 0x0e, 0xec, 0x04, 0x21, 
0x02, 0x08, 0x06, 0x04, 0x02, 0xbb, 0x04, 0x1f, 0x02, 0x00, 0x00, 0x00, 0x40, 0x3e, 0x02, 0x01, 0x23, 0x39, 0x48, 0x83, 
0x01, 0x01, 0x3e, 0x86, 0x01, 0x03, 0x24, 0x39, 0x49, 0x83, 0x01, 0x03, 0x3e, 0x86, 0x01, 0x03, 0x20, 0x39, 0x4a, 0x83, 
0x01, 0x03, 0x39, 0x4a, 0x02, 0x03, 0x3e, 0x84, 0x01, 0x03, 0x1f, 0x39, 0x4a, 0x81, 0x01, 0x03, 0xbb, 0x04, 0x1f, 0x84, 
0x01, 0x00, 0x00, 0x80, 0xbf, 0xbc, 0x02, 0x02, 0x1f, 0x2a, 0x3e, 0x02, 0x03, 0x4d, 0x39, 0x4e, 0x85, 0x01, 0x03, 0xbe, 
0x02, 0x14, 0x20, 0x1f, 0x3e, 0x74, 0x03, 0x15, 0x39, 0x4f, 0x85, 0x01, 0x03, 0xcc, 0x04, 0x24, 0x88, 0x01, 0x24, 0x24, 
0xc6, 0x06, 0x1d, 0x9b, 0x01, 0x00, 0x1e, 0x18, 0x9e, 0x01, 0x01, 0x23, 0x02, 0x98, 0x01, 0x22, 0x9e, 0x01, 0x00, 0x01, 
0x23, 0x02, 0xa0, 0x01, 0xc7, 0x10, 0x23, 0x02, 0x02, 0x84, 0x01, 0x33, 0x2e, 0x02, 0x11, 0x27, 0x54, 0x27, 0x01, 0x21, 
0x02, 0x02, 0x13, 0x40, 0x02, 0x05, 0x26, 0x01, 0x1f, 0x02, 0x02, 0x13, 0x40, 0x02, 0x05, 0x28, 0x01, 0x1f, 0x02, 0x02, 
0xc3, 0x10, 0x1f, 0x02, 0x3a, 0x02, 0xc0, 0x0a, 0x24, 0x02, 0x08, 0x02, 0x13, 0x2e, 0x02, 0x14, 0x36, 0x01, 0x21, 0x02, 
0x02, 0x01, 0x20, 0x02, 0xb6, 0x01, 0xc1, 0x0a, 0x1f, 0x02, 0x02, 0x02, 0x4a, 0x1f, 0x02, 0x02, 0x52, 0x4b, 0x1f, 0x02, 
0x02, 0x52, 0xd2, 0x0a, 0x20, 0x02, 0x02, 0x08, 0x02, 0xc1, 0x12, 0x20, 0x02, 0x0c, 0x02, 0xc1, 0x0a, 0x1f, 0x02, 0x02, 
0x03, 0x5c, 0x1f, 0x02, 0x01, 0x04, 0x65, 0xc8, 0x16, 0x3b, 0x02, 0x02, 0x5a, 0xa7, 0x1e, 0x01, 0x00, 0xba, 0x1e, 0x00, 
0x03, 0x01, 0x18, 0x04, 0xc8, 0x16, 0x3b, 0x02, 0x0a, 0x5c, 0xd9, 0x14, 0x1f, 0x02, 0x02, 0x5c, 0x62, 0xd2, 0x0a, 0x20, 
0x02, 0x02, 0x10, 0x03, 0x99, 0x1e, 0x08, 0x18, 0x07, 0xe5, 0x1e, 0x20, 0x0a, 0x64, 0x00, 0x00, 0x00, 0x51, 0x00, 0x00, 
0x00, 0x6c, 0x00, 0x00, 0x00, 0x69, 0x00, 0x00, 0x00, 0xc1, 0x0a, 0x1f, 0x02, 0x02, 0x03, 0xc8, 0x10, 0x1f, 0x02, 0x62, 
0x02, 0xce, 0x10, 0x20, 0x02, 0x06, 0x02, 0xe0, 0x0a, 0x0d, 0x02, 0x2a, 0x60, 0x02, 0x56, 0xc1, 0x0a, 0x24, 0x02, 0x02, 
0x00, 0xc1, 0x0a, 0x20, 0x02, 0x04, 0x02, 0x3d, 0x22, 0x02, 0x2a, 0x2a, 0x18, 0xc1, 0x0a, 0x1f, 0x02, 0x02, 0x00, 0xc1, 
0x0a, 0x20, 0x02, 0x40, 0x00, 0xce, 0x10, 0x20, 0x02, 0x02, 0x04, 0xc1, 0x0a, 0x1f, 0x02, 0x08, 0x01, 0xc1, 0x0a, 0x20, 
0x02, 0x46, 0x01, 0xce, 0x10, 0x20, 0x02, 0x02, 0x04, 0xc1, 0x0a, 0x1f, 0x02, 0x0e, 0x02, 0xc1, 0x0a, 0x20, 0x02, 0x4c, 
0x02, 0xce, 0x10, 0x20, 0x02, 0x02, 0x04, 0xc1, 0x0a, 0x20, 0x02, 0x50, 0x03, 0x4b, 0x20, 0x02, 0x04, 0x02, 0x4b, 0x20, 
0x02, 0x0c, 0x02, 0x4b, 0x20, 0x02, 0x14, 0x02, 0x01, 0x23, 0x02, 0xfe, 0x01, 0xcb, 0x10, 0x23, 0x02, 0x02, 0xe2, 0x01, 
0x23, 0x2e, 0x02, 0x14, 0x2f, 0x83, 0x01, 0x01, 0x21, 0x02, 0x02, 0xc1, 0x12, 0x20, 0x02, 0x02, 0x0a, 0xce, 0x10, 0x24, 
0x02, 0x2a, 0x80, 0x01, 0xc3, 0x10, 0x24, 0x02, 0x02, 0x70, 0xc1, 0x0a, 0x1f, 0x02, 0x02, 0x00, 0xc1, 0x0a, 0x1f, 0x02, 
0x04, 0x01, 0xe0, 0x0a, 0x20, 0x02, 0x04, 0x02, 0x9e, 0x01, 0x9a, 0x01, 0xc1, 0x0a, 0x1f, 0x02, 0x02, 0x00, 0xc1, 0x0a, 
0x1f, 0x02, 0x04, 0x01, 0xc1, 0x0a, 0x1f, 0x02, 0x06, 0x02, 0xc1, 0x0a, 0x1f, 0x02, 0x08, 0x03, 0xe0, 0x0a, 0x20, 0x02, 
0x08, 0x06, 0x04, 0x02, 0xe0, 0x0a, 0x21, 0x02, 0xa0, 0x01, 0xa0, 0x01, 0xa0, 0x01, 0x02, 0xe0, 0x0a, 0x0d, 0x02, 0x40, 
0x18, 0x3e, 0x02, 0xc1, 0x0a, 0x24, 0x02, 0x02, 0x00, 0xc1, 0x0a, 0x20, 0x02, 0x04, 0x01, 0xc1, 0x0a, 0x20, 0x02, 0x06, 
0x02, 0x22, 0x9c, 0x02, 0x04, 0x22, 0x9a, 0x02, 0x02, 0x3d, 0x22, 0x02, 0x02, 0x02, 0x18, 0x13, 0x4b, 0x02, 0x09, 0x26, 
0xc1, 0x0a, 0x1f, 0x02, 0x04, 0x00, 0x22, 0x02, 0x00, 0x13, 0x4b, 0x02, 0x09, 0x28, 0xc1, 0x0a, 0x1f, 0x02, 0x08, 0x01, 
0x22, 0x02, 0x00, 0x13, 0x4b, 0x02, 0x09, 0x2a, 0xc1, 0x0a, 0x1f, 0x02, 0x0c, 0x02, 0x22, 0x02, 0x00, 0xc1, 0x0a, 0x21, 
0x02, 0x16, 0x03, 0xc1, 0x12, 0x20, 0x02, 0x02, 0x7e, 0xc1, 0x0a, 0x1f, 0x02, 0x02, 0x02, 0x4a, 0x1f, 0x02, 0x02, 0xd0, 
0x01, 0x4b, 0x1f, 0x02, 0x02, 0xd0, 0x01, 0xd2, 0x0a, 0x20, 0x02, 0x02, 0x08, 0x02, 0x22, 0xb0, 0x02, 0x00, 0x01, 0x23, 
0x02, 0xc0, 0x02, 0xcb, 0x10, 0x23, 0x02, 0x02, 0xa4, 0x02, 0xbf, 0x0c, 0x1f, 0x02, 0xa6, 0x02, 0xc8, 0x10, 0x1f, 0x02, 
0xbe, 0x01, 0x02, 0xc8, 0x10, 0x1f, 0x02, 0x02, 0xc0, 0x01, 0x4b, 0x1f, 0x02, 0xb8, 0x01, 0x02, 0xbf, 0x0c, 0x1f, 0x02, 
0x0a, 0x4a, 0x1f, 0x02, 0x08, 0x02, 0x4b, 0x1f, 0x02, 0x06, 0x02, 0xc8, 0x10, 0x1f, 0x02, 0xdc, 0x01, 0x0e, 0xc1, 0x0a, 
0x1f, 0x02, 0x16, 0x00, 0x4a, 0x1f, 0x02, 0x02, 0x04, 0xd2, 0x0a, 0x20, 0x02, 0x02, 0x1a, 0x00, 0xc1, 0x0a, 0x1f, 0x02, 
0x02, 0x03, 0x4a, 0x1f, 0x02, 0x0c, 0x02, 0xc1, 0x0a, 0x1f, 0x02, 0x06, 0x00, 0x4b, 0x1f, 0x02, 0x02, 0x04, 0xd2, 0x0a, 
0x20, 0x02, 0x02, 0x0a, 0x00, 0xc1, 0x0a, 0x1f, 0x02, 0x02, 0x00, 0xc3, 0x10, 0x1f, 0x02, 0xf0, 0x01, 0x18, 0xc1, 0x0a, 
0x1f, 0x02, 0x06, 0x03, 0x4a, 0x1f, 0x02, 0x04, 0x02, 0x4b, 0x1f, 0x02, 0x08, 0x02, 0xc0, 0x10, 0x23, 0x02, 0x2c, 0xa2, 
0x02, 0xbf, 0x0c, 0x1f, 0x02, 0x02, 0x4a, 0x1f, 0x02, 0x2c, 0x02, 0xc3, 0x10, 0x1f, 0x02, 0xfe, 0x01, 0x02, 0x4a, 0x1f, 
0x02, 0x02, 0x0e, 0x4b, 0x1f, 0x02, 0x14, 0x02, 0x13, 0x4b, 0x02, 0x0b, 0x27, 0x22, 0x00, 0x0e, 0x3f, 0x1f, 0x02, 0x04, 
0x13, 0x4b, 0x02, 0x0b, 0x29, 0x22, 0x00, 0x02, 0xc1, 0x0a, 0x1f, 0x02, 0x1e, 0x01, 0x3f, 0x1f, 0x02, 0x02, 0xd2, 0x0a, 
0x20, 0x02, 0x02, 0x22, 0x01, 0x13, 0x4a, 0x02, 0x0c, 0x27, 0x22, 0x00, 0x02, 0x22, 0x86, 0x03, 0xe4, 0x01, 0x8d, 0x1e, 
0x88, 0x06, 0x00, 0x00, 0xce, 0x12, 0x00, 0x00, 0x00, 0x00, 0x00, 0x00, 0x4c, 0x4f, 0x4d, 0x53, 0x00, 0x03, 0x01, 0x00, 
0x00, 0x00, 0x07, 0x00, 0x4d, 0x02, 0x00, 0x00, 0x00, 0x00, 0x00, 0x00, 0x90, 0x3f, 0x00, 0x00, 0x91, 0x02, 0x01, 0xd1, 
0x10, 0x02, 0x47, 0x4c, 0x53, 0x4c, 0x2e, 0x73, 0x74, 0x64, 0x2e, 0x34, 0x35, 0x30, 0x00, 0x00, 0x00, 0x00, 0xa0, 0x04, 
0x00, 0x01, 0x9f, 0x8e, 0x40, 0x00, 0x02, 0xed, 0xc2, 0xa5, 0xf3, 0x06, 0x00, 0x03, 0x04, 0x05, 0x06, 0x07, 0x08, 0x09, 
0x0a, 0x0b, 0x0c, 0x0d, 0x0e, 0x0f, 0x10, 0x4c, 0x06, 0x10, 0x37, 0x21, 0x0b, 0x00, 0x05, 0x00, 0x07, 0x01, 0x10, 0x00, 
0x23, 0x00, 0x01, 0x05, 0x00, 0x07, 0x01, 0x10, 0x00, 0x23, 0x40, 0x01, 0x23, 0x30, 0x01, 0x23, 0x04, 0x01, 0x23, 0x04, 
0x01, 0x23, 0x04, 0x01, 0x23, 0x04, 0x10, 0x02, 0x01, 0x01, 0x10, 0x22, 0x06, 0x80, 0x02, 0x00, 0x1f, 0x02, 0x47, 0x00, 
0x01, 0x00, 0x23, 0x00, 0x10, 0x02, 0x21, 0x00, 0x10, 0x00, 0x22, 0x01, 0x00, 0x29, 0x0e, 0x10, 0x00, 0x1e, 0x0a, 0x10, 
0x2c, 0x01, 0x08, 0x10, 0x1e, 0x06, 0x40, 0x10, 0x02, 0x06, 0x40, 0x10, 0x02, 0x06, 0x10, 0x10, 0x02, 0x06, 0x10, 0x10, 
0x02, 0x06, 0x10, 0x00, 0x23, 0x02, 0x37, 0x00, 0x94, 0x00, 0x05, 0x00, 0x07, 0x01, 0x10, 0x00, 0x23, 0x00, 0x01, 0x05, 
0x00, 0x07, 0x01, 0x10, 0x00, 0x23, 0x40, 0x01, 0x05, 0x00, 0x07, 0x01, 0x10, 0x00, 0x23, 0x40, 0x01, 0x05, 0x00, 0x07, 
0x01, 0x10, 0x00, 0x23, 0x40, 0x01, 0x05, 0x00, 0x07, 0x01, 0x10, 0x00, 0x23, 0x40, 0x01, 0x05, 0x00, 0x07, 0x01, 0x10, 
0x00, 0x23, 0x80, 0x02, 0x01, 0x05, 0x00, 0x07, 0x01, 0x10, 0x00, 0x23, 0x80, 0x02, 0x01, 0x05, 0x00, 0x07, 0x01, 0x10, 
0x00, 0x23, 0x40, 0x01, 0x23, 0x40, 0x01, 0x23, 0x10, 0x01, 0x23, 0x08, 0x01, 0x23, 0x04, 0x01, 0x23, 0x04, 0x01, 0x23, 
0x10, 0x01, 0x23, 0x10, 0x01, 0x23, 0x08, 0x01, 0x00, 0x00, 0x23, 0x08, 0x01, 0x00, 0x00, 0x23, 0x04, 0x01, 0x00, 0x00, 
0x23, 0x04, 0x01, 0x23, 0x08, 0x01, 0x23, 0x04, 0x01, 0x23, 0x04, 0x01, 0x23, 0x04, 0x01, 0x00, 0x00, 0x23, 0x04, 0x01, 
0x00, 0x00, 0x23, 0x04, 0x01, 0x00, 0x00, 0x23, 0x04, 0x01, 0x00, 0x00, 0x23, 0x04, 0x01, 0x00, 0x00, 0x23, 0x04, 0x01, 
0x00, 0x00, 0x23, 0x10, 0x01, 0x00, 0x00, 0x23, 0x0c, 0x01, 0x00, 0x00, 0x23, 0x04, 0x01, 0x00, 0x00, 0x23, 0x08, 0x01, 
0x00, 0x00, 0x23, 0x04, 0x01, 0x00, 0x00, 0x23, 0x04, 0x01, 0x00, 0x00, 0x23, 0x04, 0x01, 0x00, 0x00, 0x23, 0x04, 0x01, 
0x00, 0x00, 0x23, 0x04, 0x01, 0x00, 0x00, 0x23, 0x04, 0x01, 0x23, 0x90, 0x01, 0x01, 0x00, 0x00, 0x23, 0x0c, 0x01, 0x00, 
0x00, 0x23, 0x04, 0x01, 0x00, 0x00, 0x23, 0x10, 0x01, 0x23, 0x10, 0x01, 0x00, 0x00, 0x23, 0x08, 0x01, 0x00, 0x00, 0x23, 
0x04, 0x01, 0x23, 0x04, 0x01, 0x00, 0x00, 0x23, 0x08, 0x01, 0x00, 0x00, 0x23, 0x04, 0x01, 0x23, 0x04, 0x01, 0x00, 0x00, 
0x23, 0x10, 0x01, 0x00, 0x00, 0x23, 0x04, 0x01, 0x23, 0x04, 0x01, 0x00, 0x00, 0x23, 0x08, 0x01, 0x23, 0x04, 0x01, 0x00, 
0x00, 0x23, 0x04, 0x01, 0x00, 0x00, 0x23, 0x04, 0x01, 0x23, 0x04, 0x01, 0x23, 0x0c, 0x01, 0x00, 0x00, 0x23, 0x04, 0x01, 
0x23, 0x04, 0x01, 0x23, 0x04, 0x01, 0x23, 0x04, 0x01, 0x00, 0x00, 0x23, 0x04, 0x01, 0x00, 0x00, 0x23, 0x0c, 0x01, 0x23, 
0x04, 0x01, 0x00, 0x00, 0x23, 0x04, 0x01, 0x23, 0x04, 0x01, 0x23, 0x04, 0x01, 0x05, 0x00, 0x07, 0x01, 0x10, 0x00, 0x23, 
0x04, 0x01, 0x23, 0x30, 0x01, 0x23, 0x08, 0x01, 0x05, 0x00, 0x07, 0x01, 0x10, 0x00, 0x23, 0x08, 0x01, 0x05, 0x00, 0x07, 
0x01, 0x10, 0x00, 0x23, 0x40, 0x01, 0x00, 0x00, 0x23, 0x40, 0x01, 0x00, 0x00, 0x23, 0x04, 0x01, 0x00, 0x00, 0x23, 0x04, 
0x01, 0x00, 0x00, 0x23, 0x04, 0x01, 0x23, 0x04, 0x01, 0x00, 0x00, 0x23, 0x40, 0x01, 0x00, 0x00, 0x23, 0x04, 0x01, 0x00, 
0x00, 0x23, 0x04, 0x01, 0x00, 0x00, 0x23, 0x04, 0x01, 0x00, 0x00, 0x23, 0x04, 0x10, 0x02, 0x21, 0x00, 0x10, 0x00, 0x22, 
0x00, 0x10, 0x2d, 0x0b, 0x2a, 0x37, 0x30, 0x05, 0x00, 0x05, 0x00, 0x07, 0x01, 0x10, 0x00, 0x23, 0x00, 0x01, 0x23, 0x30, 
0x01, 0x23, 0x0c, 0x10, 0x22, 0x06, 0x40, 0x00, 0x1f, 0x02, 0x47, 0x00, 0x01, 0x00, 0x23, 0x00, 0x10, 0x02, 0x21, 0x01, 
0x10, 0x00, 0x22, 0x01, 0x10, 0x02, 0x21, 0x05, 0x10, 0x00, 0x22, 0x01, 0x00, 0x02, 0x02, 0x47, 0x00, 0x01, 0x00, 0x23, 
0x00, 0x10, 0x1c, 0x06, 0x10, 0x00, 0x17, 0x02, 0x37, 0x00, 0x02, 0x00, 0x00, 0x00, 0x23, 0x00, 0x10, 0x02, 0x21, 0x02, 
0x10, 0x00, 0x22, 0x01, 0x10, 0x02, 0x21, 0x03, 0x10, 0x00, 0x22, 0x01, 0x10, 0x3d, 0x1e, 0x00, 0x10, 0x02, 0x1e, 0x05, 
0x10, 0x02, 0x1e, 0x06, 0x10, 0x02, 0x1e, 0x03, 0x10, 0x02, 0x0b, 0x2b, 0x10, 0x02, 0x1e, 0x05, 0x10, 0x02, 0x1e, 0x00, 
0x10, 0x02, 0x1e, 0x06, 0x10, 0x02, 0x1e, 0x09, 0x10, 0x02, 0x0b, 0x03, 0x00, 0x2e, 0x02, 0x47, 0x00, 0x02, 0x00, 0x0b, 
0x01, 0x00, 0x01, 0x0b, 0x01, 0x01, 0x00, 0x14, 0x00, 0x00, 0x02, 0x00, 0x00, 0x02, 0x00, 0x93, 0x02, 0x62, 0xa1, 0x04, 
0x02, 0x32, 0xa6, 0x02, 0x02, 0x20, 0xb7, 0x02, 0x02, 0x34, 0x04, 0xb8, 0x02, 0x02, 0x35, 0x04, 0xb7, 0x02, 0x02, 0x34, 
0x03, 0xb5, 0x02, 0x02, 0x20, 0x01, 0x3e, 0x02, 0x07, 0x37, 0xb5, 0x02, 0x02, 0x20, 0x00, 0xb7, 0x02, 0x02, 0x3a, 0x04, 
0xd1, 0x04, 0x02, 0x32, 0x39, 0x3b, 0x35, 0xb7, 0x02, 0x02, 0x34, 0x02, 0xde, 0x02, 0x51, 0x3d, 0x35, 0x35, 0x36, 0xbb, 
0x04, 0x3a, 0x54, 0x00, 0x00, 0x00, 0x00, 0xbb, 0x04, 0x38, 0x02, 0x00, 0x00, 0x00, 0x00, 0xbb, 0x04, 0x3a, 0x02, 0x01, 
0x00, 0x00, 0x00, 0xbb, 0x04, 0x38, 0x02, 0x01, 0x00, 0x00, 0x00, 0xbb, 0x04, 0x3a, 0x02, 0x02, 0x00, 0x00, 0x00, 0xbb, 
0x04, 0x38, 0x02, 0x02, 0x00, 0x00, 0x00, 0xbb, 0x04, 0x38, 0x02, 0x03, 0x00, 0x00, 0x00, 0xb8, 0x02, 0x02, 0x37, 0x03, 
0xbb, 0x04, 0x3a, 0x02, 0x08, 0x00, 0x00, 0x00, 0xbc, 0x02, 0x3f, 0x35, 0x46, 0x8e, 0x03, 0x21, 0x36, 0x45, 0x38, 0x38, 
0x38, 0x34, 0x26, 0xb2, 0x06, 0x38, 0x02, 0x40, 0x00, 0x00, 0x00, 0xbc, 0x02, 0x22, 0x15, 0x16, 0xae, 0x02, 0x1f, 0x27, 
0x3e, 0x60, 0x02, 0x17, 0x39, 0x47, 0x5d, 0x02, 0x3e, 0x60, 0x02, 0x36, 0x3e, 0x02, 0x02, 0x38, 0xbb, 0x04, 0x38, 0x02, 
0x05, 0x00, 0x00, 0x00, 0x3e, 0x02, 0x02, 0x34, 0x3e, 0x02, 0x03, 0x38, 0x39, 0x4c, 0x91, 0x01, 0x03, 0xb2, 0x06, 0x38, 
0x2c, 0x02, 0x00, 0x00, 0x00, 0xbb, 0x04, 0x3a, 0x68, 0x04, 0x00, 0x00, 0x00, 0xbc, 0x02, 0x49, 0x36, 0x4d, 0xbc, 0x02, 
0x02, 0x36, 0x4d, 0xb7, 0x02, 0x4a, 0x3a, 0x03, 0xbb, 0x04, 0x3a, 0x02, 0x09, 0x00, 0x00, 0x00, 0xbc, 0x02, 0x49, 0x37, 
0x4f, 0xbc, 0x02, 0x02, 0x35, 0x4d, 0xbb, 0x04, 0x3a, 0x4a, 0x15, 0x00, 0x00, 0x00, 0xbc, 0x02, 0x47, 0x35, 0x50, 0xce, 
0x82, 0xc0, 0x02, 0x23, 0x36, 0x36, 0x36, 0x36, 0x28, 0x29, 0x36, 0x36, 0x35, 0x3d, 0x34, 0x34, 0x35, 0x35, 0x3d, 0x3d, 
0x34, 0x34, 0x3d, 0x34, 0x34, 0x34, 0x34, 0x34, 0x34, 0x34, 0x34, 0x35, 0x4e, 0x38, 0x3d, 0x38, 0x38, 0x38, 0x38, 0x34, 
0x34, 0x2a, 0x37, 0x34, 0x35, 0x35, 0x3d, 0x38, 0x34, 0x3d, 0x34, 0x34, 0x35, 0x38, 0x34, 0x3d, 0x34, 0x34, 0x34, 0x3a, 
0x37, 0x34, 0x34, 0x3a, 0x34, 0x34, 0x37, 0x34, 0x34, 0x34, 0x34, 0x34, 0x45, 0x3d, 0x3d, 0x36, 0x36, 0x34, 0x34, 0x34, 
0x34, 0x2b, 0x38, 0x34, 0x34, 0x34, 0x2c, 0x3e, 0x6e, 0x02, 0x1a, 0x39, 0x51, 0x6b, 0x02, 0xbb, 0x04, 0x38, 0x6e, 0x06, 
0x00, 0x00, 0x00, 0x3e, 0x02, 0x01, 0x38, 0x39, 0x53, 0x9d, 0x01, 0x01, 0xb8, 0x02, 0xa0, 0x01, 0x37, 0x04, 0xb8, 0x02, 
0x02, 0x35, 0x03, 0xce, 0x02, 0x71, 0x55, 0x37, 0x34, 0xbb, 0x04, 0x3a, 0x74, 0x00, 0x01, 0x00, 0x00, 0xbc, 0x02, 0x51, 
0x1c, 0x56, 0xae, 0x02, 0x1f, 0x2d, 0x3e, 0x74, 0x02, 0x1d, 0x39, 0x57, 0x71, 0x02, 0x3e, 0x74, 0x02, 0x55, 0xbb, 0x04, 
0x3a, 0x02, 0x03, 0x00, 0x00, 0x00, 0xbb, 0x04, 0x34, 0x02, 0x00, 0x00, 0x00, 0x00, 0x94, 0x02, 0x02, 0xbb, 0x04, 0x34, 
0x02, 0x00, 0x00, 0x80, 0x3f, 0xb7, 0x02, 0x02, 0x38, 0x02, 0xbb, 0x04, 0x3a, 0x02, 0x00, 0x08, 0x00, 0x00, 0x89, 0x03, 
0x02, 0x34, 0x01, 0x00, 0x00, 0x00, 0x01, 0x00, 0xab, 0x02, 0x02, 0x5f, 0x3e, 0x02, 0x00, 0x60, 0x39, 0x61, 0x83, 0x01, 
0x00, 0xae, 0x02, 0x02, 0x38, 0x3e, 0x84, 0x01, 0x09, 0x20, 0x39, 0x62, 0x81, 0x01, 0x09, 0x3e, 0x84, 0x01, 0x09, 0x38, 
0xb7, 0x02, 0x02, 0x38, 0x03, 0xbb, 0x04, 0x38, 0x02, 0x00, 0x08, 0x00, 0x00, 0xbc, 0x02, 0x6d, 0x35, 0x56, 0xae, 0x02, 
0x17, 0x2e, 0x3e, 0x88, 0x01, 0x02, 0x22, 0x39, 0x66, 0x85, 0x01, 0x02, 0x89, 0x03, 0x88, 0x01, 0x34, 0x01, 0x00, 0x01, 
0x00, 0x01, 0x00, 0xab, 0x02, 0x02, 0x67, 0x3e, 0x02, 0x00, 0x68, 0x39, 0x69, 0x89, 0x01, 0x00, 0x3e, 0x8c, 0x01, 0x01, 
0x35, 0x39, 0x6a, 0xc9, 0x01, 0x01, 0xbb, 0x04, 0x38, 0xcc, 0x01, 0x00, 0x02, 0x00, 0x00, 0xbb, 0x04, 0x38, 0x02, 0x00, 
0x01, 0x00, 0x00, 0x3e, 0x02, 0x01, 0x3b, 0x39, 0x6d, 0xcd, 0x01, 0x01, 0x39, 0x6a, 0x02, 0x01, 0xbb, 0x04, 0x34, 0xce, 
0x01, 0x00, 0x00, 0x00, 0xbf, 0xbb, 0x04, 0x34, 0x02, 0x00, 0x00, 0x00, 0x3f, 0xbb, 0x04, 0x34, 0x02, 0x00, 0x00, 0x00, 
0x20, 0xbb, 0x04, 0x34, 0x02, 0x00, 0x00, 0x00, 0xa0, 0x3e, 0x02, 0x01, 0x3d, 0x39, 0x72, 0xd3, 0x01, 0x01, 0x3e, 0xd6, 
0x01, 0x01, 0x34, 0xec, 0x04, 0x35, 0x02, 0x34, 0x34, 0x34, 0x34, 0xec, 0x04, 0x35, 0x02, 0x32, 0x36, 0x36, 0x36, 0xec, 
0x04, 0x35, 0x02, 0x38, 0x34, 0x38, 0x38, 0xec, 0x04, 0x35, 0x02, 0x3a, 0x3a, 0x36, 0x3a, 0xec, 0x04, 0x35, 0x02, 0x3c, 
0x3c, 0x3c, 0x38, 0xec, 0x04, 0x36, 0x02, 0x08, 0x06, 0x04, 0x02, 0xbb, 0x04, 0x34, 0x02, 0x00, 0x00, 0x00, 0x40, 0x39, 
0x53, 0xe1, 0x01, 0x01, 0x3e, 0xe4, 0x01, 0x03, 0x3d, 0x39, 0x7b, 0xe1, 0x01, 0x03, 0x3e, 0xe4, 0x01, 0x03, 0x35, 0x39, 
0x7c, 0xe1, 0x01, 0x03, 0x39, 0x7c, 0x02, 0x03, 0x3e, 0xe2, 0x01, 0x03, 0x34, 0x39, 0x7c, 0xdf, 0x01, 0x03, 0xbb, 0x04, 
0x34, 0xe2, 0x01, 0x00, 0x00, 0x80, 0xbf, 0xbc, 0x02, 0x02, 0x34, 0x42, 0x3e, 0x02, 0x03, 0x7f, 0x39, 0x80, 0x01, 0xe3, 
0x01, 0x03, 0xbe, 0x02, 0x2e, 0x35, 0x34, 0x3e, 0xb8, 0x01, 0x03, 0x25, 0x39, 0x81, 0x01, 0xe3, 0x01, 0x03, 0xcc, 0x04, 
0x3d, 0xe6, 0x01, 0x4c, 0x4c, 0xad, 0x06, 0x35, 0x02, 0xc6, 0x06, 0x32, 0x81, 0x02, 0x00, 0x33, 0x18, 0x84, 0x02, 0x39, 
0x39, 0x02, 0x07, 0x39, 0x39, 0x02, 0x07, 0x39, 0x39, 0x02, 0x07, 0x01, 0x38, 0x02, 0xfe, 0x01, 0x22, 0x8a, 0x02, 0x00, 
0x01, 0x38, 0x02, 0x8c, 0x02, 0xc7, 0x10, 0x38, 0x02, 0x02, 0xe2, 0x01, 0x33, 0x48, 0x02, 0x18, 0x3f, 0x8a, 0x01, 0x3f, 
0x01, 0x36, 0x02, 0x02, 0x33, 0x49, 0x02, 0x18, 0x3f, 0x8a, 0x01, 0x43, 0x01, 0x38, 0x02, 0x02, 0x33, 0x49, 0x02, 0x18, 
0x3f, 0x8a, 0x01, 0x44, 0x01, 0x38, 0x02, 0x02, 0x13, 0x73, 0x02, 0x08, 0x3e, 0x01, 0x34, 0x02, 0x02, 0x13, 0x73, 0x02, 
0x08, 0x40, 0x01, 0x34, 0x02, 0x02, 0xc3, 0x10, 0x34, 0x02, 0x72, 0x02, 0xc0, 0x0a, 0x3d, 0x02, 0x08, 0x02, 0x13, 0x48, 
0x02, 0x1b, 0x52, 0x01, 0x36, 0x02, 0x02, 0x01, 0x35, 0x02, 0xa8, 0x02, 0xc7, 0x18, 0x38, 0x02, 0x14, 0x5e, 0xcb, 0x14, 
0x5b, 0x02, 0x02, 0xb8, 0x01, 0xa7, 0x1e, 0x01, 0x00, 0xba, 0x1e, 0x00, 0x03, 0x01, 0x18, 0x04, 0x01, 0x38, 0x02, 0xb4, 
0x02, 0x13, 0x63, 0x02, 0x21, 0x3f, 0x01, 0x38, 0x02, 0x02, 0xc0, 0x10, 0x38, 0x02, 0x06, 0x02, 0xcb, 0x10, 0x38, 0x02, 
0x02, 0x7a, 0xc7, 0x10, 0x38, 0x02, 0x04, 0x7c, 0xd0, 0x0a, 0x64, 0x02, 0x04, 0x02, 0xca, 0x01, 0x99, 0x1e, 0x01, 0x18, 
0x02, 0xe5, 0x1e, 0x64, 0x02, 0xa4, 0x00, 0x00, 0x00, 0x9d, 0x00, 0x00, 0x00, 0xa7, 0x00, 0x00, 0x00, 0xa8, 0x00, 0x00, 
0x00, 0xe5, 0x1e, 0x35, 0x06, 0x99, 0x00, 0x00, 0x00, 0x9d, 0x00, 0x00, 0x00, 0xaa, 0x00, 0x00, 0x00, 0xa8, 0x00, 0x00, 
0x00, 0xe5, 0x1e, 0x38, 0x04, 0x3f, 0x00, 0x00, 0x00, 0x9d, 0x00, 0x00, 0x00, 0xac, 0x00, 0x00, 0x00, 0xa8, 0x00, 0x00, 
0x00, 0xc1, 0x16, 0x5b, 0x04, 0x04, 0x3e, 0xb6, 0x1e, 0x01, 0x0a, 0x00, 0xba, 0x1e, 0x00, 0x03, 0x01, 0x18, 0x04, 0x33, 
0x4b, 0x02, 0x23, 0x3f, 0xab, 0x01, 0x3e, 0x01, 0x34, 0x81, 0x02, 0x81, 0x02, 0xc7, 0x16, 0x5b, 0x84, 0x02, 0x84, 0x02, 
0xae, 0x01, 0xa7, 0x1e, 0x01, 0x00, 0xba, 0x1e, 0x00, 0x03, 0x01, 0x18, 0x04, 0xd2, 0x0a, 0x64, 0x02, 0x12, 0x1c, 0x02, 
0x01, 0x68, 0x02, 0xa2, 0x02, 0xb4, 0x0c, 0x67, 0x02, 0x02, 0xef, 0x0a, 0x35, 0x02, 0x02, 0x06, 0x02, 0x3f, 0xce, 0x10, 
0x35, 0x02, 0x02, 0x92, 0x02, 0x4b, 0x35, 0x02, 0x20, 0x02, 0x99, 0x1e, 0x0e, 0x18, 0x0d, 0xe5, 0x1e, 0x64, 0x15, 0xa6, 
0x00, 0x00, 0x00, 0xaf, 0x00, 0x00, 0x00, 0xb4, 0x00, 0x00, 0x00, 0xb3, 0x00, 0x00, 0x00, 0xe5, 0x1e, 0x35, 0x06, 0xa9, 
0x00, 0x00, 0x00, 0xaf, 0x00, 0x00, 0x00, 0xb9, 0x00, 0x00, 0x00, 0xb3, 0x00, 0x00, 0x00, 0x99, 0x1e, 0x04, 0x18, 0x03, 
0xc0, 0x10, 0x38, 0x08, 0x02, 0xd6, 0x01, 0x99, 0x1e, 0x0e, 0x18, 0x04, 0x99, 0x1e, 0x24, 0x18, 0x23, 0xe5, 0x1e, 0x35, 
0x3c, 0x99, 0x00, 0x00, 0x00, 0x84, 0x00, 0x00, 0x00, 0xa9, 0x00, 0x00, 0x00, 0xae, 0x00, 0x00, 0x00, 0xc7, 0x18, 0x38, 
0x02, 0x56, 0x9e, 0x01, 0xcb, 0x14, 0x5b, 0x02, 0x02, 0xfa, 0x01, 0xa7, 0x1e, 0x01, 0x00, 0xba, 0x1e, 0x00, 0x03, 0x01, 
0x18, 0x04, 0x01, 0x3b, 0x02, 0xf2, 0x02, 0x01, 0x35, 0x02, 0xf2, 0x02, 0x3d, 0x37, 0x02, 0x0e, 0x0e, 0x18, 0x22, 0x74, 
0x00, 0xe9, 0x06, 0x32, 0x02, 0xe4, 0x02, 0x76, 0x06, 0x04, 0x01, 0x37, 0x02, 0x78, 0xc1, 0x0a, 0x34, 0x02, 0x02, 0x00, 
0xd2, 0x0a, 0x35, 0x02, 0x02, 0x16, 0x00, 0xc1, 0x0a, 0x34, 0x02, 0x06, 0x01, 0xd2, 0x0a, 0x35, 0x02, 0x02, 0x04, 0x01, 
0xc1, 0x0a, 0x34, 0x02, 0x0a, 0x02, 0xd2, 0x0a, 0x35, 0x02, 0x02, 0x04, 0x02, 0x99, 0x1e, 0x18, 0x18, 0x17, 0xe5, 0x1e, 
0x35, 0x1a, 0xba, 0x00, 0x00, 0x00, 0x9c, 0x00, 0x00, 0x00, 0xc9, 0x00, 0x00, 0x00, 0xbe, 0x00, 0x00, 0x00, 0xc1, 0x0a, 
0x34, 0x02, 0x02, 0x02, 0x4a, 0x34, 0x02, 0x02, 0xbc, 0x01, 0x4b, 0x34, 0x02, 0x02, 0xbc, 0x01, 0xd2, 0x0a, 0x35, 0x02, 
0x02, 0x08, 0x02, 0xc1, 0x12, 0x35, 0x02, 0x6e, 0x02, 0xc1, 0x0a, 0x34, 0x02, 0x02, 0x03, 0x5c, 0x34, 0x02, 0x01, 0x04, 
0xd0, 0x01, 0xc8, 0x16, 0x5b, 0x02, 0x02, 0xc4, 0x01, 0xa7, 0x1e, 0x01, 0x00, 0xba, 0x1e, 0x00, 0x03, 0x01, 0x18, 0x04, 
0xc8, 0x16, 0x5b, 0x02, 0x0a, 0xf6, 0x01, 0xd9, 0x14, 0x34, 0x02, 0x02, 0xca, 0x01, 0xcc, 0x01, 0xd2, 0x0a, 0x35, 0x02, 
0x02, 0x10, 0x03, 0x99, 0x1e, 0x08, 0x18, 0x07, 0xe5, 0x1e, 0x35, 0x0a, 0xcf, 0x00, 0x00, 0x00, 0xbd, 0x00, 0x00, 0x00, 
0xd7, 0x00, 0x00, 0x00, 0xd4, 0x00, 0x00, 0x00, 0xc1, 0x0a, 0x34, 0x02, 0x02, 0x03, 0xc8, 0x10, 0x34, 0x02, 0xfc, 0x01, 
0x02, 0xce, 0x10, 0x35, 0x02, 0x06, 0x02, 0xe0, 0x0a, 0x14, 0x02, 0x8c, 0x01, 0xd0, 0x01, 0x02, 0xc6, 0x01, 0xc1, 0x0a, 
0x3d, 0x02, 0x02, 0x00, 0xc1, 0x0a, 0x35, 0x02, 0x04, 0x02, 0xa7, 0x1e, 0x01, 0x00, 0xba, 0x1e, 0x86, 0x01, 0x03, 0x01, 
0x18, 0x04, 0x01, 0x38, 0x02, 0xba, 0x03, 0x13, 0x63, 0x02, 0x21, 0x3f, 0x01, 0x38, 0x02, 0x02, 0xc0, 0x10, 0x38, 0x02, 
0x06, 0x02, 0xcb, 0x10, 0x38, 0x02, 0x02, 0x80, 0x02, 0xc7, 0x10, 0x38, 0x02, 0x04, 0x82, 0x02, 0xd0, 0x0a, 0x64, 0x02, 
0x04, 0x02, 0xd0, 0x02, 0x99, 0x1e, 0x01, 0x18, 0x02, 0xe5, 0x1e, 0x64, 0x02, 0xe7, 0x00, 0x00, 0x00, 0xe0, 0x00, 0x00, 
0x00, 0xea, 0x00, 0x00, 0x00, 0xeb, 0x00, 0x00, 0x00, 0xe5, 0x1e, 0x35, 0x06, 0x99, 0x00, 0x00, 0x00, 0xe0, 0x00, 0x00, 
0x00, 0xed, 0x00, 0x00, 0x00, 0xeb, 0x00, 0x00, 0x00, 0xe5, 0x1e, 0x38, 0x04, 0x3f, 0x00, 0x00, 0x00, 0xe0, 0x00, 0x00, 
0x00, 0xef, 0x00, 0x00, 0x00, 0xeb, 0x00, 0x00, 0x00, 0xc1, 0x16, 0x5b, 0x04, 0x04, 0xc4, 0x01, 0xb6, 0x1e, 0x01, 0x0a, 
0x00, 0xba, 0x1e, 0x00, 0x03, 0x01, 0x18, 0x04, 0x33, 0x4b, 0x02, 0x23, 0x3f, 0xee, 0x01, 0x3e, 0x01, 0x34, 0x85, 0x03, 
0x85, 0x03, 0xc7, 0x16, 0x5b, 0x88, 0x03, 0x88, 0x03, 0xb4, 0x02, 0xa7, 0x1e, 0x01, 0x00, 0xba, 0x1e, 0x00, 0x03, 0x01, 
0x18, 0x04, 0xd2, 0x0a, 0x64, 0x02, 0x12, 0x1c, 0x02, 0x01, 0x68, 0x02, 0xa8, 0x03, 0xb4, 0x0c, 0x67, 0x02, 0x02, 0xef, 
0x0a, 0x35, 0x02, 0x02, 0x06, 0x02, 0x3f, 0xce, 0x10, 0x35, 0x02, 0x02, 0x96, 0x03, 0x4b, 0x35, 0x02, 0x20, 0x02, 0x99, 
0x1e, 0x0e, 0x18, 0x0d, 0xe5, 0x1e, 0x64, 0x15, 0xe9, 0x00, 0x00, 0x00, 0xf2, 0x00, 0x00, 0x00, 0xf7, 0x00, 0x00, 0x00, 
0xf6, 0x00, 0x00, 0x00, 0xe5, 0x1e, 0x35, 0x06, 0xec, 0x00, 0x00, 0x00, 0xf2, 0x00, 0x00, 0x00, 0xfc, 0x00, 0x00, 0x00, 
0xf6, 0x00, 0x00, 0x00, 0x99, 0x1e, 0x04, 0x18, 0x03, 0xc0, 0x10, 0x38, 0x08, 0x02, 0xdc, 0x02, 0x99, 0x1e, 0x0e, 0x18, 
0x04, 0x99, 0x1e, 0x24, 0x18, 0x23, 0xe5, 0x1e, 0x35, 0x3c, 0x99, 0x00, 0x00, 0x00, 0xd3, 0x00, 0x00, 0x00, 0xec, 0x00, 
0x00, 0x00, 0xf1, 0x00, 0x00, 0x00, 0xa7, 0x1e, 0x01, 0x00, 0xba, 0x1e, 0x82, 0x01, 0x03, 0x01, 0x18, 0x04, 0x01, 0x3b, 
0x02, 0xf4, 0x03, 0x01, 0x35, 0x02, 0xf4, 0x03, 0x3d, 0x37, 0x02, 0x0a, 0x0a, 0x18, 0x22, 0xf8, 0x01, 0x00, 0xe9, 0x06, 
0x32, 0x02, 0xe6, 0x03, 0xfa, 0x01, 0x06, 0x04, 0x01, 0x37, 0x02, 0xfc, 0x01, 0xc1, 0x0a, 0x34, 0x02, 0x02, 0x00, 0xd2, 
0x0a, 0x35, 0x02, 0x02, 0x86, 0x02, 0x00, 0xc1, 0x0a, 0x34, 0x02, 0x06, 0x01, 0xd2, 0x0a, 0x35, 0x02, 0x02, 0x04, 0x01, 
0xc1, 0x0a, 0x34, 0x02, 0x0a, 0x02, 0xd2, 0x0a, 0x35, 0x02, 0x02, 0x04, 0x02, 0x99, 0x1e, 0x18, 0x18, 0x17, 0xe5, 0x1e, 
0x35, 0x1a, 0xfd, 0x00, 0x00, 0x00, 0xdf, 0x00, 0x00, 0x00, 0x0a, 0x01, 0x00, 0x00, 0xff, 0x00, 0x00, 0x00, 0x3d, 0x37, 
0x02, 0x02, 0x02, 0x18, 0xc1, 0x0a, 0x34, 0x02, 0x02, 0x00, 0xc1, 0x0a, 0x35, 0x02, 0x84, 0x02, 0x00, 0xce, 0x10, 0x35, 
0x02, 0x02, 0x04, 0xc1, 0x0a, 0x34, 0x02, 0x08, 0x01, 0xc1, 0x0a, 0x35, 0x02, 0x8a, 0x02, 0x01, 0xce, 0x10, 0x35, 0x02, 
0x02, 0x04, 0xc1, 0x0a, 0x34, 0x02, 0x0e, 0x02, 0xc1, 0x0a, 0x35, 0x02, 0x90, 0x02, 0x02, 0xce, 0x10, 0x35, 0x02, 0x02, 
0x04, 0xc1, 0x0a, 0x35, 0x02, 0x94, 0x02, 0x03, 0x4b, 0x35, 0x02, 0x04, 0x02, 0x4b, 0x35, 0x02, 0x0c, 0x02, 0x4b, 0x35, 
0x02, 0x14, 0x02, 0x01, 0x38, 0x02, 0xae, 0x04, 0xcb, 0x10, 0x38, 0x02, 0x02, 0x84, 0x04, 0x23, 0x48, 0x02, 0x1b, 0x4a, 
0x9b, 0x02, 0x01, 0x36, 0x02, 0x02, 0xc1, 0x12, 0x35, 0x02, 0x02, 0x0a, 0xce, 0x10, 0x3d, 0x02, 0x84, 0x01, 0xca, 0x02, 
0xc3, 0x10, 0x3d, 0x02, 0x02, 0xbc, 0x02, 0xc1, 0x0a, 0x34, 0x02, 0x02, 0x00, 0xc1, 0x0a, 0x34, 0x02, 0x04, 0x01, 0xe0, 
0x0a, 0x35, 0x02, 0x04, 0x02, 0x92, 0x03, 0x8e, 0x03, 0xc1, 0x0a, 0x34, 0x02, 0x02, 0x00, 0xc1, 0x0a, 0x34, 0x02, 0x04, 
0x01, 0xc1, 0x0a, 0x34, 0x02, 0x06, 0x02, 0xc1, 0x0a, 0x34, 0x02, 0x08, 0x03, 0xe0, 0x0a, 0x35, 0x02, 0x08, 0x06, 0x04, 
0x02, 0xe0, 0x0a, 0x36, 0x02, 0xea, 0x02, 0xea, 0x02, 0xea, 0x02, 0x02, 0xe0, 0x0a, 0x14, 0x02, 0x9a, 0x01, 0x18, 0x98, 
0x01, 0x02, 0xc1, 0x0a, 0x3d, 0x02, 0x02, 0x00, 0xc1, 0x0a, 0x35, 0x02, 0x04, 0x01, 0xc1, 0x0a, 0x35, 0x02, 0x06, 0x02, 
0x22, 0xc6, 0x04, 0x04, 0x22, 0xc4, 0x04, 0x02, 0x3d, 0x37, 0x02, 0x02, 0x02, 0x18, 0x13, 0x7d, 0x02, 0x0c, 0x3e, 0xc1, 
0x0a, 0x34, 0x02, 0x04, 0x00, 0x22, 0x02, 0x00, 0x13, 0x7d, 0x02, 0x0c, 0x40, 0xc1, 0x0a, 0x34, 0x02, 0x08, 0x01, 0x22, 
0x02, 0x00, 0x13, 0x7d, 0x02, 0x0c, 0x42, 0xc1, 0x0a, 0x34, 0x02, 0x0c, 0x02, 0x22, 0x02, 0x00, 0xc1, 0x0a, 0x36, 0x02, 
0x16, 0x03, 0xa7, 0x1e, 0x01, 0x00, 0xba, 0x1e, 0xb4, 0x02, 0x03, 0x01, 0x18, 0x04, 0x01, 0x38, 0x02, 0xe8, 0x04, 0x13, 
0x63, 0x02, 0x21, 0x3f, 0x01, 0x38, 0x02, 0x02, 0xc0, 0x10, 0x38, 0x02, 0x06, 0x02, 0xcb, 0x10, 0x38, 0x02, 0x02, 0xae, 
0x03, 0xc7, 0x10, 0x38, 0x02, 0x04, 0xb0, 0x03, 0xd0, 0x0a, 0x64, 0x02, 0x04, 0x02, 0xfe, 0x03, 0x99, 0x1e, 0x01, 0x18, 
0x02, 0xe5, 0x1e, 0x64, 0x02, 0x3e, 0x01, 0x00, 0x00, 0x37, 0x01, 0x00, 0x00, 0x41, 0x01, 0x00, 0x00, 0x42, 0x01, 0x00, 
0x00, 0xe5, 0x1e, 0x35, 0x06, 0x99, 0x00, 0x00, 0x00, 0x37, 0x01, 0x00, 0x00, 0x44, 0x01, 0x00, 0x00, 0x42, 0x01, 0x00, 
0x00, 0xe5, 0x1e, 0x38, 0x04, 0x3f, 0x00, 0x00, 0x00, 0x37, 0x01, 0x00, 0x00, 0x46, 0x01, 0x00, 0x00, 0x42, 0x01, 0x00, 
0x00, 0xc1, 0x16, 0x5b, 0x04, 0x04, 0xf2, 0x02, 0xb6, 0x1e, 0x01, 0x0a, 0x00, 0xba, 0x1e, 0x00, 0x03, 0x01, 0x18, 0x04, 
0x33, 0x4b, 0x02, 0x23, 0x3f, 0xc5, 0x02, 0x3e, 0x01, 0x34, 0xb1, 0x04, 0xb1, 0x04, 0xc7, 0x16, 0x5b, 0xb4, 0x04, 0xb4, 
0x04, 0xe2, 0x03, 0xa7, 0x1e, 0x01, 0x00, 0xba, 0x1e, 0x00, 0x03, 0x01, 0x18, 0x04, 0xd2, 0x0a, 0x64, 0x02, 0x12, 0x1c, 
0x02, 0x01, 0x68, 0x02, 0xd6, 0x04, 0xb4, 0x0c, 0x67, 0x02, 0x02, 0xef, 0x0a, 0x35, 0x02, 0x02, 0x06, 0x02, 0x3f, 0xce, 
0x10, 0x35, 0x02, 0x02, 0xc2, 0x04, 0x4b, 0x35, 0x02, 0x20, 0x02, 0x99, 0x1e, 0x0e, 0x18, 0x0d, 0xe5, 0x1e, 0x64, 0x15, 
0x40, 0x01, 0x00, 0x00, 0x49, 0x01, 0x00, 0x00, 0x4e, 0x01, 0x00, 0x00, 0x4d, 0x01, 0x00, 0x00, 0xe5, 0x1e, 0x35, 0x06, 
0x43, 0x01, 0x00, 0x00, 0x49, 0x01, 0x00, 0x00, 0x53, 0x01, 0x00, 0x00, 0x4d, 0x01, 0x00, 0x00, 0x99, 0x1e, 0x04, 0x18, 
0x03, 0xc0, 0x10, 0x38, 0x08, 0x02, 0x8a, 0x04, 0x99, 0x1e, 0x0e, 0x18, 0x04, 0x99, 0x1e, 0x24, 0x18, 0x23, 0xe5, 0x1e, 
0x35, 0x3c, 0x99, 0x00, 0x00, 0x00, 0xfe, 0x00, 0x00, 0x00, 0x43, 0x01, 0x00, 0x00, 0x48, 0x01, 0x00, 0x00, 0xa7, 0x1e, 
0x01, 0x00, 0xba, 0x1e, 0xb0, 0x02, 0x03, 0x01, 0x18, 0x04, 0x01, 0x3b, 0x02, 0xa2, 0x05, 0x01, 0x35, 0x02, 0xa2, 0x05, 
0x3d, 0x37, 0x02, 0x0a, 0x0a, 0x18, 0x22, 0xa8, 0x03, 0x00, 0xe9, 0x06, 0x32, 0x02, 0x94, 0x05, 0xaa, 0x03, 0x06, 0x04, 
0x01, 0x37, 0x02, 0xac, 0x03, 0xc1, 0x0a, 0x34, 0x02, 0x02, 0x00, 0xd2, 0x0a, 0x35, 0x02, 0x02, 0x12, 0x00, 0xc1, 0x0a, 
0x34, 0x02, 0x06, 0x01, 0xd2, 0x0a, 0x35, 0x02, 0x02, 0x04, 0x01, 0xc1, 0x0a, 0x34, 0x02, 0x0a, 0x02, 0xd2, 0x0a, 0x35, 
0x02, 0x02, 0x04, 0x02, 0x99, 0x1e, 0x18, 0x18, 0x17, 0xe5, 0x1e, 0x35, 0x1a, 0x54, 0x01, 0x00, 0x00, 0x36, 0x01, 0x00, 
0x00, 0x61, 0x01, 0x00, 0x00, 0x56, 0x01, 0x00, 0x00, 0xc1, 0x12, 0x35, 0x02, 0x5c, 0x02, 0xc1, 0x0a, 0x34, 0x02, 0x02, 
0x02, 0x4a, 0x34, 0x02, 0x02, 0xee, 0x03, 0x4b, 0x34, 0x02, 0x02, 0xee, 0x03, 0xd2, 0x0a, 0x35, 0x02, 0x02, 0x08, 0x02, 
0x22, 0xb4, 0x05, 0x00, 0x01, 0x38, 0x02, 0xca, 0x05, 0xcb, 0x10, 0x38, 0x02, 0x02, 0xa0, 0x05, 0xbf, 0x0c, 0x34, 0x02, 
0xa2, 0x05, 0xc8, 0x10, 0x34, 0x02, 0xe2, 0x03, 0x02, 0xc8, 0x10, 0x34, 0x02, 0x02, 0xe4, 0x03, 0x4b, 0x34, 0x02, 0xde, 
0x03, 0x02, 0xbf, 0x0c, 0x34, 0x02, 0x0a, 0x4a, 0x34, 0x02, 0x08, 0x02, 0x4b, 0x34, 0x02, 0x06, 0x02, 0xc8, 0x10, 0x34, 
0x02, 0xaa, 0x04, 0x0e, 0xc1, 0x0a, 0x34, 0x02, 0x16, 0x00, 0x4a, 0x34, 0x02, 0x02, 0x04, 0xd2, 0x0a, 0x35, 0x02, 0x02, 
0x1a, 0x00, 0xc1, 0x0a, 0x34, 0x02, 0x02, 0x03, 0x4a, 0x34, 0x02, 0x0c, 0x02, 0xc1, 0x0a, 0x34, 0x02, 0x06, 0x00, 0x4b, 
0x34, 0x02, 0x02, 0x04, 0xd2, 0x0a, 0x35, 0x02, 0x02, 0x0a, 0x00, 0xc1, 0x0a, 0x34, 0x02, 0x02, 0x00, 0xc3, 0x10, 0x34, 
0x02, 0xbe, 0x04, 0x18, 0xc1, 0x0a, 0x34, 0x02, 0x06, 0x03, 0x4a, 0x34, 0x02, 0x04, 0x02, 0x4b, 0x34, 0x02, 0x08, 0x02, 
0xc0, 0x10, 0x38, 0x02, 0x2c, 0xfc, 0x04, 0xbf, 0x0c, 0x34, 0x02, 0x02, 0x4a, 0x34, 0x02, 0x2c, 0x02, 0xc3, 0x10, 0x34, 
0x02, 0xcc, 0x04, 0x02, 0x4a, 0x34, 0x02, 0x02, 0x0e, 0x4b, 0x34, 0x02, 0x14, 0x02, 0x13, 0x7d, 0x02, 0x0e, 0x3f, 0x22, 
0x00, 0x0e, 0x3f, 0x34, 0x02, 0x04, 0x13, 0x7d, 0x02, 0x0e, 0x41, 0x22, 0x00, 0x02, 0xc1, 0x0a, 0x34, 0x02, 0x1e, 0x01, 
0x3f, 0x34, 0x02, 0x02, 0xd2, 0x0a, 0x35, 0x02, 0x02, 0x22, 0x01, 0x13, 0x7c, 0x02, 0x0f, 0x3f, 0x22, 0x00, 0x02, 0x22, 
0x90, 0x06, 0x82, 0x04, 0x8d, 0x1e, 0x88, 0x06, 0xc6, 0x06, 0x32, 0xf5, 0x05, 0x00, 0x3c, 0xa7, 0x06, 0x39, 0x02, 0xa7, 
0x06, 0x3b, 0x02, 0xa7, 0x06, 0x35, 0x02, 0x18, 0xf2, 0x05, 0xc1, 0x0a, 0x34, 0x02, 0xf4, 0x05, 0x03, 0xce, 0x16, 0x5b, 
0x02, 0x02, 0xe8, 0x04, 0xa7, 0x1e, 0x01, 0x00, 0xba, 0x1e, 0x00, 0x03, 0x01, 0x18, 0x04, 0xc1, 0x0a, 0x34, 0x02, 0xfc, 
0x05, 0x00, 0xc1, 0x0a, 0x3a, 0x02, 0x80, 0x06, 0x00, 0x01, 0x37, 0x02, 0x84, 0x06, 0x33, 0x58, 0x02, 0x1e, 0x3f, 0x92, 
0x03, 0x3f, 0x01, 0x55, 0x02, 0x02, 0xb4, 0x0a, 0x54, 0x02, 0x95, 0x01, 0x00, 0x00, 0xc1, 0x0a, 0x34, 0x02, 0x08, 0x00, 
0xc1, 0x0a, 0x37, 0x02, 0x04, 0x00, 0xce, 0x10, 0x37, 0x02, 0x02, 0x04, 0xc1, 0x0a, 0x34, 0x02, 0x0e, 0x01, 0xc1, 0x0a, 
0x37, 0x02, 0x0a, 0x01, 0xce, 0x10, 0x37, 0x02, 0x02, 0x04, 0xc1, 0x0a, 0x34, 0x02, 0x14, 0x02, 0xc1, 0x0a, 0x37, 0x02, 
0x10, 0x02, 0xce, 0x10, 0x37, 0x02, 0x02, 0x04, 0xc1, 0x0a, 0x37, 0x02, 0x14, 0x03, 0x4b, 0x37, 0x02, 0x04, 0x02, 0x4b, 
0x37, 0x02, 0x0c, 0x02, 0x4b, 0x37, 0x02, 0x14, 0x02, 0xce, 0x10, 0x37, 0x02, 0x02, 0x26, 0xc1, 0x0a, 0x34, 0x02, 0xa4, 
0x06, 0x01, 0xc1, 0x0a, 0x3a, 0x02, 0xa8, 0x06, 0x01, 0x01, 0x37, 0x02, 0xac, 0x06, 0x33, 0x58, 0x02, 0x1e, 0x3f, 0xa6, 
0x03, 0x3f, 0x01, 0x55, 0x02, 0x02, 0xb4, 0x0a, 0x54, 0x02, 0xa9, 0x01, 0x00, 0x00, 0xc1, 0x0a, 0x34, 0x02, 0x08, 0x00, 
0xc1, 0x0a, 0x37, 0x02, 0x04, 0x00, 0xce, 0x10, 0x37, 0x02, 0x02, 0x04, 0xc1, 0x0a, 0x34, 0x02, 0x0e, 0x01, 0xc1, 0x0a, 
0x37, 0x02, 0x0a, 0x01, 0xce, 0x10, 0x37, 0x02, 0x02, 0x04, 0xc1, 0x0a, 0x34, 0x02, 0x14, 0x02, 0xc1, 0x0a, 0x37, 0x02, 
0x10, 0x02, 0xce, 0x10, 0x37, 0x02, 0x02, 0x04, 0xc1, 0x0a, 0x37, 0x02, 0x14, 0x03, 0x4b, 0x37, 0x02, 0x04, 0x02, 0x4b, 
0x37, 0x02, 0x0c, 0x02, 0x4b, 0x37, 0x02, 0x14, 0x02, 0xce, 0x10, 0x37, 0x02, 0x02, 0x26, 0x4b, 0x37, 0x02, 0x2a, 0x02, 
0xc1, 0x0a, 0x34, 0x02, 0xce, 0x06, 0x02, 0xc1, 0x0a, 0x3a, 0x02, 0xd2, 0x06, 0x02, 0x01, 0x37, 0x02, 0xd6, 0x06, 0x33, 
0x58, 0x02, 0x1e, 0x3f, 0xbb, 0x03, 0x3f, 0x01, 0x55, 0x02, 0x02, 0xb4, 0x0a, 0x54, 0x02, 0xbe, 0x01, 0x00, 0x00, 0xc1, 
0x0a, 0x34, 0x02, 0x08, 0x00, 0xc1, 0x0a, 0x37, 0x02, 0x04, 0x00, 0xce, 0x10, 0x37, 0x02, 0x02, 0x04, 0xc1, 0x0a, 0x34, 
0x02, 0x0e, 0x01, 0xc1, 0x0a, 0x37, 0x02, 0x0a, 0x01, 0xce, 0x10, 0x37, 0x02, 0x02, 0x04, 0xc1, 0x0a, 0x34, 0x02, 0x14, 
0x02, 0xc1, 0x0a, 0x37, 0x02, 0x10, 0x02, 0xce, 0x10, 0x37, 0x02, 0x02, 0x04, 0xc1, 0x0a, 0x37, 0x02, 0x14, 0x03, 0x4b, 
0x37, 0x02, 0x04, 0x02, 0x4b, 0x37, 0x02, 0x0c, 0x02, 0x4b, 0x37, 0x02, 0x14, 0x02, 0xce, 0x10, 0x37, 0x02, 0x02, 0x26, 
0x4b, 0x37, 0x02, 0x2a, 0x02, 0xc1, 0x0a, 0x3a, 0x02, 0xfa, 0x06, 0x03, 0x01, 0x37, 0x02, 0xfe, 0x06, 0x33, 0x58, 0x02, 
0x1e, 0x3f, 0xcf, 0x03, 0x3f, 0x01, 0x55, 0x02, 0x02, 0xb4, 0x0a, 0x54, 0x02, 0xd2, 0x01, 0x00, 0x00, 0xc1, 0x0a, 0x34, 
0x02, 0x08, 0x00, 0xc1, 0x0a, 0x37, 0x02, 0x04, 0x00, 0xce, 0x10, 0x37, 0x02, 0x02, 0x04, 0xc1, 0x0a, 0x34, 0x02, 0x0e, 
0x01, 0xc1, 0x0a, 0x37, 0x02, 0x0a, 0x01, 0xce, 0x10, 0x37, 0x02, 0x02, 0x04, 0xc1, 0x0a, 0x34, 0x02, 0x14, 0x02, 0xc1, 
0x0a, 0x37, 0x02, 0x10, 0x02, 0xce, 0x10, 0x37, 0x02, 0x02, 0x04, 0xc1, 0x0a, 0x37, 0x02, 0x14, 0x03, 0x4b, 0x37, 0x02, 
0x04, 0x02, 0x4b, 0x37, 0x02, 0x0c, 0x02, 0x4b, 0x37, 0x02, 0x14, 0x02, 0xce, 0x10, 0x37, 0x02, 0x02, 0xa8, 0x01, 0x4b, 
0x37, 0x02, 0x28, 0x02, 0x22, 0xa2, 0x07, 0x00, 0x8d, 0x1e, 0x18, 0xa5, 0x01, 0xc1, 0x0a, 0x34, 0xa8, 0x01, 0xa0, 0x07, 
0x00, 0xc1, 0x0a, 0x3a, 0x02, 0xa4, 0x07, 0x00, 0x01, 0x37, 0x02, 0xa8, 0x07, 0x33, 0x58, 0x02, 0x1e, 0x3f, 0xe4, 0x03, 
0x3f, 0x01, 0x55, 0x02, 0x02, 0xb4, 0x0a, 0x54, 0x02, 0xe7, 0x01, 0x00, 0x00, 0xc1, 0x0a, 0x34, 0x02, 0x08, 0x00, 0xc1, 
0x0a, 0x37, 0x02, 0x04, 0x00, 0xce, 0x10, 0x37, 0x02, 0x02, 0x04, 0xc1, 0x0a, 0x34, 0x02, 0x0e, 0x01, 0xc1, 0x0a, 0x37, 
0x02, 0x0a, 0x01, 0xce, 0x10, 0x37, 0x02, 0x02, 0x04, 0xc1, 0x0a, 0x34, 0x02, 0x14, 0x02, 0xc1, 0x0a, 0x37, 0x02, 0x10, 
0x02, 0xce, 0x10, 0x37, 0x02, 0x02, 0x04, 0xc1, 0x0a, 0x37, 0x02, 0x14, 0x03, 0x4b, 0x37, 0x02, 0x04, 0x02, 0x4b, 0x37, 
0x02, 0x0c, 0x02, 0x4b, 0x37, 0x02, 0x14, 0x02, 0xce, 0x10, 0x37, 0x02, 0x02, 0x26, 0xc1, 0x0a, 0x34, 0x02, 0xc8, 0x07, 
0x01, 0xc1, 0x0a, 0x3a, 0x02, 0xcc, 0x07, 0x01, 0x01, 0x37, 0x02, 0xd0, 0x07, 0x33, 0x58, 0x02, 0x1e, 0x3f, 0xf8, 0x03, 
0x3f, 0x01, 0x55, 0x02, 0x02, 0xb4, 0x0a, 0x54, 0x02, 0xfb, 0x01, 0x00, 0x00, 0xc1, 0x0a, 0x34, 0x02, 0x08, 0x00, 0xc1, 
0x0a, 0x37, 0x02, 0x04, 0x00, 0xce, 0x10, 0x37, 0x02, 0x02, 0x04, 0xc1, 0x0a, 0x34, 0x02, 0x0e, 0x01, 0xc1, 0x0a, 0x37, 
0x02, 0x0a, 0x01, 0xce, 0x10, 0x37, 0x02, 0x02, 0x04, 0xc1, 0x0a, 0x34, 0x02, 0x14, 0x02, 0xc1, 0x0a, 0x37, 0x02, 0x10, 
0x02, 0xce, 0x10, 0x37, 0x02, 0x02, 0x04, 0xc1, 0x0a, 0x37, 0x02, 0x14, 0x03, 0x4b, 0x37, 0x02, 0x04, 0x02, 0x4b, 0x37, 
0x02, 0x0c, 0x02, 0x4b, 0x37, 0x02, 0x14, 0x02, 0xce, 0x10, 0x37, 0x02, 0x02, 0x26, 0x4b, 0x37, 0x02, 0x2a, 0x02, 0xc1, 
0x0a, 0x34, 0x02, 0xf2, 0x07, 0x02, 0xc1, 0x0a, 0x3a, 0x02, 0xf6, 0x07, 0x02, 0x01, 0x37, 0x02, 0xfa, 0x07, 0x33, 0x58, 
0x02, 0x1e, 0x3f, 0x8d, 0x04, 0x3f, 0x01, 0x55, 0x02, 0x02, 0xb4, 0x0a, 0x54, 0x02, 0x10, 0x02, 0x00, 0x00, 0xc1, 0x0a, 
0x34, 0x02, 0x08, 0x00, 0xc1, 0x0a, 0x37, 0x02, 0x04, 0x00, 0xce, 0x10, 0x37, 0x02, 0x02, 0x04, 0xc1, 0x0a, 0x34, 0x02, 
0x0e, 0x01, 0xc1, 0x0a, 0x37, 0x02, 0x0a, 0x01, 0xce, 0x10, 0x37, 0x02, 0x02, 0x04, 0xc1, 0x0a, 0x34, 0x02, 0x14, 0x02, 
0xc1, 0x0a, 0x37, 0x02, 0x10, 0x02, 0xce, 0x10, 0x37, 0x02, 0x02, 0x04, 0xc1, 0x0a, 0x37, 0x02, 0x14, 0x03, 0x4b, 0x37, 
0x02, 0x04, 0x02, 0x4b, 0x37, 0x02, 0x0c, 0x02, 0x4b, 0x37, 0x02, 0x14, 0x02, 0xce, 0x10, 0x37, 0x02, 0x02, 0x26, 0x4b, 
0x37, 0x02, 0x2a, 0x02, 0x3f, 0x34, 0x02, 0xa8, 0x02, 0xc3, 0x10, 0x34, 0x02, 0x02, 0x8c, 0x07, 0xbd, 0x0c, 0x3a, 0x02, 
0x02, 0xc1, 0x0a, 0x3a, 0x02, 0xa4, 0x08, 0x03, 0xc2, 0x10, 0x3a, 0x02, 0x02, 0x98, 0x07, 0xc0, 0x10, 0x3a, 0x02, 0x06, 
0x02, 0x99, 0x1e, 0x01, 0x18, 0x02, 0xe5, 0x1e, 0x37, 0x02, 0x20, 0x02, 0x00, 0x00, 0x8f, 0x01, 0x00, 0x00, 0x29, 0x02, 
0x00, 0x00, 0x2a, 0x02, 0x00, 0x00, 0xe5, 0x1e, 0x3a, 0x06, 0x23, 0x02, 0x00, 0x00, 0x8f, 0x01, 0x00, 0x00, 0x2c, 0x02, 
0x00, 0x00, 0x2a, 0x02, 0x00, 0x00, 0xc0, 0x16, 0x5b, 0x04, 0x04, 0x0e, 0xb6, 0x1e, 0x01, 0x06, 0x00, 0xba, 0x1e, 0x00, 
0x06, 0x01, 0x18, 0x05, 0xc9, 0x10, 0x3a, 0x0a, 0x08, 0xa2, 0x07, 0xbc, 0x0e, 0x38, 0x02, 0x02, 0xc6, 0x10, 0x3a, 0x02, 
0x0c, 0xa6, 0x07, 0xbc, 0x0e, 0x38, 0x02, 0x02, 0xc0, 0x0a, 0x5d, 0x02, 0x06, 0x02, 0x01, 0x60, 0x02, 0xaa, 0x08, 0xb4, 
0x0c, 0x5f, 0x02, 0x02, 0xef, 0x0a, 0x35, 0x02, 0x02, 0x06, 0x02, 0x3f, 0x2d, 0x3d, 0x02, 0x02, 0x02, 0x10, 0xc1, 0x0a, 
0x34, 0x02, 0x02, 0x00, 0xbd, 0x0c, 0x3a, 0x02, 0x02, 0x01, 0x37, 0x02, 0xd2, 0x08, 0x33, 0x58, 0x02, 0x1e, 0x3f, 0xb9, 
0x04, 0x3f, 0x01, 0x55, 0x02, 0x02, 0xb4, 0x0a, 0x54, 0x02, 0x3c, 0x02, 0x00, 0x00, 0xc1, 0x0a, 0x34, 0x02, 0x08, 0x00, 
0xc1, 0x0a, 0x37, 0x02, 0x04, 0x00, 0xce, 0x10, 0x37, 0x02, 0x02, 0x04, 0xc1, 0x0a, 0x34, 0x02, 0x0e, 0x01, 0xc1, 0x0a, 
0x37, 0x02, 0x0a, 0x01, 0xce, 0x10, 0x37, 0x02, 0x02, 0x04, 0xc1, 0x0a, 0x34, 0x02, 0x14, 0x02, 0xc1, 0x0a, 0x37, 0x02, 
0x10, 0x02, 0xce, 0x10, 0x37, 0x02, 0x02, 0x04, 0xc1, 0x0a, 0x37, 0x02, 0x14, 0x03, 0x4b, 0x37, 0x02, 0x04, 0x02, 0x4b, 
0x37, 0x02, 0x0c, 0x02, 0x4b, 0x37, 0x02, 0x14, 0x02, 0xc1, 0x0a, 0x34, 0x02, 0x28, 0x01, 0xce, 0x10, 0x37, 0x02, 0x04, 
0x02, 0x4b, 0x37, 0x45, 0x02, 0x45, 0xc0, 0x10, 0x3a, 0x06, 0x02, 0xd6, 0x07, 0x99, 0x1e, 0x0a, 0x18, 0x04, 0x22, 0xba, 
0x08, 0x0c, 0x8d, 0x1e, 0x88, 0x06, 0x00, 0x00, 0xf8, 0x07, 0x00, 0x00, 0x00, 0x00, 0x00, 0x00, 0x4c, 0x4f, 0x4d, 0x53, 
0x00, 0x03, 0x01, 0x00, 0x00, 0x00, 0x07, 0x00, 0xd9, 0x00, 0x00, 0x00, 0x00, 0x00, 0x00, 0x00, 0xb4, 0x1f, 0x00, 0x00, 
0x91, 0x02, 0x01, 0xd1, 0x10, 0x02, 0x47, 0x4c, 0x53, 0x4c, 0x2e, 0x73, 0x74, 0x64, 0x2e, 0x34, 0x35, 0x30, 0x00, 0x00, 
0x00, 0x00, 0xa0, 0x04, 0x00, 0x01, 0xef, 0x0f, 0x00, 0x02, 0xed, 0xc2, 0xa5, 0xf3, 0x06, 0x00, 0x03, 0x04, 0x05, 0x06, 
0x07, 0x08, 0x09, 0x0a, 0x0b, 0x0c, 0x10, 0x2c, 0x06, 0x10, 0x37, 0x0f, 0x0b, 0x00, 0x05, 0x00, 0x07, 0x01, 0x10, 0x00, 
0x23, 0x00, 0x01, 0x05, 0x00, 0x07, 0x01, 0x10, 0x00, 0x23, 0x40, 0x01, 0x23, 0x30, 0x01, 0x23, 0x04, 0x01, 0x23, 0x04, 
0x01, 0x23, 0x04, 0x01, 0x23, 0x04, 0x10, 0x02, 0x01, 0x01, 0x10, 0x10, 0x06, 0x80, 0x02, 0x00, 0x0d, 0x02, 0x47, 0x00, 
0x01, 0x00, 0x23, 0x00, 0x10, 0x02, 0x21, 0x00, 0x10, 0x00, 0x22, 0x01, 0x00, 0x1b, 0x0e, 0x10, 0x00, 0x1e, 0x0a, 0x10, 
0x1e, 0x01, 0x08, 0x10, 0x0c, 0x06, 0x40, 0x10, 0x02, 0x06, 0x40, 0x10, 0x02, 0x06, 0x10, 0x10, 0x02, 0x06, 0x10, 0x10, 
0x02, 0x06, 0x10, 0x00, 0x11, 0x02, 0x37, 0x00, 0x94, 0x00, 0x05, 0x00, 0x07, 0x01, 0x10, 0x00, 0x23, 0x00, 0x01, 0x05, 
0x00, 0x07, 0x01, 0x10, 0x00, 0x23, 0x40, 0x01, 0x05, 0x00, 0x07, 0x01, 0x10, 0x00, 0x23, 0x40, 0x01, 0x05, 0x00, 0x07, 
0x01, 0x10, 0x00, 0x23, 0x40, 0x01, 0x05, 0x00, 0x07, 0x01, 0x10, 0x00, 0x23, 0x40, 0x01, 0x05, 0x00, 0x07, 0x01, 0x10, 
0x00, 0x23, 0x80, 0x02, 0x01, 0x05, 0x00, 0x07, 0x01, 0x10, 0x00, 0x23, 0x80, 0x02, 0x01, 0x05, 0x00, 0x07, 0x01, 0x10, 
0x00, 0x23, 0x40, 0x01, 0x23, 0x40, 0x01, 0x23, 0x10, 0x01, 0x23, 0x08, 0x01, 0x23, 0x04, 0x01, 0x23, 0x04, 0x01, 0x23, 
0x10, 0x01, 0x23, 0x10, 0x01, 0x23, 0x08, 0x01, 0x00, 0x00, 0x23, 0x08, 0x01, 0x00, 0x00, 0x23, 0x04, 0x01, 0x00, 0x00, 
0x23, 0x04, 0x01, 0x23, 0x08, 0x01, 0x23, 0x04, 0x01, 0x23, 0x04, 0x01, 0x23, 0x04, 0x01, 0x00, 0x00, 0x23, 0x04, 0x01, 
0x00, 0x00, 0x23, 0x04, 0x01, 0x00, 0x00, 0x23, 0x04, 0x01, 0x00, 0x00, 0x23, 0x04, 0x01, 0x00, 0x00, 0x23, 0x04, 0x01, 
0x00, 0x00, 0x23, 0x10, 0x01, 0x00, 0x00, 0x23, 0x0c, 0x01, 0x00, 0x00, 0x23, 0x04, 0x01, 0x00, 0x00, 0x23, 0x08, 0x01, 
0x00, 0x00, 0x23, 0x04, 0x01, 0x00, 0x00, 0x23, 0x04, 0x01, 0x00, 0x00, 0x23, 0x04, 0x01, 0x00, 0x00, 0x23, 0x04, 0x01, 
0x00, 0x00, 0x23, 0x04, 0x01, 0x00, 0x00, 0x23, 0x04, 0x01, 0x23, 0x90, 0x01, 0x01, 0x00, 0x00, 0x23, 0x0c, 0x01, 0x00, 
0x00, 0x23, 0x04, 0x01, 0x00, 0x00, 0x23, 0x10, 0x01, 0x23, 0x10, 0x01, 0x00, 0x00, 0x23, 0x08, 0x01, 0x00, 0x00, 0x23, 
0x04, 0x01, 0x23, 0x04, 0x01, 0x00, 0x00, 0x23, 0x08, 0x01, 0x00, 0x00, 0x23, 0x04, 0x01, 0x23, 0x04, 0x01, 0x00, 0x00, 
0x23, 0x10, 0x01, 0x00, 0x00, 0x23, 0x04, 0x01, 0x23, 0x04, 0x01, 0x00, 0x00, 0x23, 0x08, 0x01, 0x23, 0x04, 0x01, 0x00, 
0x00, 0x23, 0x04, 0x01, 0x00, 0x00, 0x23, 0x04, 0x01, 0x23, 0x04, 0x01, 0x23, 0x0c, 0x01, 0x00, 0x00, 0x23, 0x04, 0x01, 
0x23, 0x04, 0x01, 0x23, 0x04, 0x01, 0x23, 0x04, 0x01, 0x00, 0x00, 0x23, 0x04, 0x01, 0x00, 0x00, 0x23, 0x0c, 0x01, 0x23, 
0x04, 0x01, 0x00, 0x00, 0x23, 0x04, 0x01, 0x23, 0x04, 0x01, 0x23, 0x04, 0x01, 0x05, 0x00, 0x07, 0x01, 0x10, 0x00, 0x23, 
0x04, 0x01, 0x23, 0x30, 0x01, 0x23, 0x08, 0x01, 0x05, 0x00, 0x07, 0x01, 0x10, 0x00, 0x23, 0x08, 0x01, 0x05, 0x00, 0x07, 
0x01, 0x10, 0x00, 0x23, 0x40, 0x01, 0x00, 0x00, 0x23, 0x40, 0x01, 0x00, 0x00, 0x23, 0x04, 0x01, 0x00, 0x00, 0x23, 0x04, 
0x01, 0x00, 0x00, 0x23, 0x04, 0x01, 0x23, 0x04, 0x01, 0x00, 0x00, 0x23, 0x40, 0x01, 0x00, 0x00, 0x23, 0x04, 0x01, 0x00, 
0x00, 0x23, 0x04, 0x01, 0x00, 0x00, 0x23, 0x04, 0x01, 0x00, 0x00, 0x23, 0x04, 0x10, 0x02, 0x21, 0x00, 0x10, 0x00, 0x22, 
0x00, 0x10, 0x1f, 0x1e, 0x00, 0x10, 0x02, 0x1e, 0x03, 0x10, 0x02, 0x0b, 0x2b, 0x10, 0x02, 0x1e, 0x05, 0x10, 0x02, 0x1e, 
0x00, 0x00, 0x02, 0x10, 0x10, 0x00, 0x1e, 0x06, 0x10, 0x02, 0x1e, 0x09, 0x10, 0x02, 0x0b, 0x03, 0x00, 0x14, 0x02, 0x47, 
0x00, 0x02, 0x00, 0x0b, 0x01, 0x00, 0x01, 0x0b, 0x01, 0x01, 0x93, 0x02, 0x38, 0xa1, 0x04, 0x02, 0x1d, 0xa6, 0x02, 0x02, 
0x20, 0xb7, 0x02, 0x02, 0x1f, 0x04, 0xb8, 0x02, 0x02, 0x20, 0x04, 0xb7, 0x02, 0x02, 0x1f, 0x03, 0xb5, 0x02, 0x02, 0x20, 
0x01, 0xb7, 0x02, 0x02, 0x1f, 0x02, 0xde, 0x02, 0x2d, 0x24, 0x20, 0x20, 0x21, 0xb5, 0x02, 0x30, 0x20, 0x00, 0xbb, 0x04, 
0x25, 0x02, 0x00, 0x00, 0x00, 0x00, 0xbb, 0x04, 0x23, 0x02, 0x00, 0x00, 0x00, 0x00, 0xbb, 0x04, 0x25, 0x02, 0x01, 0x00, 
0x00, 0x00, 0xbb, 0x04, 0x23, 0x02, 0x01, 0x00, 0x00, 0x00, 0xbb, 0x04, 0x25, 0x02, 0x02, 0x00, 0x00, 0x00, 0xb8, 0x02, 
0x02, 0x22, 0x03, 0xbb, 0x04, 0x25, 0x02, 0x08, 0x00, 0x00, 0x00, 0xbc, 0x02, 0x2b, 0x20, 0x2c, 0x8e, 0x03, 0x0f, 0x21, 
0x2b, 0x23, 0x23, 0x23, 0x1f, 0x16, 0xb2, 0x06, 0x23, 0x02, 0x40, 0x00, 0x00, 0x00, 0xbc, 0x02, 0x10, 0x0e, 0x0f, 0xae, 
0x02, 0x0d, 0x17, 0x3e, 0x3a, 0x02, 0x10, 0x39, 0x2d, 0x37, 0x02, 0x3e, 0x3a, 0x02, 0x21, 0xbb, 0x04, 0x23, 0x02, 0x05, 
0x00, 0x00, 0x00, 0x3e, 0x02, 0x02, 0x1f, 0x3e, 0x02, 0x03, 0x23, 0x39, 0x31, 0x5b, 0x03, 0xb2, 0x06, 0x23, 0x1e, 0x02, 
0x00, 0x00, 0x00, 0xbb, 0x04, 0x25, 0x40, 0x04, 0x00, 0x00, 0x00, 0xbc, 0x02, 0x33, 0x21, 0x32, 0xbc, 0x02, 0x02, 0x21, 
0x32, 0xb7, 0x02, 0x34, 0x25, 0x03, 0xbb, 0x04, 0x25, 0x02, 0x09, 0x00, 0x00, 0x00, 0xbc, 0x02, 0x33, 0x22, 0x34, 0xbc, 
0x02, 0x02, 0x20, 0x32, 0xbb, 0x04, 0x25, 0x34, 0x15, 0x00, 0x00, 0x00, 0xbc, 0x02, 0x31, 0x20, 0x35, 0xce, 0x82, 0xc0, 
0x02, 0x11, 0x21, 0x21, 0x21, 0x21, 0x18, 0x19, 0x21, 0x21, 0x20, 0x24, 0x1f, 0x1f, 0x20, 0x20, 0x24, 0x24, 0x1f, 0x1f, 
0x24, 0x1f, 0x1f, 0x1f, 0x1f, 0x1f, 0x1f, 0x1f, 0x1f, 0x20, 0x33, 0x23, 0x24, 0x23, 0x23, 0x23, 0x23, 0x1f, 0x1f, 0x1a, 
0x22, 0x1f, 0x20, 0x20, 0x24, 0x23, 0x1f, 0x24, 0x1f, 0x1f, 0x20, 0x23, 0x1f, 0x24, 0x1f, 0x1f, 0x1f, 0x25, 0x22, 0x1f, 
0x1f, 0x25, 0x1f, 0x1f, 0x22, 0x1f, 0x1f, 0x1f, 0x1f, 0x1f, 0x2b, 0x24, 0x24, 0x21, 0x21, 0x1f, 0x1f, 0x1f, 0x1f, 0x1b, 
0x23, 0x1f, 0x1f, 0x1f, 0x1c, 0x3e, 0x46, 0x02, 0x13, 0x39, 0x36, 0x43, 0x02, 0xbb, 0x04, 0x23, 0x46, 0x06, 0x00, 0x00, 
0x00, 0x3e, 0x02, 0x01, 0x20, 0x39, 0x38, 0x67, 0x01, 0xbb, 0x04, 0x1f, 0x6a, 0x00, 0x00, 0x00, 0xbf, 0xbb, 0x04, 0x1f, 
0x02, 0x00, 0x00, 0x00, 0x3f, 0xbb, 0x04, 0x25, 0x02, 0x03, 0x00, 0x00, 0x00, 0xbb, 0x04, 0x1f, 0x02, 0x00, 0x00, 0x00, 
0x20, 0x94, 0x02, 0x02, 0xbb, 0x04, 0x1f, 0x02, 0x00, 0x00, 0x00, 0x00, 0xbb, 0x04, 0x1f, 0x02, 0x00, 0x00, 0x00, 0xa0, 
0xbb, 0x04, 0x1f, 0x02, 0x00, 0x00, 0x80, 0x3f, 0x3e, 0x02, 0x01, 0x24, 0x39, 0x41, 0x77, 0x01, 0x3e, 0x7a, 0x01, 0x1f, 
0xec, 0x04, 0x20, 0x02, 0x0a, 0x0a, 0x0a, 0x0a, 0xec, 0x04, 0x20, 0x02, 0x08, 0x0c, 0x0c, 0x0c, 0xec, 0x04, 0x20, 0x02, 
0x0e, 0x0a, 0x0e, 0x0e, 0xec, 0x04, 0x20, 0x02, 0x10, 0x10, 0x0c, 0x10, 0xec, 0x04, 0x20, 0x02, 0x12, 0x12, 0x12, 0x0e, 
0xec, 0x04, 0x21, 0x02, 0x08, 0x06, 0x04, 0x02, 0xbb, 0x04, 0x1f, 0x02, 0x00, 0x00, 0x00, 0x40, 0x3e, 0x02, 0x01, 0x23, 
0x39, 0x4a, 0x87, 0x01, 0x01, 0x3e, 0x8a, 0x01, 0x03, 0x24, 0x39, 0x4b, 0x87, 0x01, 0x03, 0x3e, 0x8a, 0x01, 0x03, 0x20, 
0x39, 0x4c, 0x87, 0x01, 0x03, 0x39, 0x4c, 0x02, 0x03, 0x3e, 0x88, 0x01, 0x03, 0x1f, 0xbb, 0x04, 0x23, 0x02, 0x13, 0x00, 
0x00, 0x00, 0xbb, 0x04, 0x23, 0x02, 0x14, 0x00, 0x00, 0x00, 0x39, 0x4c, 0x89, 0x01, 0x03, 0xbb, 0x04, 0x1f, 0x8c, 0x01, 
0x00, 0x00, 0x80, 0xbf, 0xbc, 0x02, 0x02, 0x1f, 0x2a, 0x3e, 0x02, 0x03, 0x51, 0x39, 0x52, 0x8d, 0x01, 0x03, 0xbe, 0x02, 
0x14, 0x20, 0x1f, 0x3e, 0x7c, 0x03, 0x15, 0x39, 0x53, 0x8d, 0x01, 0x03, 0xcc, 0x04, 0x24, 0x90, 0x01, 0x28, 0x28, 0xc6, 
0x06, 0x1d, 0xa3, 0x01, 0x00, 0x1e, 0x18, 0xa6, 0x01, 0x01, 0x23, 0x02, 0xa0, 0x01, 0x22, 0xa6, 0x01, 0x00, 0x01, 0x23, 
0x02, 0xa8, 0x01, 0xc7, 0x10, 0x23, 0x02, 0x02, 0x8c, 0x01, 0x33, 0x2e, 0x02, 0x11, 0x27, 0x58, 0x27, 0x01, 0x21, 0x02, 
0x02, 0x13, 0x42, 0x02, 0x05, 0x26, 0x01, 0x1f, 0x02, 0x02, 0x13, 0x42, 0x02, 0x05, 0x28, 0x01, 0x1f, 0x02, 0x02, 0xc3, 
0x10, 0x1f, 0x02, 0x3e, 0x02, 0xc0, 0x0a, 0x24, 0x02, 0x08, 0x02, 0x13, 0x2e, 0x02, 0x14, 0x37, 0x01, 0x21, 0x02, 0x02, 
0x01, 0x20, 0x02, 0xbe, 0x01, 0xc1, 0x0a, 0x1f, 0x02, 0x02, 0x02, 0x4a, 0x1f, 0x02, 0x02, 0x58, 0x4b, 0x1f, 0x02, 0x02, 
0x58, 0xd2, 0x0a, 0x20, 0x02, 0x02, 0x08, 0x02, 0xc1, 0x12, 0x20, 0x02, 0x0c, 0x02, 0xc1, 0x0a, 0x1f, 0x02, 0x02, 0x03, 
0x5c, 0x1f, 0x02, 0x01, 0x04, 0x69, 0xc8, 0x16, 0x3d, 0x02, 0x02, 0x5e, 0xa7, 0x1e, 0x01, 0x00, 0xba, 0x1e, 0x00, 0x03, 
0x01, 0x18, 0x04, 0xc8, 0x16, 0x3d, 0x02, 0x0a, 0x60, 0xd9, 0x14, 0x1f, 0x02, 0x02, 0x60, 0x66, 0xd2, 0x0a, 0x20, 0x02, 
0x02, 0x10, 0x03, 0x99, 0x1e, 0x08, 0x18, 0x07, 0xe5, 0x1e, 0x20, 0x0a, 0x68, 0x00, 0x00, 0x00, 0x55, 0x00, 0x00, 0x00, 
0x70, 0x00, 0x00, 0x00, 0x6d, 0x00, 0x00, 0x00, 0xc1, 0x0a, 0x1f, 0x02, 0x02, 0x03, 0xc8, 0x10, 0x1f, 0x02, 0x66, 0x02, 
0xce, 0x10, 0x20, 0x02, 0x06, 0x02, 0xe0, 0x0a, 0x0d, 0x02, 0x2a, 0x64, 0x02, 0x5a, 0xc1, 0x0a, 0x24, 0x02, 0x02, 0x00, 
0xc1, 0x0a, 0x20, 0x02, 0x04, 0x02, 0x3d, 0x22, 0x02, 0x2a, 0x2a, 0x18, 0xc1, 0x0a, 0x1f, 0x02, 0x02, 0x00, 0xc1, 0x0a, 
0x20, 0x02, 0x40, 0x00, 0xce, 0x10, 0x20, 0x02, 0x02, 0x04, 0xc1, 0x0a, 0x1f, 0x02, 0x08, 0x01, 0xc1, 0x0a, 0x20, 0x02, 
0x46, 0x01, 0xce, 0x10, 0x20, 0x02, 0x02, 0x04, 0xc1, 0x0a, 0x1f, 0x02, 0x0e, 0x02, 0xc1, 0x0a, 0x20, 0x02, 0x4c, 0x02, 
0xce, 0x10, 0x20, 0x02, 0x02, 0x04, 0xc1, 0x0a, 0x20, 0x02, 0x50, 0x03, 0x4b, 0x20, 0x02, 0x04, 0x02, 0x4b, 0x20, 0x02, 
0x0c, 0x02, 0x4b, 0x20, 0x02, 0x14, 0x02, 0x01, 0x23, 0x02, 0x86, 0x02, 0xcb, 0x10, 0x23, 0x02, 0x02, 0xea, 0x01, 0x23, 
0x2e, 0x02, 0x14, 0x2f, 0x87, 0x01, 0x01, 0x21, 0x02, 0x02, 0xc1, 0x12, 0x20, 0x02, 0x02, 0x0a, 0xce, 0x10, 0x24, 0x02, 
0x2a, 0x84, 0x01, 0xc3, 0x10, 0x24, 0x02, 0x02, 0x70, 0xc1, 0x0a, 0x1f, 0x02, 0x02, 0x00, 0xc1, 0x0a, 0x1f, 0x02, 0x04, 
0x01, 0xe0, 0x0a, 0x20, 0x02, 0x04, 0x02, 0xa2, 0x01, 0x9e, 0x01, 0xc1, 0x0a, 0x1f, 0x02, 0x02, 0x00, 0xc1, 0x0a, 0x1f, 
0x02, 0x04, 0x01, 0xc1, 0x0a, 0x1f, 0x02, 0x06, 0x02, 0xc1, 0x0a, 0x1f, 0x02, 0x08, 0x03, 0xe0, 0x0a, 0x20, 0x02, 0x08, 
0x06, 0x04, 0x02, 0xe0, 0x0a, 0x21, 0x02, 0xa4, 0x01, 0xa4, 0x01, 0xa4, 0x01, 0x02, 0xe0, 0x0a, 0x0d, 0x02, 0x40, 0x18, 
0x3e, 0x02, 0xc1, 0x0a, 0x24, 0x02, 0x02, 0x00, 0xc1, 0x0a, 0x20, 0x02, 0x04, 0x01, 0xc1, 0x0a, 0x20, 0x02, 0x06, 0x02, 
0x22, 0xa4, 0x02, 0x04, 0x22, 0xa2, 0x02, 0x02, 0x3d, 0x22, 0x02, 0x02, 0x02, 0x18, 0x13, 0x4d, 0x02, 0x09, 0x26, 0xc1, 
0x0a, 0x1f, 0x02, 0x04, 0x00, 0x22, 0x02, 0x00, 0x13, 0x4d, 0x02, 0x09, 0x28, 0xc1, 0x0a, 0x1f, 0x02, 0x08, 0x01, 0x22, 
0x02, 0x00, 0x13, 0x4d, 0x02, 0x09, 0x2a, 0xc1, 0x0a, 0x1f, 0x02, 0x0c, 0x02, 0x22, 0x02, 0x00, 0xc1, 0x0a, 0x21, 0x02, 
0x16, 0x03, 0xc1, 0x12, 0x20, 0x02, 0x02, 0x7e, 0xc1, 0x0a, 0x1f, 0x02, 0x02, 0x02, 0x4a, 0x1f, 0x02, 0x02, 0xd6, 0x01, 
0x4b, 0x1f, 0x02, 0x02, 0xd6, 0x01, 0xd2, 0x0a, 0x20, 0x02, 0x02, 0x08, 0x02, 0x13, 0x2e, 0x02, 0x14, 0x27, 0x01, 0x21, 
0x02, 0x02, 0xc1, 0x12, 0x20, 0x02, 0x02, 0x20, 0xc1, 0x0a, 0x1f, 0x02, 0x02, 0x02, 0x3f, 0x1f, 0x02, 0x02, 0x13, 0x30, 
0x02, 0x14, 0x4e, 0x01, 0x1f, 0x02, 0x02, 0x4a, 0x1f, 0x02, 0x06, 0x02, 0x13, 0x30, 0x02, 0x14, 0x4f, 0x01, 0x1f, 0x02, 
0x02, 0xc3, 0x10, 0x1f, 0x02, 0x06, 0x02, 0x4a, 0x1f, 0x02, 0x02, 0xd2, 0x01, 0xc3, 0x10, 0x1f, 0x02, 0x02, 0xe6, 0x01, 
0x13, 0x4d, 0x02, 0x09, 0x3b, 0x22, 0x00, 0x02, 0x22, 0xd4, 0x02, 0x1c, 0x01, 0x23, 0x02, 0xe4, 0x02, 0xcb, 0x10, 0x23, 
0x02, 0x02, 0xc8, 0x02, 0xbf, 0x0c, 0x1f, 0x02, 0xca, 0x02, 0xc8, 0x10, 0x1f, 0x02, 0xde, 0x01, 0x02, 0xc8, 0x10, 0x1f, 
0x02, 0x02, 0xe0, 0x01, 0x4b, 0x1f, 0x02, 0xd4, 0x01, 0x02, 0xbf, 0x0c, 0x1f, 0x02, 0x0a, 0x4a, 0x1f, 0x02, 0x08, 0x02, 
0x4b, 0x1f, 0x02, 0x06, 0x02, 0xc8, 0x10, 0x1f, 0x02, 0xfc, 0x01, 0x0e, 0xc1, 0x0a, 0x1f, 0x02, 0x32, 0x00, 0x4a, 0x1f, 
0x02, 0x02, 0x04, 0xd2, 0x0a, 0x20, 0x02, 0x02, 0x36, 0x00, 0xc1, 0x0a, 0x1f, 0x02, 0x02, 0x03, 0x4a, 0x1f, 0x02, 0x0c, 
0x02, 0xc1, 0x0a, 0x1f, 0x02, 0x06, 0x00, 0x4b, 0x1f, 0x02, 0x02, 0x04, 0xd2, 0x0a, 0x20, 0x02, 0x02, 0x0a, 0x00, 0xc1, 
0x0a, 0x1f, 0x02, 0x02, 0x00, 0xc3, 0x10, 0x1f, 0x02, 0x90, 0x02, 0x18, 0xc1, 0x0a, 0x1f, 0x02, 0x06, 0x03, 0x4a, 0x1f, 
0x02, 0x04, 0x02, 0x4b, 0x1f, 0x02, 0x08, 0x02, 0xc0, 0x10, 0x23, 0x02, 0x2c, 0xc6, 0x02, 0xbf, 0x0c, 0x1f, 0x02, 0x02, 
0x4a, 0x1f, 0x02, 0x2c, 0x02, 0xc3, 0x10, 0x1f, 0x02, 0x9e, 0x02, 0x02, 0x4a, 0x1f, 0x02, 0x02, 0x0e, 0x4b, 0x1f, 0x02, 
0x14, 0x02, 0x13, 0x4d, 0x02, 0x0b, 0x27, 0x22, 0x00, 0x0e, 0x3f, 0x1f, 0x02, 0x04, 0x13, 0x4d, 0x02, 0x0b, 0x29, 0x22, 
0x00, 0x02, 0xc1, 0x0a, 0x1f, 0x02, 0x1e, 0x01, 0x3f, 0x1f, 0x02, 0x02, 0xd2, 0x0a, 0x20, 0x02, 0x02, 0x22, 0x01, 0x13, 
0x4c, 0x02, 0x0c, 0x27, 0x22, 0x00, 0x02, 0x22, 0xaa, 0x03, 0x80, 0x02, 0x8d, 0x1e, 0x88, 0x06, 0x42, 0x13, 0x00, 0x00, 
0x00, 0x00, 0x00, 0x00, 0x4c, 0x4f, 0x4d, 0x53, 0x00, 0x03, 0x01, 0x00, 0x00, 0x00, 0x07, 0x00, 0x60, 0x02, 0x00, 0x00, 
0x00, 0x00, 0x00, 0x00, 0x0c, 0x41, 0x00, 0x00, 0x91, 0x02, 0x01, 0xd1, 0x10, 0x02, 0x47, 0x4c, 0x53, 0x4c, 0x2e, 0x73, 
0x74, 0x64, 0x2e, 0x34, 0x35, 0x30, 0x00, 0x00, 0x00, 0x00, 0xa0, 0x04, 0x00, 0x01, 0x9f, 0x8e, 0x40, 0x00, 0x02, 0xed, 
0xc2, 0xa5, 0xf3, 0x06, 0x00, 0x03, 0x04, 0x05, 0x06, 0x07, 0x08, 0x09, 0x0a, 0x0b, 0x0c, 0x0d, 0x0e, 0x0f, 0x10, 0x4c, 
0x06, 0x10, 0x37, 0x21, 0x0b, 0x00, 0x05, 0x00, 0x07, 0x01, 0x10, 0x00, 0x23, 0x00, 0x01, 0x05, 0x00, 0x07, 0x01, 0x10, 
0x00, 0x23, 0x40, 0x01, 0x23, 0x30, 0x01, 0x23, 0x04, 0x01, 0x23, 0x04, 0x01, 0x23, 0x04, 0x01, 0x23, 0x04, 0x10, 0x02, 
0x01, 0x01, 0x10, 0x22, 0x06, 0x80, 0x02, 0x00, 0x1f, 0x02, 0x47, 0x00, 0x01, 0x00, 0x23, 0x00, 0x10, 0x02, 0x21, 0x00, 
0x10, 0x00, 0x22, 0x01, 0x00, 0x29, 0x0e, 0x10, 0x00, 0x1e, 0x0a, 0x10, 0x2c, 0x01, 0x08, 0x10, 0x1e, 0x06, 0x40, 0x10, 
0x02, 0x06, 0x40, 0x10, 0x02, 0x06, 0x10, 0x10, 0x02, 0x06, 0x10, 0x10, 0x02, 0x06, 0x10, 0x00, 0x23, 0x02, 0x37, 0x00, 
0x94, 0x00, 0x05, 0x00, 0x07, 0x01, 0x10, 0x00, 0x23, 0x00, 0x01, 0x05, 0x00, 0x07, 0x01, 0x10, 0x00, 0x23, 0x40, 0x01, 
0x05, 0x00, 0x07, 0x01, 0x10, 0x00, 0x23, 0x40, 0x01, 0x05, 0x00, 0x07, 0x01, 0x10, 0x00, 0x23, 0x40, 0x01, 0x05, 0x00, 
0x07, 0x01, 0x10, 0x00, 0x23, 0x40, 0x01, 0x05, 0x00, 0x07, 0x01, 0x10, 0x00, 0x23, 0x80, 0x02, 0x01, 0x05, 0x00, 0x07, 
0x01, 0x10, 0x00, 0x23, 0x80, 0x02, 0x01, 0x05, 0x00, 0x07, 0x01, 0x10, 0x00, 0x23, 0x40, 0x01, 0x23, 0x40, 0x01, 0x23, 
0x10, 0x01, 0x23, 0x08, 0x01, 0x23, 0x04, 0x01, 0x23, 0x04, 0x01, 0x23, 0x10, 0x01, 0x23, 0x10, 0x01, 0x23, 0x08, 0x01, 
0x00, 0x00, 0x23, 0x08, 0x01, 0x00, 0x00, 0x23, 0x04, 0x01, 0x00, 0x00, 0x23, 0x04, 0x01, 0x23, 0x08, 0x01, 0x23, 0x04, 
0x01, 0x23, 0x04, 0x01, 0x23, 0x04, 0x01, 0x00, 0x00, 0x23, 0x04, 0x01, 0x00, 0x00, 0x23, 0x04, 0x01, 0x00, 0x00, 0x23, 
0x04, 0x01, 0x00, 0x00, 0x23, 0x04, 0x01, 0x00, 0x00, 0x23, 0x04, 0x01, 0x00, 0x00, 0x23, 0x10, 0x01, 0x00, 0x00, 0x23, 
0x0c, 0x01, 0x00, 0x00, 0x23, 0x04, 0x01, 0x00, 0x00, 0x23, 0x08, 0x01, 0x00, 0x00, 0x23, 0x04, 0x01, 0x00, 0x00, 0x23, 
0x04, 0x01, 0x00, 0x00, 0x23, 0x04, 0x01, 0x00, 0x00, 0x23, 0x04, 0x01, 0x00, 0x00, 0x23, 0x04, 0x01, 0x00, 0x00, 0x23, 
0x04, 0x01, 0x23, 0x90, 0x01, 0x01, 0x00, 0x00, 0x23, 0x0c, 0x01, 0x00, 0x00, 0x23, 0x04, 0x01, 0x00, 0x00, 0x23, 0x10, 
0x01, 0x23, 0x10, 0x01, 0x00, 0x00, 0x23, 0x08, 0x01, 0x00, 0x00, 0x23, 0x04, 0x01, 0x23, 0x04, 0x01, 0x00, 0x00, 0x23, 
0x08, 0x01, 0x00, 0x00, 0x23, 0x04, 0x01, 0x23, 0x04, 0x01, 0x00, 0x00, 0x23, 0x10, 0x01, 0x00, 0x00, 0x23, 0x04, 0x01, 
0x23, 0x04, 0x01, 0x00, 0x00, 0x23, 0x08, 0x01, 0x23, 0x04, 0x01, 0x00, 0x00, 0x23, 0x04, 0x01, 0x00, 0x00, 0x23, 0x04, 
0x01, 0x23, 0x04, 0x01, 0x23, 0x0c, 0x01, 0x00, 0x00, 0x23, 0x04, 0x01, 0x23, 0x04, 0x01, 0x23, 0x04, 0x01, 0x23, 0x04, 
0x01, 0x00, 0x00, 0x23, 0x04, 0x01, 0x00, 0x00, 0x23, 0x0c, 0x01, 0x23, 0x04, 0x01, 0x00, 0x00, 0x23, 0x04, 0x01, 0x23, 
0x04, 0x01, 0x23, 0x04, 0x01, 0x05, 0x00, 0x07, 0x01, 0x10, 0x00, 0x23, 0x04, 0x01, 0x23, 0x30, 0x01, 0x23, 0x08, 0x01, 
0x05, 0x00, 0x07, 0x01, 0x10, 0x00, 0x23, 0x08, 0x01, 0x05, 0x00, 0x07, 0x01, 0x10, 0x00, 0x23, 0x40, 0x01, 0x00, 0x00, 
0x23, 0x40, 0x01, 0x00, 0x00, 0x23, 0x04, 0x01, 0x00, 0x00, 0x23, 0x04, 0x01, 0x00, 0x00, 0x23, 0x04, 0x01, 0x23, 0x04, 
0x01, 0x00, 0x00, 0x23, 0x40, 0x01, 0x00, 0x00, 0x23, 0x04, 0x01, 0x00, 0x00, 0x23, 0x04, 0x01, 0x00, 0x00, 0x23, 0x04, 
0x01, 0x00, 0x00, 0x23, 0x04, 0x10, 0x02, 0x21, 0x00, 0x10, 0x00, 0x22, 0x00, 0x10, 0x2d, 0x0b, 0x2a, 0x37, 0x30, 0x05, 
0x00, 0x05, 0x00, 0x07, 0x01, 0x10, 0x00, 0x23, 0x00, 0x01, 0x23, 0x30, 0x01, 0x23, 0x0c, 0x10, 0x22, 0x06, 0x40, 0x00, 
0x1f, 0x02, 0x47, 0x00, 0x01, 0x00, 0x23, 0x00, 0x10, 0x02, 0x21, 0x01, 0x10, 0x00, 0x22, 0x01, 0x10, 0x02, 0x21, 0x05, 
0x10, 0x00, 0x22, 0x01, 0x00, 0x02, 0x02, 0x47, 0x00, 0x01, 0x00, 0x23, 0x00, 0x10, 0x1c, 0x06, 0x10, 0x00, 0x17, 0x02, 
0x37, 0x00, 0x02, 0x00, 0x00, 0x00, 0x23, 0x00, 0x10, 0x02, 0x21, 0x02, 0x10, 0x00, 0x22, 0x01, 0x10, 0x02, 0x21, 0x03, 
0x10, 0x00, 0x22, 0x01, 0x10, 0x3d, 0x1e, 0x00, 0x10, 0x02, 0x1e, 0x05, 0x10, 0x02, 0x1e, 0x06, 0x10, 0x02, 0x1e, 0x03, 
0x10, 0x02, 0x0b, 0x2b, 0x10, 0x02, 0x1e, 0x05, 0x10, 0x02, 0x1e, 0x00, 0x00, 0x02, 0x10, 0x10, 0x00, 0x1e, 0x06, 0x10, 
0x02, 0x1e, 0x09, 0x10, 0x02, 0x0b, 0x03, 0x00, 0x2e, 0x02, 0x47, 0x00, 0x02, 0x00, 0x0b, 0x01, 0x00, 0x01, 0x0b, 0x01, 
0x01, 0x00, 0x14, 0x00, 0x00, 0x02, 0x00, 0x00, 0x02, 0x00, 0x93, 0x02, 0x62, 0xa1, 0x04, 0x02, 0x32, 0xa6, 0x02, 0x02, 
0x20, 0xb7, 0x02, 0x02, 0x34, 0x04, 0xb8, 0x02, 0x02, 0x35, 0x04, 0xb7, 0x02, 0x02, 0x34, 0x03, 0xb5, 0x02, 0x02, 0x20, 
0x01, 0x3e, 0x02, 0x07, 0x37, 0xb5, 0x02, 0x02, 0x20, 0x00, 0xb7, 0x02, 0x02, 0x3a, 0x04, 0xd1, 0x04, 0x02, 0x32, 0x39, 
0x3b, 0x35, 0xb7, 0x02, 0x02, 0x34, 0x02, 0xde, 0x02, 0x51, 0x3d, 0x35, 0x35, 0x36, 0xbb, 0x04, 0x3a, 0x54, 0x00, 0x00, 
0x00, 0x00, 0xbb, 0x04, 0x38, 0x02, 0x00, 0x00, 0x00, 0x00, 0xbb, 0x04, 0x3a, 0x02, 0x01, 0x00, 0x00, 0x00, 0xbb, 0x04, 
0x38, 0x02, 0x01, 0x00, 0x00, 0x00, 0xbb, 0x04, 0x3a, 0x02, 0x02, 0x00, 0x00, 0x00, 0xbb, 0x04, 0x38, 0x02, 0x02, 0x00, 
0x00, 0x00, 0xbb, 0x04, 0x38, 0x02, 0x03, 0x00, 0x00, 0x00, 0xb8, 0x02, 0x02, 0x37, 0x03, 0xbb, 0x04, 0x3a, 0x02, 0x08, 
0x00, 0x00, 0x00, 0xbc, 0x02, 0x3f, 0x35, 0x46, 0x8e, 0x03, 0x21, 0x36, 0x45, 0x38, 0x38, 0x38, 0x34, 0x26, 0xb2, 0x06, 
0x38, 0x02, 0x40, 0x00, 0x00, 0x00, 0xbc, 0x02, 0x22, 0x15, 0x16, 0xae, 0x02, 0x1f, 0x27, 0x3e, 0x60, 0x02, 0x17, 0x39, 
0x47, 0x5d, 0x02, 0x3e, 0x60, 0x02, 0x36, 0x3e, 0x02, 0x02, 0x38, 0xbb, 0x04, 0x38, 0x02, 0x05, 0x00, 0x00, 0x00, 0x3e, 
0x02, 0x02, 0x34, 0x3e, 0x02, 0x03, 0x38, 0x39, 0x4c, 0x91, 0x01, 0x03, 0xb2, 0x06, 0x38, 0x2c, 0x02, 0x00, 0x00, 0x00, 
0xbb, 0x04, 0x3a, 0x68, 0x04, 0x00, 0x00, 0x00, 0xbc, 0x02, 0x49, 0x36, 0x4d, 0xbc, 0x02, 0x02, 0x36, 0x4d, 0xb7, 0x02, 
0x4a, 0x3a, 0x03, 0xbb, 0x04, 0x3a, 0x02, 0x09, 0x00, 0x00, 0x00, 0xbc, 0x02, 0x49, 0x37, 0x4f, 0xbc, 0x02, 0x02, 0x35, 
0x4d, 0xbb, 0x04, 0x3a, 0x4a, 0x15, 0x00, 0x00, 0x00, 0xbc, 0x02, 0x47, 0x35, 0x50, 0xce, 0x82, 0xc0, 0x02, 0x23, 0x36, 
0x36, 0x36, 0x36, 0x28, 0x29, 0x36, 0x36, 0x35, 0x3d, 0x34, 0x34, 0x35, 0x35, 0x3d, 0x3d, 0x34, 0x34, 0x3d, 0x34, 0x34, 
0x34, 0x34, 0x34, 0x34, 0x34, 0x34, 0x35, 0x4e, 0x38, 0x3d, 0x38, 0x38, 0x38, 0x38, 0x34, 0x34, 0x2a, 0x37, 0x34, 0x35, 
0x35, 0x3d, 0x38, 0x34, 0x3d, 0x34, 0x34, 0x35, 0x38, 0x34, 0x3d, 0x34, 0x34, 0x34, 0x3a, 0x37, 0x34, 0x34, 0x3a, 0x34, 
0x34, 0x37, 0x34, 0x34, 0x34, 0x34, 0x34, 0x45, 0x3d, 0x3d, 0x36, 0x36, 0x34, 0x34, 0x34, 0x34, 0x2b, 0x38, 0x34, 0x34, 
0x34, 0x2c, 0x3e, 0x6e, 0x02, 0x1a, 0x39, 0x51, 0x6b, 0x02, 0xbb, 0x04, 0x38, 0x6e, 0x06, 0x00, 0x00, 0x00, 0x3e, 0x02, 
0x01, 0x38, 0x39, 0x53, 0x9d, 0x01, 0x01, 0xb8, 0x02, 0xa0, 0x01, 0x37, 0x04, 0xb8, 0x02, 0x02, 0x35, 0x03, 0xce, 0x02, 
0x71, 0x55, 0x37, 0x34, 0xbb, 0x04, 0x3a, 0x74, 0x00, 0x01, 0x00, 0x00, 0xbc, 0x02, 0x51, 0x1c, 0x56, 0xae, 0x02, 0x1f, 
0x2d, 0x3e, 0x74, 0x02, 0x1d, 0x39, 0x57, 0x71, 0x02, 0x3e, 0x74, 0x02, 0x55, 0xbb, 0x04, 0x3a, 0x02, 0x03, 0x00, 0x00, 
0x00, 0xbb, 0x04, 0x34, 0x02, 0x00, 0x00, 0x00, 0x00, 0x94, 0x02, 0x02, 0xbb, 0x04, 0x34, 0x02, 0x00, 0x00, 0x80, 0x3f, 
0xb7, 0x02, 0x02, 0x38, 0x02, 0xbb, 0x04, 0x3a, 0x02, 0x00, 0x08, 0x00, 0x00, 0x89, 0x03, 0x02, 0x34, 0x01, 0x00, 0x00, 
0x00, 0x01, 0x00, 0xab, 0x02, 0x02, 0x5f, 0x3e, 0x02, 0x00, 0x60, 0x39, 0x61, 0x83, 0x01, 0x00, 0xae, 0x02, 0x02, 0x38, 
0x3e, 0x84, 0x01, 0x09, 0x20, 0x39, 0x62, 0x81, 0x01, 0x09, 0x3e, 0x84, 0x01, 0x09, 0x38, 0xb7, 0x02, 0x02, 0x38, 0x03, 
0xbb, 0x04, 0x38, 0x02, 0x00, 0x08, 0x00, 0x00, 0xbc, 0x02, 0x6d, 0x35, 0x56, 0xae, 0x02, 0x17, 0x2e, 0x3e, 0x88, 0x01, 
0x02, 0x22, 0x39, 0x66, 0x85, 0x01, 0x02, 0x89, 0x03, 0x88, 0x01, 0x34, 0x01, 0x00, 0x01, 0x00, 0x01, 0x00, 0xab, 0x02, 
0x02, 0x67, 0x3e, 0x02, 0x00, 0x68, 0x39, 0x69, 0x89, 0x01, 0x00, 0x3e, 0x8c, 0x01, 0x01, 0x35, 0x39, 0x6a, 0xc9, 0x01, 
0x01, 0xbb, 0x04, 0x38, 0xcc, 0x01, 0x00, 0x02, 0x00, 0x00, 0xbb, 0x04, 0x38, 0x02, 0x00, 0x01, 0x00, 0x00, 0x3e, 0x02, 
0x01, 0x3b, 0x39, 0x6d, 0xcd, 0x01, 0x01, 0x39, 0x6a, 0x02, 0x01, 0xbb, 0x04, 0x34, 0xce, 0x01, 0x00, 0x00, 0x00, 0xbf, 
0xbb, 0x04, 0x34, 0x02, 0x00, 0x00, 0x00, 0x3f, 0xbb, 0x04, 0x34, 0x02, 0x00, 0x00, 0x00, 0x20, 0xbb, 0x04, 0x34, 0x02, 
0x00, 0x00, 0x00, 0xa0, 0x3e, 0x02, 0x01, 0x3d, 0x39, 0x72, 0xd3, 0x01, 0x01, 0x3e, 0xd6, 0x01, 0x01, 0x34, 0xec, 0x04, 
0x35, 0x02, 0x34, 0x34, 0x34, 0x34, 0xec, 0x04, 0x35, 0x02, 0x32, 0x36, 0x36, 0x36, 0xec, 0x04, 0x35, 0x02, 0x38, 0x34, 
0x38, 0x38, 0xec, 0x04, 0x35, 0x02, 0x3a, 0x3a, 0x36, 0x3a, 0xec, 0x04, 0x35, 0x02, 0x3c, 0x3c, 0x3c, 0x38, 0xec, 0x04, 
0x36, 0x02, 0x08, 0x06, 0x04, 0x02, 0xbb, 0x04, 0x34, 0x02, 0x00, 0x00, 0x00, 0x40, 0x39, 0x53, 0xe1, 0x01, 0x01, 0x3e, 
0xe4, 0x01, 0x03, 0x3d, 0x39, 0x7b, 0xe1, 0x01, 0x03, 0x3e, 0xe4, 0x01, 0x03, 0x35, 0x39, 0x7c, 0xe1, 0x01, 0x03, 0x39, 
0x7c, 0x02, 0x03, 0x3e, 0xe2, 0x01, 0x03, 0x34, 0xbb, 0x04, 0x38, 0x02, 0x13, 0x00, 0x00, 0x00, 0xbb, 0x04, 0x38, 0x02, 
0x14, 0x00, 0x00, 0x00, 0x39, 0x7c, 0xe3, 0x01, 0x03, 0xbb, 0x04, 0x34, 0xe6, 0x01, 0x00, 0x00, 0x80, 0xbf, 0xbc, 0x02, 
0x02, 0x34, 0x42, 0x3e, 0x02, 0x03, 0x81, 0x01, 0x39, 0x82, 0x01, 0xe7, 0x01, 0x03, 0xbe, 0x02, 0x2e, 0x35, 0x34, 0x3e, 
0xbc, 0x01, 0x03, 0x25, 0x39, 0x83, 0x01, 0xe7, 0x01, 0x03, 0xad, 0x06, 0x36, 0xea, 0x01, 0xcc, 0x04, 0x3d, 0x02, 0x52, 
0x52, 0xad, 0x06, 0x35, 0x02, 0xc6, 0x06, 0x32, 0x87, 0x02, 0x00, 0x33, 0x18, 0x8a, 0x02, 0x39, 0x39, 0x02, 0x07, 0x39, 
0x39, 0x02, 0x07, 0x39, 0x39, 0x02, 0x07, 0x01, 0x38, 0x02, 0x84, 0x02, 0x22, 0x90, 0x02, 0x00, 0x01, 0x38, 0x02, 0x92, 
0x02, 0xc7, 0x10, 0x38, 0x02, 0x02, 0xe8, 0x01, 0x33, 0x48, 0x02, 0x18, 0x3f, 0x8d, 0x01, 0x3f, 0x01, 0x36, 0x02, 0x02, 
0x33, 0x49, 0x02, 0x18, 0x3f, 0x8d, 0x01, 0x43, 0x01, 0x38, 0x02, 0x02, 0x33, 0x49, 0x02, 0x18, 0x3f, 0x8d, 0x01, 0x44, 
0x01, 0x38, 0x02, 0x02, 0x13, 0x73, 0x02, 0x08, 0x3e, 0x01, 0x34, 0x02, 0x02, 0x13, 0x73, 0x02, 0x08, 0x40, 0x01, 0x34, 
0x02, 0x02, 0xc3, 0x10, 0x34, 0x02, 0x78, 0x02, 0xc0, 0x0a, 0x3d, 0x02, 0x08, 0x02, 0x13, 0x48, 0x02, 0x1b, 0x52, 0x01, 
0x36, 0x02, 0x02, 0x01, 0x35, 0x02, 0xae, 0x02, 0xc7, 0x18, 0x38, 0x02, 0x14, 0x64, 0xcb, 0x14, 0x5b, 0x02, 0x02, 0xbe, 
0x01, 0xa7, 0x1e, 0x01, 0x00, 0xba, 0x1e, 0x00, 0x03, 0x01, 0x18, 0x04, 0x01, 0x38, 0x02, 0xba, 0x02, 0x13, 0x63, 0x02, 
0x21, 0x3f, 0x01, 0x38, 0x02, 0x02, 0xc0, 0x10, 0x38, 0x02, 0x06, 0x02, 0xcb, 0x10, 0x38, 0x02, 0x02, 0x80, 0x01, 0xc7, 
0x10, 0x38, 0x02, 0x04, 0x82, 0x01, 0xd0, 0x0a, 0x64, 0x02, 0x04, 0x02, 0xd0, 0x01, 0x99, 0x1e, 0x01, 0x18, 0x02, 0xe5, 
0x1e, 0x64, 0x02, 0xa7, 0x00, 0x00, 0x00, 0xa0, 0x00, 0x00, 0x00, 0xaa, 0x00, 0x00, 0x00, 0xab, 0x00, 0x00, 0x00, 0xe5, 
0x1e, 0x35, 0x06, 0x9c, 0x00, 0x00, 0x00, 0xa0, 0x00, 0x00, 0x00, 0xad, 0x00, 0x00, 0x00, 0xab, 0x00, 0x00, 0x00, 0xe5, 
0x1e, 0x38, 0x04, 0x3f, 0x00, 0x00, 0x00, 0xa0, 0x00, 0x00, 0x00, 0xaf, 0x00, 0x00, 0x00, 0xab, 0x00, 0x00, 0x00, 0xc1, 
0x16, 0x5b, 0x04, 0x04, 0x3e, 0xb6, 0x1e, 0x01, 0x0a, 0x00, 0xba, 0x1e, 0x00, 0x03, 0x01, 0x18, 0x04, 0x33, 0x4b, 0x02, 
0x23, 0x3f, 0xae, 0x01, 0x3e, 0x01, 0x34, 0x87, 0x02, 0x87, 0x02, 0xc7, 0x16, 0x5b, 0x8a, 0x02, 0x8a, 0x02, 0xb4, 0x01, 
0xa7, 0x1e, 0x01, 0x00, 0xba, 0x1e, 0x00, 0x03, 0x01, 0x18, 0x04, 0xd2, 0x0a, 0x64, 0x02, 0x12, 0x1c, 0x02, 0x01, 0x68, 
0x02, 0xa8, 0x02, 0xb4, 0x0c, 0x67, 0x02, 0x02, 0xef, 0x0a, 0x35, 0x02, 0x02, 0x06, 0x02, 0x3f, 0xce, 0x10, 0x35, 0x02, 
0x02, 0x98, 0x02, 0x4b, 0x35, 0x02, 0x20, 0x02, 0x99, 0x1e, 0x0e, 0x18, 0x0d, 0xe5, 0x1e, 0x64, 0x15, 0xa9, 0x00, 0x00, 
0x00, 0xb2, 0x00, 0x00, 0x00, 0xb7, 0x00, 0x00, 0x00, 0xb6, 0x00, 0x00, 0x00, 0xe5, 0x1e, 0x35, 0x06, 0xac, 0x00, 0x00, 
0x00, 0xb2, 0x00, 0x00, 0x00, 0xbc, 0x00, 0x00, 0x00, 0xb6, 0x00, 0x00, 0x00, 0x99, 0x1e, 0x04, 0x18, 0x03, 0xc0, 0x10, 
0x38, 0x08, 0x02, 0xdc, 0x01, 0x99, 0x1e, 0x0e, 0x18, 0x04, 0x99, 0x1e, 0x24, 0x18, 0x23, 0xe5, 0x1e, 0x35, 0x3c, 0x9c, 
0x00, 0x00, 0x00, 0x87, 0x00, 0x00, 0x00, 0xac, 0x00, 0x00, 0x00, 0xb1, 0x00, 0x00, 0x00, 0xc7, 0x18, 0x38, 0x02, 0x56, 
0xa4, 0x01, 0xcb, 0x14, 0x5b, 0x02, 0x02, 0x80, 0x02, 0xa7, 0x1e, 0x01, 0x00, 0xba, 0x1e, 0x00, 0x03, 0x01, 0x18, 0x04, 
0x01, 0x3b, 0x02, 0xf8, 0x02, 0x01, 0x35, 0x02, 0xf8, 0x02, 0x3d, 0x37, 0x02, 0x0e, 0x0e, 0x18, 0x22, 0x74, 0x00, 0xe9, 
0x06, 0x32, 0x02, 0xea, 0x02, 0x76, 0x06, 0x04, 0x01, 0x37, 0x02, 0x78, 0xc1, 0x0a, 0x34, 0x02, 0x02, 0x00, 0xd2, 0x0a, 
0x35, 0x02, 0x02, 0x16, 0x00, 0xc1, 0x0a, 0x34, 0x02, 0x06, 0x01, 0xd2, 0x0a, 0x35, 0x02, 0x02, 0x04, 0x01, 0xc1, 0x0a, 
0x34, 0x02, 0x0a, 0x02, 0xd2, 0x0a, 0x35, 0x02, 0x02, 0x04, 0x02, 0x99, 0x1e, 0x18, 0x18, 0x17, 0xe5, 0x1e, 0x35, 0x1a, 
0xbd, 0x00, 0x00, 0x00, 0x9f, 0x00, 0x00, 0x00, 0xcc, 0x00, 0x00, 0x00, 0xc1, 0x00, 0x00, 0x00, 0xc1, 0x0a, 0x34, 0x02, 
0x02, 0x02, 0x4a, 0x34, 0x02, 0x02, 0xc2, 0x01, 0x4b, 0x34, 0x02, 0x02, 0xc2, 0x01, 0xd2, 0x0a, 0x35, 0x02, 0x02, 0x08, 
0x02, 0xc1, 0x12, 0x35, 0x02, 0x6e, 0x02, 0xc1, 0x0a, 0x34, 0x02, 0x02, 0x03, 0x5c, 0x34, 0x02, 0x01, 0x04, 0xd3, 0x01, 
0xc8, 0x16, 0x5b, 0x02, 0x02, 0xca, 0x01, 0xa7, 0x1e, 0x01, 0x00, 0xba, 0x1e, 0x00, 0x03, 0x01, 0x18, 0x04, 0xc8, 0x16, 
0x5b, 0x02, 0x0a, 0xfc, 0x01, 0xd9, 0x14, 0x34, 0x02, 0x02, 0xd0, 0x01, 0xd2, 0x01, 0xd2, 0x0a, 0x35, 0x02, 0x02, 0x10, 
0x03, 0x99, 0x1e, 0x08, 0x18, 0x07, 0xe5, 0x1e, 0x35, 0x0a, 0xd2, 0x00, 0x00, 0x00, 0xc0, 0x00, 0x00, 0x00, 0xda, 0x00, 
0x00, 0x00, 0xd7, 0x00, 0x00, 0x00, 0xc1, 0x0a, 0x34, 0x02, 0x02, 0x03, 0xc8, 0x10, 0x34, 0x02, 0x82, 0x02, 0x02, 0xce, 
0x10, 0x35, 0x02, 0x06, 0x02, 0xe0, 0x0a, 0x14, 0x02, 0x8c, 0x01, 0xd6, 0x01, 0x02, 0xcc, 0x01, 0xc1, 0x0a, 0x3d, 0x02, 
0x02, 0x00, 0xc1, 0x0a, 0x35, 0x02, 0x04, 0x02, 0xa7, 0x1e, 0x01, 0x00, 0xba, 0x1e, 0x86, 0x01, 0x03, 0x01, 0x18, 0x04, 
0x01, 0x38, 0x02, 0xc0, 0x03, 0x13, 0x63, 0x02, 0x21, 0x3f, 0x01, 0x38, 0x02, 0x02, 0xc0, 0x10, 0x38, 0x02, 0x06, 0x02, 
0xcb, 0x10, 0x38, 0x02, 0x02, 0x86, 0x02, 0xc7, 0x10, 0x38, 0x02, 0x04, 0x88, 0x02, 0xd0, 0x0a, 0x64, 0x02, 0x04, 0x02, 
0xd6, 0x02, 0x99, 0x1e, 0x01, 0x18, 0x02, 0xe5, 0x1e, 0x64, 0x02, 0xea, 0x00, 0x00, 0x00, 0xe3, 0x00, 0x00, 0x00, 0xed, 
0x00, 0x00, 0x00, 0xee, 0x00, 0x00, 0x00, 0xe5, 0x1e, 0x35, 0x06, 0x9c, 0x00, 0x00, 0x00, 0xe3, 0x00, 0x00, 0x00, 0xf0, 
0x00, 0x00, 0x00, 0xee, 0x00, 0x00, 0x00, 0xe5, 0x1e, 0x38, 0x04, 0x3f, 0x00, 0x00, 0x00, 0xe3, 0x00, 0x00, 0x00, 0xf2, 
0x00, 0x00, 0x00, 0xee, 0x00, 0x00, 0x00, 0xc1, 0x16, 0x5b, 0x04, 0x04, 0xc4, 0x01, 0xb6, 0x1e, 0x01, 0x0a, 0x00, 0xba, 
0x1e, 0x00, 0x03, 0x01, 0x18, 0x04, 0x33, 0x4b, 0x02, 0x23, 0x3f, 0xf1, 0x01, 0x3e, 0x01, 0x34, 0x8b, 0x03, 0x8b, 0x03, 
0xc7, 0x16, 0x5b, 0x8e, 0x03, 0x8e, 0x03, 0xba, 0x02, 0xa7, 0x1e, 0x01, 0x00, 0xba, 0x1e, 0x00, 0x03, 0x01, 0x18, 0x04, 
0xd2, 0x0a, 0x64, 0x02, 0x12, 0x1c, 0x02, 0x01, 0x68, 0x02, 0xae, 0x03, 0xb4, 0x0c, 0x67, 0x02, 0x02, 0xef, 0x0a, 0x35, 
0x02, 0x02, 0x06, 0x02, 0x3f, 0xce, 0x10, 0x35, 0x02, 0x02, 0x9c, 0x03, 0x4b, 0x35, 0x02, 0x20, 0x02, 0x99, 0x1e, 0x0e, 
0x18, 0x0d, 0xe5, 0x1e, 0x64, 0x15, 0xec, 0x00, 0x00, 0x00, 0xf5, 0x00, 0x00, 0x00, 0xfa, 0x00, 0x00, 0x00, 0xf9, 0x00, 
0x00, 0x00, 0xe5, 0x1e, 0x35, 0x06, 0xef, 0x00, 0x00, 0x00, 0xf5, 0x00, 0x00, 0x00, 0xff, 0x00, 0x00, 0x00, 0xf9, 0x00, 
0x00, 0x00, 0x99, 0x1e, 0x04, 0x18, 0x03, 0xc0, 0x10, 0x38, 0x08, 0x02, 0xe2, 0x02, 0x99, 0x1e, 0x0e, 0x18, 0x04, 0x99, 
0x1e, 0x24, 0x18, 0x23, 0xe5, 0x1e, 0x35, 0x3c, 0x9c, 0x00, 0x00, 0x00, 0xd6, 0x00, 0x00, 0x00, 0xef, 0x00, 0x00, 0x00, 
0xf4, 0x00, 0x00, 0x00, 0xa7, 0x1e, 0x01, 0x00, 0xba, 0x1e, 0x82, 0x01, 0x03, 0x01, 0x18, 0x04, 0x01, 0x3b, 0x02, 0xfa, 
0x03, 0x01, 0x35, 0x02, 0xfa, 0x03, 0x3d, 0x37, 0x02, 0x0a, 0x0a, 0x18, 0x22, 0xf8, 0x01, 0x00, 0xe9, 0x06, 0x32, 0x02, 
0xec, 0x03, 0xfa, 0x01, 0x06, 0x04, 0x01, 0x37, 0x02, 0xfc, 0x01, 0xc1, 0x0a, 0x34, 0x02, 0x02, 0x00, 0xd2, 0x0a, 0x35, 
0x02, 0x02, 0x86, 0x02, 0x00, 0xc1, 0x0a, 0x34, 0x02, 0x06, 0x01, 0xd2, 0x0a, 0x35, 0x02, 0x02, 0x04, 0x01, 0xc1, 0x0a, 
0x34, 0x02, 0x0a, 0x02, 0xd2, 0x0a, 0x35, 0x02, 0x02, 0x04, 0x02, 0x99, 0x1e, 0x18, 0x18, 0x17, 0xe5, 0x1e, 0x35, 0x1a, 
0x00, 0x01, 0x00, 0x00, 0xe2, 0x00, 0x00, 0x00, 0x0d, 0x01, 0x00, 0x00, 0x02, 0x01, 0x00, 0x00, 0x3d, 0x37, 0x02, 0x02, 
0x02, 0x18, 0xc1, 0x0a, 0x34, 0x02, 0x02, 0x00, 0xc1, 0x0a, 0x35, 0x02, 0x84, 0x02, 0x00, 0xce, 0x10, 0x35, 0x02, 0x02, 
0x04, 0xc1, 0x0a, 0x34, 0x02, 0x08, 0x01, 0xc1, 0x0a, 0x35, 0x02, 0x8a, 0x02, 0x01, 0xce, 0x10, 0x35, 0x02, 0x02, 0x04, 
0xc1, 0x0a, 0x34, 0x02, 0x0e, 0x02, 0xc1, 0x0a, 0x35, 0x02, 0x90, 0x02, 0x02, 0xce, 0x10, 0x35, 0x02, 0x02, 0x04, 0xc1, 
0x0a, 0x35, 0x02, 0x94, 0x02, 0x03, 0x4b, 0x35, 0x02, 0x04, 0x02, 0x4b, 0x35, 0x02, 0x0c, 0x02, 0x4b, 0x35, 0x02, 0x14, 
0x02, 0x01, 0x38, 0x02, 0xb4, 0x04, 0xcb, 0x10, 0x38, 0x02, 0x02, 0x8a, 0x04, 0x23, 0x48, 0x02, 0x1b, 0x4a, 0x9e, 0x02, 
0x01, 0x36, 0x02, 0x02, 0xc1, 0x12, 0x35, 0x02, 0x02, 0x0a, 0xce, 0x10, 0x3d, 0x02, 0x84, 0x01, 0xd0, 0x02, 0xc3, 0x10, 
0x3d, 0x02, 0x02, 0xbc, 0x02, 0xc1, 0x0a, 0x34, 0x02, 0x02, 0x00, 0xc1, 0x0a, 0x34, 0x02, 0x04, 0x01, 0xe0, 0x0a, 0x35, 
0x02, 0x04, 0x02, 0x98, 0x03, 0x94, 0x03, 0xc1, 0x0a, 0x34, 0x02, 0x02, 0x00, 0xc1, 0x0a, 0x34, 0x02, 0x04, 0x01, 0xc1, 
0x0a, 0x34, 0x02, 0x06, 0x02, 0xc1, 0x0a, 0x34, 0x02, 0x08, 0x03, 0xe0, 0x0a, 0x35, 0x02, 0x08, 0x06, 0x04, 0x02, 0xe0, 
0x0a, 0x36, 0x02, 0xf0, 0x02, 0xf0, 0x02, 0xf0, 0x02, 0x02, 0xe0, 0x0a, 0x14, 0x02, 0x9a, 0x01, 0x18, 0x98, 0x01, 0x02, 
0xc1, 0x0a, 0x3d, 0x02, 0x02, 0x00, 0xc1, 0x0a, 0x35, 0x02, 0x04, 0x01, 0xc1, 0x0a, 0x35, 0x02, 0x06, 0x02, 0x22, 0xcc, 
0x04, 0x04, 0x22, 0xca, 0x04, 0x02, 0x3d, 0x37, 0x02, 0x02, 0x02, 0x18, 0x13, 0x7d, 0x02, 0x0c, 0x3e, 0xc1, 0x0a, 0x34, 
0x02, 0x04, 0x00, 0x22, 0x02, 0x00, 0x13, 0x7d, 0x02, 0x0c, 0x40, 0xc1, 0x0a, 0x34, 0x02, 0x08, 0x01, 0x22, 0x02, 0x00, 
0x13, 0x7d, 0x02, 0x0c, 0x42, 0xc1, 0x0a, 0x34, 0x02, 0x0c, 0x02, 0x22, 0x02, 0x00, 0xc1, 0x0a, 0x36, 0x02, 0x16, 0x03, 
0xa7, 0x1e, 0x01, 0x00, 0xba, 0x1e, 0xb4, 0x02, 0x03, 0x01, 0x18, 0x04, 0x01, 0x38, 0x02, 0xee, 0x04, 0x13, 0x63, 0x02, 
0x21, 0x3f, 0x01, 0x38, 0x02, 0x02, 0xc0, 0x10, 0x38, 0x02, 0x06, 0x02, 0xcb, 0x10, 0x38, 0x02, 0x02, 0xb4, 0x03, 0xc7, 
0x10, 0x38, 0x02, 0x04, 0xb6, 0x03, 0xd0, 0x0a, 0x64, 0x02, 0x04, 0x02, 0x84, 0x04, 0x99, 0x1e, 0x01, 0x18, 0x02, 0xe5, 
0x1e, 0x64, 0x02, 0x41, 0x01, 0x00, 0x00, 0x3a, 0x01, 0x00, 0x00, 0x44, 0x01, 0x00, 0x00, 0x45, 0x01, 0x00, 0x00, 0xe5, 
0x1e, 0x35, 0x06, 0x9c, 0x00, 0x00, 0x00, 0x3a, 0x01, 0x00, 0x00, 0x47, 0x01, 0x00, 0x00, 0x45, 0x01, 0x00, 0x00, 0xe5, 
0x1e, 0x38, 0x04, 0x3f, 0x00, 0x00, 0x00, 0x3a, 0x01, 0x00, 0x00, 0x49, 0x01, 0x00, 0x00, 0x45, 0x01, 0x00, 0x00, 0xc1, 
0x16, 0x5b, 0x04, 0x04, 0xf2, 0x02, 0xb6, 0x1e, 0x01, 0x0a, 0x00, 0xba, 0x1e, 0x00, 0x03, 0x01, 0x18, 0x04, 0x33, 0x4b, 
0x02, 0x23, 0x3f, 0xc8, 0x02, 0x3e, 0x01, 0x34, 0xb7, 0x04, 0xb7, 0x04, 0xc7, 0x16, 0x5b, 0xba, 0x04, 0xba, 0x04, 0xe8, 
0x03, 0xa7, 0x1e, 0x01, 0x00, 0xba, 0x1e, 0x00, 0x03, 0x01, 0x18, 0x04, 0xd2, 0x0a, 0x64, 0x02, 0x12, 0x1c, 0x02, 0x01, 
0x68, 0x02, 0xdc, 0x04, 0xb4, 0x0c, 0x67, 0x02, 0x02, 0xef, 0x0a, 0x35, 0x02, 0x02, 0x06, 0x02, 0x3f, 0xce, 0x10, 0x35, 
0x02, 0x02, 0xc8, 0x04, 0x4b, 0x35, 0x02, 0x20, 0x02, 0x99, 0x1e, 0x0e, 0x18, 0x0d, 0xe5, 0x1e, 0x64, 0x15, 0x43, 0x01, 
0x00, 0x00, 0x4c, 0x01, 0x00, 0x00, 0x51, 0x01, 0x00, 0x00, 0x50, 0x01, 0x00, 0x00, 0xe5, 0x1e, 0x35, 0x06, 0x46, 0x01, 
0x00, 0x00, 0x4c, 0x01, 0x00, 0x00, 0x56, 0x01, 0x00, 0x00, 0x50, 0x01, 0x00, 0x00, 0x99, 0x1e, 0x04, 0x18, 0x03, 0xc0, 
0x10, 0x38, 0x08, 0x02, 0x90, 0x04, 0x99, 0x1e, 0x0e, 0x18, 0x04, 0x99, 0x1e, 0x24, 0x18, 0x23, 0xe5, 0x1e, 0x35, 0x3c, 
0x9c, 0x00, 0x00, 0x00, 0x01, 0x01, 0x00, 0x00, 0x46, 0x01, 0x00, 0x00, 0x4b, 0x01, 0x00, 0x00, 0xa7, 0x1e, 0x01, 0x00, 
0xba, 0x1e, 0xb0, 0x02, 0x03, 0x01, 0x18, 0x04, 0x01, 0x3b, 0x02, 0xa8, 0x05, 0x01, 0x35, 0x02, 0xa8, 0x05, 0x3d, 0x37, 
0x02, 0x0a, 0x0a, 0x18, 0x22, 0xa8, 0x03, 0x00, 0xe9, 0x06, 0x32, 0x02, 0x9a, 0x05, 0xaa, 0x03, 0x06, 0x04, 0x01, 0x37, 
0x02, 0xac, 0x03, 0xc1, 0x0a, 0x34, 0x02, 0x02, 0x00, 0xd2, 0x0a, 0x35, 0x02, 0x02, 0x12, 0x00, 0xc1, 0x0a, 0x34, 0x02, 
0x06, 0x01, 0xd2, 0x0a, 0x35, 0x02, 0x02, 0x04, 0x01, 0xc1, 0x0a, 0x34, 0x02, 0x0a, 0x02, 0xd2, 0x0a, 0x35, 0x02, 0x02, 
0x04, 0x02, 0x99, 0x1e, 0x18, 0x18, 0x17, 0xe5, 0x1e, 0x35, 0x1a, 0x57, 0x01, 0x00, 0x00, 0x39, 0x01, 0x00, 0x00, 0x64, 
0x01, 0x00, 0x00, 0x59, 0x01, 0x00, 0x00, 0xc1, 0x12, 0x35, 0x02, 0x5c, 0x02, 0xc1, 0x0a, 0x34, 0x02, 0x02, 0x02, 0x4a, 
0x34, 0x02, 0x02, 0xf4, 0x03, 0x4b, 0x34, 0x02, 0x02, 0xf4, 0x03, 0xd2, 0x0a, 0x35, 0x02, 0x02, 0x08, 0x02, 0x13, 0x48, 
0x02, 0x1b, 0x3f, 0x01, 0x36, 0x02, 0x02, 0xe0, 0x0a, 0x14, 0x02, 0x7e, 0x7c, 0x7a, 0xd2, 0x03, 0xc1, 0x0a, 0x35, 0x02, 
0x02, 0x02, 0xc1, 0x12, 0x35, 0x02, 0x06, 0x02, 0xc1, 0x0a, 0x34, 0x02, 0x02, 0x02, 0x3f, 0x34, 0x02, 0x02, 0x13, 0x4b, 
0x02, 0x1b, 0x7e, 0x01, 0x34, 0x02, 0x02, 0x4a, 0x34, 0x02, 0x06, 0x02, 0x13, 0x4b, 0x02, 0x1b, 0x7f, 0x01, 0x34, 0x02, 
0x02, 0xc3, 0x10, 0x34, 0x02, 0x06, 0x02, 0x4a, 0x34, 0x02, 0x02, 0xfc, 0x03, 0xc3, 0x10, 0x34, 0x02, 0x02, 0xba, 0x04, 
0x13, 0x7d, 0x02, 0x0c, 0x59, 0x22, 0x00, 0x02, 0x22, 0xda, 0x05, 0x20, 0x01, 0x38, 0x02, 0xf0, 0x05, 0xcb, 0x10, 0x38, 
0x02, 0x02, 0xc6, 0x05, 0xbf, 0x0c, 0x34, 0x02, 0xc8, 0x05, 0xc8, 0x10, 0x34, 0x02, 0x88, 0x04, 0x02, 0xc8, 0x10, 0x34, 
0x02, 0x02, 0x8a, 0x04, 0x4b, 0x34, 0x02, 0x80, 0x04, 0x02, 0xbf, 0x0c, 0x34, 0x02, 0x0a, 0x4a, 0x34, 0x02, 0x08, 0x02, 
0x4b, 0x34, 0x02, 0x06, 0x02, 0xc8, 0x10, 0x34, 0x02, 0xd0, 0x04, 0x0e, 0xc1, 0x0a, 0x34, 0x02, 0x36, 0x00, 0x4a, 0x34, 
0x02, 0x02, 0x04, 0xd2, 0x0a, 0x35, 0x02, 0x02, 0x3a, 0x00, 0xc1, 0x0a, 0x34, 0x02, 0x02, 0x03, 0x4a, 0x34, 0x02, 0x0c, 
0x02, 0xc1, 0x0a, 0x34, 0x02, 0x06, 0x00, 0x4b, 0x34, 0x02, 0x02, 0x04, 0xd2, 0x0a, 0x35, 0x02, 0x02, 0x0a, 0x00, 0xc1, 
0x0a, 0x34, 0x02, 0x02, 0x00, 0xc3, 0x10, 0x34, 0x02, 0xe4, 0x04, 0x18, 0xc1, 0x0a, 0x34, 0x02, 0x06, 0x03, 0x4a, 0x34, 
0x02, 0x04, 0x02, 0x4b, 0x34, 0x02, 0x08, 0x02, 0xc0, 0x10, 0x38, 0x02, 0x2c, 0xa2, 0x05, 0xbf, 0x0c, 0x34, 0x02, 0x02, 
0x4a, 0x34, 0x02, 0x2c, 0x02, 0xc3, 0x10, 0x34, 0x02, 0xf2, 0x04, 0x02, 0x4a, 0x34, 0x02, 0x02, 0x0e, 0x4b, 0x34, 0x02, 
0x14, 0x02, 0x13, 0x7d, 0x02, 0x0e, 0x3f, 0x22, 0x00, 0x0e, 0x3f, 0x34, 0x02, 0x04, 0x13, 0x7d, 0x02, 0x0e, 0x41, 0x22, 
0x00, 0x02, 0xc1, 0x0a, 0x34, 0x02, 0x1e, 0x01, 0x3f, 0x34, 0x02, 0x02, 0xd2, 0x0a, 0x35, 0x02, 0x02, 0x22, 0x01, 0x13, 
0x7c, 0x02, 0x0f, 0x3f, 0x22, 0x00, 0x02, 0x22, 0xb6, 0x06, 0xa2, 0x04, 0x8d, 0x1e, 0x88, 0x06, 0xc6, 0x06, 0x32, 0x9b, 
0x06, 0x00, 0x3c, 0xa7, 0x06, 0x39, 0x02, 0xa7, 0x06, 0x3b, 0x02, 0xa7, 0x06, 0x35, 0x02, 0x18, 0x98, 0x06, 0xc1, 0x0a, 
0x34, 0x02, 0x9a, 0x06, 0x03, 0xce, 0x16, 0x5b, 0x02, 0x02, 0x8e, 0x05, 0xa7, 0x1e, 0x01, 0x00, 0xba, 0x1e, 0x00, 0x03, 
0x01, 0x18, 0x04, 0xc1, 0x0a, 0x34, 0x02, 0xa2, 0x06, 0x00, 0xc1, 0x0a, 0x3a, 0x02, 0xa6, 0x06, 0x00, 0x01, 0x37, 0x02, 
0xaa, 0x06, 0x33, 0x58, 0x02, 0x1e, 0x3f, 0xa5, 0x03, 0x3f, 0x01, 0x55, 0x02, 0x02, 0xb4, 0x0a, 0x54, 0x02, 0xa8, 0x01, 
0x00, 0x00, 0xc1, 0x0a, 0x34, 0x02, 0x08, 0x00, 0xc1, 0x0a, 0x37, 0x02, 0x04, 0x00, 0xce, 0x10, 0x37, 0x02, 0x02, 0x04, 
0xc1, 0x0a, 0x34, 0x02, 0x0e, 0x01, 0xc1, 0x0a, 0x37, 0x02, 0x0a, 0x01, 0xce, 0x10, 0x37, 0x02, 0x02, 0x04, 0xc1, 0x0a, 
0x34, 0x02, 0x14, 0x02, 0xc1, 0x0a, 0x37, 0x02, 0x10, 0x02, 0xce, 0x10, 0x37, 0x02, 0x02, 0x04, 0xc1, 0x0a, 0x37, 0x02, 
0x14, 0x03, 0x4b, 0x37, 0x02, 0x04, 0x02, 0x4b, 0x37, 0x02, 0x0c, 0x02, 0x4b, 0x37, 0x02, 0x14, 0x02, 0xce, 0x10, 0x37, 
0x02, 0x02, 0x26, 0xc1, 0x0a, 0x34, 0x02, 0xca, 0x06, 0x01, 0xc1, 0x0a, 0x3a, 0x02, 0xce, 0x06, 0x01, 0x01, 0x37, 0x02, 
0xd2, 0x06, 0x33, 0x58, 0x02, 0x1e, 0x3f, 0xb9, 0x03, 0x3f, 0x01, 0x55, 0x02, 0x02, 0xb4, 0x0a, 0x54, 0x02, 0xbc, 0x01, 
0x00, 0x00, 0xc1, 0x0a, 0x34, 0x02, 0x08, 0x00, 0xc1, 0x0a, 0x37, 0x02, 0x04, 0x00, 0xce, 0x10, 0x37, 0x02, 0x02, 0x04, 
0xc1, 0x0a, 0x34, 0x02, 0x0e, 0x01, 0xc1, 0x0a, 0x37, 0x02, 0x0a, 0x01, 0xce, 0x10, 0x37, 0x02, 0x02, 0x04, 0xc1, 0x0a, 
0x34, 0x02, 0x14, 0x02, 0xc1, 0x0a, 0x37, 0x02, 0x10, 0x02, 0xce, 0x10, 0x37, 0x02, 0x02, 0x04, 0xc1, 0x0a, 0x37, 0x02, 
0x14, 0x03, 0x4b, 0x37, 0x02, 0x04, 0x02, 0x4b, 0x37, 0x02, 0x0c, 0x02, 0x4b, 0x37, 0x02, 0x14, 0x02, 0xce, 0x10, 0x37, 
0x02, 0x02, 0x26, 0x4b, 0x37, 0x02, 0x2a, 0x02, 0xc1, 0x0a, 0x34, 0x02, 0xf4, 0x06, 0x02, 0xc1, 0x0a, 0x3a, 0x02, 0xf8, 
0x06, 0x02, 0x01, 0x37, 0x02, 0xfc, 0x06, 0x33, 0x58, 0x02, 0x1e, 0x3f, 0xce, 0x03, 0x3f, 0x01, 0x55, 0x02, 0x02, 0xb4, 
0x0a, 0x54, 0x02, 0xd1, 0x01, 0x00, 0x00, 0xc1, 0x0a, 0x34, 0x02, 0x08, 0x00, 0xc1, 0x0a, 0x37, 0x02, 0x04, 0x00, 0xce, 
0x10, 0x37, 0x02, 0x02, 0x04, 0xc1, 0x0a, 0x34, 0x02, 0x0e, 0x01, 0xc1, 0x0a, 0x37, 0x02, 0x0a, 0x01, 0xce, 0x10, 0x37, 
0x02, 0x02, 0x04, 0xc1, 0x0a, 0x34, 0x02, 0x14, 0x02, 0xc1, 0x0a, 0x37, 0x02, 0x10, 0x02, 0xce, 0x10, 0x37, 0x02, 0x02, 
0x04, 0xc1, 0x0a, 0x37, 0x02, 0x14, 0x03, 0x4b, 0x37, 0x02, 0x04, 0x02, 0x4b, 0x37, 0x02, 0x0c, 0x02, 0x4b, 0x37, 0x02, 
0x14, 0x02, 0xce, 0x10, 0x37, 0x02, 0x02, 0x26, 0x4b, 0x37, 0x02, 0x2a, 0x02, 0xc1, 0x0a, 0x3a, 0x02, 0xa0, 0x07, 0x03, 
0x01, 0x37, 0x02, 0xa4, 0x07, 0x33, 0x58, 0x02, 0x1e, 0x3f, 0xe2, 0x03, 0x3f, 0x01, 0x55, 0x02, 0x02, 0xb4, 0x0a, 0x54, 
0x02, 0xe5, 0x01, 0x00, 0x00, 0xc1, 0x0a, 0x34, 0x02, 0x08, 0x00, 0xc1, 0x0a, 0x37, 0x02, 0x04, 0x00, 0xce, 0x10, 0x37, 
0x02, 0x02, 0x04, 0xc1, 0x0a, 0x34, 0x02, 0x0e, 0x01, 0xc1, 0x0a, 0x37, 0x02, 0x0a, 0x01, 0xce, 0x10, 0x37, 0x02, 0x02, 
0x04, 0xc1, 0x0a, 0x34, 0x02, 0x14, 0x02, 0xc1, 0x0a, 0x37, 0x02, 0x10, 0x02, 0xce, 0x10, 0x37, 0x02, 0x02, 0x04, 0xc1, 
0x0a, 0x37, 0x02, 0x14, 0x03, 0x4b, 0x37, 0x02, 0x04, 0x02, 0x4b, 0x37, 0x02, 0x0c, 0x02, 0x4b, 0x37, 0x02, 0x14, 0x02, 
0xce, 0x10, 0x37, 0x02, 0x02, 0xa8, 0x01, 0x4b, 0x37, 0x02, 0x28, 0x02, 0x22, 0xc8, 0x07, 0x00, 0x8d, 0x1e, 0x18, 0xa5, 
0x01, 0xc1, 0x0a, 0x34, 0xa8, 0x01, 0xc6, 0x07, 0x00, 0xc1, 0x0a, 0x3a, 0x02, 0xca, 0x07, 0x00, 0x01, 0x37, 0x02, 0xce, 
0x07, 0x33, 0x58, 0x02, 0x1e, 0x3f, 0xf7, 0x03, 0x3f, 0x01, 0x55, 0x02, 0x02, 0xb4, 0x0a, 0x54, 0x02, 0xfa, 0x01, 0x00, 
0x00, 0xc1, 0x0a, 0x34, 0x02, 0x08, 0x00, 0xc1, 0x0a, 0x37, 0x02, 0x04, 0x00, 0xce, 0x10, 0x37, 0x02, 0x02, 0x04, 0xc1, 
0x0a, 0x34, 0x02, 0x0e, 0x01, 0xc1, 0x0a, 0x37, 0x02, 0x0a, 0x01, 0xce, 0x10, 0x37, 0x02, 0x02, 0x04, 0xc1, 0x0a, 0x34, 
0x02, 0x14, 0x02, 0xc1, 0x0a, 0x37, 0x02, 0x10, 0x02, 0xce, 0x10, 0x37, 0x02, 0x02, 0x04, 0xc1, 0x0a, 0x37, 0x02, 0x14, 
0x03, 0x4b, 0x37, 0x02, 0x04, 0x02, 0x4b, 0x37, 0x02, 0x0c, 0x02, 0x4b, 0x37, 0x02, 0x14, 0x02, 0xce, 0x10, 0x37, 0x02, 
0x02, 0x26, 0xc1, 0x0a, 0x34, 0x02, 0xee, 0x07, 0x01, 0xc1, 0x0a, 0x3a, 0x02, 0xf2, 0x07, 0x01, 0x01, 0x37, 0x02, 0xf6, 
0x07, 0x33, 0x58, 0x02, 0x1e, 0x3f, 0x8b, 0x04, 0x3f, 0x01, 0x55, 0x02, 0x02, 0xb4, 0x0a, 0x54, 0x02, 0x0e, 0x02, 0x00, 
0x00, 0xc1, 0x0a, 0x34, 0x02, 0x08, 0x00, 0xc1, 0x0a, 0x37, 0x02, 0x04, 0x00, 0xce, 0x10, 0x37, 0x02, 0x02, 0x04, 0xc1, 
0x0a, 0x34, 0x02, 0x0e, 0x01, 0xc1, 0x0a, 0x37, 0x02, 0x0a, 0x01, 0xce, 0x10, 0x37, 0x02, 0x02, 0x04, 0xc1, 0x0a, 0x34, 
0x02, 0x14, 0x02, 0xc1, 0x0a, 0x37, 0x02, 0x10, 0x02, 0xce, 0x10, 0x37, 0x02, 0x02, 0x04, 0xc1, 0x0a, 0x37, 0x02, 0x14, 
0x03, 0x4b, 0x37, 0x02, 0x04, 0x02, 0x4b, 0x37, 0x02, 0x0c, 0x02, 0x4b, 0x37, 0x02, 0x14, 0x02, 0xce, 0x10, 0x37, 0x02, 
0x02, 0x26, 0x4b, 0x37, 0x02, 0x2a, 0x02, 0xc1, 0x0a, 0x34, 0x02, 0x98, 0x08, 0x02, 0xc1, 0x0a, 0x3a, 0x02, 0x9c, 0x08, 
0x02, 0x01, 0x37, 0x02, 0xa0, 0x08, 0x33, 0x58, 0x02, 0x1e, 0x3f, 0xa0, 0x04, 0x3f, 0x01, 0x55, 0x02, 0x02, 0xb4, 0x0a, 
0x54, 0x02, 0x23, 0x02, 0x00, 0x00, 0xc1, 0x0a, 0x34, 0x02, 0x08, 0x00, 0xc1, 0x0a, 0x37, 0x02, 0x04, 0x00, 0xce, 0x10, 
0x37, 0x02, 0x02, 0x04, 0xc1, 0x0a, 0x34, 0x02, 0x0e, 0x01, 0xc1, 0x0a, 0x37, 0x02, 0x0a, 0x01, 0xce, 0x10, 0x37, 0x02, 
0x02, 0x04, 0xc1, 0x0a, 0x34, 0x02, 0x14, 0x02, 0xc1, 0x0a, 0x37, 0x02, 0x10, 0x02, 0xce, 0x10, 0x37, 0x02, 0x02, 0x04, 
0xc1, 0x0a, 0x37, 0x02, 0x14, 0x03, 0x4b, 0x37, 0x02, 0x04, 0x02, 0x4b, 0x37, 0x02, 0x0c, 0x02, 0x4b, 0x37, 0x02, 0x14, 
0x02, 0xce, 0x10, 0x37, 0x02, 0x02, 0x26, 0x4b, 0x37, 0x02, 0x2a, 0x02, 0x3f, 0x34, 0x02, 0xa8, 0x02, 0xc3, 0x10, 0x34, 
0x02, 0x02, 0xb2, 0x07, 0xbd, 0x0c, 0x3a, 0x02, 0x02, 0xc1, 0x0a, 0x3a, 0x02, 0xca, 0x08, 0x03, 0xc2, 0x10, 0x3a, 0x02, 
0x02, 0xbe, 0x07, 0xc0, 0x10, 0x3a, 0x02, 0x06, 0x02, 0x99, 0x1e, 0x01, 0x18, 0x02, 0xe5, 0x1e, 0x37, 0x02, 0x33, 0x02, 
0x00, 0x00, 0xa2, 0x01, 0x00, 0x00, 0x3c, 0x02, 0x00, 0x00, 0x3d, 0x02, 0x00, 0x00, 0xe5, 0x1e, 0x3a, 0x06, 0x36, 0x02, 
0x00, 0x00, 0xa2, 0x01, 0x00, 0x00, 0x3f, 0x02, 0x00, 0x00, 0x3d, 0x02, 0x00, 0x00, 0xc0, 0x16, 0x5b, 0x04, 0x04, 0x0e, 
0xb6, 0x1e, 0x01, 0x06, 0x00, 0xba, 0x1e, 0x00, 0x06, 0x01, 0x18, 0x05, 0xc9, 0x10, 0x3a, 0x0a, 0x08, 0xc8, 0x07, 0xbc, 
0x0e, 0x38, 0x02, 0x02, 0xc6, 0x10, 0x3a, 0x02, 0x0c, 0xcc, 0x07, 0xbc, 0x0e, 0x38, 0x02, 0x02, 0xc0, 0x0a, 0x5d, 0x02, 
0x06, 0x02, 0x01, 0x60, 0x02, 0xd0, 0x08, 0xb4, 0x0c, 0x5f, 0x02, 0x02, 0xef, 0x0a, 0x35, 0x02, 0x02, 0x06, 0x02, 0x3f, 
0x2d, 0x3d, 0x02, 0x02, 0x02, 0x10, 0xc1, 0x0a, 0x34, 0x02, 0x02, 0x00, 0xbd, 0x0c, 0x3a, 0x02, 0x02, 0x01, 0x37, 0x02, 
0xf8, 0x08, 0x33, 0x58, 0x02, 0x1e, 0x3f, 0xcc, 0x04, 0x3f, 0x01, 0x55, 0x02, 0x02, 0xb4, 0x0a, 0x54, 0x02, 0x4f, 0x02, 
0x00, 0x00, 0xc1, 0x0a, 0x34, 0x02, 0x08, 0x00, 0xc1, 0x0a, 0x37, 0x02, 0x04, 0x00, 0xce, 0x10, 0x37, 0x02, 0x02, 0x04, 
0xc1, 0x0a, 0x34, 0x02, 0x0e, 0x01, 0xc1, 0x0a, 0x37, 0x02, 0x0a, 0x01, 0xce, 0x10, 0x37, 0x02, 0x02, 0x04, 0xc1, 0x0a, 
0x34, 0x02, 0x14, 0x02, 0xc1, 0x0a, 0x37, 0x02, 0x10, 0x02, 0xce, 0x10, 0x37, 0x02, 0x02, 0x04, 0xc1, 0x0a, 0x37, 0x02, 
0x14, 0x03, 0x4b, 0x37, 0x02, 0x04, 0x02, 0x4b, 0x37, 0x02, 0x0c, 0x02, 0x4b, 0x37, 0x02, 0x14, 0x02, 0xc1, 0x0a, 0x34, 
0x02, 0x28, 0x01, 0xce, 0x10, 0x37, 0x02, 0x04, 0x02, 0x4b, 0x37, 0x45, 0x02, 0x45, 0xc0, 0x10, 0x3a, 0x06, 0x02, 0xfc, 
0x07, 0x99, 0x1e, 0x0a, 0x18, 0x04, 0x22, 0xe0, 0x08, 0x0c, 0x8d, 0x1e, 0x88, 0x06, 0x00, 0x00, 0x00, 0x00, 0x00, 0x00, 
0x33, 0x08, 0x00, 0x00, 0x00, 0x00, 0x00, 0x00, 0x4c, 0x4f, 0x4d, 0x53, 0x00, 0x03, 0x01, 0x00, 0x0b, 0x00, 0x08, 0x00, 
0x47, 0x62, 0x00, 0x00, 0x00, 0x00, 0x00, 0x00, 0x80, 0x1a, 0x00, 0x00, 0x91, 0x02, 0x01, 0xd1, 0x10, 0x02, 0x47, 0x4c, 
0x53, 0x4c, 0x2e, 0x73, 0x74, 0x64, 0x2e, 0x34, 0x35, 0x30, 0x00, 0x00, 0x00, 0x00, 0xa0, 0x04, 0x00, 0x01, 0xdf, 0x0f, 
0x00, 0x9f, 0x2c, 0xed, 0xc2, 0xa5, 0xf3, 0x06, 0x00, 0x82, 0x1f, 0xcf, 0x2d, 0x8c, 0x1a, 0xb0, 0x23, 0x84, 0x28, 0xed, 
0x17, 0xab, 0x22, 0xd9, 0x1b, 0xc2, 0x26, 0x10, 0xc6, 0x21, 0x06, 0x10, 0x37, 0xf5, 0x19, 0x0b, 0x00, 0x05, 0x00, 0x07, 
0x01, 0x10, 0x00, 0x23, 0x00, 0x01, 0x05, 0x00, 0x07, 0x01, 0x10, 0x00, 0x23, 0x40, 0x01, 0x23, 0x30, 0x01, 0x23, 0x04, 
0x01, 0x23, 0x04, 0x01, 0x23, 0x04, 0x01, 0x23, 0x04, 0x10, 0xf6, 0x46, 0x01, 0x01, 0x10, 0xd9, 0x4a, 0x06, 0x80, 0x02, 
0x00, 0xea, 0x12, 0x02, 0x47, 0x00, 0x01, 0x00, 0x23, 0x00, 0x10, 0xde, 0x1c, 0x21, 0x00, 0x10, 0x00, 0x22, 0x01, 0x10, 
0xd5, 0x0b, 0x06, 0x40, 0x10, 0x02, 0x06, 0x40, 0x10, 0x85, 0x01, 0x06, 0x10, 0x10, 0xa6, 0x08, 0x06, 0x10, 0x10, 0xdf, 
0x2c, 0x06, 0x10, 0x00, 0xac, 0x05, 0x02, 0x37, 0x00, 0x88, 0x00, 0x05, 0x00, 0x07, 0x01, 0x10, 0x00, 0x23, 0x00, 0x01, 
0x05, 0x00, 0x07, 0x01, 0x10, 0x00, 0x23, 0x40, 0x01, 0x05, 0x00, 0x07, 0x01, 0x10, 0x00, 0x23, 0x40, 0x01, 0x05, 0x00, 
0x07, 0x01, 0x10, 0x00, 0x23, 0x40, 0x01, 0x05, 0x00, 0x07, 0x01, 0x10, 0x00, 0x23, 0x40, 0x01, 0x05, 0x00, 0x07, 0x01, 
0x10, 0x00, 0x23, 0x80, 0x02, 0x01, 0x05, 0x00, 0x07, 0x01, 0x10, 0x00, 0x23, 0x80, 0x02, 0x01, 0x05, 0x00, 0x07, 0x01, 
0x10, 0x00, 0x23, 0x40, 0x01, 0x23, 0x40, 0x01, 0x23, 0x10, 0x01, 0x23, 0x08, 0x01, 0x23, 0x04, 0x01, 0x23, 0x04, 0x01, 
0x23, 0x10, 0x01, 0x23, 0x10, 0x01, 0x23, 0x08, 0x01, 0x23, 0x08, 0x01, 0x23, 0x04, 0x01, 0x00, 0x00, 0x23, 0x04, 0x01, 
0x23, 0x08, 0x01, 0x23, 0x04, 0x01, 0x23, 0x04, 0x01, 0x23, 0x04, 0x01, 0x23, 0x04, 0x01, 0x23, 0x04, 0x01, 0x00, 0x00, 
0x23, 0x04, 0x01, 0x00, 0x00, 0x23, 0x04, 0x01, 0x00, 0x00, 0x23, 0x04, 0x01, 0x00, 0x00, 0x23, 0x10, 0x01, 0x00, 0x00, 
0x23, 0x0c, 0x01, 0x00, 0x00, 0x23, 0x04, 0x01, 0x00, 0x00, 0x23, 0x08, 0x01, 0x00, 0x00, 0x23, 0x04, 0x01, 0x00, 0x00, 
0x23, 0x04, 0x01, 0x00, 0x00, 0x23, 0x04, 0x01, 0x23, 0x04, 0x01, 0x00, 0x00, 0x23, 0x04, 0x01, 0x00, 0x00, 0x23, 0x04, 
0x01, 0x23, 0x90, 0x01, 0x01, 0x00, 0x00, 0x23, 0x0c, 0x01, 0x23, 0x04, 0x01, 0x23, 0x10, 0x01, 0x23, 0x10, 0x01, 0x00, 
0x00, 0x23, 0x08, 0x01, 0x00, 0x00, 0x23, 0x04, 0x01, 0x23, 0x04, 0x01, 0x00, 0x00, 0x23, 0x08, 0x01, 0x00, 0x00, 0x23, 
0x04, 0x01, 0x23, 0x04, 0x01, 0x00, 0x00, 0x23, 0x10, 0x01, 0x00, 0x00, 0x23, 0x04, 0x01, 0x23, 0x04, 0x01, 0x00, 0x00, 
0x23, 0x08, 0x01, 0x23, 0x04, 0x01, 0x00, 0x00, 0x23, 0x04, 0x01, 0x00, 0x00, 0x23, 0x04, 0x01, 0x23, 0x04, 0x01, 0x23, 
0x0c, 0x01, 0x23, 0x04, 0x01, 0x23, 0x04, 0x01, 0x23, 0x04, 0x01, 0x23, 0x04, 0x01, 0x23, 0x04, 0x01, 0x23, 0x0c, 0x01, 
0x23, 0x04, 0x01, 0x23, 0x04, 0x01, 0x23, 0x04, 0x01, 0x23, 0x04, 0x01, 0x05, 0x00, 0x07, 0x01, 0x10, 0x00, 0x23, 0x04, 
0x01, 0x23, 0x30, 0x01, 0x23, 0x08, 0x01, 0x05, 0x00, 0x07, 0x01, 0x10, 0x00, 0x23, 0x08, 0x01, 0x05, 0x00, 0x07, 0x01, 
0x10, 0x00, 0x23, 0x40, 0x01, 0x00, 0x00, 0x23, 0x40, 0x01, 0x00, 0x00, 0x23, 0x04, 0x01, 0x00, 0x00, 0x23, 0x04, 0x01, 
0x00, 0x00, 0x23, 0x04, 0x01, 0x23, 0x04, 0x01, 0x23, 0x40, 0x01, 0x00, 0x00, 0x23, 0x04, 0x01, 0x00, 0x00, 0x23, 0x04, 
0x01, 0x00, 0x00, 0x23, 0x04, 0x01, 0x00, 0x00, 0x23, 0x04, 0x10, 0xbe, 0x37, 0x21, 0x00, 0x10, 0x00, 0x22, 0x00, 0x10, 
0x85, 0x01, 0x1e, 0x00, 0x10, 0x9a, 0x1d, 0x1e, 0x03, 0x00, 0x85, 0x27, 0x0e, 0x10, 0x00, 0x1e, 0x0a, 0x10, 0xc8, 0x12, 
0x0b, 0x2b, 0x10, 0xa8, 0x09, 0x1e, 0x05, 0x10, 0xad, 0x20, 0x1e, 0x00, 0x10, 0xfc, 0x14, 0x1e, 0x06, 0x10, 0xa3, 0x0d, 
0x1e, 0x09, 0x00, 0xd1, 0x19, 0x02, 0x47, 0x00, 0x04, 0x00, 0x0b, 0x01, 0x00, 0x01, 0x0b, 0x01, 0x01, 0x01, 0x0b, 0x01, 
0x03, 0x01, 0x0b, 0x01, 0x04, 0x93, 0x02, 0x0e, 0xa1, 0x04, 0xf4, 0x13, 0x08, 0xa6, 0x02, 0xe9, 0x13, 0x20, 0xb7, 0x02, 
0x20, 0x0d, 0x04, 0xb8, 0x02, 0x90, 0x01, 0x1d, 0x04, 0xb7, 0x02, 0x99, 0x01, 0x0d, 0x03, 0xb5, 0x02, 0x17, 0x20, 0x01, 
0xb7, 0x02, 0x0e, 0x0d, 0x02, 0xde, 0x02, 0xec, 0x18, 0x13, 0x1d, 0x1d, 0x65, 0xb5, 0x02, 0xfb, 0x18, 0x20, 0x00, 0xbb, 
0x04, 0x0b, 0xfe, 0x27, 0x00, 0x00, 0x00, 0x00, 0xbb, 0x04, 0x0c, 0x02, 0x00, 0x00, 0x00, 0x00, 0xbb, 0x04, 0x0b, 0x04, 
0x01, 0x00, 0x00, 0x00, 0xbb, 0x04, 0x0b, 0x06, 0x02, 0x00, 0x00, 0x00, 0xb8, 0x02, 0x93, 0x27, 0x18, 0x03, 0xbb, 0x04, 
0x0b, 0xb8, 0x27, 0x08, 0x00, 0x00, 0x00, 0xbc, 0x02, 0xfd, 0x06, 0x1d, 0xa2, 0x14, 0x8e, 0x03, 0xf5, 0x19, 0x65, 0x46, 
0x0c, 0x0c, 0x0c, 0x0d, 0xe3, 0x10, 0xb2, 0x06, 0x0c, 0xf6, 0x46, 0x40, 0x00, 0x00, 0x00, 0xbc, 0x02, 0xd9, 0x4a, 0xe8, 
0x03, 0xa3, 0x27, 0xae, 0x02, 0xea, 0x12, 0xf6, 0x01, 0x3e, 0xfa, 0x09, 0x02, 0xab, 0x0b, 0x39, 0xa8, 0x10, 0xe4, 0x12, 
0x02, 0x3e, 0xef, 0x27, 0x02, 0x65, 0xbb, 0x04, 0x0c, 0xf0, 0x1c, 0x05, 0x00, 0x00, 0x00, 0xbb, 0x04, 0x0b, 0x07, 0x04, 
0x00, 0x00, 0x00, 0xbc, 0x02, 0x4d, 0x65, 0x96, 0x14, 0xbc, 0x02, 0x02, 0x65, 0x96, 0x14, 0xb7, 0x02, 0xb7, 0x27, 0x0b, 
0x03, 0xbb, 0x04, 0x0b, 0xa2, 0x28, 0x09, 0x00, 0x00, 0x00, 0xbc, 0x02, 0xef, 0x01, 0x18, 0xa5, 0x14, 0xbc, 0x02, 0xa6, 
0x08, 0x1d, 0x96, 0x14, 0xbb, 0x04, 0x0b, 0xed, 0x05, 0x15, 0x00, 0x00, 0x00, 0xbc, 0x02, 0xf1, 0x26, 0x1d, 0xc9, 0x14, 
0xce, 0x82, 0xc0, 0x02, 0xac, 0x05, 0x65, 0x65, 0x65, 0x65, 0xef, 0x13, 0xf0, 0x13, 0x65, 0x65, 0x1d, 0x13, 0x0d, 0x0d, 
0x1d, 0x1d, 0x13, 0x13, 0x0d, 0x0d, 0x13, 0x0d, 0x0d, 0x0d, 0x0d, 0x0d, 0x0d, 0x0d, 0x0d, 0x1d, 0x14, 0x0c, 0x13, 0x0c, 
0x0c, 0x0c, 0x0c, 0x0d, 0x0d, 0xad, 0x13, 0x18, 0x0d, 0x1d, 0x1d, 0x13, 0x0c, 0x0d, 0x13, 0x0d, 0x0d, 0x1d, 0x0c, 0x0d, 
0x13, 0x0d, 0x0d, 0x0d, 0x0b, 0x18, 0x0d, 0x0d, 0x0b, 0x0d, 0x0d, 0x18, 0x0d, 0x0d, 0x0d, 0x0d, 0x0d, 0x46, 0x13, 0x13, 
0x65, 0x65, 0x0d, 0x0d, 0x0d, 0x0d, 0xc0, 0x17, 0x0c, 0x0d, 0x0d, 0x0d, 0x90, 0x01, 0x3e, 0xfa, 0x09, 0x02, 0xe6, 0x03, 
0x39, 0xe3, 0x08, 0xc4, 0x2d, 0x02, 0xbb, 0x04, 0x0c, 0xcf, 0x16, 0x06, 0x00, 0x00, 0x00, 0x3e, 0x85, 0x1e, 0x01, 0x1d, 
0x39, 0x9a, 0x05, 0xd0, 0x33, 0x01, 0xbb, 0x04, 0x0d, 0x9d, 0x2f, 0x00, 0x00, 0x00, 0xbf, 0xbb, 0x04, 0x0d, 0xed, 0x0a, 
0x00, 0x00, 0x00, 0x3f, 0xbb, 0x04, 0x0d, 0xac, 0x10, 0x00, 0x00, 0x00, 0x20, 0x94, 0x02, 0x91, 0x14, 0xbb, 0x04, 0x0d, 
0x86, 0x28, 0x00, 0x00, 0x00, 0x00, 0xbb, 0x04, 0x0d, 0xe1, 0x1e, 0x00, 0x00, 0x00, 0xa0, 0xbb, 0x04, 0x0d, 0xa1, 0x07, 
0x00, 0x00, 0x80, 0x3f, 0x3e, 0x8c, 0x08, 0x01, 0x13, 0x39, 0x90, 0x05, 0xfe, 0x50, 0x01, 0x3e, 0x89, 0x51, 0x01, 0x0d, 
0xec, 0x04, 0x1d, 0xe0, 0x23, 0xdc, 0x05, 0xdc, 0x05, 0xdc, 0x05, 0xdc, 0x05, 0xec, 0x04, 0x1d, 0xcd, 0x17, 0x92, 0x14, 
0xf1, 0x11, 0xf1, 0x11, 0xf1, 0x11, 0xec, 0x04, 0x1d, 0x82, 0x09, 0xef, 0x08, 0x94, 0x1d, 0xef, 0x08, 0xef, 0x08, 0xec, 
0x04, 0x1d, 0xa7, 0x10, 0x97, 0x19, 0x97, 0x19, 0xec, 0x0c, 0x97, 0x19, 0xec, 0x04, 0x1d, 0xde, 0x1e, 0xc6, 0x05, 0xc6, 
0x05, 0xc6, 0x05, 0xca, 0x2b, 0xec, 0x04, 0x65, 0xdb, 0x23, 0xa3, 0x0c, 0xa5, 0x15, 0xfd, 0x04, 0xdb, 0x23, 0xbb, 0x04, 
0x0d, 0xcf, 0x09, 0x00, 0x00, 0x00, 0x40, 0x3e, 0xe0, 0x09, 0x03, 0x0c, 0x39, 0x89, 0x05, 0x86, 0x2a, 0x03, 0x3e, 0x81, 
0x2a, 0x01, 0x0c, 0x39, 0x8b, 0x05, 0xca, 0x3c, 0x01, 0x3e, 0xbd, 0x3c, 0x03, 0x13, 0x39, 0x91, 0x05, 0xe6, 0x45, 0x03, 
0x3e, 0xd1, 0x45, 0x03, 0x1d, 0x39, 0x9b, 0x05, 0xa4, 0x25, 0x03, 0x39, 0x9b, 0x05, 0xfc, 0x14, 0x03, 0x3e, 0xbd, 0x3a, 
0x03, 0x0d, 0x39, 0x9b, 0x05, 0x9a, 0x2d, 0x03, 0xbc, 0x02, 0xa5, 0x2b, 0x0d, 0x8d, 0x14, 0xde, 0x02, 0xd4, 0x11, 0x1d, 
0x0d, 0x86, 0x06, 0x86, 0x06, 0x3e, 0xfa, 0x09, 0x03, 0xf0, 0x0e, 0x39, 0xed, 0x13, 0xaa, 0x25, 0x03, 0xcc, 0x04, 0x13, 
0x83, 0x41, 0xec, 0x09, 0xec, 0x09, 0xc6, 0x06, 0x08, 0xbe, 0x4c, 0x00, 0x82, 0x0a, 0x18, 0xa6, 0xa8, 0x02, 0x01, 0x0c, 
0x99, 0x3f, 0xea, 0xfa, 0x01, 0x22, 0xb2, 0x8d, 0x02, 0x00, 0x01, 0x0c, 0xef, 0x9c, 0x01, 0xc2, 0x70, 0x33, 0xe2, 0x05, 
0xec, 0xa2, 0x01, 0xda, 0x19, 0x8b, 0x14, 0xad, 0x52, 0x8b, 0x14, 0x01, 0x65, 0xca, 0x16, 0xca, 0x16, 0x13, 0x8a, 0x05, 
0x9b, 0x23, 0xcf, 0x2d, 0x8a, 0x14, 0x01, 0x0d, 0x9e, 0x23, 0x9e, 0x23, 0x13, 0x8a, 0x05, 0xd1, 0x0f, 0xcf, 0x2d, 0x8d, 
0x14, 0x01, 0x0d, 0x91, 0x9d, 0x01, 0x91, 0x9d, 0x01, 0xc3, 0x10, 0x0d, 0xe8, 0xb1, 0x01, 0x82, 0xe1, 0x02, 0xe8, 0xb1, 
0x01, 0xc0, 0x0a, 0x13, 0xe5, 0xe8, 0x01, 0xe1, 0xe3, 0x01, 0xe5, 0xe8, 0x01, 0x13, 0xe2, 0x05, 0xa8, 0x89, 0x01, 0xc5, 
0x1f, 0x9d, 0x14, 0x01, 0x65, 0xd9, 0x66, 0xd9, 0x66, 0x01, 0x1d, 0x92, 0x28, 0x8c, 0x87, 0x01, 0xc1, 0x0a, 0x0d, 0xcd, 
0x46, 0xcd, 0x46, 0x02, 0x4a, 0x0d, 0xb2, 0xcf, 0x01, 0xb2, 0xcf, 0x01, 0x8e, 0xbf, 0x02, 0x4b, 0x0d, 0x89, 0x08, 0x89, 
0x08, 0xf2, 0xc1, 0x02, 0xd2, 0x0a, 0x1d, 0xf9, 0xa2, 0x01, 0xf9, 0xa2, 0x01, 0x9f, 0x22, 0x02, 0xc1, 0x12, 0x1d, 0xcc, 
0x52, 0xbe, 0x58, 0xcc, 0x52, 0xc1, 0x0a, 0x0d, 0xc5, 0x18, 0xc5, 0x18, 0x03, 0x5c, 0x0d, 0xdb, 0x79, 0x01, 0x04, 0xbb, 
0x6e, 0xc8, 0x16, 0x09, 0x8e, 0x3e, 0x8e, 0x3e, 0x84, 0x8d, 0x01, 0xa7, 0x1e, 0xdf, 0x83, 0x01, 0x00, 0xba, 0x1e, 0x00, 
0xc9, 0x24, 0xdf, 0x83, 0x01, 0x18, 0xca, 0x24, 0xc8, 0x16, 0x09, 0xe7, 0x27, 0xeb, 0x3e, 0xf2, 0x75, 0xd9, 0x14, 0x0d, 
0xac, 0x44, 0xac, 0x44, 0x80, 0xd9, 0x01, 0x92, 0xce, 0x01, 0xd2, 0x0a, 0x1d, 0x81, 0x4f, 0x81, 0x4f, 0x87, 0x62, 0x03, 
0x99, 0x1e, 0xd3, 0x91, 0x01, 0x18, 0xd4, 0x91, 0x01, 0xe5, 0x1e, 0x1d, 0xbd, 0x05, 0x5e, 0x3d, 0x00, 0x00, 0x32, 0x60, 
0x00, 0x00, 0xda, 0x24, 0x00, 0x00, 0x79, 0x31, 0x00, 0x00, 0xc1, 0x0a, 0x0d, 0xf5, 0x39, 0xf5, 0x39, 0x03, 0xc8, 0x10, 
0x0d, 0x9e, 0x56, 0xde, 0xb9, 0x02, 0x9e, 0x56, 0xce, 0x10, 0x1d, 0xbe, 0x07, 0xe6, 0x23, 0xbe, 0x07, 0xe0, 0x0a, 0xc9, 
0x0c, 0xad, 0x61, 0xd2, 0x67, 0x8e, 0xb4, 0x01, 0xad, 0x61, 0x80, 0xd8, 0x01, 0xc1, 0x0a, 0x13, 0xf0, 0x09, 0xf0, 0x09, 
0x00, 0xc1, 0x0a, 0x1d, 0x92, 0x7c, 0x82, 0x86, 0x01, 0x02, 0x3d, 0x18, 0xd8, 0x0f, 0xcc, 0xb2, 0x01, 0xcc, 0xb2, 0x01, 
0x18, 0xc1, 0x0a, 0x0d, 0x91, 0xe6, 0x01, 0x91, 0xe6, 0x01, 0x00, 0xc1, 0x0a, 0x1d, 0x80, 0x52, 0xc5, 0x7a, 0x00, 0xce, 
0x10, 0x1d, 0xec, 0x1b, 0xec, 0x1b, 0xec, 0x6d, 0xc1, 0x0a, 0x0d, 0xbe, 0x14, 0xe7, 0x63, 0x01, 0xc1, 0x0a, 0x1d, 0xe4, 
0x59, 0xc8, 0x0f, 0x01, 0xce, 0x10, 0x1d, 0x9f, 0x6e, 0x9f, 0x6e, 0xbb, 0x14, 0xc1, 0x0a, 0x0d, 0xbe, 0x14, 0xe5, 0x63, 
0x02, 0xc1, 0x0a, 0x1d, 0xe4, 0x59, 0xca, 0x0f, 0x02, 0xce, 0x10, 0x1d, 0x83, 0x60, 0x83, 0x60, 0x9f, 0x06, 0xc1, 0x0a, 
0x1d, 0xaf, 0x7f, 0xe9, 0xcf, 0x01, 0x03, 0x4b, 0x1d, 0xdc, 0x57, 0xd3, 0x27, 0xdc, 0x57, 0x4b, 0x1d, 0xbc, 0x3d, 0x86, 
0x24, 0xbc, 0x3d, 0x4b, 0x1d, 0xdf, 0x19, 0xa8, 0x0a, 0xdf, 0x19, 0x23, 0xe2, 0x05, 0xe7, 0x72, 0xc5, 0x1f, 0x9a, 0x14, 
0x8b, 0x14, 0x01, 0x65, 0xd6, 0x9d, 0x01, 0xd6, 0x9d, 0x01, 0xc1, 0x12, 0x1d, 0xdd, 0x69, 0xdd, 0x69, 0xef, 0x3e, 0xce, 
0x10, 0x13, 0xb3, 0x06, 0xb7, 0x27, 0x88, 0xc4, 0x01, 0xc3, 0x10, 0x13, 0xc0, 0x12, 0xc0, 0x12, 0xfa, 0xca, 0x01, 0xc1, 
0x0a, 0x0d, 0x85, 0x5f, 0x85, 0x5f, 0x00, 0xc1, 0x0a, 0x0d, 0x8e, 0x80, 0x01, 0x88, 0x21, 0x01, 0xe0, 0x0a, 0x1d, 0x27, 
0xe6, 0x7f, 0x27, 0xc2, 0xcf, 0x01, 0xc6, 0xf5, 0x01, 0xc1, 0x0a, 0x0d, 0x8f, 0x7c, 0x8f, 0x7c, 0x00, 0xc1, 0x0a, 0x0d, 
0x86, 0xe7, 0x01, 0xf6, 0x6a, 0x01, 0xc1, 0x0a, 0x0d, 0x9d, 0xeb, 0x01, 0xa7, 0x80, 0x01, 0x02, 0xc1, 0x0a, 0x0d, 0xda, 
0x02, 0xcd, 0x7d, 0x03, 0xe0, 0x0a, 0x1d, 0x82, 0x80, 0x01, 0xc4, 0x7e, 0xc1, 0x68, 0xdc, 0x82, 0x01, 0x82, 0x80, 0x01, 
0xe0, 0x0a, 0x65, 0x98, 0x04, 0xb2, 0xd0, 0x01, 0xb2, 0xd0, 0x01, 0xb2, 0xd0, 0x01, 0x98, 0x04, 0xe0, 0x0a, 0xc9, 0x0c, 
0x92, 0x23, 0xc6, 0x35, 0xca, 0x56, 0xcb, 0x46, 0x92, 0x23, 0xc1, 0x0a, 0x13, 0x81, 0x80, 0x01, 0x81, 0x80, 0x01, 0x00, 
0xc1, 0x0a, 0x1d, 0xc8, 0xbb, 0x01, 0xc6, 0x3b, 0x01, 0xc1, 0x0a, 0x1d, 0xc9, 0xb7, 0x01, 0x83, 0x7c, 0x02, 0x22, 0xac, 
0x55, 0xfe, 0x03, 0x22, 0xda, 0x75, 0xc9, 0xb7, 0x01, 0x3d, 0x18, 0xfe, 0x2e, 0xfe, 0x2e, 0xfe, 0x2e, 0x18, 0x13, 0x8c, 
0x05, 0xb3, 0x73, 0xab, 0x22, 0x8a, 0x14, 0xc1, 0x0a, 0x0d, 0x86, 0x6f, 0xad, 0x04, 0x00, 0x22, 0x86, 0x6f, 0x00, 0x13, 
0x8c, 0x05, 0xf0, 0x2f, 0xab, 0x22, 0x8d, 0x14, 0xc1, 0x0a, 0x0d, 0xef, 0x09, 0xd2, 0x21, 0x01, 0x22, 0xef, 0x09, 0x00, 
0x13, 0x8c, 0x05, 0xf2, 0x09, 0xab, 0x22, 0x90, 0x14, 0xc1, 0x0a, 0x0d, 0x91, 0x05, 0xb2, 0x26, 0x02, 0x22, 0x91, 0x05, 
0x00, 0xc1, 0x0a, 0x65, 0xcb, 0x7c, 0x9f, 0xa3, 0x01, 0x03, 0xc1, 0x12, 0x1d, 0xb4, 0x47, 0xb4, 0x47, 0x3c, 0xc1, 0x0a, 
0x0d, 0xe3, 0x4d, 0xe3, 0x4d, 0x02, 0x4a, 0x0d, 0xc2, 0xa7, 0x01, 0xc2, 0xa7, 0x01, 0xc4, 0x90, 0x02, 0x4b, 0x0d, 0xee, 
0x0d, 0xee, 0x0d, 0xa0, 0xa9, 0x02, 0xd2, 0x0a, 0x1d, 0x86, 0x56, 0x86, 0x56, 0xd2, 0xbd, 0x01, 0x02, 0x22, 0xec, 0xcb, 
0x02, 0x00, 0xc1, 0x0a, 0x0d, 0xf7, 0xf9, 0x01, 0xf7, 0xf9, 0x01, 0x01, 0x3f, 0x0d, 0xe6, 0xff, 0x01, 0xe6, 0xff, 0x01, 
0xd2, 0x0a, 0x1d, 0xe1, 0x3d, 0xe1, 0x3d, 0xf3, 0x37, 0x01, 0x13, 0x9b, 0x05, 0xc3, 0x4b, 0xc2, 0x26, 0x8b, 0x14, 0x22, 
0x00, 0xc3, 0x4b, 0x8d, 0x1e, 0x88, 0x06, 0x00, 0x00, 0x00, 0x00, 0x00, 0xc3, 0x03, 0x00, 0x00, 0x00, 0x00, 0x00, 0x00, 
0x4c, 0x4f, 0x4d, 0x53, 0x00, 0x03, 0x01, 0x00, 0x0b, 0x00, 0x08, 0x00, 0xf2, 0x61, 0x00, 0x00, 0x00, 0x00, 0x00, 0x00, 
0x54, 0x08, 0x00, 0x00, 0x91, 0x02, 0x01, 0x91, 0x02, 0x32, 0xd1, 0x10, 0x02, 0x47, 0x4c, 0x53, 0x4c, 0x2e, 0x73, 0x74, 
0x64, 0x2e, 0x34, 0x35, 0x30, 0x00, 0x00, 0x00, 0x00, 0xa0, 0x04, 0x00, 0x01, 0xef, 0x0e, 0x04, 0x9f, 0x2c, 0xed, 0xc2, 
0xa5, 0xf3, 0x06, 0x00, 0xed, 0x17, 0xbf, 0x1c, 0xa0, 0x02, 0x9f, 0x2c, 0x07, 0x10, 0xda, 0x2f, 0x1e, 0x00, 0x00, 0x85, 
0x20, 0x02, 0x47, 0x00, 0x03, 0x00, 0x23, 0x00, 0x01, 0x23, 0x04, 0x01, 0x23, 0x04, 0x10, 0xf0, 0x2e, 0x21, 0x00, 0x10, 
0x00, 0x22, 0x02, 0x10, 0x88, 0x01, 0x21, 0x02, 0x10, 0x00, 0x22, 0x02, 0x10, 0xc0, 0x08, 0x21, 0x01, 0x10, 0x00, 0x22, 
0x02, 0x10, 0x8d, 0x0f, 0x1e, 0x00, 0x93, 0x02, 0x0e, 0xa1, 0x04, 0xf4, 0x13, 0x08, 0xa6, 0x02, 0xe9, 0x13, 0x20, 0xb7, 
0x02, 0x0c, 0x0d, 0x02, 0x94, 0x02, 0x13, 0xb7, 0x02, 0x28, 0x0d, 0x04, 0xb7, 0x02, 0x09, 0x0d, 0x03, 0xfe, 0x02, 0xb6, 
0x13, 0x1d, 0x1d, 0x0d, 0x0d, 0x0d, 0x18, 0xb5, 0x02, 0xcd, 0x13, 0x20, 0x01, 0xb5, 0x02, 0x01, 0x20, 0x00, 0xbb, 0x04, 
0x0c, 0x80, 0x28, 0x00, 0x00, 0x00, 0x00, 0xbb, 0x04, 0x0c, 0x06, 0x01, 0x00, 0x00, 0x00, 0xbb, 0x04, 0x0b, 0x07, 0x00, 
0x00, 0x00, 0x00, 0xbb, 0x04, 0x0d, 0xff, 0x25, 0x00, 0x00, 0x80, 0x3f, 0xbb, 0x04, 0x0b, 0x92, 0x26, 0x03, 0x00, 0x00, 
0x00, 0xbb, 0x04, 0x0d, 0x0d, 0x00, 0x00, 0x00, 0x00, 0x3e, 0xe3, 0x1d, 0x01, 0x1d, 0xbb, 0x04, 0x0d, 0xbb, 0x06, 0x00, 
0x00, 0x00, 0x3f, 0x3e, 0x9c, 0x06, 0x01, 0x0d, 0x39, 0x9a, 0x05, 0xc6, 0x25, 0x01, 0xce, 0x02, 0x85, 0x20, 0x0b, 0x0b, 
0x0b, 0x3e, 0xfa, 0x09, 0x02, 0xea, 0x07, 0x39, 0xe7, 0x0c, 0xf6, 0x24, 0x02, 0x3e, 0xb3, 0x34, 0x02, 0x0b, 0x89, 0x03, 
0xe3, 0x07, 0x0d, 0x01, 0x00, 0x00, 0x00, 0x01, 0x00, 0xab, 0x02, 0xd0, 0x05, 0x96, 0x01, 0x3e, 0xfa, 0x09, 0x00, 0xfe, 
0x03, 0x39, 0xfb, 0x08, 0xd6, 0x2d, 0x00, 0xbb, 0x04, 0x0d, 0xc5, 0x31, 0x17, 0xb7, 0xd1, 0x38, 0xbb, 0x04, 0x0d, 0xa5, 
0x0d, 0x6f, 0x12, 0x83, 0x3a, 0xec, 0x04, 0x1d, 0x94, 0x2d, 0xdc, 0x05, 0xdc, 0x05, 0xdc, 0x05, 0xdc, 0x05, 0x39, 0xfb, 
0x08, 0x98, 0x1a, 0x00, 0x3e, 0xd5, 0x3d, 0x03, 0x1d, 0x39, 0x9b, 0x05, 0xc8, 0x2e, 0x03, 0xad, 0x06, 0x1d, 0xf9, 0x38, 
0xad, 0x06, 0x0d, 0x02, 0xad, 0x06, 0x18, 0x02, 0xdc, 0x04, 0x18, 0xce, 0x0e, 0xde, 0x0a, 0xde, 0x0a, 0xde, 0x0a, 0xc6, 
0x06, 0x08, 0xe8, 0x49, 0x00, 0x82, 0x0a, 0x18, 0xac, 0xad, 0x02, 0x01, 0x1d, 0x81, 0x71, 0x8e, 0xe5, 0x01, 0x3d, 0x18, 
0xc2, 0x3e, 0xc2, 0x3e, 0xc2, 0x3e, 0x18, 0x13, 0x8a, 0x05, 0x80, 0x34, 0xed, 0x17, 0x93, 0x14, 0x01, 0x0d, 0xc3, 0xe7, 
0x01, 0xc3, 0xe7, 0x01, 0xd0, 0x0a, 0x18, 0xf2, 0x8c, 0x01, 0xf2, 0x8c, 0x01, 0xf2, 0x8c, 0x01, 0xf2, 0x8c, 0x01, 0xc8, 
0x10, 0x18, 0x91, 0x46, 0xe3, 0x6c, 0x91, 0x46, 0xce, 0x10, 0x18, 0xe3, 0x01, 0xe3, 0x01, 0xea, 0xe0, 0x01, 0x4b, 0x18, 
0xb7, 0x12, 0xb7, 0x12, 0xd4, 0xc3, 0x01, 0xc1, 0x0a, 0x0d, 0xd7, 0x51, 0xf3, 0x65, 0x02, 0x2d, 0x13, 0xea, 0x56, 0x92, 
0x05, 0x92, 0x05, 0x10, 0x13, 0x88, 0x05, 0xed, 0x2c, 0xa2, 0x1f, 0x8b, 0x14, 0x01, 0x0b, 0x92, 0x4a, 0x92, 0x4a, 0xcb, 
0x14, 0x09, 0xfd, 0x2a, 0xfd, 0x2a, 0xce, 0xa1, 0x01, 0xa7, 0x1e, 0x93, 0x3c, 0x00, 0xba, 0x1e, 0x00, 0xc8, 0x31, 0x93, 
0x3c, 0x18, 0xc7, 0x31, 0xc1, 0x0a, 0x0d, 0xc0, 0x87, 0x01, 0x9e, 0x48, 0x00, 0xc1, 0x0a, 0x0d, 0xb4, 0x23, 0xd2, 0x6b, 
0x01, 0xc3, 0x10, 0x0d, 0xed, 0x60, 0x8c, 0xe0, 0x01, 0xed, 0x60, 0xc0, 0x0a, 0x13, 0xbe, 0x64, 0x84, 0x27, 0xbe, 0x64, 
0x99, 0x1e, 0xe8, 0x40, 0x18, 0xe7, 0x40, 0xe5, 0x1e, 0x13, 0xbc, 0x41, 0xde, 0x35, 0x00, 0x00, 0x75, 0x61, 0x00, 0x00, 
0xaf, 0x51, 0x00, 0x00, 0x0d, 0x26, 0x00, 0x00, 0x01, 0xfe, 0x03, 0xb1, 0x70, 0xb4, 0x97, 0x01, 0xe8, 0x0a, 0x1d, 0xe2, 
0xb0, 0x01, 0xe2, 0xb0, 0x01, 0xb0, 0x40, 0x02, 0x8c, 0x14, 0x13, 0x88, 0x05, 0x9b, 0xd2, 0x01, 0xa2, 0x1f, 0x8e, 0x14, 
0x01, 0x0b, 0xa4, 0x19, 0xa4, 0x19, 0xcb, 0x14, 0x09, 0x85, 0x05, 0x85, 0x05, 0xd0, 0xa1, 0x01, 0xa7, 0x1e, 0x85, 0x83, 
0x01, 0x00, 0xba, 0x1e, 0x00, 0x80, 0x13, 0x85, 0x83, 0x01, 0x18, 0xff, 0x12, 0xc1, 0x0a, 0x0d, 0xbc, 0x87, 0x01, 0xc1, 
0x49, 0x00, 0xc8, 0x16, 0x09, 0xe1, 0xdc, 0x01, 0xe1, 0xdc, 0x01, 0xb8, 0x53, 0xb8, 0x14, 0x09, 0xb6, 0x89, 0x02, 0xb6, 
0x89, 0x02, 0xa7, 0x1e, 0x98, 0x75, 0x00, 0xba, 0x1e, 0x00, 0xa6, 0x44, 0x98, 0x75, 0x18, 0xa5, 0x44, 0xc3, 0x10, 0x0d, 
0xcf, 0x97, 0x01, 0xac, 0x0e, 0xa1, 0xaf, 0x01, 0x5c, 0x0d, 0xd0, 0x4d, 0x01, 0x04, 0xbf, 0x47, 0xca, 0x16, 0x09, 0xa4, 
0x66, 0xa4, 0x66, 0x92, 0xc2, 0x02, 0x99, 0x1e, 0x96, 0x4d, 0x18, 0x95, 0x4d, 0xe5, 0x1e, 0x09, 0x83, 0x51, 0x5f, 0x18, 
0x00, 0x00, 0xb2, 0x2d, 0x00, 0x00, 0xb9, 0x50, 0x00, 0x00, 0xa7, 0x49, 0x00, 0x00, 0x99, 0x1e, 0x91, 0xa8, 0x01, 0x18, 
0x92, 0xa8, 0x01, 0xe5, 0x1e, 0x09, 0x91, 0xa2, 0x01, 0x72, 0x32, 0x00, 0x00, 0x7b, 0x41, 0x00, 0x00, 0x2c, 0x29, 0x00, 
0x00, 0x6e, 0x3d, 0x00, 0x00, 0xa7, 0x1e, 0xe5, 0x60, 0x00, 0xba, 0x1e, 0x00, 0xf7, 0xac, 0x01, 0xc1, 0x66, 0x18, 0xf8, 
0xac, 0x01, 0x99, 0x1e, 0x92, 0x4c, 0x18, 0xb5, 0x46, 0x01, 0xfe, 0x03, 0x85, 0x54, 0x88, 0x75, 0xc1, 0x0a, 0x0d, 0xd4, 
0xa9, 0x01, 0xac, 0x8f, 0x01, 0x00, 0xc1, 0x0a, 0x0d, 0xeb, 0x7e, 0xc0, 0x10, 0x01, 0xc3, 0x10, 0x0d, 0xc1, 0x35, 0xa6, 
0xb0, 0x01, 0xc1, 0x35, 0xc0, 0x0a, 0x13, 0x97, 0x0c, 0xc5, 0xc0, 0x01, 0x97, 0x0c, 0xe8, 0x0a, 0x1d, 0xe3, 0x19, 0xd5, 
0x30, 0xe3, 0x19, 0x02, 0x8c, 0x14, 0x99, 0x1e, 0xff, 0x7e, 0x18, 0x80, 0x7f, 0xe5, 0x1e, 0x1d, 0xbc, 0x06, 0x7a, 0x0b, 
0x00, 0x00, 0xe8, 0x55, 0x00, 0x00, 0x1f, 0x23, 0x00, 0x00, 0x4d, 0x44, 0x00, 0x00, 0x80, 0x0b, 0xf3, 0x09, 0xff, 0x53, 
0xff, 0x53, 0xf6, 0xbd, 0x01, 0xf4, 0xbd, 0x01, 0xf4, 0xbd, 0x01, 0xf4, 0xbd, 0x01, 0xf2, 0xbd, 0x01, 0xc1, 0x0a, 0x1d, 
0x91, 0x0a, 0x91, 0x0a, 0x00, 0x80, 0x0b, 0xf3, 0x09, 0x65, 0x65, 0xfe, 0xb2, 0x01, 0xfc, 0xb2, 0x01, 0xfc, 0xb2, 0x01, 
0xfc, 0xb2, 0x01, 0xfa, 0xb2, 0x01, 0xc1, 0x0a, 0x1d, 0xfe, 0x2e, 0xfe, 0x2e, 0x00, 0x22, 0x82, 0xa9, 0x01, 0x00, 0x8d, 
0x1e, 0x88, 0x06, 0x00, 0x00, 0x00, 0x00, 0x00, 0x71, 0x17, 0x00, 0x00, 0x00, 0x00, 0x00, 0x00, 0x4c, 0x4f, 0x4d, 0x53, 
0x00, 0x03, 0x01, 0x00, 0x0b, 0x00, 0x08, 0x00, 0x63, 0x62, 0x00, 0x00, 0x00, 0x00, 0x00, 0x00, 0xcc, 0x3b, 0x00, 0x00, 
0x91, 0x02, 0x01, 0xd1, 0x10, 0x02, 0x47, 0x4c, 0x53, 0x4c, 0x2e, 0x73, 0x74, 0x64, 0x2e, 0x34, 0x35, 0x30, 0x00, 0x00, 
0x00, 0x00, 0xa0, 0x04, 0x00, 0x01, 0x8f, 0x8e, 0x40, 0x00, 0x9f, 0x2c, 0xed, 0xc2, 0xa5, 0xf3, 0x06, 0x00, 0xa9, 0x20, 
0x82, 0x1f, 0xaf, 0x2e, 0x93, 0x2d, 0xcf, 0x2d, 0x8c, 0x1a, 0xb0, 0x23, 0x84, 0x28, 0xed, 0x17, 0xab, 0x22, 0xd9, 0x1b, 
0xc2, 0x26, 0x10, 0xb8, 0x28, 0x06, 0x10, 0x37, 0xdd, 0x18, 0x0b, 0x00, 0x05, 0x00, 0x07, 0x01, 0x10, 0x00, 0x23, 0x00, 
0x01, 0x05, 0x00, 0x07, 0x01, 0x10, 0x00, 0x23, 0x40, 0x01, 0x23, 0x30, 0x01, 0x23, 0x04, 0x01, 0x23, 0x04, 0x01, 0x23, 
0x04, 0x01, 0x23, 0x04, 0x10, 0xec, 0x3e, 0x01, 0x01, 0x10, 0x95, 0x22, 0x06, 0x80, 0x02, 0x00, 0xdd, 0x22, 0x02, 0x47, 
0x00, 0x01, 0x00, 0x23, 0x00, 0x10, 0xe2, 0x29, 0x21, 0x00, 0x10, 0x00, 0x22, 0x01, 0x10, 0x99, 0x1c, 0x06, 0x40, 0x10, 
0x02, 0x06, 0x40, 0x10, 0xde, 0x14, 0x06, 0x10, 0x10, 0x8d, 0x25, 0x06, 0x10, 0x10, 0xa6, 0x02, 0x06, 0x10, 0x00, 0xb2, 
0x1d, 0x02, 0x37, 0x00, 0x88, 0x00, 0x05, 0x00, 0x07, 0x01, 0x10, 0x00, 0x23, 0x00, 0x01, 0x05, 0x00, 0x07, 0x01, 0x10, 
0x00, 0x23, 0x40, 0x01, 0x05, 0x00, 0x07, 0x01, 0x10, 0x00, 0x23, 0x40, 0x01, 0x05, 0x00, 0x07, 0x01, 0x10, 0x00, 0x23, 
0x40, 0x01, 0x05, 0x00, 0x07, 0x01, 0x10, 0x00, 0x23, 0x40, 0x01, 0x05, 0x00, 0x07, 0x01, 0x10, 0x00, 0x23, 0x80, 0x02, 
0x01, 0x05, 0x00, 0x07, 0x01, 0x10, 0x00, 0x23, 0x80, 0x02, 0x01, 0x05, 0x00, 0x07, 0x01, 0x10, 0x00, 0x23, 0x40, 0x01, 
0x23, 0x40, 0x01, 0x23, 0x10, 0x01, 0x23, 0x08, 0x01, 0x23, 0x04, 0x01, 0x23, 0x04, 0x01, 0x23, 0x10, 0x01, 0x23, 0x10, 
0x01, 0x23, 0x08, 0x01, 0x23, 0x08, 0x01, 0x23, 0x04, 0x01, 0x00, 0x00, 0x23, 0x04, 0x01, 0x23, 0x08, 0x01, 0x23, 0x04, 
0x01, 0x23, 0x04, 0x01, 0x23, 0x04, 0x01, 0x23, 0x04, 0x01, 0x23, 0x04, 0x01, 0x00, 0x00, 0x23, 0x04, 0x01, 0x00, 0x00, 
0x23, 0x04, 0x01, 0x00, 0x00, 0x23, 0x04, 0x01, 0x00, 0x00, 0x23, 0x10, 0x01, 0x00, 0x00, 0x23, 0x0c, 0x01, 0x00, 0x00, 
0x23, 0x04, 0x01, 0x00, 0x00, 0x23, 0x08, 0x01, 0x00, 0x00, 0x23, 0x04, 0x01, 0x00, 0x00, 0x23, 0x04, 0x01, 0x00, 0x00, 
0x23, 0x04, 0x01, 0x23, 0x04, 0x01, 0x00, 0x00, 0x23, 0x04, 0x01, 0x00, 0x00, 0x23, 0x04, 0x01, 0x23, 0x90, 0x01, 0x01, 
0x00, 0x00, 0x23, 0x0c, 0x01, 0x23, 0x04, 0x01, 0x23, 0x10, 0x01, 0x23, 0x10, 0x01, 0x00, 0x00, 0x23, 0x08, 0x01, 0x00, 
0x00, 0x23, 0x04, 0x01, 0x23, 0x04, 0x01, 0x00, 0x00, 0x23, 0x08, 0x01, 0x00, 0x00, 0x23, 0x04, 0x01, 0x23, 0x04, 0x01, 
0x00, 0x00, 0x23, 0x10, 0x01, 0x00, 0x00, 0x23, 0x04, 0x01, 0x23, 0x04, 0x01, 0x00, 0x00, 0x23, 0x08, 0x01, 0x23, 0x04, 
0x01, 0x00, 0x00, 0x23, 0x04, 0x01, 0x00, 0x00, 0x23, 0x04, 0x01, 0x23, 0x04, 0x01, 0x23, 0x0c, 0x01, 0x23, 0x04, 0x01, 
0x23, 0x04, 0x01, 0x23, 0x04, 0x01, 0x23, 0x04, 0x01, 0x23, 0x04, 0x01, 0x23, 0x0c, 0x01, 0x23, 0x04, 0x01, 0x23, 0x04, 
0x01, 0x23, 0x04, 0x01, 0x23, 0x04, 0x01, 0x05, 0x00, 0x07, 0x01, 0x10, 0x00, 0x23, 0x04, 0x01, 0x23, 0x30, 0x01, 0x23, 
0x08, 0x01, 0x05, 0x00, 0x07, 0x01, 0x10, 0x00, 0x23, 0x08, 0x01, 0x05, 0x00, 0x07, 0x01, 0x10, 0x00, 0x23, 0x40, 0x01, 
0x00, 0x00, 0x23, 0x40, 0x01, 0x00, 0x00, 0x23, 0x04, 0x01, 0x00, 0x00, 0x23, 0x04, 0x01, 0x00, 0x00, 0x23, 0x04, 0x01, 
0x23, 0x04, 0x01, 0x23, 0x40, 0x01, 0x00, 0x00, 0x23, 0x04, 0x01, 0x00, 0x00, 0x23, 0x04, 0x01, 0x00, 0x00, 0x23, 0x04, 
0x01, 0x00, 0x00, 0x23, 0x04, 0x10, 0xc6, 0x18, 0x21, 0x00, 0x10, 0x00, 0x22, 0x00, 0x10, 0xc8, 0x01, 0x0b, 0x2a, 0x37, 
0x8b, 0x2e, 0x05, 0x00, 0x05, 0x00, 0x07, 0x01, 0x10, 0x00, 0x23, 0x00, 0x01, 0x23, 0x30, 0x01, 0x23, 0x0c, 0x10, 0x86, 
0x0e, 0x06, 0x40, 0x00, 0x44, 0x02, 0x47, 0x00, 0x01, 0x00, 0x23, 0x00, 0x10, 0xf8, 0x15, 0x21, 0x01, 0x10, 0x00, 0x22, 
0x01, 0x10, 0xb6, 0x0f, 0x21, 0x05, 0x10, 0x00, 0x22, 0x01, 0x00, 0x8f, 0x37, 0x02, 0x47, 0x00, 0x01, 0x00, 0x23, 0x00, 
0x10, 0xfc, 0x02, 0x06, 0x10, 0x00, 0xdd, 0x0d, 0x02, 0x37, 0x00, 0x02, 0x00, 0x00, 0x00, 0x23, 0x00, 0x10, 0xde, 0x3a, 
0x21, 0x02, 0x10, 0x00, 0x22, 0x01, 0x10, 0xcb, 0x02, 0x21, 0x03, 0x10, 0x00, 0x22, 0x01, 0x10, 0xa6, 0x01, 0x1e, 0x00, 
0x10, 0xda, 0x1e, 0x1e, 0x05, 0x10, 0xb7, 0x02, 0x1e, 0x06, 0x10, 0x78, 0x1e, 0x03, 0x00, 0x85, 0x27, 0x0e, 0x10, 0x00, 
0x1e, 0x0a, 0x10, 0xc8, 0x12, 0x0b, 0x2b, 0x10, 0xa8, 0x09, 0x1e, 0x05, 0x10, 0xad, 0x20, 0x1e, 0x00, 0x10, 0xfc, 0x14, 
0x1e, 0x06, 0x10, 0xa3, 0x0d, 0x1e, 0x09, 0x00, 0xef, 0x0a, 0x02, 0x47, 0x00, 0x04, 0x00, 0x0b, 0x01, 0x00, 0x01, 0x0b, 
0x01, 0x01, 0x01, 0x0b, 0x01, 0x03, 0x01, 0x0b, 0x01, 0x04, 0x00, 0xf2, 0xe9, 0x01, 0x00, 0x00, 0x02, 0x00, 0x00, 0x02, 
0x00, 0x93, 0x02, 0x0e, 0xa1, 0x04, 0xf4, 0x13, 0x08, 0xa6, 0x02, 0xe9, 0x13, 0x20, 0xb7, 0x02, 0x20, 0x0d, 0x04, 0xb8, 
0x02, 0x90, 0x01, 0x1d, 0x04, 0xb7, 0x02, 0x99, 0x01, 0x0d, 0x03, 0xb5, 0x02, 0x17, 0x20, 0x01, 0x3e, 0x92, 0x0a, 0x07, 
0x18, 0xb5, 0x02, 0x93, 0x0a, 0x20, 0x00, 0xb7, 0x02, 0x18, 0x0b, 0x04, 0xd1, 0x04, 0xe8, 0x05, 0x08, 0x95, 0x05, 0x17, 
0x1d, 0xb7, 0x02, 0xef, 0x05, 0x0d, 0x02, 0xde, 0x02, 0xec, 0x18, 0x13, 0x1d, 0x1d, 0x65, 0xbb, 0x04, 0x0b, 0x82, 0x0f, 
0x00, 0x00, 0x00, 0x00, 0xbb, 0x04, 0x0c, 0x02, 0x00, 0x00, 0x00, 0x00, 0xbb, 0x04, 0x0b, 0x04, 0x01, 0x00, 0x00, 0x00, 
0xbb, 0x04, 0x0c, 0x02, 0x01, 0x00, 0x00, 0x00, 0xbb, 0x04, 0x0b, 0x04, 0x02, 0x00, 0x00, 0x00, 0xbb, 0x04, 0x0c, 0x02, 
0x02, 0x00, 0x00, 0x00, 0xbb, 0x04, 0x0c, 0x06, 0x03, 0x00, 0x00, 0x00, 0xb8, 0x02, 0x9b, 0x27, 0x18, 0x03, 0xbb, 0x04, 
0x0b, 0xb8, 0x27, 0x08, 0x00, 0x00, 0x00, 0xbc, 0x02, 0x0b, 0x1d, 0xa2, 0x14, 0x8e, 0x03, 0xdd, 0x18, 0x65, 0x46, 0x0c, 
0x0c, 0x0c, 0x0d, 0x9c, 0x14, 0xb2, 0x06, 0x0c, 0xec, 0x3e, 0x40, 0x00, 0x00, 0x00, 0xbc, 0x02, 0x95, 0x22, 0xed, 0x07, 
0xa3, 0x27, 0xae, 0x02, 0xdd, 0x22, 0x98, 0x16, 0x3e, 0xfa, 0x09, 0x02, 0xe9, 0x04, 0x39, 0xe6, 0x09, 0xe8, 0x1f, 0x02, 
0x3e, 0xef, 0x27, 0x02, 0x65, 0x3e, 0xb1, 0x01, 0x02, 0x0c, 0xbb, 0x04, 0x0c, 0xa2, 0x1e, 0x05, 0x00, 0x00, 0x00, 0x3e, 
0x9f, 0x1e, 0x02, 0x0d, 0xbb, 0x04, 0x0b, 0x98, 0x1e, 0x04, 0x00, 0x00, 0x00, 0xbc, 0x02, 0x91, 0x11, 0x65, 0x96, 0x14, 
0xbc, 0x02, 0x02, 0x65, 0x96, 0x14, 0xb7, 0x02, 0xf3, 0x16, 0x0b, 0x03, 0xbb, 0x04, 0x0b, 0xa2, 0x28, 0x09, 0x00, 0x00, 
0x00, 0xbc, 0x02, 0xb0, 0x03, 0x18, 0xa5, 0x14, 0xbc, 0x02, 0x8d, 0x25, 0x1d, 0x96, 0x14, 0xbb, 0x04, 0x0b, 0xa6, 0x22, 
0x15, 0x00, 0x00, 0x00, 0xbc, 0x02, 0xff, 0x1f, 0x1d, 0xc9, 0x14, 0xce, 0x82, 0xc0, 0x02, 0xb2, 0x1d, 0x65, 0x65, 0x65, 
0x65, 0xcd, 0x0b, 0xce, 0x0b, 0x65, 0x65, 0x1d, 0x13, 0x0d, 0x0d, 0x1d, 0x1d, 0x13, 0x13, 0x0d, 0x0d, 0x13, 0x0d, 0x0d, 
0x0d, 0x0d, 0x0d, 0x0d, 0x0d, 0x0d, 0x1d, 0x14, 0x0c, 0x13, 0x0c, 0x0c, 0x0c, 0x0c, 0x0d, 0x0d, 0xfd, 0x15, 0x18, 0x0d, 
0x1d, 0x1d, 0x13, 0x0c, 0x0d, 0x13, 0x0d, 0x0d, 0x1d, 0x0c, 0x0d, 0x13, 0x0d, 0x0d, 0x0d, 0x0b, 0x18, 0x0d, 0x0d, 0x0b, 
0x0d, 0x0d, 0x18, 0x0d, 0x0d, 0x0d, 0x0d, 0x0d, 0x46, 0x13, 0x13, 0x65, 0x65, 0x0d, 0x0d, 0x0d, 0x0d, 0xb6, 0x03, 0x0c, 
0x0d, 0x0d, 0x0d, 0xc9, 0x04, 0x3e, 0x8b, 0x25, 0x02, 0xa2, 0x13, 0x39, 0x5c, 0xd2, 0x3d, 0x02, 0xbb, 0x04, 0x0c, 0xcf, 
0x16, 0x06, 0x00, 0x00, 0x00, 0x3e, 0xa3, 0x1e, 0x01, 0x0c, 0x39, 0x8b, 0x05, 0xbc, 0x36, 0x01, 0xb8, 0x02, 0xa5, 0x3f, 
0x18, 0x04, 0xb8, 0x02, 0x0b, 0x1d, 0x03, 0xce, 0x02, 0xa6, 0x11, 0x50, 0x18, 0x0d, 0xbb, 0x04, 0x0b, 0xb7, 0x0d, 0x00, 
0x01, 0x00, 0x00, 0xbc, 0x02, 0xbe, 0x1b, 0xa3, 0x09, 0xc7, 0x02, 0xae, 0x02, 0x44, 0xa6, 0x10, 0x3e, 0xfa, 0x09, 0x02, 
0xc8, 0x10, 0x39, 0xc5, 0x15, 0xfe, 0x0b, 0x02, 0x3e, 0xed, 0x2b, 0x02, 0x50, 0xbb, 0x04, 0x0b, 0x8c, 0x1d, 0x03, 0x00, 
0x00, 0x00, 0xbb, 0x04, 0x0d, 0x0d, 0x00, 0x00, 0x00, 0x00, 0x94, 0x02, 0x85, 0x28, 0xbb, 0x04, 0x0d, 0x82, 0x02, 0x00, 
0x00, 0x80, 0x3f, 0xb7, 0x02, 0xef, 0x01, 0x0c, 0x02, 0xbb, 0x04, 0x0b, 0xe4, 0x29, 0x00, 0x08, 0x00, 0x00, 0x89, 0x03, 
0xdb, 0x27, 0x0d, 0x01, 0x00, 0x00, 0x00, 0x01, 0x00, 0xab, 0x02, 0xd0, 0x05, 0x96, 0x01, 0x3e, 0xfa, 0x09, 0x00, 0xfe, 
0x03, 0x39, 0xfb, 0x08, 0xc8, 0x34, 0x00, 0xae, 0x02, 0x8f, 0x37, 0x0c, 0x3e, 0xfa, 0x09, 0x09, 0xd7, 0x07, 0x39, 0xd4, 
0x0c, 0xa2, 0x17, 0x09, 0x3e, 0xb1, 0x26, 0x09, 0x0c, 0xb7, 0x02, 0xeb, 0x09, 0x0c, 0x03, 0xbb, 0x04, 0x0c, 0xde, 0x29, 
0x00, 0x08, 0x00, 0x00, 0xbc, 0x02, 0xdf, 0x17, 0x1d, 0xc7, 0x02, 0xae, 0x02, 0xdd, 0x0d, 0x95, 0x09, 0x3e, 0xfa, 0x09, 
0x02, 0xa6, 0x02, 0x39, 0xa3, 0x07, 0xe4, 0x30, 0x02, 0x89, 0x03, 0xfd, 0x3b, 0x0d, 0x01, 0x00, 0x01, 0x00, 0x01, 0x00, 
0xab, 0x02, 0xd2, 0x04, 0xd6, 0x01, 0x3e, 0xfa, 0x09, 0x00, 0xff, 0x03, 0x39, 0xfc, 0x08, 0xe6, 0x2a, 0x00, 0x3e, 0xa9, 
0x32, 0x01, 0x1d, 0x39, 0x9a, 0x05, 0xd0, 0x33, 0x01, 0xbb, 0x04, 0x0c, 0xf3, 0x2c, 0x00, 0x02, 0x00, 0x00, 0xbb, 0x04, 
0x0c, 0xff, 0x0b, 0x00, 0x01, 0x00, 0x00, 0x3e, 0x98, 0x05, 0x01, 0x17, 0x39, 0x94, 0x05, 0xb6, 0x52, 0x01, 0x39, 0x9a, 
0x05, 0xb7, 0x02, 0x01, 0xbb, 0x04, 0x0d, 0xbf, 0x4b, 0x00, 0x00, 0x00, 0xbf, 0xbb, 0x04, 0x0d, 0xed, 0x0a, 0x00, 0x00, 
0x00, 0x3f, 0xbb, 0x04, 0x0d, 0xac, 0x10, 0x00, 0x00, 0x00, 0x20, 0xbb, 0x04, 0x0d, 0xed, 0x0a, 0x00, 0x00, 0x00, 0xa0, 
0x3e, 0x6a, 0x01, 0x13, 0x39, 0x90, 0x05, 0xfe, 0x50, 0x01, 0x3e, 0x83, 0x51, 0x01, 0x0d, 0xec, 0x04, 0x1d, 0xda, 0x23, 
0xdc, 0x05, 0xdc, 0x05, 0xdc, 0x05, 0xdc, 0x05, 0xec, 0x04, 0x1d, 0xcd, 0x17, 0x92, 0x14, 0xf1, 0x11, 0xf1, 0x11, 0xf1, 
0x11, 0xec, 0x04, 0x1d, 0x82, 0x09, 0xef, 0x08, 0x94, 0x1d, 0xef, 0x08, 0xef, 0x08, 0xec, 0x04, 0x1d, 0xa7, 0x10, 0x97, 
0x19, 0x97, 0x19, 0xec, 0x0c, 0x97, 0x19, 0xec, 0x04, 0x1d, 0xde, 0x1e, 0xc6, 0x05, 0xc6, 0x05, 0xc6, 0x05, 0xca, 0x2b, 
0xec, 0x04, 0x65, 0xdb, 0x23, 0xa3, 0x0c, 0xa5, 0x15, 0xfd, 0x04, 0xdb, 0x23, 0xbb, 0x04, 0x0d, 0xcf, 0x09, 0x00, 0x00, 
0x00, 0x40, 0x3e, 0xea, 0x09, 0x03, 0x0c, 0x39, 0x8e, 0x05, 0xfc, 0x29, 0x03, 0x39, 0x8b, 0x05, 0xc8, 0x12, 0x01, 0x3e, 
0xbd, 0x3c, 0x03, 0x13, 0x39, 0x91, 0x05, 0xe6, 0x45, 0x03, 0x3e, 0xd1, 0x45, 0x03, 0x1d, 0x39, 0x9b, 0x05, 0xa4, 0x25, 
0x03, 0x39, 0x9b, 0x05, 0xfc, 0x14, 0x03, 0x3e, 0xb7, 0x3a, 0x03, 0x0d, 0x39, 0x9b, 0x05, 0x94, 0x2d, 0x03, 0xbc, 0x02, 
0xd3, 0x29, 0x0d, 0x8d, 0x14, 0xde, 0x02, 0xe4, 0x1e, 0x1d, 0x0d, 0xef, 0x06, 0xef, 0x06, 0x3e, 0x8b, 0x25, 0x03, 0xa1, 
0x16, 0x39, 0xdb, 0x03, 0xce, 0x45, 0x03, 0xcc, 0x04, 0x13, 0x83, 0x41, 0xec, 0x09, 0xec, 0x09, 0xad, 0x06, 0x1d, 0xfb, 
0x0b, 0xc6, 0x06, 0x08, 0xba, 0x58, 0x00, 0x82, 0x0a, 0x18, 0xe8, 0xac, 0x02, 0x39, 0x95, 0x05, 0x93, 0x66, 0x07, 0x39, 
0x95, 0x05, 0xc4, 0x37, 0x07, 0x39, 0x95, 0x05, 0xb9, 0x79, 0x07, 0x01, 0x0c, 0xfa, 0x26, 0xb6, 0xbd, 0x01, 0x22, 0xfe, 
0xcf, 0x01, 0x00, 0x01, 0x0c, 0xbb, 0x5f, 0xc2, 0x70, 0x33, 0xe2, 0x05, 0xec, 0xa2, 0x01, 0xda, 0x19, 0x8b, 0x14, 0xad, 
0x52, 0x8b, 0x14, 0x01, 0x65, 0xca, 0x16, 0xca, 0x16, 0x33, 0x89, 0x05, 0x9b, 0x23, 0xda, 0x19, 0x8b, 0x14, 0xad, 0x52, 
0x91, 0x14, 0x01, 0x0c, 0x9e, 0x23, 0x9e, 0x23, 0x33, 0x89, 0x05, 0x9b, 0x23, 0xda, 0x19, 0x8b, 0x14, 0xad, 0x52, 0x94, 
0x14, 0x01, 0x0c, 0x9e, 0x23, 0x9e, 0x23, 0x13, 0x8d, 0x05, 0x9b, 0x23, 0xcf, 0x2d, 0x8a, 0x14, 0x01, 0x0d, 0x9e, 0x23, 
0x9e, 0x23, 0x13, 0x8d, 0x05, 0xd5, 0x0f, 0xcf, 0x2d, 0x8d, 0x14, 0x01, 0x0d, 0x91, 0x9d, 0x01, 0x91, 0x9d, 0x01, 0xc3, 
0x10, 0x0d, 0xe8, 0xb1, 0x01, 0x82, 0xe1, 0x02, 0xe8, 0xb1, 0x01, 0xc0, 0x0a, 0x13, 0xe5, 0xe8, 0x01, 0xe5, 0xe3, 0x01, 
0xe5, 0xe8, 0x01, 0x13, 0xe2, 0x05, 0xa8, 0x89, 0x01, 0xc5, 0x1f, 0x9d, 0x14, 0x01, 0x65, 0xd5, 0x43, 0xd5, 0x43, 0x01, 
0x1d, 0xcb, 0x04, 0xb2, 0x7d, 0xc7, 0x18, 0x0c, 0xee, 0x9f, 0x01, 0xef, 0x02, 0x94, 0xca, 0x02, 0xcb, 0x14, 0x09, 0xdd, 
0xb7, 0x01, 0xdd, 0xb7, 0x01, 0xb0, 0x7b, 0xa7, 0x1e, 0xda, 0x36, 0x00, 0xba, 0x1e, 0x00, 0xfb, 0x25, 0xda, 0x36, 0x18, 
0xfc, 0x25, 0x01, 0x0c, 0xf1, 0x0c, 0xfe, 0x7b, 0x13, 0x8c, 0x05, 0xaf, 0x0b, 0xa5, 0x18, 0x8b, 0x14, 0x01, 0x0c, 0xde, 
0x19, 0xde, 0x19, 0xc0, 0x10, 0x0c, 0xc6, 0x63, 0xf4, 0x71, 0xc6, 0x63, 0xcb, 0x10, 0x0c, 0xb1, 0x9d, 0x01, 0xb1, 0x9d, 
0x01, 0x88, 0x67, 0xc7, 0x10, 0x0c, 0x81, 0x2a, 0xb3, 0xc7, 0x01, 0x86, 0x3d, 0xd0, 0x0a, 0x16, 0xda, 0xe8, 0x01, 0xd8, 
0xbe, 0x01, 0xda, 0xe8, 0x01, 0xd4, 0xa7, 0x02, 0x99, 0x1e, 0xa4, 0x13, 0x18, 0xa3, 0x13, 0xe5, 0x1e, 0x16, 0xf7, 0x8d, 
0x01, 0xf5, 0x53, 0x00, 0x00, 0x61, 0x32, 0x00, 0x00, 0xf3, 0x2b, 0x00, 0x00, 0xed, 0x57, 0x00, 0x00, 0xe5, 0x1e, 0x1d, 
0xaa, 0x1d, 0xdb, 0x2e, 0x00, 0x00, 0x61, 0x32, 0x00, 0x00, 0x8d, 0x35, 0x00, 0x00, 0xed, 0x57, 0x00, 0x00, 0xe5, 0x1e, 
0x0c, 0x85, 0x51, 0x0b, 0x0a, 0x00, 0x00, 0x61, 0x32, 0x00, 0x00, 0x0c, 0x56, 0x00, 0x00, 0xed, 0x57, 0x00, 0x00, 0xc1, 
0x16, 0x09, 0xf5, 0x14, 0xf5, 0x14, 0x95, 0xf8, 0x01, 0xb6, 0x1e, 0x8b, 0x07, 0xdd, 0xf9, 0x01, 0x00, 0xba, 0x1e, 0x00, 
0xb1, 0x7d, 0x8b, 0x07, 0x18, 0xb2, 0x7d, 0x33, 0x8a, 0x05, 0x9a, 0x5c, 0xd5, 0x1f, 0x8b, 0x14, 0xb9, 0x3d, 0x8a, 0x14, 
0x01, 0x0d, 0x93, 0x29, 0x93, 0x29, 0xc7, 0x16, 0x09, 0xf3, 0x7a, 0xf3, 0x7a, 0xa8, 0x73, 0xa7, 0x1e, 0xcf, 0xdf, 0x01, 
0x00, 0xba, 0x1e, 0x00, 0xf8, 0x0b, 0xcf, 0xdf, 0x01, 0x18, 0xf7, 0x0b, 0xd2, 0x0a, 0x16, 0xfe, 0x3c, 0xd4, 0x51, 0xf8, 
0x1d, 0x02, 0x01, 0xff, 0x03, 0xb0, 0x51, 0x98, 0xe1, 0x01, 0xb4, 0x0c, 0xd6, 0x01, 0xeb, 0x58, 0xeb, 0x58, 0xef, 0x0a, 
0x1d, 0xfe, 0x20, 0xfe, 0x20, 0xc2, 0x19, 0x02, 0x8b, 0x14, 0xce, 0x10, 0x1d, 0xc9, 0x19, 0xc9, 0x19, 0xf5, 0x49, 0x4b, 
0x1d, 0xa8, 0x22, 0xee, 0x22, 0xa8, 0x22, 0x99, 0x1e, 0xa9, 0x8c, 0x01, 0x18, 0xaa, 0x8c, 0x01, 0xe5, 0x1e, 0x16, 0xa9, 
0xcb, 0x01, 0xa7, 0x2b, 0x00, 0x00, 0xd7, 0x38, 0x00, 0x00, 0x23, 0x33, 0x00, 0x00, 0xe4, 0x23, 0x00, 0x00, 0xe5, 0x1e, 
0x1d, 0xb4, 0x26, 0xfc, 0x32, 0x00, 0x00, 0xd7, 0x38, 0x00, 0x00, 0xb3, 0x3b, 0x00, 0x00, 0xe4, 0x23, 0x00, 0x00, 0x99, 
0x1e, 0xbf, 0x89, 0x01, 0x18, 0xc0, 0x89, 0x01, 0xc0, 0x10, 0x0c, 0xc1, 0x07, 0xa6, 0xdd, 0x01, 0xfc, 0xaf, 0x02, 0x99, 
0x1e, 0xd2, 0x1b, 0x18, 0x8f, 0xeb, 0x01, 0x99, 0x1e, 0x1c, 0x18, 0x1b, 0xe5, 0x1e, 0x1d, 0x92, 0xa8, 0x01, 0xdb, 0x2e, 
0x00, 0x00, 0x53, 0x61, 0x00, 0x00, 0xfc, 0x32, 0x00, 0x00, 0x44, 0x1b, 0x00, 0x00, 0xc7, 0x18, 0x0c, 0xa5, 0x78, 0xbb, 
0xc1, 0x01, 0xc8, 0x97, 0x01, 0xcb, 0x14, 0x09, 0xd2, 0x6e, 0xd2, 0x6e, 0x94, 0xe3, 0x01, 0xa7, 0x1e, 0xdd, 0x19, 0x00, 
0xba, 0x1e, 0x00, 0x80, 0x43, 0xdd, 0x19, 0x18, 0xff, 0x42, 0x01, 0x17, 0xba, 0x04, 0x86, 0x70, 0x01, 0x1d, 0xa6, 0x76, 
0xe4, 0xe8, 0x01, 0x3d, 0x18, 0xfb, 0x43, 0xef, 0x15, 0xef, 0x15, 0x18, 0x22, 0xf2, 0x21, 0x00, 0xe9, 0x06, 0x08, 0xc1, 
0x84, 0x01, 0xaa, 0x33, 0xcf, 0x62, 0x97, 0x52, 0xbd, 0xc8, 0x01, 0x01, 0x18, 0xbe, 0xbc, 0x01, 0xee, 0x59, 0xc1, 0x0a, 
0x0d, 0xbb, 0x0a, 0xbb, 0x0a, 0x00, 0xd2, 0x0a, 0x1d, 0xf3, 0x3c, 0xf3, 0x3c, 0xa3, 0x25, 0x00, 0xc1, 0x0a, 0x0d, 0xbe, 
0x46, 0x71, 0x01, 0xd2, 0x0a, 0x1d, 0x89, 0x3a, 0x89, 0x3a, 0xb4, 0x0c, 0x01, 0xc1, 0x0a, 0x0d, 0xfa, 0x6b, 0xfe, 0x30, 
0x02, 0xd2, 0x0a, 0x1d, 0xe7, 0xd6, 0x01, 0xe7, 0xd6, 0x01, 0xed, 0x6a, 0x02, 0x99, 0x1e, 0xe7, 0x93, 0x01, 0x18, 0xe8, 
0x93, 0x01, 0xe5, 0x1e, 0x1d, 0xaf, 0x06, 0x3f, 0x45, 0x00, 0x00, 0x36, 0x1b, 0x00, 0x00, 0x50, 0x24, 0x00, 0x00, 0x15, 
0x32, 0x00, 0x00, 0xc1, 0x0a, 0x0d, 0xe3, 0x34, 0xe3, 0x34, 0x02, 0x4a, 0x0d, 0x99, 0x5e, 0x99, 0x5e, 0xf4, 0x7c, 0x4b, 
0x0d, 0x90, 0xba, 0x01, 0x90, 0xba, 0x01, 0xf2, 0xc1, 0x02, 0xd2, 0x0a, 0x1d, 0xf9, 0xa2, 0x01, 0xf9, 0xa2, 0x01, 0xe7, 
0x7b, 0x02, 0xc1, 0x12, 0x1d, 0xcc, 0x52, 0xba, 0x35, 0xcc, 0x52, 0xc1, 0x0a, 0x0d, 0xc5, 0x18, 0xc5, 0x18, 0x03, 0x5c, 
0x0d, 0xdb, 0x79, 0x01, 0x04, 0xbb, 0x6e, 0xc8, 0x16, 0x09, 0x8e, 0x3e, 0x8e, 0x3e, 0x84, 0x8d, 0x01, 0xa7, 0x1e, 0xe1, 
0x83, 0x01, 0x00, 0xba, 0x1e, 0x00, 0xc9, 0x24, 0xe1, 0x83, 0x01, 0x18, 0xca, 0x24, 0xc8, 0x16, 0x09, 0xe7, 0x27, 0xeb, 
0x3e, 0xf2, 0x75, 0xd9, 0x14, 0x0d, 0xac, 0x44, 0xac, 0x44, 0x80, 0xd9, 0x01, 0x92, 0xce, 0x01, 0xd2, 0x0a, 0x1d, 0x81, 
0x4f, 0x81, 0x4f, 0x87, 0x62, 0x03, 0x99, 0x1e, 0xd5, 0x91, 0x01, 0x18, 0xd6, 0x91, 0x01, 0xe5, 0x1e, 0x1d, 0xbf, 0x05, 
0x5e, 0x3d, 0x00, 0x00, 0x44, 0x49, 0x00, 0x00, 0xda, 0x24, 0x00, 0x00, 0x79, 0x31, 0x00, 0x00, 0xc1, 0x0a, 0x0d, 0xf5, 
0x39, 0xf5, 0x39, 0x03, 0xc8, 0x10, 0x0d, 0x9e, 0x56, 0xde, 0xb9, 0x02, 0x9e, 0x56, 0xce, 0x10, 0x1d, 0xbe, 0x07, 0xe6, 
0x23, 0xbe, 0x07, 0xe0, 0x0a, 0xc9, 0x0c, 0xad, 0x61, 0xd2, 0x67, 0x8e, 0xb4, 0x01, 0xad, 0x61, 0x80, 0xd8, 0x01, 0xc1, 
0x0a, 0x13, 0xe0, 0x3b, 0xe0, 0x3b, 0x00, 0xc1, 0x0a, 0x1d, 0xd9, 0x1f, 0x86, 0x1c, 0x02, 0xa7, 0x1e, 0xfc, 0x82, 0x01, 
0x00, 0xba, 0x1e, 0xc2, 0x5a, 0xc4, 0x34, 0xfc, 0x82, 0x01, 0x18, 0xc3, 0x34, 0x01, 0x0c, 0xf1, 0x0c, 0x80, 0x7c, 0x13, 
0x8c, 0x05, 0xaf, 0x0b, 0xa5, 0x18, 0x8b, 0x14, 0x01, 0x0c, 0xde, 0x19, 0xde, 0x19, 0xc0, 0x10, 0x0c, 0xc6, 0x63, 0xf4, 
0x71, 0xc6, 0x63, 0xcb, 0x10, 0x0c, 0xb1, 0x9d, 0x01, 0xb1, 0x9d, 0x01, 0x8a, 0x67, 0xc7, 0x10, 0x0c, 0x81, 0x2a, 0xb3, 
0xc7, 0x01, 0x88, 0x3d, 0xd0, 0x0a, 0x16, 0xda, 0xe8, 0x01, 0xd8, 0xbe, 0x01, 0xda, 0xe8, 0x01, 0xd6, 0xa7, 0x02, 0x99, 
0x1e, 0xa4, 0x13, 0x18, 0xa3, 0x13, 0xe5, 0x1e, 0x16, 0xf7, 0x8d, 0x01, 0xf6, 0x53, 0x00, 0x00, 0x62, 0x32, 0x00, 0x00, 
0xf4, 0x2b, 0x00, 0x00, 0xee, 0x57, 0x00, 0x00, 0xe5, 0x1e, 0x1d, 0xaa, 0x1d, 0xdb, 0x2e, 0x00, 0x00, 0x62, 0x32, 0x00, 
0x00, 0x8e, 0x35, 0x00, 0x00, 0xee, 0x57, 0x00, 0x00, 0xe5, 0x1e, 0x0c, 0x85, 0x51, 0x0b, 0x0a, 0x00, 0x00, 0x62, 0x32, 
0x00, 0x00, 0x0d, 0x56, 0x00, 0x00, 0xee, 0x57, 0x00, 0x00, 0xc1, 0x16, 0x09, 0xf5, 0x14, 0xf5, 0x14, 0x93, 0xf8, 0x01, 
0xb6, 0x1e, 0x8b, 0x07, 0xdd, 0xf9, 0x01, 0x00, 0xba, 0x1e, 0x00, 0xb1, 0x7d, 0x8b, 0x07, 0x18, 0xb2, 0x7d, 0x33, 0x8a, 
0x05, 0x9a, 0x5c, 0xd5, 0x1f, 0x8b, 0x14, 0xba, 0x3d, 0x8a, 0x14, 0x01, 0x0d, 0x93, 0x29, 0x93, 0x29, 0xc7, 0x16, 0x09, 
0xf3, 0x7a, 0xf3, 0x7a, 0xaa, 0x73, 0xa7, 0x1e, 0xcf, 0xdf, 0x01, 0x00, 0xba, 0x1e, 0x00, 0xf8, 0x0b, 0xcf, 0xdf, 0x01, 
0x18, 0xf7, 0x0b, 0xd2, 0x0a, 0x16, 0xfe, 0x3c, 0xd4, 0x51, 0xf8, 0x1d, 0x02, 0x01, 0xff, 0x03, 0xb0, 0x51, 0x9a, 0xe1, 
0x01, 0xb4, 0x0c, 0xd6, 0x01, 0xeb, 0x58, 0xeb, 0x58, 0xef, 0x0a, 0x1d, 0xfe, 0x20, 0xfe, 0x20, 0xc2, 0x19, 0x02, 0x8b, 
0x14, 0xce, 0x10, 0x1d, 0xc9, 0x19, 0xc9, 0x19, 0xf5, 0x49, 0x4b, 0x1d, 0xa8, 0x22, 0xee, 0x22, 0xa8, 0x22, 0x99, 0x1e, 
0xa9, 0x8c, 0x01, 0x18, 0xaa, 0x8c, 0x01, 0xe5, 0x1e, 0x16, 0xa9, 0xcb, 0x01, 0xa8, 0x2b, 0x00, 0x00, 0xd8, 0x38, 0x00, 
0x00, 0x24, 0x33, 0x00, 0x00, 0xe5, 0x23, 0x00, 0x00, 0xe5, 0x1e, 0x1d, 0xb4, 0x26, 0xfd, 0x32, 0x00, 0x00, 0xd8, 0x38, 
0x00, 0x00, 0xb4, 0x3b, 0x00, 0x00, 0xe5, 0x23, 0x00, 0x00, 0x99, 0x1e, 0xbf, 0x89, 0x01, 0x18, 0xc0, 0x89, 0x01, 0xc0, 
0x10, 0x0c, 0xc1, 0x07, 0xa6, 0xdd, 0x01, 0xfe, 0xaf, 0x02, 0x99, 0x1e, 0xd2, 0x1b, 0x18, 0x8f, 0xeb, 0x01, 0x99, 0x1e, 
0x81, 0x0e, 0x18, 0x82, 0x0e, 0xe5, 0x1e, 0x1d, 0xcc, 0x2f, 0xdb, 0x2e, 0x00, 0x00, 0x45, 0x49, 0x00, 0x00, 0xfd, 0x32, 
0x00, 0x00, 0x45, 0x1b, 0x00, 0x00, 0xa7, 0x1e, 0xe3, 0x79, 0x00, 0xba, 0x1e, 0xd1, 0x60, 0xd3, 0x1d, 0xe3, 0x79, 0x18, 
0xd4, 0x1d, 0x01, 0x17, 0xba, 0x04, 0x88, 0x70, 0x01, 0x1d, 0xa6, 0x76, 0xe6, 0xe8, 0x01, 0x3d, 0x18, 0xfb, 0x43, 0xb8, 
0x54, 0xb8, 0x54, 0x18, 0x22, 0xc5, 0x57, 0x00, 0xe9, 0x06, 0x08, 0xc1, 0x84, 0x01, 0xac, 0x33, 0x87, 0xdc, 0x01, 0x97, 
0x52, 0xbd, 0xc8, 0x01, 0x01, 0x18, 0xbe, 0xbc, 0x01, 0xc9, 0x1f, 0xc1, 0x0a, 0x0d, 0xbb, 0x0a, 0xbb, 0x0a, 0x00, 0xd2, 
0x0a, 0x1d, 0xf3, 0x3c, 0xf3, 0x3c, 0xd8, 0xef, 0x01, 0x00, 0xc1, 0x0a, 0x0d, 0xbe, 0x46, 0x71, 0x01, 0xd2, 0x0a, 0x1d, 
0x89, 0x3a, 0x89, 0x3a, 0xb4, 0x0c, 0x01, 0xc1, 0x0a, 0x0d, 0xfa, 0x6b, 0xfe, 0x30, 0x02, 0xd2, 0x0a, 0x1d, 0xe7, 0xd6, 
0x01, 0xe7, 0xd6, 0x01, 0xed, 0x6a, 0x02, 0x99, 0x1e, 0x99, 0x93, 0x01, 0x18, 0x9a, 0x93, 0x01, 0xe5, 0x1e, 0x1d, 0xe7, 
0x0f, 0xac, 0x2a, 0x00, 0x00, 0xc6, 0x1e, 0x00, 0x00, 0x51, 0x24, 0x00, 0x00, 0x16, 0x32, 0x00, 0x00, 0x3d, 0x18, 0xce, 
0x29, 0xce, 0x29, 0xce, 0x29, 0x18, 0xc1, 0x0a, 0x0d, 0x93, 0x77, 0x93, 0x77, 0x00, 0xc1, 0x0a, 0x1d, 0xbc, 0x1c, 0xc5, 
0x7a, 0x00, 0xce, 0x10, 0x1d, 0xec, 0x1b, 0xec, 0x1b, 0xa8, 0x38, 0xc1, 0x0a, 0x0d, 0xbe, 0x14, 0xad, 0x2a, 0x01, 0xc1, 
0x0a, 0x1d, 0xe4, 0x59, 0xc8, 0x0f, 0x01, 0xce, 0x10, 0x1d, 0x9f, 0x6e, 0x9f, 0x6e, 0xbb, 0x14, 0xc1, 0x0a, 0x0d, 0xbe, 
0x14, 0xab, 0x2a, 0x02, 0xc1, 0x0a, 0x1d, 0xe4, 0x59, 0xca, 0x0f, 0x02, 0xce, 0x10, 0x1d, 0x83, 0x60, 0x83, 0x60, 0x9f, 
0x06, 0xc1, 0x0a, 0x1d, 0xaf, 0x7f, 0xe9, 0xcf, 0x01, 0x03, 0x4b, 0x1d, 0xdc, 0x57, 0xd3, 0x27, 0xdc, 0x57, 0x4b, 0x1d, 
0xbc, 0x3d, 0x86, 0x24, 0xbc, 0x3d, 0x4b, 0x1d, 0xdf, 0x19, 0xa8, 0x0a, 0xdf, 0x19, 0x23, 0xe2, 0x05, 0xe7, 0x72, 0xc5, 
0x1f, 0x9a, 0x14, 0x8b, 0x14, 0x01, 0x65, 0xd6, 0x9d, 0x01, 0xd6, 0x9d, 0x01, 0xc1, 0x12, 0x1d, 0xdd, 0x69, 0xdd, 0x69, 
0xef, 0x3e, 0xce, 0x10, 0x13, 0xb3, 0x06, 0xa7, 0x59, 0x88, 0xc4, 0x01, 0xc3, 0x10, 0x13, 0xc0, 0x12, 0xc0, 0x12, 0xfa, 
0xca, 0x01, 0xc1, 0x0a, 0x0d, 0x85, 0x5f, 0x85, 0x5f, 0x00, 0xc1, 0x0a, 0x0d, 0x8e, 0x80, 0x01, 0x88, 0x21, 0x01, 0xe0, 
0x0a, 0x1d, 0x27, 0xe6, 0x7f, 0x27, 0xc2, 0xcf, 0x01, 0xc6, 0xf5, 0x01, 0xc1, 0x0a, 0x0d, 0x8f, 0x7c, 0x8f, 0x7c, 0x00, 
0xc1, 0x0a, 0x0d, 0x86, 0xe7, 0x01, 0xf6, 0x6a, 0x01, 0xc1, 0x0a, 0x0d, 0x9d, 0xeb, 0x01, 0xa7, 0x80, 0x01, 0x02, 0xc1, 
0x0a, 0x0d, 0xda, 0x02, 0xcd, 0x7d, 0x03, 0xe0, 0x0a, 0x1d, 0x82, 0x80, 0x01, 0xc4, 0x7e, 0xc1, 0x68, 0xdc, 0x82, 0x01, 
0x82, 0x80, 0x01, 0xe0, 0x0a, 0x65, 0x98, 0x04, 0xb2, 0xd0, 0x01, 0xb2, 0xd0, 0x01, 0xb2, 0xd0, 0x01, 0x98, 0x04, 0xe0, 
0x0a, 0xc9, 0x0c, 0x92, 0x23, 0xd6, 0x03, 0xca, 0x56, 0xb0, 0x23, 0x92, 0x23, 0xc1, 0x0a, 0x13, 0x81, 0x80, 0x01, 0x81, 
0x80, 0x01, 0x00, 0xc1, 0x0a, 0x1d, 0xc8, 0xbb, 0x01, 0xc6, 0x3b, 0x01, 0xc1, 0x0a, 0x1d, 0xc9, 0xb7, 0x01, 0x83, 0x7c, 
0x02, 0x22, 0xac, 0x55, 0xfe, 0x03, 0x22, 0xda, 0x75, 0xc9, 0xb7, 0x01, 0x3d, 0x18, 0xfe, 0x2e, 0xfe, 0x2e, 0xfe, 0x2e, 
0x18, 0x13, 0x8f, 0x05, 0xb3, 0x73, 0xab, 0x22, 0x8a, 0x14, 0xc1, 0x0a, 0x0d, 0x86, 0x6f, 0xad, 0x04, 0x00, 0x22, 0x86, 
0x6f, 0x00, 0x13, 0x8f, 0x05, 0xf0, 0x2f, 0xab, 0x22, 0x8d, 0x14, 0xc1, 0x0a, 0x0d, 0xef, 0x09, 0xd2, 0x21, 0x01, 0x22, 
0xef, 0x09, 0x00, 0x13, 0x8f, 0x05, 0xf2, 0x09, 0xab, 0x22, 0x90, 0x14, 0xc1, 0x0a, 0x0d, 0x91, 0x05, 0xb2, 0x26, 0x02, 
0x22, 0x91, 0x05, 0x00, 0xc1, 0x0a, 0x65, 0x93, 0x34, 0xe7, 0x5a, 0x03, 0xa7, 0x1e, 0xc2, 0x4b, 0x00, 0xba, 0x1e, 0x8a, 
0x23, 0xf5, 0x02, 0xc2, 0x4b, 0x18, 0xf6, 0x02, 0x01, 0x0c, 0xf1, 0x0c, 0x82, 0x7c, 0x13, 0x8c, 0x05, 0xaf, 0x0b, 0xa5, 
0x18, 0x8b, 0x14, 0x01, 0x0c, 0xde, 0x19, 0xde, 0x19, 0xc0, 0x10, 0x0c, 0xc6, 0x63, 0xf4, 0x71, 0xc6, 0x63, 0xcb, 0x10, 
0x0c, 0xb1, 0x9d, 0x01, 0xb1, 0x9d, 0x01, 0x8c, 0x67, 0xc7, 0x10, 0x0c, 0x81, 0x2a, 0xb3, 0xc7, 0x01, 0x8a, 0x3d, 0xd0, 
0x0a, 0x16, 0xda, 0xe8, 0x01, 0xd8, 0xbe, 0x01, 0xda, 0xe8, 0x01, 0xd8, 0xa7, 0x02, 0x99, 0x1e, 0xa4, 0x13, 0x18, 0xa3, 
0x13, 0xe5, 0x1e, 0x16, 0xf7, 0x8d, 0x01, 0xf7, 0x53, 0x00, 0x00, 0x63, 0x32, 0x00, 0x00, 0xf5, 0x2b, 0x00, 0x00, 0xef, 
0x57, 0x00, 0x00, 0xe5, 0x1e, 0x1d, 0xaa, 0x1d, 0xdb, 0x2e, 0x00, 0x00, 0x63, 0x32, 0x00, 0x00, 0x8f, 0x35, 0x00, 0x00, 
0xef, 0x57, 0x00, 0x00, 0xe5, 0x1e, 0x0c, 0x85, 0x51, 0x0b, 0x0a, 0x00, 0x00, 0x63, 0x32, 0x00, 0x00, 0x0e, 0x56, 0x00, 
0x00, 0xef, 0x57, 0x00, 0x00, 0xc1, 0x16, 0x09, 0xf5, 0x14, 0xf5, 0x14, 0x91, 0xf8, 0x01, 0xb6, 0x1e, 0x8b, 0x07, 0xdd, 
0xf9, 0x01, 0x00, 0xba, 0x1e, 0x00, 0xb1, 0x7d, 0x8b, 0x07, 0x18, 0xb2, 0x7d, 0x33, 0x8a, 0x05, 0x9a, 0x5c, 0xd5, 0x1f, 
0x8b, 0x14, 0xbb, 0x3d, 0x8a, 0x14, 0x01, 0x0d, 0x93, 0x29, 0x93, 0x29, 0xc7, 0x16, 0x09, 0xf3, 0x7a, 0xf3, 0x7a, 0xac, 
0x73, 0xa7, 0x1e, 0xcf, 0xdf, 0x01, 0x00, 0xba, 0x1e, 0x00, 0xf8, 0x0b, 0xcf, 0xdf, 0x01, 0x18, 0xf7, 0x0b, 0xd2, 0x0a, 
0x16, 0xfe, 0x3c, 0xd4, 0x51, 0xf8, 0x1d, 0x02, 0x01, 0xff, 0x03, 0xb0, 0x51, 0x9c, 0xe1, 0x01, 0xb4, 0x0c, 0xd6, 0x01, 
0xeb, 0x58, 0xeb, 0x58, 0xef, 0x0a, 0x1d, 0xfe, 0x20, 0xfe, 0x20, 0xc2, 0x19, 0x02, 0x8b, 0x14, 0xce, 0x10, 0x1d, 0xc9, 
0x19, 0xc9, 0x19, 0xf5, 0x49, 0x4b, 0x1d, 0xa8, 0x22, 0xee, 0x22, 0xa8, 0x22, 0x99, 0x1e, 0xa9, 0x8c, 0x01, 0x18, 0xaa, 
0x8c, 0x01, 0xe5, 0x1e, 0x16, 0xa9, 0xcb, 0x01, 0xa9, 0x2b, 0x00, 0x00, 0xd9, 0x38, 0x00, 0x00, 0x25, 0x33, 0x00, 0x00, 
0xe6, 0x23, 0x00, 0x00, 0xe5, 0x1e, 0x1d, 0xb4, 0x26, 0xfe, 0x32, 0x00, 0x00, 0xd9, 0x38, 0x00, 0x00, 0xb5, 0x3b, 0x00, 
0x00, 0xe6, 0x23, 0x00, 0x00, 0x99, 0x1e, 0xbf, 0x89, 0x01, 0x18, 0xc0, 0x89, 0x01, 0xc0, 0x10, 0x0c, 0xc1, 0x07, 0xa6, 
0xdd, 0x01, 0x80, 0xb0, 0x02, 0x99, 0x1e, 0xd2, 0x1b, 0x18, 0x8f, 0xeb, 0x01, 0x99, 0x1e, 0x81, 0x0e, 0x18, 0x82, 0x0e, 
0xe5, 0x1e, 0x1d, 0xcc, 0x2f, 0xdb, 0x2e, 0x00, 0x00, 0x1e, 0x49, 0x00, 0x00, 0xfe, 0x32, 0x00, 0x00, 0x46, 0x1b, 0x00, 
0x00, 0xa7, 0x1e, 0xad, 0x8d, 0x01, 0x00, 0xba, 0x1e, 0xcf, 0x60, 0xd3, 0x1d, 0xad, 0x8d, 0x01, 0x18, 0xd4, 0x1d, 0x01, 
0x17, 0xba, 0x04, 0x8a, 0x70, 0x01, 0x1d, 0xa6, 0x76, 0xe8, 0xe8, 0x01, 0x3d, 0x18, 0xfb, 0x43, 0xb8, 0x54, 0xb8, 0x54, 
0x18, 0x22, 0xff, 0x1f, 0x00, 0xe9, 0x06, 0x08, 0xc1, 0x84, 0x01, 0xae, 0x33, 0xc1, 0xa4, 0x01, 0x97, 0x52, 0xbd, 0xc8, 
0x01, 0x01, 0x18, 0xbe, 0xbc, 0x01, 0xfc, 0x17, 0xc1, 0x0a, 0x0d, 0xbb, 0x0a, 0xbb, 0x0a, 0x00, 0xd2, 0x0a, 0x1d, 0xf3, 
0x3c, 0xf3, 0x3c, 0x84, 0x45, 0x00, 0xc1, 0x0a, 0x0d, 0xbe, 0x46, 0x71, 0x01, 0xd2, 0x0a, 0x1d, 0x89, 0x3a, 0x89, 0x3a, 
0xb4, 0x0c, 0x01, 0xc1, 0x0a, 0x0d, 0xfa, 0x6b, 0xfe, 0x30, 0x02, 0xd2, 0x0a, 0x1d, 0xe7, 0xd6, 0x01, 0xe7, 0xd6, 0x01, 
0xed, 0x6a, 0x02, 0x99, 0x1e, 0xe3, 0xa6, 0x01, 0x18, 0xe4, 0xa6, 0x01, 0xe5, 0x1e, 0x1d, 0xe7, 0xd5, 0x01, 0xad, 0x2a, 
0x00, 0x00, 0xc7, 0x1e, 0x00, 0x00, 0x52, 0x24, 0x00, 0x00, 0x17, 0x32, 0x00, 0x00, 0xc1, 0x12, 0x1d, 0x8c, 0x1d, 0xa3, 
0x47, 0x8c, 0x1d, 0xc1, 0x0a, 0x0d, 0x80, 0x2e, 0x80, 0x2e, 0x02, 0x4a, 0x0d, 0xfe, 0x71, 0xfe, 0x71, 0xc4, 0x90, 0x02, 
0x4b, 0x0d, 0xee, 0x0d, 0xee, 0x0d, 0xa0, 0xa9, 0x02, 0xd2, 0x0a, 0x1d, 0x86, 0x56, 0x86, 0x56, 0xf2, 0x83, 0x02, 0x02, 
0x22, 0xec, 0xcb, 0x02, 0x00, 0xc1, 0x0a, 0x0d, 0xf7, 0xf9, 0x01, 0xf7, 0xf9, 0x01, 0x01, 0x3f, 0x0d, 0xe6, 0xff, 0x01, 
0xe6, 0xff, 0x01, 0xd2, 0x0a, 0x1d, 0xe1, 0x3d, 0xe1, 0x3d, 0xf3, 0x37, 0x01, 0x13, 0x9b, 0x05, 0xc3, 0x4b, 0xc2, 0x26, 
0x8b, 0x14, 0x22, 0x00, 0xc3, 0x4b, 0x8d, 0x1e, 0x88, 0x06, 0xc6, 0x06, 0x08, 0xc3, 0xb8, 0x01, 0x00, 0x8b, 0x03, 0xa7, 
0x06, 0x95, 0x05, 0x9d, 0x04, 0xa7, 0x06, 0x17, 0xd4, 0x16, 0xa7, 0x06, 0x1d, 0xd7, 0x12, 0x18, 0xbe, 0xa8, 0x02, 0xc1, 
0x0a, 0x0d, 0xd3, 0xaf, 0x01, 0xea, 0x78, 0x03, 0xce, 0x16, 0x09, 0xa0, 0x4a, 0xa0, 0x4a, 0xf2, 0xe1, 0x01, 0xa7, 0x1e, 
0xfe, 0x24, 0x00, 0xba, 0x1e, 0x00, 0xbc, 0x9c, 0x01, 0xfe, 0x24, 0x18, 0xbb, 0x9c, 0x01, 0xc1, 0x0a, 0x0d, 0xdc, 0x72, 
0xaa, 0x99, 0x01, 0x00, 0xc1, 0x0a, 0x0b, 0x83, 0x39, 0xce, 0x4d, 0x00, 0x01, 0x18, 0xc6, 0x7b, 0xe8, 0xdf, 0x01, 0x33, 
0xcd, 0x05, 0x85, 0x0d, 0xc4, 0x1b, 0x8b, 0x14, 0xd3, 0x53, 0x8b, 0x14, 0x01, 0x50, 0x9a, 0x55, 0x9a, 0x55, 0xb4, 0x0a, 
0x56, 0xb5, 0xbc, 0x01, 0xc0, 0x5a, 0x00, 0x00, 0xc1, 0x0a, 0x0d, 0xe6, 0x37, 0xbb, 0x3c, 0x00, 0xc1, 0x0a, 0x18, 0xe9, 
0x20, 0xfc, 0x16, 0x00, 0xce, 0x10, 0x18, 0xa4, 0x0f, 0xa4, 0x0f, 0xc5, 0x11, 0xc1, 0x0a, 0x0d, 0xbe, 0x14, 0xc3, 0x39, 
0x01, 0xc1, 0x0a, 0x18, 0xe8, 0x59, 0xc6, 0x94, 0x01, 0x01, 0xce, 0x10, 0x18, 0xa3, 0x6e, 0xa3, 0x6e, 0xbb, 0x14, 0xc1, 
0x0a, 0x0d, 0xbe, 0x14, 0xc1, 0x39, 0x02, 0xc1, 0x0a, 0x18, 0xe8, 0x59, 0xc8, 0x94, 0x01, 0x02, 0xce, 0x10, 0x18, 0x87, 
0x60, 0x87, 0x60, 0x9f, 0x06, 0xc1, 0x0a, 0x18, 0xaf, 0x7f, 0xef, 0x4a, 0x03, 0x4b, 0x18, 0xde, 0x57, 0xd1, 0x27, 0xde, 
0x57, 0x4b, 0x18, 0xa8, 0x54, 0xf4, 0x3a, 0xa8, 0x54, 0x4b, 0x18, 0x96, 0x2f, 0x8c, 0x6a, 0x96, 0x2f, 0xce, 0x10, 0x18, 
0xb1, 0x09, 0xb1, 0x09, 0x9a, 0x55, 0xc1, 0x0a, 0x0d, 0x14, 0xd8, 0xee, 0x01, 0x01, 0xc1, 0x0a, 0x0b, 0xaf, 0x46, 0xd0, 
0x95, 0x01, 0x01, 0x01, 0x18, 0xc6, 0x33, 0xea, 0xdf, 0x01, 0x33, 0xcd, 0x05, 0x85, 0x0d, 0xc4, 0x1b, 0x8b, 0x14, 0xd4, 
0x77, 0x8b, 0x14, 0x01, 0x50, 0x9a, 0x55, 0x9a, 0x55, 0xb4, 0x0a, 0x56, 0xb5, 0xbc, 0x01, 0xc1, 0x5a, 0x00, 0x00, 0xc1, 
0x0a, 0x0d, 0xe6, 0x37, 0xbb, 0x3c, 0x00, 0xc1, 0x0a, 0x18, 0xe9, 0x20, 0xfc, 0x16, 0x00, 0xce, 0x10, 0x18, 0xa6, 0x0f, 
0xa6, 0x0f, 0xc3, 0x11, 0xc1, 0x0a, 0x0d, 0xbe, 0x14, 0xc1, 0x39, 0x01, 0xc1, 0x0a, 0x18, 0xe8, 0x59, 0xc8, 0x94, 0x01, 
0x01, 0xce, 0x10, 0x18, 0xa3, 0x6e, 0xa3, 0x6e, 0xbb, 0x14, 0xc1, 0x0a, 0x0d, 0xbe, 0x14, 0xbf, 0x39, 0x02, 0xc1, 0x0a, 
0x18, 0xe8, 0x59, 0xca, 0x94, 0x01, 0x02, 0xce, 0x10, 0x18, 0x89, 0x60, 0x89, 0x60, 0xa1, 0x06, 0xc1, 0x0a, 0x18, 0xaf, 
0x7f, 0xef, 0x4a, 0x03, 0x4b, 0x18, 0xde, 0x57, 0xd1, 0x27, 0xde, 0x57, 0x4b, 0x18, 0xa8, 0x54, 0xf2, 0x3a, 0xa8, 0x54, 
0x4b, 0x18, 0xb4, 0x3d, 0xa8, 0x78, 0xb4, 0x3d, 0xce, 0x10, 0x18, 0xb1, 0x99, 0x01, 0xb1, 0x99, 0x01, 0xf3, 0x81, 0x01, 
0x4b, 0x18, 0x9b, 0x31, 0xfb, 0xb2, 0x01, 0x9b, 0x31, 0xc1, 0x0a, 0x0d, 0xf0, 0xf6, 0x01, 0xb8, 0xb2, 0x02, 0x02, 0xc1, 
0x0a, 0x0b, 0xcd, 0x96, 0x01, 0x92, 0x89, 0x01, 0x02, 0x01, 0x18, 0x86, 0x40, 0xec, 0xdf, 0x01, 0x33, 0xcd, 0x05, 0x85, 
0x0d, 0xc4, 0x1b, 0x8b, 0x14, 0xb5, 0x71, 0x8b, 0x14, 0x01, 0x50, 0x9a, 0x55, 0x9a, 0x55, 0xb4, 0x0a, 0x56, 0xaf, 0xbc, 
0x01, 0xc2, 0x5a, 0x00, 0x00, 0xc1, 0x0a, 0x0d, 0xe0, 0x37, 0xbb, 0x3c, 0x00, 0xc1, 0x0a, 0x18, 0xe9, 0x20, 0xf6, 0x16, 
0x00, 0xce, 0x10, 0x18, 0xa8, 0x0f, 0xa8, 0x0f, 0xc1, 0x11, 0xc1, 0x0a, 0x0d, 0xbe, 0x14, 0xbf, 0x39, 0x01, 0xc1, 0x0a, 
0x18, 0xe8, 0x59, 0xc4, 0x94, 0x01, 0x01, 0xce, 0x10, 0x18, 0xa3, 0x6e, 0xa3, 0x6e, 0xbb, 0x14, 0xc1, 0x0a, 0x0d, 0xbe, 
0x14, 0xbd, 0x39, 0x02, 0xc1, 0x0a, 0x18, 0xe8, 0x59, 0xc6, 0x94, 0x01, 0x02, 0xce, 0x10, 0x18, 0x8b, 0x60, 0x8b, 0x60, 
0xa3, 0x06, 0xc1, 0x0a, 0x18, 0xaf, 0x7f, 0xf5, 0x4a, 0x03, 0x4b, 0x18, 0xde, 0x57, 0xd1, 0x27, 0xde, 0x57, 0x4b, 0x18, 
0xa8, 0x54, 0xf0, 0x3a, 0xa8, 0x54, 0x4b, 0x18, 0xb4, 0x3d, 0xa6, 0x78, 0xb4, 0x3d, 0xce, 0x10, 0x18, 0xb1, 0x99, 0x01, 
0xb1, 0x99, 0x01, 0xd1, 0xc5, 0x01, 0x4b, 0x18, 0x95, 0x37, 0xf7, 0x05, 0x95, 0x37, 0xc1, 0x0a, 0x0b, 0x8a, 0x0a, 0x82, 
0x2d, 0x03, 0x01, 0x18, 0xc8, 0x80, 0x02, 0x9e, 0xc4, 0x02, 0x33, 0xcd, 0x05, 0xb5, 0x71, 0xc4, 0x1b, 0x8b, 0x14, 0xad, 
0x43, 0x8b, 0x14, 0x01, 0x50, 0x9a, 0x55, 0x9a, 0x55, 0xb4, 0x0a, 0x56, 0xaf, 0xbc, 0x01, 0xc3, 0x5a, 0x00, 0x00, 0xc1, 
0x0a, 0x0d, 0xe0, 0x37, 0xeb, 0xa0, 0x01, 0x00, 0xc1, 0x0a, 0x18, 0xe9, 0x20, 0xf6, 0x16, 0x00, 0xce, 0x10, 0x18, 0xaa, 
0x0f, 0xaa, 0x0f, 0xbf, 0x11, 0xc1, 0x0a, 0x0d, 0xbe, 0x14, 0xed, 0x9d, 0x01, 0x01, 0xc1, 0x0a, 0x18, 0xe8, 0x59, 0xc6, 
0x94, 0x01, 0x01, 0xce, 0x10, 0x18, 0xa3, 0x6e, 0xa3, 0x6e, 0xbb, 0x14, 0xc1, 0x0a, 0x0d, 0xbe, 0x14, 0xeb, 0x9d, 0x01, 
0x02, 0xc1, 0x0a, 0x18, 0xe8, 0x59, 0xc8, 0x94, 0x01, 0x02, 0xce, 0x10, 0x18, 0x8d, 0x60, 0x8d, 0x60, 0xa5, 0x06, 0xc1, 
0x0a, 0x18, 0xaf, 0x7f, 0xf5, 0x4a, 0x03, 0x4b, 0x18, 0xde, 0x57, 0xd1, 0x27, 0xde, 0x57, 0x4b, 0x18, 0xa8, 0x54, 0xee, 
0x3a, 0xa8, 0x54, 0x4b, 0x18, 0xb4, 0x3d, 0xa4, 0x78, 0xb4, 0x3d, 0xce, 0x10, 0x18, 0x87, 0x9f, 0x01, 0x87, 0x9f, 0x01, 
0xd7, 0x11, 0x4b, 0x18, 0xec, 0x3a, 0xae, 0x6c, 0xec, 0x3a, 0x22, 0xfa, 0xa5, 0x01, 0x00, 0x8d, 0x1e, 0x18, 0xf1, 0x03, 
0xc1, 0x0a, 0x0d, 0xb3, 0x11, 0xd8, 0x8c, 0x01, 0x00, 0xc1, 0x0a, 0x0b, 0xaf, 0x2c, 0xd0, 0x4d, 0x00, 0x01, 0x18, 0xca, 
0x7b, 0xee, 0xdf, 0x01, 0x33, 0xcd, 0x05, 0x83, 0x0d, 0xc4, 0x1b, 0x8b, 0x14, 0xd4, 0x53, 0x8b, 0x14, 0x01, 0x50, 0x9a, 
0x55, 0x9a, 0x55, 0xb4, 0x0a, 0x56, 0xaf, 0xbc, 0x01, 0xc4, 0x5a, 0x00, 0x00, 0xc1, 0x0a, 0x0d, 0xe0, 0x37, 0xb9, 0x3c, 
0x00, 0xc1, 0x0a, 0x18, 0xe9, 0x20, 0xf6, 0x16, 0x00, 0xce, 0x10, 0x18, 0xac, 0x0f, 0xac, 0x0f, 0xbd, 0x11, 0xc1, 0x0a, 
0x0d, 0xbe, 0x14, 0xb9, 0x39, 0x01, 0xc1, 0x0a, 0x18, 0xe8, 0x59, 0xc8, 0x94, 0x01, 0x01, 0xce, 0x10, 0x18, 0xa3, 0x6e, 
0xa3, 0x6e, 0xbb, 0x14, 0xc1, 0x0a, 0x0d, 0xbe, 0x14, 0xb7, 0x39, 0x02, 0xc1, 0x0a, 0x18, 0xe8, 0x59, 0xca, 0x94, 0x01, 
0x02, 0xce, 0x10, 0x18, 0x8f, 0x60, 0x8f, 0x60, 0xa7, 0x06, 0xc1, 0x0a, 0x18, 0xaf, 0x7f, 0xf5, 0x4a, 0x03, 0x4b, 0x18, 
0xde, 0x57, 0xd1, 0x27, 0xde, 0x57, 0x4b, 0x18, 0xa8, 0x54, 0xec, 0x3a, 0xa8, 0x54, 0x4b, 0x18, 0x90, 0x2f, 0xfe, 0x69, 
0x90, 0x2f, 0xce, 0x10, 0x18, 0xb1, 0x09, 0xb1, 0x09, 0xee, 0x61, 0xc1, 0x0a, 0x0d, 0x14, 0xda, 0xee, 0x01, 0x01, 0xc1, 
0x0a, 0x0b, 0xaf, 0x46, 0xd2, 0x95, 0x01, 0x01, 0x01, 0x18, 0xca, 0x33, 0xf0, 0xdf, 0x01, 0x33, 0xcd, 0x05, 0x83, 0x0d, 
0xc4, 0x1b, 0x8b, 0x14, 0xd5, 0x77, 0x8b, 0x14, 0x01, 0x50, 0x9a, 0x55, 0x9a, 0x55, 0xb4, 0x0a, 0x56, 0xaf, 0xbc, 0x01, 
0xc5, 0x5a, 0x00, 0x00, 0xc1, 0x0a, 0x0d, 0xe0, 0x37, 0xb9, 0x3c, 0x00, 0xc1, 0x0a, 0x18, 0xe9, 0x20, 0xf6, 0x16, 0x00, 
0xce, 0x10, 0x18, 0xae, 0x0f, 0xae, 0x0f, 0xbb, 0x11, 0xc1, 0x0a, 0x0d, 0xbe, 0x14, 0xb7, 0x39, 0x01, 0xc1, 0x0a, 0x18, 
0xe8, 0x59, 0xca, 0x94, 0x01, 0x01, 0xce, 0x10, 0x18, 0xa3, 0x6e, 0xa3, 0x6e, 0xbb, 0x14, 0xc1, 0x0a, 0x0d, 0xbe, 0x14, 
0xb5, 0x39, 0x02, 0xc1, 0x0a, 0x18, 0xe8, 0x59, 0xcc, 0x94, 0x01, 0x02, 0xce, 0x10, 0x18, 0x91, 0x60, 0x91, 0x60, 0xa9, 
0x06, 0xc1, 0x0a, 0x18, 0xaf, 0x7f, 0xf5, 0x4a, 0x03, 0x4b, 0x18, 0xde, 0x57, 0xd1, 0x27, 0xde, 0x57, 0x4b, 0x18, 0xa8, 
0x54, 0xea, 0x3a, 0xa8, 0x54, 0x4b, 0x18, 0xb2, 0x3d, 0x9e, 0x78, 0xb2, 0x3d, 0xce, 0x10, 0x18, 0xb3, 0x99, 0x01, 0xb3, 
0x99, 0x01, 0xf1, 0x81, 0x01, 0x4b, 0x18, 0x9d, 0x31, 0xfb, 0xb2, 0x01, 0x9d, 0x31, 0xc1, 0x0a, 0x0d, 0xf0, 0xf6, 0x01, 
0xba, 0xb2, 0x02, 0x02, 0xc1, 0x0a, 0x0b, 0xcd, 0x96, 0x01, 0x94, 0x89, 0x01, 0x02, 0x01, 0x18, 0x8a, 0x40, 0xf2, 0xdf, 
0x01, 0x33, 0xcd, 0x05, 0x83, 0x0d, 0xc4, 0x1b, 0x8b, 0x14, 0xb6, 0x71, 0x8b, 0x14, 0x01, 0x50, 0x9a, 0x55, 0x9a, 0x55, 
0xb4, 0x0a, 0x56, 0xaf, 0xbc, 0x01, 0xc6, 0x5a, 0x00, 0x00, 0xc1, 0x0a, 0x0d, 0xe0, 0x37, 0xb9, 0x3c, 0x00, 0xc1, 0x0a, 
0x18, 0xe9, 0x20, 0xf6, 0x16, 0x00, 0xce, 0x10, 0x18, 0xb0, 0x0f, 0xb0, 0x0f, 0xb9, 0x11, 0xc1, 0x0a, 0x0d, 0xbe, 0x14, 
0xb5, 0x39, 0x01, 0xc1, 0x0a, 0x18, 0xe8, 0x59, 0xcc, 0x94, 0x01, 0x01, 0xce, 0x10, 0x18, 0xa3, 0x6e, 0xa3, 0x6e, 0xbb, 
0x14, 0xc1, 0x0a, 0x0d, 0xbe, 0x14, 0xb3, 0x39, 0x02, 0xc1, 0x0a, 0x18, 0xe8, 0x59, 0xce, 0x94, 0x01, 0x02, 0xce, 0x10, 
0x18, 0x93, 0x60, 0x93, 0x60, 0xab, 0x06, 0xc1, 0x0a, 0x18, 0xaf, 0x7f, 0xf5, 0x4a, 0x03, 0x4b, 0x18, 0xde, 0x57, 0xd1, 
0x27, 0xde, 0x57, 0x4b, 0x18, 0xa8, 0x54, 0xe8, 0x3a, 0xa8, 0x54, 0x4b, 0x18, 0xb2, 0x3d, 0x9c, 0x78, 0xb2, 0x3d, 0xce, 
0x10, 0x18, 0xe5, 0x8b, 0x01, 0xe5, 0x8b, 0x01, 0x81, 0xb8, 0x01, 0x4b, 0x18, 0xce, 0x7d, 0xbc, 0xbc, 0x01, 0xce, 0x7d, 
0x3f, 0x0d, 0xba, 0x08, 0xd6, 0x87, 0x01, 0xc3, 0x10, 0x0d, 0xcf, 0xa7, 0x01, 0xcf, 0xa7, 0x01, 0xdc, 0x9d, 0x01, 0xbd, 
0x0c, 0x0b, 0xfa, 0xb7, 0x01, 0xfa, 0xb7, 0x01, 0xc1, 0x0a, 0x0b, 0xe9, 0xb4, 0x01, 0xa8, 0x49, 0x03, 0xc2, 0x10, 0x0b, 
0x8c, 0x45, 0x8c, 0x45, 0xe6, 0xbf, 0x01, 0xc0, 0x10, 0x0b, 0x8f, 0x81, 0x01, 0xed, 0xf0, 0x01, 0x8f, 0x81, 0x01, 0x99, 
0x1e, 0xb3, 0x8f, 0x02, 0x18, 0xb4, 0x8f, 0x02, 0xe5, 0x1e, 0x18, 0xeb, 0x86, 0x02, 0xc3, 0x4f, 0x00, 0x00, 0x46, 0x39, 
0x00, 0x00, 0xbd, 0x3e, 0x00, 0x00, 0xb5, 0x4c, 0x00, 0x00, 0xe5, 0x1e, 0x0b, 0xdc, 0x3b, 0xf5, 0x55, 0x00, 0x00, 0x46, 
0x39, 0x00, 0x00, 0xf1, 0x36, 0x00, 0x00, 0xb5, 0x4c, 0x00, 0x00, 0xc0, 0x16, 0x09, 0x92, 0x10, 0x92, 0x10, 0xb6, 0x54, 
0xb6, 0x1e, 0x87, 0x58, 0xb7, 0x77, 0x00, 0xba, 0x1e, 0x00, 0xb7, 0x77, 0x87, 0x58, 0x18, 0xb8, 0x77, 0xc9, 0x10, 0x0b, 
0xa7, 0xc2, 0x01, 0xdd, 0x3a, 0xba, 0x46, 0xbc, 0x0e, 0x0c, 0xc3, 0x07, 0xc3, 0x07, 0xc6, 0x10, 0x0b, 0xbc, 0x28, 0xe5, 
0x19, 0xb2, 0x67, 0xbc, 0x0e, 0x0c, 0xaa, 0xf6, 0x01, 0xaa, 0xf6, 0x01, 0xc0, 0x0a, 0x12, 0xe0, 0x01, 0xc6, 0xa0, 0x02, 
0xe0, 0x01, 0x01, 0xfe, 0x03, 0xb9, 0x5f, 0xcc, 0xe3, 0x01, 0xb4, 0x0c, 0x96, 0x01, 0xcd, 0x56, 0xcd, 0x56, 0xef, 0x0a, 
0x1d, 0x85, 0x41, 0x85, 0x41, 0x8d, 0xf7, 0x01, 0x02, 0x8b, 0x14, 0x2d, 0x13, 0x88, 0x7b, 0x88, 0x7b, 0x88, 0x7b, 0x10, 
0xc1, 0x0a, 0x0d, 0xa4, 0x6b, 0xa4, 0x6b, 0x00, 0xbd, 0x0c, 0x0b, 0xe6, 0x0d, 0xe6, 0x0d, 0x01, 0x18, 0x83, 0xda, 0x01, 
0xc0, 0x69, 0x33, 0xcd, 0x05, 0xb8, 0x9b, 0x01, 0xc4, 0x1b, 0x8b, 0x14, 0xa4, 0xc3, 0x01, 0x8b, 0x14, 0x01, 0x50, 0x92, 
0x23, 0x92, 0x23, 0xb4, 0x0a, 0x56, 0xaf, 0xbc, 0x01, 0xc7, 0x5a, 0x00, 0x00, 0xc1, 0x0a, 0x0d, 0xe0, 0x37, 0xfa, 0x39, 
0x00, 0xc1, 0x0a, 0x18, 0xe9, 0x20, 0xf6, 0x16, 0x00, 0xce, 0x10, 0x18, 0xb2, 0x0f, 0xb2, 0x0f, 0xb7, 0x11, 0xc1, 0x0a, 
0x0d, 0xbe, 0x14, 0x80, 0x3d, 0x01, 0xc1, 0x0a, 0x18, 0xe8, 0x59, 0xce, 0x94, 0x01, 0x01, 0xce, 0x10, 0x18, 0xa3, 0x6e, 
0xa3, 0x6e, 0xbb, 0x14, 0xc1, 0x0a, 0x0d, 0xbe, 0x14, 0x82, 0x3d, 0x02, 0xc1, 0x0a, 0x18, 0xe8, 0x59, 0xd0, 0x94, 0x01, 
0x02, 0xce, 0x10, 0x18, 0x95, 0x60, 0x95, 0x60, 0xad, 0x06, 0xc1, 0x0a, 0x18, 0xaf, 0x7f, 0xf5, 0x4a, 0x03, 0x4b, 0x18, 
0xde, 0x57, 0xd1, 0x27, 0xde, 0x57, 0x4b, 0x18, 0x8c, 0x42, 0xca, 0x28, 0x8c, 0x42, 0x4b, 0x18, 0xd3, 0x31, 0x87, 0x09, 
0xd3, 0x31, 0xc1, 0x0a, 0x0d, 0xa2, 0x10, 0x9d, 0x31, 0x01, 0xce, 0x10, 0x18, 0xe5, 0x16, 0xc3, 0x06, 0xe5, 0x16, 0x4b, 
0x18, 0xc0, 0x35, 0xb6, 0x8b, 0x01, 0xc0, 0x35, 0xc0, 0x10, 0x0b, 0x97, 0x1f, 0xc2, 0x30, 0xc6, 0xb3, 0x01, 0x99, 0x1e, 
0xcd, 0x9a, 0x01, 0x18, 0xd8, 0x37, 0x22, 0xb6, 0xd0, 0x01, 0xf6, 0xa3, 0x01, 0x8d, 0x1e, 0x88, 0x06, 0x00, 0x00, 0x00, 
0x00, 0x00, 0x00, 0x00, 0x5a, 0x00, 0x00, 0x00, 0x00, 0x00, 0x00, 0x00, 0x4c, 0x4f, 0x4d, 0x53, 0x00, 0x03, 0x01, 0x00, 
0x0b, 0x00, 0x08, 0x00, 0xe8, 0x3e, 0x00, 0x00, 0x00, 0x00, 0x00, 0x00, 0x98, 0x00, 0x00, 0x00, 0x91, 0x02, 0x01, 0xd1, 
0x10, 0x02, 0x47, 0x4c, 0x53, 0x4c, 0x2e, 0x73, 0x74, 0x64, 0x2e, 0x34, 0x35, 0x30, 0x00, 0x00, 0x00, 0x00, 0xa0, 0x04, 
0x00, 0x01, 0xcf, 0x0e, 0x04, 0x9f, 0x2c, 0xed, 0xc2, 0xa5, 0xf3, 0x06, 0x00, 0xa0, 0x02, 0x9f, 0x2c, 0x07, 0x93, 0x02, 
0x0e, 0xa1, 0x04, 0xf4, 0x13, 0x08, 0xc6, 0x06, 0x08, 0xba, 0x44, 0x00, 0x82, 0x0a, 0x18, 0x90, 0xa3, 0x01, 0x8d, 0x1e, 
0x88, 0x06, 0x00, 0x00, 0x00, 0x00, 0x00, 0x00, 0xd2, 0x0c, 0x00, 0x00, 0x00, 0x00, 0x00, 0x00, 0x4c, 0x4f, 0x4d, 0x53, 
0x00, 0x03, 0x01, 0x00, 0x0b, 0x00, 0x08, 0x00, 0x0d, 0x62, 0x00, 0x00, 0x00, 0x00, 0x00, 0x00, 0xdc, 0x23, 0x00, 0x00, 
0x91, 0x02, 0x01, 0x91, 0x02, 0x32, 0xd1, 0x10, 0x02, 0x47, 0x4c, 0x53, 0x4c, 0x2e, 0x73, 0x74, 0x64, 0x2e, 0x34, 0x35, 
0x30, 0x00, 0x00, 0x00, 0x00, 0xa0, 0x04, 0x00, 0x01, 0xff, 0x0e, 0x04, 0x9f, 0x2c, 0xed, 0xc2, 0xa5, 0xf3, 0x06, 0x00, 
0xab, 0x22, 0xed, 0x17, 0xbf, 0x1c, 0xa0, 0x02, 0x9f, 0x2c, 0x07, 0x00, 0xf4, 0x39, 0x00, 0x10, 0x9d, 0x31, 0x06, 0x40, 
0x10, 0x02, 0x06, 0x40, 0x10, 0xe2, 0x20, 0x06, 0x10, 0x10, 0xf1, 0x25, 0x06, 0x10, 0x10, 0xa6, 0x02, 0x06, 0x10, 0x00, 
0x9c, 0x0b, 0x02, 0x37, 0x00, 0x88, 0x00, 0x05, 0x00, 0x07, 0x01, 0x10, 0x00, 0x23, 0x00, 0x01, 0x05, 0x00, 0x07, 0x01, 
0x10, 0x00, 0x23, 0x40, 0x01, 0x05, 0x00, 0x07, 0x01, 0x10, 0x00, 0x23, 0x40, 0x01, 0x05, 0x00, 0x07, 0x01, 0x10, 0x00, 
0x23, 0x40, 0x01, 0x05, 0x00, 0x07, 0x01, 0x10, 0x00, 0x23, 0x40, 0x01, 0x05, 0x00, 0x07, 0x01, 0x10, 0x00, 0x23, 0x80, 
0x02, 0x01, 0x05, 0x00, 0x07, 0x01, 0x10, 0x00, 0x23, 0x80, 0x02, 0x01, 0x05, 0x00, 0x07, 0x01, 0x10, 0x00, 0x23, 0x40, 
0x01, 0x23, 0x40, 0x01, 0x23, 0x10, 0x01, 0x23, 0x08, 0x01, 0x23, 0x04, 0x01, 0x23, 0x04, 0x01, 0x23, 0x10, 0x01, 0x23, 
0x10, 0x01, 0x23, 0x08, 0x01, 0x23, 0x08, 0x01, 0x23, 0x04, 0x01, 0x00, 0x00, 0x23, 0x04, 0x01, 0x23, 0x08, 0x01, 0x23, 
0x04, 0x01, 0x23, 0x04, 0x01, 0x23, 0x04, 0x01, 0x23, 0x04, 0x01, 0x23, 0x04, 0x01, 0x00, 0x00, 0x23, 0x04, 0x01, 0x00, 
0x00, 0x23, 0x04, 0x01, 0x00, 0x00, 0x23, 0x04, 0x01, 0x00, 0x00, 0x23, 0x10, 0x01, 0x00, 0x00, 0x23, 0x0c, 0x01, 0x00, 
0x00, 0x23, 0x04, 0x01, 0x00, 0x00, 0x23, 0x08, 0x01, 0x00, 0x00, 0x23, 0x04, 0x01, 0x00, 0x00, 0x23, 0x04, 0x01, 0x00, 
0x00, 0x23, 0x04, 0x01, 0x23, 0x04, 0x01, 0x00, 0x00, 0x23, 0x04, 0x01, 0x00, 0x00, 0x23, 0x04, 0x01, 0x23, 0x90, 0x01, 
0x01, 0x00, 0x00, 0x23, 0x0c, 0x01, 0x23, 0x04, 0x01, 0x23, 0x10, 0x01, 0x23, 0x10, 0x01, 0x00, 0x00, 0x23, 0x08, 0x01, 
0x00, 0x00, 0x23, 0x04, 0x01, 0x23, 0x04, 0x01, 0x00, 0x00, 0x23, 0x08, 0x01, 0x00, 0x00, 0x23, 0x04, 0x01, 0x23, 0x04, 
0x01, 0x00, 0x00, 0x23, 0x10, 0x01, 0x00, 0x00, 0x23, 0x04, 0x01, 0x23, 0x04, 0x01, 0x00, 0x00, 0x23, 0x08, 0x01, 0x23, 
0x04, 0x01, 0x00, 0x00, 0x23, 0x04, 0x01, 0x00, 0x00, 0x23, 0x04, 0x01, 0x23, 0x04, 0x01, 0x23, 0x0c, 0x01, 0x23, 0x04, 
0x01, 0x23, 0x04, 0x01, 0x23, 0x04, 0x01, 0x23, 0x04, 0x01, 0x23, 0x04, 0x01, 0x23, 0x0c, 0x01, 0x23, 0x04, 0x01, 0x23, 
0x04, 0x01, 0x23, 0x04, 0x01, 0x23, 0x04, 0x01, 0x05, 0x00, 0x07, 0x01, 0x10, 0x00, 0x23, 0x04, 0x01, 0x23, 0x30, 0x01, 
0x23, 0x08, 0x01, 0x05, 0x00, 0x07, 0x01, 0x10, 0x00, 0x23, 0x08, 0x01, 0x05, 0x00, 0x07, 0x01, 0x10, 0x00, 0x23, 0x40, 
0x01, 0x00, 0x00, 0x23, 0x40, 0x01, 0x00, 0x00, 0x23, 0x04, 0x01, 0x00, 0x00, 0x23, 0x04, 0x01, 0x00, 0x00, 0x23, 0x04, 
0x01, 0x23, 0x04, 0x01, 0x23, 0x40, 0x01, 0x00, 0x00, 0x23, 0x04, 0x01, 0x00, 0x00, 0x23, 0x04, 0x01, 0x00, 0x00, 0x23, 
0x04, 0x01, 0x00, 0x00, 0x23, 0x04, 0x10, 0x80, 0x2e, 0x21, 0x00, 0x10, 0x00, 0x22, 0x00, 0x10, 0xcc, 0x05, 0x1e, 0x06, 
0x00, 0xdc, 0xd0, 0x01, 0x00, 0x00, 0xe6, 0x72, 0x00, 0x00, 0x97, 0x69, 0x00, 0x00, 0xe5, 0xb4, 0x01, 0x00, 0x00, 0xce, 
0x2a, 0x00, 0x10, 0x8d, 0x65, 0x1e, 0x00, 0x00, 0x85, 0x20, 0x02, 0x47, 0x00, 0x03, 0x00, 0x23, 0x00, 0x01, 0x23, 0x04, 
0x01, 0x23, 0x04, 0x10, 0xf0, 0x2e, 0x21, 0x00, 0x10, 0x00, 0x22, 0x02, 0x10, 0x88, 0x01, 0x21, 0x02, 0x10, 0x00, 0x22, 
0x02, 0x10, 0xc0, 0x08, 0x21, 0x01, 0x10, 0x00, 0x22, 0x02, 0x10, 0x8d, 0x0f, 0x1e, 0x00, 0x00, 0x90, 0x0e, 0x00, 0x10, 
0x00, 0x21, 0x0b, 0x10, 0x00, 0x22, 0x00, 0x93, 0x02, 0x0e, 0xa1, 0x04, 0xf4, 0x13, 0x08, 0xa6, 0x02, 0xe9, 0x13, 0x20, 
0xb7, 0x02, 0x0c, 0x0d, 0x02, 0xb7, 0x02, 0x0a, 0x0d, 0x03, 0x94, 0x02, 0x1d, 0xb7, 0x02, 0x28, 0x0d, 0x04, 0xfe, 0x02, 
0xac, 0x13, 0x1d, 0x1d, 0x0d, 0x0d, 0x0d, 0x18, 0x3e, 0xbb, 0x09, 0x07, 0x18, 0x89, 0x03, 0xf9, 0x07, 0x0d, 0x03, 0x00, 
0x00, 0x00, 0x01, 0x00, 0xab, 0x02, 0xcc, 0x05, 0x98, 0x01, 0x3e, 0xfa, 0x09, 0x00, 0xfe, 0x03, 0xc1, 0x04, 0xbc, 0x0a, 
0x1d, 0x95, 0x05, 0xfb, 0x08, 0xb5, 0x02, 0x99, 0x1c, 0x20, 0x01, 0xb8, 0x02, 0xb2, 0x01, 0x1d, 0x04, 0xb8, 0x02, 0x3d, 
0x18, 0x03, 0xb5, 0x02, 0x75, 0x20, 0x00, 0xbb, 0x04, 0x0c, 0x80, 0x28, 0x00, 0x00, 0x00, 0x00, 0x3e, 0xd1, 0x1c, 0x02, 
0x65, 0xbb, 0x04, 0x0c, 0xd8, 0x1c, 0x01, 0x00, 0x00, 0x00, 0x3e, 0x95, 0x1d, 0x02, 0x46, 0xbb, 0x04, 0x0c, 0xa2, 0x1d, 
0x03, 0x00, 0x00, 0x00, 0x3e, 0x93, 0x1e, 0x02, 0x0d, 0xbb, 0x04, 0x0b, 0x80, 0x1e, 0x00, 0x00, 0x00, 0x00, 0xbb, 0x04, 
0x0d, 0xff, 0x25, 0x00, 0x00, 0x80, 0x3f, 0xbb, 0x04, 0x0b, 0x86, 0x26, 0x01, 0x00, 0x00, 0x00, 0xbb, 0x04, 0x0b, 0x12, 
0x04, 0x00, 0x00, 0x00, 0xbc, 0x02, 0xd5, 0x1f, 0x65, 0x96, 0x14, 0xbc, 0x02, 0x02, 0x65, 0x96, 0x14, 0xb7, 0x02, 0xaf, 
0x08, 0x0b, 0x03, 0xbb, 0x04, 0x0b, 0xa2, 0x28, 0x09, 0x00, 0x00, 0x00, 0xbc, 0x02, 0x70, 0x18, 0xa5, 0x14, 0xbc, 0x02, 
0xf1, 0x25, 0x1d, 0x96, 0x14, 0xbb, 0x04, 0x0b, 0xca, 0x25, 0x15, 0x00, 0x00, 0x00, 0xbc, 0x02, 0xa3, 0x23, 0x1d, 0xc9, 
0x14, 0xce, 0x82, 0xc0, 0x02, 0x9c, 0x0b, 0x65, 0x65, 0x65, 0x65, 0xab, 0x04, 0xac, 0x04, 0x65, 0x65, 0x1d, 0x13, 0x0d, 
0x0d, 0x1d, 0x1d, 0x13, 0x13, 0x0d, 0x0d, 0x13, 0x0d, 0x0d, 0x0d, 0x0d, 0x0d, 0x0d, 0x0d, 0x0d, 0x1d, 0x14, 0x0c, 0x13, 
0x0c, 0x0c, 0x0c, 0x0c, 0x0d, 0x0d, 0xdd, 0x14, 0x18, 0x0d, 0x1d, 0x1d, 0x13, 0x0c, 0x0d, 0x13, 0x0d, 0x0d, 0x1d, 0x0c, 
0x0d, 0x13, 0x0d, 0x0d, 0x0d, 0x0b, 0x18, 0x0d, 0x0d, 0x0b, 0x0d, 0x0d, 0x18, 0x0d, 0x0d, 0x0d, 0x0d, 0x0d, 0x46, 0x13, 
0x13, 0x65, 0x65, 0x0d, 0x0d, 0x0d, 0x0d, 0xe4, 0x01, 0x0c, 0x0d, 0x0d, 0x0d, 0xf7, 0x02, 0x3e, 0xfa, 0x09, 0x02, 0xc5, 
0x08, 0x39, 0xc2, 0x0d, 0x86, 0x24, 0x02, 0x3e, 0xd5, 0x34, 0x02, 0x1d, 0xbb, 0x04, 0x0b, 0xf2, 0x1d, 0x03, 0x00, 0x00, 
0x00, 0xbb, 0x04, 0x0d, 0x0d, 0x00, 0x00, 0x00, 0x00, 0x3e, 0xe1, 0x1d, 0x01, 0x1d, 0x39, 0x9b, 0x05, 0xa0, 0x3a, 0x01, 
0xbb, 0x04, 0x0d, 0xdd, 0x40, 0x00, 0x00, 0x00, 0x3f, 0x3e, 0x9e, 0x06, 0x01, 0x0d, 0x3e, 0x02, 0x07, 0x0d, 0xbb, 0x04, 
0x0c, 0xd4, 0x20, 0x39, 0x00, 0x00, 0x00, 0xec, 0x04, 0x1d, 0x88, 0x03, 0xdc, 0x05, 0xdc, 0x05, 0xdc, 0x05, 0xdc, 0x05, 
0xbb, 0x04, 0x0c, 0xef, 0x02, 0x3d, 0x00, 0x00, 0x00, 0xbb, 0x04, 0x0c, 0x1d, 0x38, 0x00, 0x00, 0x00, 0x3e, 0xb9, 0x20, 
0x02, 0x18, 0xbb, 0x04, 0x0c, 0xd2, 0x20, 0x3c, 0x00, 0x00, 0x00, 0xbb, 0x04, 0x0b, 0xdd, 0x02, 0x02, 0x00, 0x00, 0x00, 
0xbb, 0x04, 0x0d, 0xbf, 0x09, 0x0a, 0xd7, 0xa3, 0x3a, 0xbb, 0x04, 0x0c, 0x92, 0x0c, 0x3a, 0x00, 0x00, 0x00, 0xbb, 0x04, 
0x0c, 0x18, 0x3e, 0x00, 0x00, 0x00, 0xbb, 0x04, 0x0c, 0x06, 0x3f, 0x00, 0x00, 0x00, 0xbb, 0x04, 0x0c, 0x12, 0x42, 0x00, 
0x00, 0x00, 0xbb, 0x04, 0x0c, 0x06, 0x43, 0x00, 0x00, 0x00, 0xbb, 0x04, 0x0c, 0x2f, 0x3b, 0x00, 0x00, 0x00, 0x3e, 0xe7, 
0x20, 0x02, 0x0b, 0xbb, 0x04, 0x0c, 0xb0, 0x1e, 0x07, 0x00, 0x00, 0x00, 0xbb, 0x04, 0x0c, 0xa8, 0x01, 0x23, 0x00, 0x00, 
0x00, 0xbb, 0x04, 0x0c, 0xb4, 0x01, 0x41, 0x00, 0x00, 0x00, 0xbb, 0x04, 0x0c, 0x05, 0x40, 0x00, 0x00, 0x00, 0xbb, 0x04, 
0x0c, 0x8f, 0x01, 0x28, 0x00, 0x00, 0x00, 0xbb, 0x04, 0x0c, 0x0b, 0x26, 0x00, 0x00, 0x00, 0x39, 0x9b, 0x05, 0xe0, 0x05, 
0x01, 0xce, 0x02, 0x85, 0x20, 0x0b, 0x0b, 0x0b, 0x3e, 0xfa, 0x09, 0x02, 0xea, 0x07, 0x39, 0xe7, 0x0c, 0xf6, 0x24, 0x02, 
0x89, 0x03, 0x97, 0x3c, 0x0d, 0x01, 0x00, 0x00, 0x00, 0x01, 0x00, 0xab, 0x02, 0xd2, 0x05, 0x96, 0x01, 0x3e, 0xfa, 0x09, 
0x00, 0xff, 0x03, 0x39, 0xfc, 0x08, 0xd4, 0x2d, 0x00, 0xbb, 0x04, 0x0d, 0xc5, 0x31, 0x17, 0xb7, 0xd1, 0x38, 0xbb, 0x04, 
0x0d, 0xa5, 0x0d, 0x6f, 0x12, 0x83, 0x3a, 0x39, 0xfc, 0x08, 0xac, 0x47, 0x00, 0x3e, 0xd3, 0x3d, 0x03, 0x1d, 0x39, 0x9c, 
0x05, 0xc6, 0x2e, 0x03, 0xbb, 0x04, 0x0c, 0xcf, 0x0d, 0x44, 0x00, 0x00, 0x00, 0x39, 0xfb, 0x08, 0xe0, 0x1b, 0x00, 0x3e, 
0xf3, 0x3c, 0x03, 0x0d, 0xad, 0x06, 0x1d, 0x95, 0x0a, 0xad, 0x06, 0x0d, 0x02, 0xad, 0x06, 0x18, 0x02, 0xdc, 0x04, 0x18, 
0xce, 0x0e, 0xde, 0x0a, 0xde, 0x0a, 0xde, 0x0a, 0xc6, 0x06, 0x08, 0xe8, 0x49, 0x00, 0x82, 0x0a, 0x18, 0xb4, 0xad, 0x02, 
0x39, 0x95, 0x05, 0xbd, 0xab, 0x02, 0x07, 0x01, 0x1d, 0x94, 0xf0, 0x01, 0xf2, 0x85, 0x02, 0x3d, 0x18, 0xb5, 0x5b, 0xb5, 
0x5b, 0xb5, 0x5b, 0x18, 0x01, 0x1d, 0x96, 0x0f, 0xce, 0xce, 0x01, 0x3d, 0x18, 0xf6, 0x12, 0xf6, 0x12, 0xf6, 0x12, 0x18, 
0x13, 0x8b, 0x05, 0x8c, 0x76, 0xed, 0x17, 0x93, 0x14, 0x01, 0x0d, 0xc3, 0xe7, 0x01, 0xc3, 0xe7, 0x01, 0xd0, 0x0a, 0x18, 
0xf2, 0x8c, 0x01, 0xf2, 0x8c, 0x01, 0xf2, 0x8c, 0x01, 0xf2, 0x8c, 0x01, 0xc8, 0x10, 0x18, 0x91, 0x46, 0xd7, 0x2a, 0x91, 
0x46, 0xce, 0x10, 0x18, 0xe3, 0x01, 0xe3, 0x01, 0xea, 0xe0, 0x01, 0x4b, 0x18, 0xb7, 0x12, 0xb7, 0x12, 0xd4, 0xc3, 0x01, 
0xc1, 0x0a, 0x0d, 0xd7, 0x51, 0xf3, 0x65, 0x02, 0x2d, 0x13, 0xea, 0x56, 0x92, 0x05, 0x92, 0x05, 0x10, 0x13, 0x88, 0x05, 
0xed, 0x2c, 0xa2, 0x1f, 0x8b, 0x14, 0x01, 0x0b, 0x92, 0x4a, 0x92, 0x4a, 0xcb, 0x14, 0x09, 0xfd, 0x2a, 0xfd, 0x2a, 0xce, 
0xa1, 0x01, 0xa7, 0x1e, 0x93, 0x3c, 0x00, 0xba, 0x1e, 0x00, 0xc8, 0x31, 0x93, 0x3c, 0x18, 0xc7, 0x31, 0xc1, 0x0a, 0x0d, 
0xc0, 0x87, 0x01, 0x9e, 0x48, 0x00, 0xc1, 0x0a, 0x0d, 0xb4, 0x23, 0xd2, 0x6b, 0x01, 0xc3, 0x10, 0x0d, 0xed, 0x60, 0x8c, 
0xe0, 0x01, 0xed, 0x60, 0xc0, 0x0a, 0x13, 0xbe, 0x64, 0x84, 0x27, 0xbe, 0x64, 0x99, 0x1e, 0xe8, 0x40, 0x18, 0xe7, 0x40, 
0xe5, 0x1e, 0x13, 0xbc, 0x41, 0xde, 0x35, 0x00, 0x00, 0x79, 0x61, 0x00, 0x00, 0xaf, 0x51, 0x00, 0x00, 0x0d, 0x26, 0x00, 
0x00, 0x01, 0xff, 0x03, 0xb1, 0x70, 0xb4, 0x97, 0x01, 0xe8, 0x0a, 0x1d, 0xe2, 0xb0, 0x01, 0xe2, 0xb0, 0x01, 0xb0, 0x40, 
0x02, 0x8c, 0x14, 0x13, 0x88, 0x05, 0x9b, 0xd2, 0x01, 0xa2, 0x1f, 0x8e, 0x14, 0x01, 0x0b, 0xa4, 0x19, 0xa4, 0x19, 0xcb, 
0x14, 0x09, 0x85, 0x05, 0x85, 0x05, 0xd0, 0xa1, 0x01, 0xa7, 0x1e, 0x85, 0x83, 0x01, 0x00, 0xba, 0x1e, 0x00, 0x80, 0x13, 
0x85, 0x83, 0x01, 0x18, 0xff, 0x12, 0xc1, 0x0a, 0x0d, 0xbc, 0x87, 0x01, 0xc1, 0x49, 0x00, 0xc8, 0x16, 0x09, 0xe1, 0xdc, 
0x01, 0xe1, 0xdc, 0x01, 0xb8, 0x53, 0xb8, 0x14, 0x09, 0xb6, 0x89, 0x02, 0xb6, 0x89, 0x02, 0xa7, 0x1e, 0x98, 0x75, 0x00, 
0xba, 0x1e, 0x00, 0xa6, 0x44, 0x98, 0x75, 0x18, 0xa5, 0x44, 0xc3, 0x10, 0x0d, 0xcf, 0x97, 0x01, 0xac, 0x0e, 0xa1, 0xaf, 
0x01, 0x5c, 0x0d, 0xd0, 0x4d, 0x01, 0x04, 0xbf, 0x47, 0xca, 0x16, 0x09, 0xa4, 0x66, 0xa4, 0x66, 0x92, 0xc2, 0x02, 0x99, 
0x1e, 0x96, 0x4d, 0x18, 0x95, 0x4d, 0xe5, 0x1e, 0x09, 0x83, 0x51, 0x5f, 0x18, 0x00, 0x00, 0xb2, 0x2d, 0x00, 0x00, 0xb9, 
0x50, 0x00, 0x00, 0xa7, 0x49, 0x00, 0x00, 0x99, 0x1e, 0x91, 0xa8, 0x01, 0x18, 0x92, 0xa8, 0x01, 0xe5, 0x1e, 0x09, 0x91, 
0xa2, 0x01, 0x72, 0x32, 0x00, 0x00, 0x7b, 0x41, 0x00, 0x00, 0x2c, 0x29, 0x00, 0x00, 0x6e, 0x3d, 0x00, 0x00, 0xa7, 0x1e, 
0xe5, 0x60, 0x00, 0xba, 0x1e, 0x00, 0xf7, 0xac, 0x01, 0xc1, 0x66, 0x18, 0xf8, 0xac, 0x01, 0x99, 0x1e, 0x92, 0x4c, 0x18, 
0xb5, 0x46, 0x01, 0xff, 0x03, 0x85, 0x54, 0x88, 0x75, 0xc1, 0x0a, 0x0d, 0xd4, 0xa9, 0x01, 0xac, 0x8f, 0x01, 0x00, 0xc1, 
0x0a, 0x0d, 0xeb, 0x7e, 0xc0, 0x10, 0x01, 0xc3, 0x10, 0x0d, 0xc1, 0x35, 0xa6, 0xb0, 0x01, 0xc1, 0x35, 0xc0, 0x0a, 0x13, 
0x97, 0x0c, 0xc5, 0xc0, 0x01, 0x97, 0x0c, 0xe8, 0x0a, 0x1d, 0xe3, 0x19, 0xd5, 0x30, 0xe3, 0x19, 0x02, 0x8c, 0x14, 0x99, 
0x1e, 0xff, 0x7e, 0x18, 0x80, 0x7f, 0xe5, 0x1e, 0x1d, 0xbc, 0x06, 0x7a, 0x0b, 0x00, 0x00, 0xe8, 0x55, 0x00, 0x00, 0x1f, 
0x23, 0x00, 0x00, 0x4d, 0x44, 0x00, 0x00, 0x80, 0x0b, 0xf3, 0x09, 0xff, 0x53, 0xff, 0x53, 0xf6, 0xbd, 0x01, 0xf4, 0xbd, 
0x01, 0xf4, 0xbd, 0x01, 0xf4, 0xbd, 0x01, 0xf2, 0xbd, 0x01, 0xc1, 0x0a, 0x1d, 0x91, 0x0a, 0x91, 0x0a, 0x00, 0x80, 0x0b, 
0xf3, 0x09, 0x65, 0x65, 0xfe, 0xb2, 0x01, 0xfc, 0xb2, 0x01, 0xfc, 0xb2, 0x01, 0xfc, 0xb2, 0x01, 0xfa, 0xb2, 0x01, 0xc1, 
0x0a, 0x1d, 0xe9, 0x08, 0xe9, 0x08, 0x00, 0x22, 0x9a, 0x71, 0x00, 0x23, 0x9a, 0x05, 0xea, 0x90, 0x01, 0xc5, 0x1f, 0x8e, 
0x14, 0x94, 0x14, 0x01, 0x1d, 0xf1, 0xd8, 0x01, 0xf1, 0xd8, 0x01, 0x3d, 0x18, 0xa0, 0x17, 0xa0, 0x17, 0xa0, 0x17, 0x18, 
0xc3, 0x10, 0x18, 0x84, 0x94, 0x01, 0xa2, 0x1e, 0x84, 0x94, 0x01, 0x13, 0xc3, 0x05, 0x8c, 0x2e, 0xc5, 0x1f, 0xd7, 0x15, 
0x01, 0x46, 0xb9, 0x05, 0xb9, 0x05, 0xc1, 0x12, 0x18, 0xf1, 0xd2, 0x01, 0xf1, 0xd2, 0x01, 0x9f, 0xaa, 0x01, 0x22, 0xe0, 
0x08, 0x00, 0xd9, 0x06, 0x1d, 0x9a, 0xf9, 0x01, 0xbe, 0x94, 0x02, 0xfa, 0x81, 0x02, 0xa0, 0x95, 0x02, 0x01, 0x1d, 0x95, 
0x20, 0x9a, 0x83, 0x02, 0x3d, 0x18, 0xfd, 0x27, 0xfd, 0x27, 0xfd, 0x27, 0x18, 0xc1, 0x0a, 0x0d, 0x85, 0x12, 0x99, 0x5a, 
0x03, 0xc3, 0x10, 0x0d, 0xe8, 0x16, 0xe8, 0x96, 0x02, 0xe8, 0x16, 0xce, 0x10, 0x18, 0xa3, 0x76, 0xc1, 0x71, 0xa3, 0x76, 
0x3d, 0x18, 0xa4, 0x2c, 0xb1, 0x8d, 0x01, 0xb1, 0x8d, 0x01, 0x18, 0x4b, 0x18, 0xb3, 0x6c, 0x8f, 0x40, 0xb3, 0x6c, 0x13, 
0x8d, 0x05, 0x82, 0x92, 0x01, 0xbf, 0x1c, 0x8a, 0x14, 0xc1, 0x0a, 0x0d, 0x8a, 0x59, 0x8c, 0xeb, 0x01, 0x00, 0x22, 0x8a, 
0x59, 0x00, 0x13, 0x8d, 0x05, 0xdf, 0x4d, 0xbf, 0x1c, 0x8d, 0x14, 0xc1, 0x0a, 0x0d, 0xef, 0x09, 0xbc, 0x93, 0x01, 0x01, 
0x22, 0xef, 0x09, 0x00, 0x13, 0x8d, 0x05, 0xf2, 0x09, 0xbf, 0x1c, 0x90, 0x14, 0xc1, 0x0a, 0x0d, 0xf6, 0x2d, 0xa4, 0xcb, 
0x01, 0x02, 0x22, 0xf6, 0x2d, 0x00, 0x8d, 0x1e, 0x88, 0x06, 0xc6, 0x06, 0x1d, 0xfb, 0xe5, 0x01, 0x00, 0x99, 0x0e, 0xa7, 
0x06, 0x95, 0x05, 0xc9, 0x0e, 0xa7, 0x06, 0xfb, 0x08, 0x4e, 0x18, 0x88, 0xf6, 0x01, 0x01, 0x18, 0x89, 0x10, 0xcc, 0xe6, 
0x01, 0x5c, 0x0d, 0x87, 0xab, 0x01, 0x01, 0x42, 0xf9, 0x8f, 0x01, 0x13, 0x8a, 0x05, 0xee, 0xfc, 0x01, 0xc5, 0x1f, 0xb6, 
0x15, 0x01, 0x0d, 0xdb, 0x8a, 0x02, 0xdb, 0x8a, 0x02, 0xc8, 0x16, 0x09, 0x84, 0xd7, 0x01, 0x96, 0xc9, 0x01, 0x84, 0xd7, 
0x01, 0xa7, 0x1e, 0xdd, 0x07, 0x00, 0xba, 0x1e, 0x00, 0xd1, 0x04, 0xdd, 0x07, 0x18, 0xd2, 0x04, 0x9e, 0x1e, 0x7a, 0x0b, 
0x00, 0x00, 0x18, 0x8c, 0x03, 0x13, 0x8a, 0x05, 0xd4, 0x25, 0xc5, 0x1f, 0xc2, 0x15, 0x01, 0x0d, 0xb9, 0xc9, 0x01, 0xb9, 
0xc9, 0x01, 0xca, 0x16, 0x09, 0x82, 0xc6, 0x01, 0x90, 0xf3, 0x01, 0x82, 0xc6, 0x01, 0xa7, 0x1e, 0x9a, 0x22, 0x00, 0xba, 
0x1e, 0x00, 0xa6, 0x25, 0x9a, 0x22, 0x18, 0xa5, 0x25, 0x9e, 0x1e, 0x7a, 0x0b, 0x00, 0x00, 0x18, 0x8c, 0x03, 0x13, 0x96, 
0x05, 0xdc, 0x01, 0xc5, 0x1f, 0xb3, 0x15, 0x01, 0x18, 0xd3, 0xbf, 0x01, 0xd3, 0xbf, 0x01, 0x13, 0x8a, 0x05, 0xb0, 0xb0, 
0x01, 0xc5, 0x1f, 0xbf, 0x15, 0x01, 0x0d, 0xcb, 0x0b, 0xcb, 0x0b, 0xc1, 0x0a, 0x0d, 0xb3, 0x44, 0xb0, 0x60, 0x02, 0x13, 
0x8c, 0x05, 0xd0, 0x9f, 0x01, 0xd3, 0x1c, 0x8d, 0x14, 0x01, 0x0d, 0x99, 0xc5, 0x01, 0x99, 0xc5, 0x01, 0x4a, 0x0d, 0xd3, 
0x57, 0xd1, 0xc1, 0x01, 0xd3, 0x57, 0x5c, 0x0d, 0xe2, 0xcb, 0x01, 0x01, 0x04, 0xbd, 0x35, 0xca, 0x16, 0x09, 0xfd, 0x40, 
0xfd, 0x40, 0xfe, 0xd6, 0x01, 0xa7, 0x1e, 0xeb, 0x81, 0x01, 0x00, 0xba, 0x1e, 0x00, 0x80, 0x65, 0xeb, 0x81, 0x01, 0x18, 
0xff, 0x64, 0xc1, 0x0a, 0x0d, 0xc0, 0x87, 0x01, 0xb6, 0x90, 0x01, 0x00, 0xc1, 0x0a, 0x0d, 0xd2, 0x0f, 0x88, 0xa0, 0x01, 
0x01, 0xc3, 0x10, 0x0d, 0xab, 0x29, 0xab, 0x29, 0xca, 0x93, 0x01, 0x5c, 0x0d, 0xff, 0x58, 0x01, 0x1b, 0xa2, 0x7f, 0x4a, 
0x0d, 0xbd, 0x0a, 0x97, 0x7d, 0xbd, 0x0a, 0xc3, 0x10, 0x0d, 0xd7, 0x0e, 0xe9, 0x5b, 0xd7, 0x0e, 0xc8, 0x10, 0x0d, 0xcc, 
0xd3, 0x01, 0xcc, 0xd3, 0x01, 0x80, 0xf5, 0x01, 0x99, 0x1e, 0xcf, 0x17, 0x18, 0xd0, 0x17, 0xe5, 0x1e, 0x0d, 0xe7, 0x8a, 
0x02, 0x0c, 0x3a, 0x00, 0x00, 0x70, 0x51, 0x00, 0x00, 0xfd, 0x57, 0x00, 0x00, 0x2f, 0x24, 0x00, 0x00, 0xc3, 0x10, 0x0d, 
0xa6, 0xf3, 0x01, 0x9e, 0xeb, 0x01, 0x8c, 0xf9, 0x01, 0x6c, 0x0d, 0xd9, 0x54, 0x01, 0x28, 0x84, 0xb0, 0x01, 0x8c, 0x14, 
0x4a, 0x0d, 0x81, 0x1f, 0xca, 0x7f, 0x81, 0x1f, 0x3f, 0x0d, 0xc7, 0x41, 0xc7, 0x41, 0x5c, 0x0d, 0x91, 0x32, 0x01, 0x1b, 
0xb2, 0x55, 0xc3, 0x10, 0x0d, 0x8a, 0xc7, 0x01, 0xc8, 0xbd, 0x02, 0x8a, 0xc7, 0x01, 0x13, 0x8a, 0x05, 0x9f, 0x82, 0x01, 
0xc5, 0x1f, 0xb9, 0x15, 0x01, 0x0d, 0x9f, 0x02, 0x9f, 0x02, 0x6c, 0x0d, 0xd2, 0xb0, 0x01, 0x01, 0x25, 0xee, 0x9f, 0x01, 
0xce, 0x5d, 0x13, 0x96, 0x05, 0xb5, 0x89, 0x01, 0xc5, 0x1f, 0xc5, 0x15, 0x01, 0x18, 0xd6, 0x16, 0xd6, 0x16, 0x13, 0x8a, 
0x05, 0xa0, 0x5e, 0xc5, 0x1f, 0xc8, 0x15, 0x01, 0x0d, 0xb6, 0x19, 0xb6, 0x19, 0xca, 0x16, 0x09, 0xe7, 0x08, 0xe7, 0x08, 
0xe4, 0xbf, 0x02, 0xa7, 0x1e, 0xd3, 0x08, 0x00, 0xba, 0x1e, 0x00, 0xf6, 0xb1, 0x01, 0xd3, 0x08, 0x18, 0xf5, 0xb1, 0x01, 
0x13, 0x8a, 0x05, 0x9a, 0x73, 0xc5, 0x1f, 0xd1, 0x15, 0x01, 0x0d, 0x89, 0x2e, 0x89, 0x2e, 0x4a, 0x0d, 0x91, 0x78, 0x9a, 
0x0e, 0x91, 0x78, 0x13, 0x8a, 0x05, 0x90, 0x27, 0xc5, 0x1f, 0xd4, 0x15, 0x01, 0x0d, 0xae, 0xc4, 0x01, 0xae, 0xc4, 0x01, 
0xc3, 0x10, 0x0d, 0xc6, 0x14, 0x84, 0x80, 0x02, 0xc6, 0x14, 0x13, 0x88, 0x05, 0xcb, 0x8e, 0x01, 0xc5, 0x1f, 0xbc, 0x15, 
0x01, 0x0b, 0x8c, 0x55, 0x8c, 0x55, 0x5c, 0x13, 0xd1, 0xcf, 0x01, 0x01, 0x3e, 0xe4, 0xa4, 0x01, 0xc1, 0x0a, 0x0d, 0xbc, 
0x9b, 0x01, 0xbc, 0x9b, 0x01, 0x01, 0xc1, 0x0a, 0x0d, 0xe6, 0x72, 0xa2, 0x8e, 0x02, 0x00, 0x7c, 0x0d, 0xad, 0x84, 0x02, 
0x01, 0x2b, 0xc4, 0xc1, 0x01, 0x8c, 0x14, 0x8a, 0x01, 0x7c, 0x0d, 0x92, 0xdf, 0x01, 0x01, 0x2e, 0xd9, 0x8a, 0x01, 0x8c, 
0xc4, 0x01, 0xf5, 0x41, 0x13, 0xe2, 0x05, 0xc9, 0x65, 0xc5, 0x1f, 0xa0, 0x14, 0x01, 0x65, 0xe6, 0x3b, 0xe6, 0x3b, 0xc1, 
0x0a, 0x1d, 0xf3, 0x70, 0xf3, 0x70, 0x00, 0x3d, 0x18, 0x9e, 0x10, 0x9e, 0x10, 0x9e, 0x10, 0x18, 0xc1, 0x0a, 0x1d, 0x8d, 
0x5b, 0xe3, 0xbb, 0x01, 0x01, 0x3d, 0x18, 0x86, 0xd9, 0x01, 0x86, 0xd9, 0x01, 0x86, 0xd9, 0x01, 0x18, 0xc1, 0x0a, 0x1d, 
0xab, 0xd9, 0x01, 0x89, 0xbc, 0x01, 0x02, 0x3d, 0x18, 0xc4, 0xdd, 0x01, 0xc4, 0xdd, 0x01, 0xc4, 0xdd, 0x01, 0x18, 0xd0, 
0x0a, 0x46, 0xd5, 0x70, 0xba, 0x11, 0xbd, 0x6c, 0xd5, 0x70, 0xb4, 0x0a, 0x46, 0xfe, 0x74, 0x7e, 0x3a, 0x00, 0x00, 0x01, 
0xfe, 0x03, 0xf9, 0x3f, 0x8c, 0xe5, 0x01, 0x01, 0x18, 0xbe, 0x01, 0x98, 0xe7, 0x01, 0xc1, 0x12, 0x18, 0xfb, 0x0c, 0xb7, 
0x4b, 0xfb, 0x0c, 0xe8, 0x0a, 0x1d, 0xa7, 0xa9, 0x01, 0xe5, 0xb4, 0x01, 0xa7, 0xa9, 0x01, 0x02, 0xbe, 0xb1, 0x01, 0x3d, 
0x18, 0xce, 0x2a, 0xce, 0x2a, 0xce, 0x2a, 0x18, 0x4a, 0x18, 0xd5, 0x01, 0xfb, 0x65, 0xd5, 0x01, 0x99, 0x1e, 0xbd, 0xdd, 
0x01, 0x18, 0xbe, 0xdd, 0x01, 0xe5, 0x1e, 0x18, 0xc3, 0x43, 0x47, 0x3e, 0x00, 0x00, 0xe5, 0x5d, 0x00, 0x00, 0xc9, 0x24, 
0x00, 0x00, 0x83, 0x2d, 0x00, 0x00, 0x13, 0x8a, 0x05, 0xc2, 0x53, 0xc5, 0x1f, 0xf4, 0x14, 0x01, 0x0d, 0xf7, 0x61, 0xf7, 
0x61, 0x4a, 0x0d, 0xcd, 0x40, 0xcd, 0x40, 0xe5, 0x8d, 0x01, 0xce, 0x10, 0x18, 0xf0, 0x59, 0xec, 0x0a, 0xf0, 0x59, 0x13, 
0x8a, 0x05, 0x95, 0xa1, 0x01, 0xc5, 0x1f, 0xce, 0x15, 0x01, 0x0d, 0x98, 0x53, 0x98, 0x53, 0xca, 0x16, 0x09, 0x84, 0x7e, 
0x84, 0x7e, 0xe6, 0xbf, 0x02, 0xa7, 0x1e, 0x82, 0x25, 0x00, 0xba, 0x1e, 0x00, 0xf6, 0xb1, 0x01, 0x82, 0x25, 0x18, 0xf5, 
0xb1, 0x01, 0x13, 0x8a, 0x05, 0xcc, 0x72, 0xc5, 0x1f, 0xcb, 0x15, 0x01, 0x0d, 0x97, 0x37, 0x97, 0x37, 0xc3, 0x10, 0x0d, 
0xce, 0x35, 0xa0, 0xb2, 0x01, 0xce, 0x35, 0x6c, 0x0d, 0xbf, 0x83, 0x01, 0x01, 0x28, 0xc5, 0x93, 0x01, 0x8c, 0x14, 0x4a, 
0x0d, 0xe4, 0x48, 0xcc, 0x7f, 0xe4, 0x48, 0x3f, 0x0d, 0x95, 0x55, 0x95, 0x55, 0x5c, 0x0d, 0xd6, 0x92, 0x01, 0x01, 0x1b, 
0xcc, 0x4b, 0x13, 0x9a, 0x05, 0xbf, 0x9a, 0x01, 0xc5, 0x1f, 0x83, 0x15, 0x01, 0x1d, 0xf6, 0xd0, 0x01, 0xf6, 0xd0, 0x01, 
0x3d, 0x18, 0x85, 0xa2, 0x01, 0x85, 0xa2, 0x01, 0x85, 0xa2, 0x01, 0x18, 0x23, 0x8a, 0x05, 0xf9, 0x55, 0xc5, 0x1f, 0x83, 
0x15, 0x93, 0x14, 0x01, 0x0d, 0xa4, 0x37, 0xa4, 0x37, 0xce, 0x10, 0x18, 0xce, 0x08, 0x87, 0x16, 0xce, 0x08, 0x01, 0x18, 
0xd0, 0x42, 0xc0, 0xb1, 0x01, 0x5c, 0x18, 0xd9, 0x86, 0x01, 0x01, 0x45, 0xb3, 0x75, 0x13, 0x96, 0x05, 0xfc, 0xfd, 0x01, 
0xc5, 0x1f, 0xfd, 0x14, 0x01, 0x18, 0xa5, 0x9b, 0x01, 0xa5, 0x9b, 0x01, 0xc4, 0x12, 0x0d, 0xc9, 0x1d, 0x8c, 0x45, 0xc9, 
0x1d, 0x6c, 0x0d, 0xf6, 0xa2, 0x01, 0x01, 0x28, 0xcc, 0x54, 0x8c, 0x14, 0x6c, 0x0d, 0xbf, 0xd4, 0x01, 0x01, 0x1a, 0x87, 
0xa6, 0x01, 0xfd, 0x74, 0xc3, 0x10, 0x0d, 0xd0, 0x37, 0x8a, 0xad, 0x01, 0xcf, 0x7a, 0x4a, 0x0d, 0xde, 0x07, 0xae, 0x3f, 
0xde, 0x07, 0xce, 0x10, 0x18, 0xd4, 0xbb, 0x01, 0xba, 0xca, 0x01, 0xd4, 0xbb, 0x01, 0x4b, 0x18, 0xff, 0x3f, 0xa7, 0x05, 
0xff, 0x3f, 0x99, 0x1e, 0xab, 0x10, 0x18, 0xac, 0x10, 0xe5, 0x1e, 0x18, 0x97, 0x3b, 0xfc, 0x4d, 0x00, 0x00, 0x28, 0x5c, 
0x00, 0x00, 0xa8, 0x4c, 0x00, 0x00, 0x84, 0x2d, 0x00, 0x00, 0xc1, 0x0a, 0x0d, 0xfc, 0x58, 0xfc, 0x58, 0x00, 0xc1, 0x0a, 
0x0d, 0xa5, 0xbb, 0x01, 0xa9, 0x62, 0x01, 0xc1, 0x0a, 0x0d, 0xf6, 0xc5, 0x01, 0xcc, 0x63, 0x02, 0xe0, 0x0a, 0x1d, 0x9b, 
0x1f, 0xcb, 0x14, 0xda, 0xa6, 0x01, 0x9b, 0x1f, 0xd9, 0x1f, 0x9e, 0x1e, 0x0a, 0x53, 0x00, 0x00, 0x88, 0x06, 0x00, 0x00, 
0x00, 0x00, 0x00, 0x00, 0xe3, 0x01, 0x00, 0x00, 0x00, 0x00, 0x00, 0x00, 0x4c, 0x4f, 0x4d, 0x53, 0x00, 0x03, 0x01, 0x00, 
0x0b, 0x00, 0x08, 0x00, 0x09, 0x62, 0x00, 0x00, 0x00, 0x00, 0x00, 0x00, 0xd4, 0x04, 0x00, 0x00, 0x91, 0x02, 0x01, 0xd1, 
0x10, 0x02, 0x47, 0x4c, 0x53, 0x4c, 0x2e, 0x73, 0x74, 0x64, 0x2e, 0x34, 0x35, 0x30, 0x00, 0x00, 0x00, 0x00, 0xa0, 0x04, 
0x00, 0x01, 0xef, 0x0e, 0x04, 0x9f, 0x2c, 0xed, 0xc2, 0xa5, 0xf3, 0x06, 0x00, 0xef, 0x25, 0xd9, 0x1b, 0xa0, 0x02, 0x9f, 
0x2c, 0x07, 0x10, 0x96, 0x0f, 0x06, 0x10, 0x37, 0xb3, 0x0d, 0x0b, 0x00, 0x05, 0x00, 0x07, 0x01, 0x10, 0x00, 0x23, 0x00, 
0x01, 0x05, 0x00, 0x07, 0x01, 0x10, 0x00, 0x23, 0x40, 0x01, 0x23, 0x30, 0x01, 0x23, 0x04, 0x01, 0x23, 0x04, 0x01, 0x23, 
0x04, 0x01, 0x23, 0x04, 0x10, 0xe4, 0x4c, 0x01, 0x01, 0x10, 0xcf, 0x4c, 0x06, 0x80, 0x02, 0x00, 0xf4, 0x10, 0x02, 0x47, 
0x00, 0x01, 0x00, 0x23, 0x00, 0x10, 0xca, 0x20, 0x21, 0x00, 0x10, 0x00, 0x22, 0x01, 0x10, 0xaa, 0x18, 0x1e, 0x00, 0x10, 
0xab, 0x14, 0x1e, 0x09, 0x93, 0x02, 0x0e, 0xa1, 0x04, 0xf4, 0x13, 0x08, 0xb5, 0x02, 0xeb, 0x13, 0x20, 0x01, 0xa6, 0x02, 
0x02, 0x20, 0xb7, 0x02, 0x20, 0x0d, 0x04, 0xb8, 0x02, 0x90, 0x01, 0x1d, 0x04, 0xb7, 0x02, 0x99, 0x01, 0x0d, 0x03, 0xb8, 
0x02, 0x5c, 0x18, 0x03, 0xb5, 0x02, 0x75, 0x20, 0x00, 0xbb, 0x04, 0x0b, 0xae, 0x28, 0x08, 0x00, 0x00, 0x00, 0xbc, 0x02, 
0xad, 0x19, 0x1d, 0xa2, 0x14, 0x8e, 0x03, 0xb3, 0x0d, 0x65, 0x46, 0x0c, 0x0c, 0x0c, 0x0d, 0xcb, 0x07, 0xb2, 0x06, 0x0c, 
0xe4, 0x4c, 0x40, 0x00, 0x00, 0x00, 0xbc, 0x02, 0xcf, 0x4c, 0x71, 0xa3, 0x27, 0xae, 0x02, 0xf4, 0x10, 0x7b, 0x3e, 0xfa, 
0x09, 0x02, 0xb5, 0x09, 0x39, 0xb2, 0x0e, 0xd0, 0x16, 0x02, 0xbb, 0x04, 0x0c, 0x9d, 0x0b, 0x00, 0x00, 0x00, 0x00, 0x3e, 
0x83, 0x1e, 0x02, 0x0c, 0xbb, 0x04, 0x0c, 0x9c, 0x1e, 0x04, 0x00, 0x00, 0x00, 0xb7, 0x02, 0x8b, 0x28, 0x0b, 0x02, 0x3e, 
0xfa, 0x09, 0x03, 0x11, 0x39, 0x8e, 0x05, 0xc2, 0x41, 0x03, 0xbb, 0x04, 0x0b, 0xc9, 0x23, 0x00, 0x00, 0x00, 0x00, 0x3e, 
0x83, 0x1e, 0x03, 0x0b, 0x3e, 0x24, 0x01, 0x1d, 0x39, 0x9a, 0x05, 0xfe, 0x2c, 0x01, 0xbb, 0x04, 0x0b, 0x91, 0x0f, 0x02, 
0x00, 0x00, 0x00, 0x3e, 0x8b, 0x1e, 0x01, 0x0d, 0xbb, 0x04, 0x0b, 0x92, 0x1e, 0x03, 0x00, 0x00, 0x00, 0xbb, 0x04, 0x0b, 
0x0b, 0x01, 0x00, 0x00, 0x00, 0xad, 0x06, 0x0c, 0x95, 0x28, 0xc6, 0x06, 0x08, 0xba, 0x58, 0x00, 0x82, 0x0a, 0x18, 0x98, 
0x9d, 0x02, 0x33, 0x89, 0x05, 0xe1, 0xf4, 0x01, 0xda, 0x19, 0x8b, 0x14, 0x02, 0x97, 0x14, 0x01, 0x0c, 0xfa, 0xfe, 0x01, 
0xfa, 0xfe, 0x01, 0xbc, 0x0e, 0x0b, 0xed, 0x9c, 0x02, 0xed, 0x9c, 0x02, 0x13, 0x88, 0x05, 0x90, 0xa5, 0x02, 0xef, 0x25, 
0x8a, 0x14, 0x22, 0x00, 0x90, 0xa5, 0x02, 0x13, 0x8a, 0x05, 0x8d, 0x51, 0xd9, 0x1b, 0x90, 0x14, 0x01, 0x0d, 0xe9, 0xc3, 
0x01, 0xe9, 0xc3, 0x01, 0x13, 0x8a, 0x05, 0xe6, 0xdc, 0x01, 0xd9, 0x1b, 0x93, 0x14, 0x01, 0x0d, 0x89, 0x9f, 0x01, 0x89, 
0x9f, 0x01, 0xc8, 0x10, 0x0d, 0x9c, 0x0f, 0xf8, 0x4c, 0x9c, 0x0f, 0xbc, 0x0e, 0x0b, 0xa8, 0x24, 0xa8, 0x24, 0x13, 0x88, 
0x05, 0xfa, 0x6d, 0xef, 0x25, 0x8d, 0x14, 0x22, 0x00, 0xfa, 0x6d, 0x8d, 0x1e, 0x88, 0x06, 0x00, 0x00, 0x00, 0x00, 0x00, 
0xd1, 0x08, 0x00, 0x00, 0x00, 0x00, 0x00, 0x00, 0x4c, 0x4f, 0x4d, 0x53, 0x00, 0x03, 0x01, 0x00, 0x0b, 0x00, 0x08, 0x00, 
0x8c, 0x62, 0x00, 0x00, 0x00, 0x00, 0x00, 0x00, 0xe0, 0x1b, 0x00, 0x00, 0x91, 0x02, 0x01, 0xd1, 0x10, 0x02, 0x47, 0x4c, 
0x53, 0x4c, 0x2e, 0x73, 0x74, 0x64, 0x2e, 0x34, 0x35, 0x30, 0x00, 0x00, 0x00, 0x00, 0xa0, 0x04, 0x00, 0x01, 0xdf, 0x0f, 
0x00, 0x9f, 0x2c, 0xed, 0xc2, 0xa5, 0xf3, 0x06, 0x00, 0x82, 0x1f, 0xcf, 0x2d, 0x8c, 0x1a, 0xb0, 0x23, 0x84, 0x28, 0xed, 
0x17, 0xab, 0x22, 0xd9, 0x1b, 0xc2, 0x26, 0x10, 0xc2, 0x23, 0x06, 0x10, 0x37, 0x91, 0x0c, 0x0b, 0x00, 0x05, 0x00, 0x07, 
0x01, 0x10, 0x00, 0x23, 0x00, 0x01, 0x05, 0x00, 0x07, 0x01, 0x10, 0x00, 0x23, 0x40, 0x01, 0x23, 0x30, 0x01, 0x23, 0x04, 
0x01, 0x23, 0x04, 0x01, 0x23, 0x04, 0x01, 0x23, 0x04, 0x10, 0x96, 0x37, 0x01, 0x01, 0x10, 0xed, 0x46, 0x06, 0x80, 0x02, 
0x00, 0xd6, 0x16, 0x02, 0x47, 0x00, 0x01, 0x00, 0x23, 0x00, 0x10, 0x86, 0x15, 0x21, 0x00, 0x10, 0x00, 0x22, 0x01, 0x10, 
0xff, 0x31, 0x06, 0x40, 0x10, 0x02, 0x06, 0x40, 0x10, 0xe6, 0x26, 0x06, 0x10, 0x10, 0xa5, 0x26, 0x06, 0x10, 0x10, 0xa6, 
0x02, 0x06, 0x10, 0x00, 0xd4, 0x19, 0x02, 0x37, 0x00, 0x88, 0x00, 0x05, 0x00, 0x07, 0x01, 0x10, 0x00, 0x23, 0x00, 0x01, 
0x05, 0x00, 0x07, 0x01, 0x10, 0x00, 0x23, 0x40, 0x01, 0x05, 0x00, 0x07, 0x01, 0x10, 0x00, 0x23, 0x40, 0x01, 0x05, 0x00, 
0x07, 0x01, 0x10, 0x00, 0x23, 0x40, 0x01, 0x05, 0x00, 0x07, 0x01, 0x10, 0x00, 0x23, 0x40, 0x01, 0x05, 0x00, 0x07, 0x01, 
0x10, 0x00, 0x23, 0x80, 0x02, 0x01, 0x05, 0x00, 0x07, 0x01, 0x10, 0x00, 0x23, 0x80, 0x02, 0x01, 0x05, 0x00, 0x07, 0x01, 
0x10, 0x00, 0x23, 0x40, 0x01, 0x23, 0x40, 0x01, 0x23, 0x10, 0x01, 0x23, 0x08, 0x01, 0x23, 0x04, 0x01, 0x23, 0x04, 0x01, 
0x23, 0x10, 0x01, 0x23, 0x10, 0x01, 0x23, 0x08, 0x01, 0x23, 0x08, 0x01, 0x23, 0x04, 0x01, 0x00, 0x00, 0x23, 0x04, 0x01, 
0x23, 0x08, 0x01, 0x23, 0x04, 0x01, 0x23, 0x04, 0x01, 0x23, 0x04, 0x01, 0x23, 0x04, 0x01, 0x23, 0x04, 0x01, 0x00, 0x00, 
0x23, 0x04, 0x01, 0x00, 0x00, 0x23, 0x04, 0x01, 0x00, 0x00, 0x23, 0x04, 0x01, 0x00, 0x00, 0x23, 0x10, 0x01, 0x00, 0x00, 
0x23, 0x0c, 0x01, 0x00, 0x00, 0x23, 0x04, 0x01, 0x00, 0x00, 0x23, 0x08, 0x01, 0x00, 0x00, 0x23, 0x04, 0x01, 0x00, 0x00, 
0x23, 0x04, 0x01, 0x00, 0x00, 0x23, 0x04, 0x01, 0x23, 0x04, 0x01, 0x00, 0x00, 0x23, 0x04, 0x01, 0x00, 0x00, 0x23, 0x04, 
0x01, 0x23, 0x90, 0x01, 0x01, 0x00, 0x00, 0x23, 0x0c, 0x01, 0x23, 0x04, 0x01, 0x23, 0x10, 0x01, 0x23, 0x10, 0x01, 0x00, 
0x00, 0x23, 0x08, 0x01, 0x00, 0x00, 0x23, 0x04, 0x01, 0x23, 0x04, 0x01, 0x00, 0x00, 0x23, 0x08, 0x01, 0x00, 0x00, 0x23, 
0x04, 0x01, 0x23, 0x04, 0x01, 0x00, 0x00, 0x23, 0x10, 0x01, 0x00, 0x00, 0x23, 0x04, 0x01, 0x23, 0x04, 0x01, 0x00, 0x00, 
0x23, 0x08, 0x01, 0x23, 0x04, 0x01, 0x00, 0x00, 0x23, 0x04, 0x01, 0x00, 0x00, 0x23, 0x04, 0x01, 0x23, 0x04, 0x01, 0x23, 
0x0c, 0x01, 0x23, 0x04, 0x01, 0x23, 0x04, 0x01, 0x23, 0x04, 0x01, 0x23, 0x04, 0x01, 0x23, 0x04, 0x01, 0x23, 0x0c, 0x01, 
0x23, 0x04, 0x01, 0x23, 0x04, 0x01, 0x23, 0x04, 0x01, 0x23, 0x04, 0x01, 0x05, 0x00, 0x07, 0x01, 0x10, 0x00, 0x23, 0x04, 
0x01, 0x23, 0x30, 0x01, 0x23, 0x08, 0x01, 0x05, 0x00, 0x07, 0x01, 0x10, 0x00, 0x23, 0x08, 0x01, 0x05, 0x00, 0x07, 0x01, 
0x10, 0x00, 0x23, 0x40, 0x01, 0x00, 0x00, 0x23, 0x40, 0x01, 0x00, 0x00, 0x23, 0x04, 0x01, 0x00, 0x00, 0x23, 0x04, 0x01, 
0x00, 0x00, 0x23, 0x04, 0x01, 0x23, 0x04, 0x01, 0x23, 0x40, 0x01, 0x00, 0x00, 0x23, 0x04, 0x01, 0x00, 0x00, 0x23, 0x04, 
0x01, 0x00, 0x00, 0x23, 0x04, 0x01, 0x00, 0x00, 0x23, 0x04, 0x10, 0x9a, 0x21, 0x21, 0x00, 0x10, 0x00, 0x22, 0x00, 0x10, 
0x85, 0x01, 0x1e, 0x00, 0x10, 0x9a, 0x1d, 0x1e, 0x03, 0x00, 0x85, 0x27, 0x0e, 0x10, 0x00, 0x1e, 0x0a, 0x10, 0xc8, 0x12, 
0x0b, 0x2b, 0x10, 0xa8, 0x09, 0x1e, 0x05, 0x10, 0xad, 0x20, 0x1e, 0x00, 0x00, 0xfc, 0x14, 0x10, 0x10, 0x00, 0x1e, 0x06, 
0x10, 0xa3, 0x0d, 0x1e, 0x09, 0x00, 0xb5, 0x15, 0x02, 0x47, 0x00, 0x04, 0x00, 0x0b, 0x01, 0x00, 0x01, 0x0b, 0x01, 0x01, 
0x01, 0x0b, 0x01, 0x03, 0x01, 0x0b, 0x01, 0x04, 0x93, 0x02, 0x0e, 0xa1, 0x04, 0xf4, 0x13, 0x08, 0xa6, 0x02, 0xe9, 0x13, 
0x20, 0xb7, 0x02, 0x20, 0x0d, 0x04, 0xb8, 0x02, 0x90, 0x01, 0x1d, 0x04, 0xb7, 0x02, 0x99, 0x01, 0x0d, 0x03, 0xb5, 0x02, 
0x17, 0x20, 0x01, 0xb7, 0x02, 0x0e, 0x0d, 0x02, 0xde, 0x02, 0xec, 0x18, 0x13, 0x1d, 0x1d, 0x65, 0xb5, 0x02, 0xfb, 0x18, 
0x20, 0x00, 0xbb, 0x04, 0x0b, 0xfe, 0x27, 0x00, 0x00, 0x00, 0x00, 0xbb, 0x04, 0x0c, 0x02, 0x00, 0x00, 0x00, 0x00, 0xbb, 
0x04, 0x0b, 0x04, 0x01, 0x00, 0x00, 0x00, 0xbb, 0x04, 0x0b, 0x06, 0x02, 0x00, 0x00, 0x00, 0xb8, 0x02, 0x93, 0x27, 0x18, 
0x03, 0xbb, 0x04, 0x0b, 0xb8, 0x27, 0x08, 0x00, 0x00, 0x00, 0xbc, 0x02, 0x81, 0x05, 0x1d, 0xa2, 0x14, 0x8e, 0x03, 0x91, 
0x0c, 0x65, 0x46, 0x0c, 0x0c, 0x0c, 0x0d, 0xe1, 0x11, 0xb2, 0x06, 0x0c, 0x96, 0x37, 0x40, 0x00, 0x00, 0x00, 0xbc, 0x02, 
0xed, 0x46, 0xd8, 0x0b, 0xa3, 0x27, 0xae, 0x02, 0xd6, 0x16, 0xec, 0x03, 0x3e, 0xfa, 0x09, 0x02, 0x97, 0x0f, 0x39, 0x94, 
0x14, 0x8c, 0x0b, 0x02, 0x3e, 0xef, 0x27, 0x02, 0x65, 0xbb, 0x04, 0x0c, 0xf0, 0x1c, 0x05, 0x00, 0x00, 0x00, 0x3e, 0x9f, 
0x1e, 0x02, 0x0d, 0xbb, 0x04, 0x0b, 0x98, 0x1e, 0x04, 0x00, 0x00, 0x00, 0xbc, 0x02, 0xf7, 0x26, 0x65, 0x96, 0x14, 0xbc, 
0x02, 0x02, 0x65, 0x96, 0x14, 0xb7, 0x02, 0x8d, 0x01, 0x0b, 0x03, 0xbb, 0x04, 0x0b, 0xa2, 0x28, 0x09, 0x00, 0x00, 0x00, 
0xbc, 0x02, 0x2d, 0x18, 0xa5, 0x14, 0xbc, 0x02, 0xa5, 0x26, 0x1d, 0x96, 0x14, 0xbb, 0x04, 0x0b, 0x9c, 0x27, 0x15, 0x00, 
0x00, 0x00, 0xbc, 0x02, 0xf5, 0x24, 0x1d, 0xc9, 0x14, 0xce, 0x82, 0xc0, 0x02, 0xd4, 0x19, 0x65, 0x65, 0x65, 0x65, 0x5a, 
0x5b, 0x65, 0x65, 0x1d, 0x13, 0x0d, 0x0d, 0x1d, 0x1d, 0x13, 0x13, 0x0d, 0x0d, 0x13, 0x0d, 0x0d, 0x0d, 0x0d, 0x0d, 0x0d, 
0x0d, 0x0d, 0x1d, 0x14, 0x0c, 0x13, 0x0c, 0x0c, 0x0c, 0x0c, 0x0d, 0x0d, 0x8e, 0x14, 0x18, 0x0d, 0x1d, 0x1d, 0x13, 0x0c, 
0x0d, 0x13, 0x0d, 0x0d, 0x1d, 0x0c, 0x0d, 0x13, 0x0d, 0x0d, 0x0d, 0x0b, 0x18, 0x0d, 0x0d, 0x0b, 0x0d, 0x0d, 0x18, 0x0d, 
0x0d, 0x0d, 0x0d, 0x0d, 0x46, 0x13, 0x13, 0x65, 0x65, 0x0d, 0x0d, 0x0d, 0x0d, 0x7b, 0x0c, 0x0d, 0x0d, 0x0d, 0x8e, 0x02, 
0x3e, 0xfa, 0x09, 0x02, 0xf8, 0x0e, 0x39, 0xf5, 0x13, 0xa0, 0x17, 0x02, 0xbb, 0x04, 0x0c, 0xcf, 0x16, 0x06, 0x00, 0x00, 
0x00, 0x3e, 0x85, 0x1e, 0x01, 0x1d, 0x39, 0x9a, 0x05, 0xd0, 0x33, 0x01, 0xbb, 0x04, 0x0d, 0x9d, 0x2f, 0x00, 0x00, 0x00, 
0xbf, 0xbb, 0x04, 0x0d, 0xed, 0x0a, 0x00, 0x00, 0x00, 0x3f, 0xbb, 0x04, 0x0b, 0xae, 0x24, 0x03, 0x00, 0x00, 0x00, 0xbb, 
0x04, 0x0d, 0x81, 0x14, 0x00, 0x00, 0x00, 0x20, 0x94, 0x02, 0x91, 0x14, 0xbb, 0x04, 0x0d, 0x86, 0x28, 0x00, 0x00, 0x00, 
0x00, 0xbb, 0x04, 0x0d, 0xe1, 0x1e, 0x00, 0x00, 0x00, 0xa0, 0xbb, 0x04, 0x0d, 0xa1, 0x07, 0x00, 0x00, 0x80, 0x3f, 0x3e, 
0x8c, 0x08, 0x01, 0x13, 0x39, 0x90, 0x05, 0xfe, 0x50, 0x01, 0x3e, 0x87, 0x51, 0x01, 0x0d, 0xec, 0x04, 0x1d, 0xde, 0x23, 
0xdc, 0x05, 0xdc, 0x05, 0xdc, 0x05, 0xdc, 0x05, 0xec, 0x04, 0x1d, 0xcd, 0x17, 0x92, 0x14, 0xf1, 0x11, 0xf1, 0x11, 0xf1, 
0x11, 0xec, 0x04, 0x1d, 0x82, 0x09, 0xef, 0x08, 0x94, 0x1d, 0xef, 0x08, 0xef, 0x08, 0xec, 0x04, 0x1d, 0xa7, 0x10, 0x97, 
0x19, 0x97, 0x19, 0xec, 0x0c, 0x97, 0x19, 0xec, 0x04, 0x1d, 0xde, 0x1e, 0xc6, 0x05, 0xc6, 0x05, 0xc6, 0x05, 0xca, 0x2b, 
0xec, 0x04, 0x65, 0xdb, 0x23, 0xa3, 0x0c, 0xa5, 0x15, 0xfd, 0x04, 0xdb, 0x23, 0xbb, 0x04, 0x0d, 0xcf, 0x09, 0x00, 0x00, 
0x00, 0x40, 0x3e, 0xe0, 0x09, 0x03, 0x0c, 0x39, 0x89, 0x05, 0x86, 0x2a, 0x03, 0x3e, 0xff, 0x29, 0x01, 0x0c, 0x39, 0x8c, 
0x05, 0xc8, 0x3c, 0x01, 0x3e, 0xbd, 0x3c, 0x03, 0x13, 0x39, 0x91, 0x05, 0xe6, 0x45, 0x03, 0x3e, 0xd1, 0x45, 0x03, 0x1d, 
0x39, 0x9b, 0x05, 0xa4, 0x25, 0x03, 0x39, 0x9b, 0x05, 0xfc, 0x14, 0x03, 0x3e, 0xbb, 0x3a, 0x03, 0x0d, 0xbb, 0x04, 0x0c, 
0xee, 0x1e, 0x13, 0x00, 0x00, 0x00, 0xbb, 0x04, 0x0c, 0x06, 0x14, 0x00, 0x00, 0x00, 0x39, 0x9b, 0x05, 0xa4, 0x0e, 0x03, 
0xbc, 0x02, 0xe9, 0x2a, 0x0d, 0x8d, 0x14, 0xde, 0x02, 0xb4, 0x15, 0x1d, 0x0d, 0xa4, 0x06, 0xa4, 0x06, 0x3e, 0xfa, 0x09, 
0x03, 0xfe, 0x10, 0x39, 0xfb, 0x15, 0x8e, 0x21, 0x03, 0xcc, 0x04, 0x13, 0x83, 0x41, 0xec, 0x09, 0xec, 0x09, 0xc6, 0x06, 
0x08, 0xbe, 0x4c, 0x00, 0x82, 0x0a, 0x18, 0xa6, 0xa8, 0x02, 0x01, 0x0c, 0x99, 0x3f, 0xea, 0xfa, 0x01, 0x22, 0xb2, 0x8d, 
0x02, 0x00, 0x01, 0x0c, 0xef, 0x9c, 0x01, 0xc2, 0x70, 0x33, 0xe2, 0x05, 0xec, 0xa2, 0x01, 0xda, 0x19, 0x8b, 0x14, 0xad, 
0x52, 0x8b, 0x14, 0x01, 0x65, 0xca, 0x16, 0xca, 0x16, 0x13, 0x8b, 0x05, 0x9b, 0x23, 0xcf, 0x2d, 0x8a, 0x14, 0x01, 0x0d, 
0x9e, 0x23, 0x9e, 0x23, 0x13, 0x8b, 0x05, 0xd1, 0x0f, 0xcf, 0x2d, 0x8d, 0x14, 0x01, 0x0d, 0x91, 0x9d, 0x01, 0x91, 0x9d, 
0x01, 0xc3, 0x10, 0x0d, 0xe8, 0xb1, 0x01, 0x82, 0xe1, 0x02, 0xe8, 0xb1, 0x01, 0xc0, 0x0a, 0x13, 0xe5, 0xe8, 0x01, 0xe1, 
0xe3, 0x01, 0xe5, 0xe8, 0x01, 0x13, 0xe2, 0x05, 0xa8, 0x89, 0x01, 0xc5, 0x1f, 0x9d, 0x14, 0x01, 0x65, 0xd9, 0x66, 0xd9, 
0x66, 0x01, 0x1d, 0x92, 0x28, 0x8c, 0x87, 0x01, 0xc1, 0x0a, 0x0d, 0xcd, 0x46, 0xcd, 0x46, 0x02, 0x4a, 0x0d, 0xb2, 0xcf, 
0x01, 0xb2, 0xcf, 0x01, 0x8e, 0xbf, 0x02, 0x4b, 0x0d, 0x89, 0x08, 0x89, 0x08, 0xf2, 0xc1, 0x02, 0xd2, 0x0a, 0x1d, 0xf9, 
0xa2, 0x01, 0xf9, 0xa2, 0x01, 0x9f, 0x22, 0x02, 0xc1, 0x12, 0x1d, 0xcc, 0x52, 0xbe, 0x58, 0xcc, 0x52, 0xc1, 0x0a, 0x0d, 
0xc5, 0x18, 0xc5, 0x18, 0x03, 0x5c, 0x0d, 0xdb, 0x79, 0x01, 0x04, 0xbb, 0x6e, 0xc8, 0x16, 0x09, 0x8e, 0x3e, 0x8e, 0x3e, 
0x84, 0x8d, 0x01, 0xa7, 0x1e, 0xdf, 0x83, 0x01, 0x00, 0xba, 0x1e, 0x00, 0xc9, 0x24, 0xdf, 0x83, 0x01, 0x18, 0xca, 0x24, 
0xc8, 0x16, 0x09, 0xe7, 0x27, 0xeb, 0x3e, 0xf2, 0x75, 0xd9, 0x14, 0x0d, 0xac, 0x44, 0xac, 0x44, 0x80, 0xd9, 0x01, 0x92, 
0xce, 0x01, 0xd2, 0x0a, 0x1d, 0x81, 0x4f, 0x81, 0x4f, 0x87, 0x62, 0x03, 0x99, 0x1e, 0xd3, 0x91, 0x01, 0x18, 0xd4, 0x91, 
0x01, 0xe5, 0x1e, 0x1d, 0xbd, 0x05, 0x5e, 0x3d, 0x00, 0x00, 0x32, 0x60, 0x00, 0x00, 0xda, 0x24, 0x00, 0x00, 0x79, 0x31, 
0x00, 0x00, 0xc1, 0x0a, 0x0d, 0xf5, 0x39, 0xf5, 0x39, 0x03, 0xc8, 0x10, 0x0d, 0x9e, 0x56, 0xde, 0xb9, 0x02, 0x9e, 0x56, 
0xce, 0x10, 0x1d, 0xbe, 0x07, 0xe6, 0x23, 0xbe, 0x07, 0xe0, 0x0a, 0xc9, 0x0c, 0xad, 0x61, 0xd2, 0x67, 0x8e, 0xb4, 0x01, 
0xad, 0x61, 0x80, 0xd8, 0x01, 0xc1, 0x0a, 0x13, 0xf0, 0x09, 0xf0, 0x09, 0x00, 0xc1, 0x0a, 0x1d, 0x92, 0x7c, 0x82, 0x86, 
0x01, 0x02, 0x3d, 0x18, 0xd8, 0x0f, 0xcc, 0xb2, 0x01, 0xcc, 0xb2, 0x01, 0x18, 0xc1, 0x0a, 0x0d, 0x91, 0xe6, 0x01, 0x91, 
0xe6, 0x01, 0x00, 0xc1, 0x0a, 0x1d, 0x80, 0x52, 0xc5, 0x7a, 0x00, 0xce, 0x10, 0x1d, 0xec, 0x1b, 0xec, 0x1b, 0xec, 0x6d, 
0xc1, 0x0a, 0x0d, 0xbe, 0x14, 0xe7, 0x63, 0x01, 0xc1, 0x0a, 0x1d, 0xe4, 0x59, 0xc8, 0x0f, 0x01, 0xce, 0x10, 0x1d, 0x9f, 
0x6e, 0x9f, 0x6e, 0xbb, 0x14, 0xc1, 0x0a, 0x0d, 0xbe, 0x14, 0xe5, 0x63, 0x02, 0xc1, 0x0a, 0x1d, 0xe4, 0x59, 0xca, 0x0f, 
0x02, 0xce, 0x10, 0x1d, 0x83, 0x60, 0x83, 0x60, 0x9f, 0x06, 0xc1, 0x0a, 0x1d, 0xaf, 0x7f, 0xe9, 0xcf, 0x01, 0x03, 0x4b, 
0x1d, 0xdc, 0x57, 0xd3, 0x27, 0xdc, 0x57, 0x4b, 0x1d, 0xbc, 0x3d, 0x86, 0x24, 0xbc, 0x3d, 0x4b, 0x1d, 0xdf, 0x19, 0xa8, 
0x0a, 0xdf, 0x19, 0x23, 0xe2, 0x05, 0xe7, 0x72, 0xc5, 0x1f, 0x9a, 0x14, 0x8b, 0x14, 0x01, 0x65, 0xd6, 0x9d, 0x01, 0xd6, 
0x9d, 0x01, 0xc1, 0x12, 0x1d, 0xdd, 0x69, 0xdd, 0x69, 0xef, 0x3e, 0xce, 0x10, 0x13, 0xb3, 0x06, 0xb7, 0x27, 0x88, 0xc4, 
0x01, 0xc3, 0x10, 0x13, 0xc0, 0x12, 0xc0, 0x12, 0xfa, 0xca, 0x01, 0xc1, 0x0a, 0x0d, 0x85, 0x5f, 0x85, 0x5f, 0x00, 0xc1, 
0x0a, 0x0d, 0x8e, 0x80, 0x01, 0x88, 0x21, 0x01, 0xe0, 0x0a, 0x1d, 0x27, 0xe6, 0x7f, 0x27, 0xc2, 0xcf, 0x01, 0xc6, 0xf5, 
0x01, 0xc1, 0x0a, 0x0d, 0x8f, 0x7c, 0x8f, 0x7c, 0x00, 0xc1, 0x0a, 0x0d, 0x86, 0xe7, 0x01, 0xf6, 0x6a, 0x01, 0xc1, 0x0a, 
0x0d, 0x9d, 0xeb, 0x01, 0xa7, 0x80, 0x01, 0x02, 0xc1, 0x0a, 0x0d, 0xda, 0x02, 0xcd, 0x7d, 0x03, 0xe0, 0x0a, 0x1d, 0x82, 
0x80, 0x01, 0xc4, 0x7e, 0xc1, 0x68, 0xdc, 0x82, 0x01, 0x82, 0x80, 0x01, 0xe0, 0x0a, 0x65, 0x98, 0x04, 0xb2, 0xd0, 0x01, 
0xb2, 0xd0, 0x01, 0xb2, 0xd0, 0x01, 0x98, 0x04, 0xe0, 0x0a, 0xc9, 0x0c, 0x92, 0x23, 0xc6, 0x35, 0xca, 0x56, 0xcb, 0x46, 
0x92, 0x23, 0xc1, 0x0a, 0x13, 0x81, 0x80, 0x01, 0x81, 0x80, 0x01, 0x00, 0xc1, 0x0a, 0x1d, 0xc8, 0xbb, 0x01, 0xc6, 0x3b, 
0x01, 0xc1, 0x0a, 0x1d, 0xc9, 0xb7, 0x01, 0x83, 0x7c, 0x02, 0x22, 0xac, 0x55, 0xfe, 0x03, 0x22, 0xda, 0x75, 0xc9, 0xb7, 
0x01, 0x3d, 0x18, 0xfe, 0x2e, 0xfe, 0x2e, 0xfe, 0x2e, 0x18, 0x13, 0x8d, 0x05, 0xb3, 0x73, 0xab, 0x22, 0x8a, 0x14, 0xc1, 
0x0a, 0x0d, 0x86, 0x6f, 0xad, 0x04, 0x00, 0x22, 0x86, 0x6f, 0x00, 0x13, 0x8d, 0x05, 0xf0, 0x2f, 0xab, 0x22, 0x8d, 0x14, 
0xc1, 0x0a, 0x0d, 0xef, 0x09, 0xd2, 0x21, 0x01, 0x22, 0xef, 0x09, 0x00, 0x13, 0x8d, 0x05, 0xf2, 0x09, 0xab, 0x22, 0x90, 
0x14, 0xc1, 0x0a, 0x0d, 0x91, 0x05, 0xb2, 0x26, 0x02, 0x22, 0x91, 0x05, 0x00, 0xc1, 0x0a, 0x65, 0xcb, 0x7c, 0x9f, 0xa3, 
0x01, 0x03, 0xc1, 0x12, 0x1d, 0xb4, 0x47, 0xb4, 0x47, 0x3c, 0xc1, 0x0a, 0x0d, 0xe3, 0x4d, 0xe3, 0x4d, 0x02, 0x4a, 0x0d, 
0xc2, 0xa7, 0x01, 0xc2, 0xa7, 0x01, 0xc4, 0x90, 0x02, 0x4b, 0x0d, 0xe0, 0x0e, 0xe0, 0x0e, 0x92, 0xaa, 0x02, 0xd2, 0x0a, 
0x1d, 0x8e, 0x47, 0x8e, 0x47, 0xcc, 0xaf, 0x01, 0x02, 0x13, 0xe2, 0x05, 0xc5, 0x79, 0xc5, 0x1f, 0x8b, 0x14, 0x01, 0x65, 
0xbc, 0x01, 0xbc, 0x01, 0xc1, 0x12, 0x1d, 0xba, 0x71, 0xba, 0x71, 0x94, 0xc9, 0x01, 0xc1, 0x0a, 0x0d, 0xe5, 0x01, 0xe5, 
0x01, 0x02, 0x3f, 0x0d, 0xc3, 0x24, 0xc3, 0x24, 0x13, 0x8a, 0x05, 0xcf, 0xac, 0x01, 0xc5, 0x1f, 0xc4, 0x14, 0x01, 0x0d, 
0xa0, 0xee, 0x01, 0xa0, 0xee, 0x01, 0x4a, 0x0d, 0xad, 0xff, 0x01, 0xdd, 0xbd, 0x01, 0xad, 0xff, 0x01, 0x13, 0x8a, 0x05, 
0x90, 0x27, 0xc5, 0x1f, 0xc7, 0x14, 0x01, 0x0d, 0xc6, 0xd8, 0x01, 0xc6, 0xd8, 0x01, 0xc3, 0x10, 0x0d, 0xd5, 0xa2, 0x01, 
0x80, 0x5d, 0xd5, 0xa2, 0x01, 0x4a, 0x0d, 0xb7, 0x14, 0xb7, 0x14, 0xd6, 0xd2, 0x01, 0xc3, 0x10, 0x0d, 0xd6, 0x05, 0xd6, 
0x05, 0xca, 0xd6, 0x01, 0x13, 0x8d, 0x05, 0xc3, 0x32, 0xab, 0x22, 0x93, 0x14, 0x22, 0x00, 0xc3, 0x32, 0x22, 0xe8, 0x6e, 
0xfd, 0xce, 0x01, 0xc1, 0x0a, 0x0d, 0xea, 0xda, 0x01, 0xec, 0x0b, 0x01, 0x3f, 0x0d, 0x88, 0x08, 0x88, 0x08, 0xd2, 0x0a, 
0x1d, 0xe1, 0x3d, 0xe1, 0x3d, 0xed, 0x29, 0x01, 0x13, 0x9b, 0x05, 0xc3, 0x4b, 0xc2, 0x26, 0x8b, 0x14, 0x22, 0x00, 0xc3, 
0x4b, 0x8d, 0x1e, 0x88, 0x06, 0x00, 0x00, 0x00, 0x00, 0x00, 0x00, 0x00, 0x44, 0x04, 0x00, 0x00, 0x00, 0x00, 0x00, 0x00, 
0x4c, 0x4f, 0x4d, 0x53, 0x00, 0x03, 0x01, 0x00, 0x0b, 0x00, 0x08, 0x00, 0x6e, 0x61, 0x00, 0x00, 0x00, 0x00, 0x00, 0x00, 
0xb8, 0x10, 0x00, 0x00, 0x91, 0x02, 0x01, 0xd1, 0x10, 0x02, 0x47, 0x4c, 0x53, 0x4c, 0x2e, 0x73, 0x74, 0x64, 0x2e, 0x34, 
0x35, 0x30, 0x00, 0x00, 0x00, 0x00, 0xa0, 0x04, 0x00, 0x01, 0xef, 0x0e, 0x04, 0x9f, 0x2c, 0xed, 0xc2, 0xa5, 0xf3, 0x06, 
0x00, 0xab, 0x22, 0xbf, 0x1c, 0xa0, 0x02, 0x9f, 0x2c, 0x07, 0x10, 0xca, 0x0f, 0x06, 0x40, 0x10, 0x02, 0x06, 0x40, 0x10, 
0x8e, 0x0b, 0x06, 0x10, 0x10, 0x9c, 0x04, 0x06, 0x10, 0x10, 0xd0, 0x02, 0x06, 0x10, 0x00, 0xe3, 0x0d, 0x02, 0x37, 0x00, 
0x88, 0x00, 0x05, 0x00, 0x07, 0x01, 0x10, 0x00, 0x23, 0x00, 0x01, 0x05, 0x00, 0x07, 0x01, 0x10, 0x00, 0x23, 0x40, 0x01, 
0x05, 0x00, 0x07, 0x01, 0x10, 0x00, 0x23, 0x40, 0x01, 0x05, 0x00, 0x07, 0x01, 0x10, 0x00, 0x23, 0x40, 0x01, 0x05, 0x00, 
0x07, 0x01, 0x10, 0x00, 0x23, 0x40, 0x01, 0x05, 0x00, 0x07, 0x01, 0x10, 0x00, 0x23, 0x80, 0x02, 0x01, 0x05, 0x00, 0x07, 
0x01, 0x10, 0x00, 0x23, 0x80, 0x02, 0x01, 0x05, 0x00, 0x07, 0x01, 0x10, 0x00, 0x23, 0x40, 0x01, 0x23, 0x40, 0x01, 0x23, 
0x10, 0x01, 0x23, 0x08, 0x01, 0x23, 0x04, 0x01, 0x23, 0x04, 0x01, 0x23, 0x10, 0x01, 0x23, 0x10, 0x01, 0x23, 0x08, 0x01, 
0x23, 0x08, 0x01, 0x23, 0x04, 0x01, 0x00, 0x00, 0x23, 0x04, 0x01, 0x23, 0x08, 0x01, 0x23, 0x04, 0x01, 0x23, 0x04, 0x01, 
0x23, 0x04, 0x01, 0x23, 0x04, 0x01, 0x23, 0x04, 0x01, 0x00, 0x00, 0x23, 0x04, 0x01, 0x00, 0x00, 0x23, 0x04, 0x01, 0x00, 
0x00, 0x23, 0x04, 0x01, 0x00, 0x00, 0x23, 0x10, 0x01, 0x00, 0x00, 0x23, 0x0c, 0x01, 0x00, 0x00, 0x23, 0x04, 0x01, 0x00, 
0x00, 0x23, 0x08, 0x01, 0x00, 0x00, 0x23, 0x04, 0x01, 0x00, 0x00, 0x23, 0x04, 0x01, 0x00, 0x00, 0x23, 0x04, 0x01, 0x23, 
0x04, 0x01, 0x00, 0x00, 0x23, 0x04, 0x01, 0x00, 0x00, 0x23, 0x04, 0x01, 0x23, 0x90, 0x01, 0x01, 0x00, 0x00, 0x23, 0x0c, 
0x01, 0x23, 0x04, 0x01, 0x23, 0x10, 0x01, 0x23, 0x10, 0x01, 0x00, 0x00, 0x23, 0x08, 0x01, 0x00, 0x00, 0x23, 0x04, 0x01, 
0x23, 0x04, 0x01, 0x00, 0x00, 0x23, 0x08, 0x01, 0x00, 0x00, 0x23, 0x04, 0x01, 0x23, 0x04, 0x01, 0x00, 0x00, 0x23, 0x10, 
0x01, 0x00, 0x00, 0x23, 0x04, 0x01, 0x23, 0x04, 0x01, 0x00, 0x00, 0x23, 0x08, 0x01, 0x23, 0x04, 0x01, 0x00, 0x00, 0x23, 
0x04, 0x01, 0x00, 0x00, 0x23, 0x04, 0x01, 0x23, 0x04, 0x01, 0x23, 0x0c, 0x01, 0x23, 0x04, 0x01, 0x23, 0x04, 0x01, 0x23, 
0x04, 0x01, 0x23, 0x04, 0x01, 0x23, 0x04, 0x01, 0x23, 0x0c, 0x01, 0x23, 0x04, 0x01, 0x23, 0x04, 0x01, 0x23, 0x04, 0x01, 
0x23, 0x04, 0x01, 0x05, 0x00, 0x07, 0x01, 0x10, 0x00, 0x23, 0x04, 0x01, 0x23, 0x30, 0x01, 0x23, 0x08, 0x01, 0x05, 0x00, 
0x07, 0x01, 0x10, 0x00, 0x23, 0x08, 0x01, 0x05, 0x00, 0x07, 0x01, 0x10, 0x00, 0x23, 0x40, 0x01, 0x00, 0x00, 0x23, 0x40, 
0x01, 0x00, 0x00, 0x23, 0x04, 0x01, 0x00, 0x00, 0x23, 0x04, 0x01, 0x00, 0x00, 0x23, 0x04, 0x01, 0x23, 0x04, 0x01, 0x23, 
0x40, 0x01, 0x00, 0x00, 0x23, 0x04, 0x01, 0x00, 0x00, 0x23, 0x04, 0x01, 0x00, 0x00, 0x23, 0x04, 0x01, 0x00, 0x00, 0x23, 
0x04, 0x10, 0xa8, 0x2b, 0x21, 0x00, 0x10, 0x00, 0x22, 0x00, 0x00, 0xcc, 0x05, 0x10, 0x10, 0x00, 0x1e, 0x06, 0x10, 0xd7, 
0x0b, 0x1e, 0x00, 0x00, 0x9a, 0x5f, 0x00, 0x93, 0x02, 0x0e, 0xa1, 0x04, 0xf4, 0x13, 0x08, 0xa6, 0x02, 0xe9, 0x13, 0x20, 
0xb7, 0x02, 0x20, 0x0d, 0x04, 0xb5, 0x02, 0x21, 0x20, 0x01, 0xb8, 0x02, 0xb2, 0x01, 0x1d, 0x04, 0xb7, 0x02, 0x99, 0x01, 
0x0d, 0x03, 0xb8, 0x02, 0x5c, 0x18, 0x03, 0xb5, 0x02, 0x75, 0x20, 0x00, 0x3e, 0xfe, 0x09, 0x02, 0x0d, 0xbb, 0x04, 0x0b, 
0x98, 0x1e, 0x04, 0x00, 0x00, 0x00, 0xbc, 0x02, 0xe1, 0x18, 0x65, 0x96, 0x14, 0xbc, 0x02, 0x02, 0x65, 0x96, 0x14, 0xb7, 
0x02, 0xa5, 0x0f, 0x0d, 0x02, 0xb7, 0x02, 0x02, 0x0b, 0x03, 0xbb, 0x04, 0x0b, 0xa2, 0x28, 0x09, 0x00, 0x00, 0x00, 0xbc, 
0x02, 0xef, 0x0d, 0x18, 0xa5, 0x14, 0xbc, 0x02, 0x9c, 0x04, 0x1d, 0x96, 0x14, 0xbb, 0x04, 0x0b, 0x9c, 0x0a, 0x15, 0x00, 
0x00, 0x00, 0xbc, 0x02, 0xcb, 0x07, 0x1d, 0xc9, 0x14, 0xce, 0x82, 0xc0, 0x02, 0xe3, 0x0d, 0x65, 0x65, 0x65, 0x65, 0xe5, 
0x07, 0xe6, 0x07, 0x65, 0x65, 0x1d, 0x13, 0x0d, 0x0d, 0x1d, 0x1d, 0x13, 0x13, 0x0d, 0x0d, 0x13, 0x0d, 0x0d, 0x0d, 0x0d, 
0x0d, 0x0d, 0x0d, 0x0d, 0x1d, 0x14, 0x0c, 0x13, 0x0c, 0x0c, 0x0c, 0x0c, 0x0d, 0x0d, 0xad, 0x0d, 0x18, 0x0d, 0x1d, 0x1d, 
0x13, 0x0c, 0x0d, 0x13, 0x0d, 0x0d, 0x1d, 0x0c, 0x0d, 0x13, 0x0d, 0x0d, 0x0d, 0x0b, 0x18, 0x0d, 0x0d, 0x0b, 0x0d, 0x0d, 
0x18, 0x0d, 0x0d, 0x0d, 0x0d, 0x0d, 0x46, 0x13, 0x13, 0x65, 0x65, 0x0d, 0x0d, 0x0d, 0x0d, 0xbb, 0x0f, 0x0c, 0x0d, 0x0d, 
0x0d, 0xe3, 0x10, 0x3e, 0xfa, 0x09, 0x02, 0xf1, 0x09, 0x39, 0xee, 0x0e, 0xae, 0x21, 0x02, 0x3e, 0xd5, 0x34, 0x01, 0x1d, 
0x39, 0x9a, 0x05, 0xa2, 0x3a, 0x01, 0xbb, 0x04, 0x0b, 0xaf, 0x1c, 0x03, 0x00, 0x00, 0x00, 0x3e, 0x8f, 0x1e, 0x01, 0x0d, 
0x3e, 0x20, 0x03, 0x1d, 0x39, 0x9b, 0x05, 0xc8, 0x2e, 0x03, 0xbb, 0x04, 0x0c, 0xa9, 0x0e, 0x35, 0x00, 0x00, 0x00, 0xbb, 
0x04, 0x0c, 0x05, 0x34, 0x00, 0x00, 0x00, 0xbb, 0x04, 0x0d, 0xcb, 0x1d, 0x00, 0x00, 0x80, 0xbf, 0xbb, 0x04, 0x0d, 0xa5, 
0x07, 0x00, 0x00, 0x80, 0x3e, 0xc6, 0x06, 0x08, 0xe2, 0x52, 0x00, 0x82, 0x0a, 0x18, 0x98, 0x9d, 0x02, 0x13, 0x8b, 0x05, 
0xa3, 0x86, 0x02, 0xab, 0x22, 0x93, 0x14, 0x01, 0x0d, 0xe4, 0x84, 0x01, 0xe4, 0x84, 0x01, 0x13, 0x8a, 0x05, 0xde, 0x46, 
0xc5, 0x1f, 0xaa, 0x15, 0x01, 0x0d, 0x9c, 0x23, 0x9c, 0x23, 0x13, 0x8a, 0x05, 0x83, 0x0f, 0xc5, 0x1f, 0xa7, 0x15, 0x01, 
0x0d, 0xf3, 0xb6, 0x01, 0xf3, 0xb6, 0x01, 0x4a, 0x0d, 0x9c, 0x26, 0x9c, 0x26, 0xe1, 0x35, 0x5c, 0x0d, 0xa6, 0xc7, 0x01, 
0x01, 0x1b, 0x9a, 0x5f, 0xc8, 0x10, 0x0d, 0x97, 0x32, 0xc0, 0xc6, 0x02, 0x97, 0x32, 0xc0, 0x0a, 0x13, 0xc9, 0xea, 0x01, 
0xe1, 0x9c, 0x02, 0xc9, 0xea, 0x01, 0x4a, 0x13, 0xee, 0xf7, 0x01, 0xee, 0xf7, 0x01, 0xee, 0xf7, 0x01, 0xbf, 0x18, 0x0d, 
0x88, 0x0a, 0x0b, 0x3d, 0x00, 0x00, 0xb0, 0x1a, 0x0d, 0xc3, 0xe0, 0x01, 0x0b, 0x3d, 0x00, 0x00, 0x4a, 0x0d, 0xfe, 0xb9, 
0x01, 0xc5, 0x26, 0xc5, 0x26, 0x4a, 0x0d, 0xe5, 0x68, 0x98, 0x51, 0x98, 0x51, 0x4b, 0x0d, 0xea, 0x0e, 0xfb, 0x59, 0xea, 
0x0e, 0x4a, 0x0d, 0xf9, 0x5e, 0xd6, 0x85, 0x01, 0xf9, 0x5e, 0x4a, 0x0d, 0xd8, 0xcf, 0x01, 0xf2, 0xc2, 0x01, 0xf2, 0xc2, 
0x01, 0xce, 0x10, 0x13, 0xc5, 0x0e, 0xa1, 0x14, 0xc5, 0x0e, 0xce, 0x10, 0x13, 0x99, 0xd8, 0x01, 0x99, 0xd8, 0x01, 0x87, 
0x17, 0x4b, 0x13, 0x8e, 0x34, 0xad, 0xb8, 0x01, 0x8e, 0x34, 0xc0, 0x0a, 0x13, 0xa6, 0x60, 0xb1, 0x55, 0xb1, 0x55, 0x6c, 
0x13, 0xf8, 0x5a, 0x01, 0x25, 0x9c, 0x54, 0xaf, 0x84, 0x01, 0xc1, 0x0a, 0x0d, 0xab, 0x2d, 0xb2, 0xcd, 0x01, 0x00, 0xc1, 
0x0a, 0x0d, 0xab, 0x89, 0x01, 0xd7, 0xb6, 0x01, 0x00, 0xc1, 0x0a, 0x0d, 0xcb, 0x35, 0xba, 0x0e, 0x01, 0xc1, 0x0a, 0x0d, 
0xd1, 0x02, 0xf5, 0xee, 0x01, 0x01, 0xe0, 0x0a, 0x1d, 0xb2, 0xe9, 0x01, 0xe8, 0x27, 0x94, 0xb1, 0x01, 0xe0, 0xe6, 0x01, 
0xb2, 0xe9, 0x01, 0x22, 0x94, 0xa5, 0x02, 0x00, 0x8d, 0x1e, 0x88, 0x06, 0x00, 0x00, 0x00, 0x00, 0x2a, 0x18, 0x00, 0x00, 
0x00, 0x00, 0x00, 0x00, 0x4c, 0x4f, 0x4d, 0x53, 0x00, 0x03, 0x01, 0x00, 0x0b, 0x00, 0x08, 0x00, 0x8c, 0x62, 0x00, 0x00, 
0x00, 0x00, 0x00, 0x00, 0x48, 0x3d, 0x00, 0x00, 0x91, 0x02, 0x01, 0xd1, 0x10, 0x02, 0x47, 0x4c, 0x53, 0x4c, 0x2e, 0x73, 
0x74, 0x64, 0x2e, 0x34, 0x35, 0x30, 0x00, 0x00, 0x00, 0x00, 0xa0, 0x04, 0x00, 0x01, 0x8f, 0x8e, 0x40, 0x00, 0x9f, 0x2c, 
0xed, 0xc2, 0xa5, 0xf3, 0x06, 0x00, 0xa9, 0x20, 0x82, 0x1f, 0xaf, 0x2e, 0x93, 0x2d, 0xcf, 0x2d, 0x8c, 0x1a, 0xb0, 0x23, 
0x84, 0x28, 0xed, 0x17, 0xab, 0x22, 0xd9, 0x1b, 0xc2, 0x26, 0x10, 0xb4, 0x2a, 0x06, 0x10, 0x37, 0xf9, 0x0a, 0x0b, 0x00, 
0x05, 0x00, 0x07, 0x01, 0x10, 0x00, 0x23, 0x00, 0x01, 0x05, 0x00, 0x07, 0x01, 0x10, 0x00, 0x23, 0x40, 0x01, 0x23, 0x30, 
0x01, 0x23, 0x04, 0x01, 0x23, 0x04, 0x01, 0x23, 0x04, 0x01, 0x23, 0x04, 0x10, 0x8c, 0x2f, 0x01, 0x01, 0x10, 0xc3, 0x4a, 
0x06, 0x80, 0x02, 0x00, 0x80, 0x13, 0x02, 0x47, 0x00, 0x01, 0x00, 0x23, 0x00, 0x10, 0xb2, 0x1c, 0x21, 0x00, 0x10, 0x00, 
0x22, 0x01, 0x10, 0xbd, 0x13, 0x06, 0x40, 0x10, 0x02, 0x06, 0x40, 0x10, 0xc2, 0x0d, 0x06, 0x10, 0x10, 0xd1, 0x24, 0x06, 
0x10, 0x10, 0xa6, 0x02, 0x06, 0x10, 0x00, 0xd4, 0x02, 0x02, 0x37, 0x00, 0x88, 0x00, 0x05, 0x00, 0x07, 0x01, 0x10, 0x00, 
0x23, 0x00, 0x01, 0x05, 0x00, 0x07, 0x01, 0x10, 0x00, 0x23, 0x40, 0x01, 0x05, 0x00, 0x07, 0x01, 0x10, 0x00, 0x23, 0x40, 
0x01, 0x05, 0x00, 0x07, 0x01, 0x10, 0x00, 0x23, 0x40, 0x01, 0x05, 0x00, 0x07, 0x01, 0x10, 0x00, 0x23, 0x40, 0x01, 0x05, 
0x00, 0x07, 0x01, 0x10, 0x00, 0x23, 0x80, 0x02, 0x01, 0x05, 0x00, 0x07, 0x01, 0x10, 0x00, 0x23, 0x80, 0x02, 0x01, 0x05, 
0x00, 0x07, 0x01, 0x10, 0x00, 0x23, 0x40, 0x01, 0x23, 0x40, 0x01, 0x23, 0x10, 0x01, 0x23, 0x08, 0x01, 0x23, 0x04, 0x01, 
0x23, 0x04, 0x01, 0x23, 0x10, 0x01, 0x23, 0x10, 0x01, 0x23, 0x08, 0x01, 0x23, 0x08, 0x01, 0x23, 0x04, 0x01, 0x00, 0x00, 
0x23, 0x04, 0x01, 0x23, 0x08, 0x01, 0x23, 0x04, 0x01, 0x23, 0x04, 0x01, 0x23, 0x04, 0x01, 0x23, 0x04, 0x01, 0x23, 0x04, 
0x01, 0x00, 0x00, 0x23, 0x04, 0x01, 0x00, 0x00, 0x23, 0x04, 0x01, 0x00, 0x00, 0x23, 0x04, 0x01, 0x00, 0x00, 0x23, 0x10, 
0x01, 0x00, 0x00, 0x23, 0x0c, 0x01, 0x00, 0x00, 0x23, 0x04, 0x01, 0x00, 0x00, 0x23, 0x08, 0x01, 0x00, 0x00, 0x23, 0x04, 
0x01, 0x00, 0x00, 0x23, 0x04, 0x01, 0x00, 0x00, 0x23, 0x04, 0x01, 0x23, 0x04, 0x01, 0x00, 0x00, 0x23, 0x04, 0x01, 0x00, 
0x00, 0x23, 0x04, 0x01, 0x23, 0x90, 0x01, 0x01, 0x00, 0x00, 0x23, 0x0c, 0x01, 0x23, 0x04, 0x01, 0x23, 0x10, 0x01, 0x23, 
0x10, 0x01, 0x00, 0x00, 0x23, 0x08, 0x01, 0x00, 0x00, 0x23, 0x04, 0x01, 0x23, 0x04, 0x01, 0x00, 0x00, 0x23, 0x08, 0x01, 
0x00, 0x00, 0x23, 0x04, 0x01, 0x23, 0x04, 0x01, 0x00, 0x00, 0x23, 0x10, 0x01, 0x00, 0x00, 0x23, 0x04, 0x01, 0x23, 0x04, 
0x01, 0x00, 0x00, 0x23, 0x08, 0x01, 0x23, 0x04, 0x01, 0x00, 0x00, 0x23, 0x04, 0x01, 0x00, 0x00, 0x23, 0x04, 0x01, 0x23, 
0x04, 0x01, 0x23, 0x0c, 0x01, 0x23, 0x04, 0x01, 0x23, 0x04, 0x01, 0x23, 0x04, 0x01, 0x23, 0x04, 0x01, 0x23, 0x04, 0x01, 
0x23, 0x0c, 0x01, 0x23, 0x04, 0x01, 0x23, 0x04, 0x01, 0x23, 0x04, 0x01, 0x23, 0x04, 0x01, 0x05, 0x00, 0x07, 0x01, 0x10, 
0x00, 0x23, 0x04, 0x01, 0x23, 0x30, 0x01, 0x23, 0x08, 0x01, 0x05, 0x00, 0x07, 0x01, 0x10, 0x00, 0x23, 0x08, 0x01, 0x05, 
0x00, 0x07, 0x01, 0x10, 0x00, 0x23, 0x40, 0x01, 0x00, 0x00, 0x23, 0x40, 0x01, 0x00, 0x00, 0x23, 0x04, 0x01, 0x00, 0x00, 
0x23, 0x04, 0x01, 0x00, 0x00, 0x23, 0x04, 0x01, 0x23, 0x04, 0x01, 0x23, 0x40, 0x01, 0x00, 0x00, 0x23, 0x04, 0x01, 0x00, 
0x00, 0x23, 0x04, 0x01, 0x00, 0x00, 0x23, 0x04, 0x01, 0x00, 0x00, 0x23, 0x04, 0x10, 0xa8, 0x31, 0x21, 0x00, 0x10, 0x00, 
0x22, 0x00, 0x10, 0xc8, 0x01, 0x0b, 0x2a, 0x37, 0x8b, 0x2e, 0x05, 0x00, 0x05, 0x00, 0x07, 0x01, 0x10, 0x00, 0x23, 0x00, 
0x01, 0x23, 0x30, 0x01, 0x23, 0x0c, 0x10, 0x8a, 0x0a, 0x06, 0x40, 0x00, 0xb7, 0x03, 0x02, 0x47, 0x00, 0x01, 0x00, 0x23, 
0x00, 0x10, 0xf0, 0x1d, 0x21, 0x01, 0x10, 0x00, 0x22, 0x01, 0x10, 0xb6, 0x0f, 0x21, 0x05, 0x10, 0x00, 0x22, 0x01, 0x00, 
0x8f, 0x37, 0x02, 0x47, 0x00, 0x01, 0x00, 0x23, 0x00, 0x10, 0xa0, 0x06, 0x06, 0x10, 0x00, 0xb9, 0x0a, 0x02, 0x37, 0x00, 
0x02, 0x00, 0x00, 0x00, 0x23, 0x00, 0x10, 0x96, 0x34, 0x21, 0x02, 0x10, 0x00, 0x22, 0x01, 0x10, 0xcb, 0x02, 0x21, 0x03, 
0x10, 0x00, 0x22, 0x01, 0x10, 0xa6, 0x01, 0x1e, 0x00, 0x10, 0xda, 0x1e, 0x1e, 0x05, 0x10, 0xb7, 0x02, 0x1e, 0x06, 0x10, 
0x78, 0x1e, 0x03, 0x00, 0x85, 0x27, 0x0e, 0x10, 0x00, 0x1e, 0x0a, 0x10, 0xc8, 0x12, 0x0b, 0x2b, 0x10, 0xa8, 0x09, 0x1e, 
0x05, 0x10, 0xad, 0x20, 0x1e, 0x00, 0x00, 0xfc, 0x14, 0x10, 0x10, 0x00, 0x1e, 0x06, 0x10, 0xa3, 0x0d, 0x1e, 0x09, 0x00, 
0xd9, 0x35, 0x02, 0x47, 0x00, 0x04, 0x00, 0x0b, 0x01, 0x00, 0x01, 0x0b, 0x01, 0x01, 0x01, 0x0b, 0x01, 0x03, 0x01, 0x0b, 
0x01, 0x04, 0x00, 0xdc, 0x94, 0x02, 0x00, 0x00, 0x02, 0x00, 0x00, 0x02, 0x00, 0x93, 0x02, 0x0e, 0xa1, 0x04, 0xf4, 0x13, 
0x08, 0xa6, 0x02, 0xe9, 0x13, 0x20, 0xb7, 0x02, 0x20, 0x0d, 0x04, 0xb8, 0x02, 0x90, 0x01, 0x1d, 0x04, 0xb7, 0x02, 0x99, 
0x01, 0x0d, 0x03, 0xb5, 0x02, 0x17, 0x20, 0x01, 0x3e, 0x92, 0x0a, 0x07, 0x18, 0xb5, 0x02, 0x93, 0x0a, 0x20, 0x00, 0xb7, 
0x02, 0x18, 0x0b, 0x04, 0xd1, 0x04, 0xe8, 0x05, 0x08, 0x95, 0x05, 0x17, 0x1d, 0xb7, 0x02, 0xef, 0x05, 0x0d, 0x02, 0xde, 
0x02, 0xec, 0x18, 0x13, 0x1d, 0x1d, 0x65, 0xbb, 0x04, 0x0b, 0x82, 0x0f, 0x00, 0x00, 0x00, 0x00, 0xbb, 0x04, 0x0c, 0x02, 
0x00, 0x00, 0x00, 0x00, 0xbb, 0x04, 0x0b, 0x04, 0x01, 0x00, 0x00, 0x00, 0xbb, 0x04, 0x0c, 0x02, 0x01, 0x00, 0x00, 0x00, 
0xbb, 0x04, 0x0b, 0x04, 0x02, 0x00, 0x00, 0x00, 0xbb, 0x04, 0x0c, 0x02, 0x02, 0x00, 0x00, 0x00, 0xbb, 0x04, 0x0c, 0x06, 
0x03, 0x00, 0x00, 0x00, 0xb8, 0x02, 0x9b, 0x27, 0x18, 0x03, 0xbb, 0x04, 0x0b, 0xb8, 0x27, 0x08, 0x00, 0x00, 0x00, 0xbc, 
0x02, 0xf0, 0x01, 0x1d, 0xa2, 0x14, 0x8e, 0x03, 0xf9, 0x0a, 0x65, 0x46, 0x0c, 0x0c, 0x0c, 0x0d, 0x9a, 0x15, 0xb2, 0x06, 
0x0c, 0x8c, 0x2f, 0x40, 0x00, 0x00, 0x00, 0xbc, 0x02, 0xc3, 0x4a, 0xdd, 0x0f, 0xa3, 0x27, 0xae, 0x02, 0x80, 0x13, 0x81, 
0x02, 0x3e, 0xfa, 0x09, 0x02, 0xc1, 0x0b, 0x39, 0xbe, 0x10, 0xb8, 0x12, 0x02, 0x3e, 0xef, 0x27, 0x02, 0x65, 0x3e, 0xb1, 
0x01, 0x02, 0x0c, 0xbb, 0x04, 0x0c, 0xa2, 0x1e, 0x05, 0x00, 0x00, 0x00, 0x3e, 0x9f, 0x1e, 0x02, 0x0d, 0xbb, 0x04, 0x0b, 
0x98, 0x1e, 0x04, 0x00, 0x00, 0x00, 0xbc, 0x02, 0xb5, 0x08, 0x65, 0x96, 0x14, 0xbc, 0x02, 0x02, 0x65, 0x96, 0x14, 0xb7, 
0x02, 0xcf, 0x1f, 0x0b, 0x03, 0xbb, 0x04, 0x0b, 0xa2, 0x28, 0x09, 0x00, 0x00, 0x00, 0xbc, 0x02, 0xf0, 0x04, 0x18, 0xa5, 
0x14, 0xbc, 0x02, 0xd1, 0x24, 0x1d, 0x96, 0x14, 0xbb, 0x04, 0x0b, 0xaa, 0x20, 0x15, 0x00, 0x00, 0x00, 0xbc, 0x02, 0x83, 
0x1e, 0x1d, 0xc9, 0x14, 0xce, 0x82, 0xc0, 0x02, 0xd4, 0x02, 0x65, 0x65, 0x65, 0x65, 0xfb, 0x0f, 0xfc, 0x0f, 0x65, 0x65, 
0x1d, 0x13, 0x0d, 0x0d, 0x1d, 0x1d, 0x13, 0x13, 0x0d, 0x0d, 0x13, 0x0d, 0x0d, 0x0d, 0x0d, 0x0d, 0x0d, 0x0d, 0x0d, 0x1d, 
0x14, 0x0c, 0x13, 0x0c, 0x0c, 0x0c, 0x0c, 0x0d, 0x0d, 0xdd, 0x16, 0x18, 0x0d, 0x1d, 0x1d, 0x13, 0x0c, 0x0d, 0x13, 0x0d, 
0x0d, 0x1d, 0x0c, 0x0d, 0x13, 0x0d, 0x0d, 0x0d, 0x0b, 0x18, 0x0d, 0x0d, 0x0b, 0x0d, 0x0d, 0x18, 0x0d, 0x0d, 0x0d, 0x0d, 
0x0d, 0x46, 0x13, 0x13, 0x65, 0x65, 0x0d, 0x0d, 0x0d, 0x0d, 0xb4, 0x04, 0x0c, 0x0d, 0x0d, 0x0d, 0xc7, 0x05, 0x3e, 0xfa, 
0x09, 0x02, 0xf1, 0x06, 0x39, 0xee, 0x0b, 0xae, 0x27, 0x02, 0xbb, 0x04, 0x0c, 0xcf, 0x16, 0x06, 0x00, 0x00, 0x00, 0x3e, 
0xa3, 0x1e, 0x01, 0x0c, 0x39, 0x8b, 0x05, 0xbc, 0x36, 0x01, 0xb8, 0x02, 0xa5, 0x3f, 0x18, 0x04, 0xb8, 0x02, 0x0b, 0x1d, 
0x03, 0xce, 0x02, 0xa6, 0x11, 0x50, 0x18, 0x0d, 0xbb, 0x04, 0x0b, 0xb7, 0x0d, 0x00, 0x01, 0x00, 0x00, 0xbc, 0x02, 0xc2, 
0x17, 0xa3, 0x09, 0xc7, 0x02, 0xae, 0x02, 0xb7, 0x03, 0xa8, 0x0e, 0x3e, 0xfa, 0x09, 0x02, 0xcc, 0x0c, 0x39, 0xc9, 0x11, 
0xf6, 0x13, 0x02, 0x3e, 0xed, 0x2b, 0x02, 0x50, 0xbb, 0x04, 0x0b, 0x8c, 0x1d, 0x03, 0x00, 0x00, 0x00, 0xbb, 0x04, 0x0d, 
0x0d, 0x00, 0x00, 0x00, 0x00, 0x94, 0x02, 0x85, 0x28, 0xbb, 0x04, 0x0d, 0x82, 0x02, 0x00, 0x00, 0x80, 0x3f, 0xb7, 0x02, 
0xef, 0x01, 0x0c, 0x02, 0xbb, 0x04, 0x0b, 0xe4, 0x29, 0x00, 0x08, 0x00, 0x00, 0x89, 0x03, 0xdb, 0x27, 0x0d, 0x01, 0x00, 
0x00, 0x00, 0x01, 0x00, 0xab, 0x02, 0xd0, 0x05, 0x96, 0x01, 0x3e, 0xfa, 0x09, 0x00, 0xfe, 0x03, 0x39, 0xfb, 0x08, 0xc8, 
0x34, 0x00, 0xae, 0x02, 0x8f, 0x37, 0x0c, 0x3e, 0xfa, 0x09, 0x09, 0xd7, 0x07, 0x39, 0xd4, 0x0c, 0xa2, 0x17, 0x09, 0x3e, 
0xb1, 0x26, 0x09, 0x0c, 0xb7, 0x02, 0xeb, 0x09, 0x0c, 0x03, 0xbb, 0x04, 0x0c, 0xde, 0x29, 0x00, 0x08, 0x00, 0x00, 0xbc, 
0x02, 0xbb, 0x14, 0x1d, 0xc7, 0x02, 0xae, 0x02, 0xb9, 0x0a, 0xe7, 0x0a, 0x3e, 0xfa, 0x09, 0x02, 0xca, 0x05, 0x39, 0xc7, 
0x0a, 0x9c, 0x2a, 0x02, 0x89, 0x03, 0xfd, 0x3b, 0x0d, 0x01, 0x00, 0x01, 0x00, 0x01, 0x00, 0xab, 0x02, 0xd2, 0x04, 0xd6, 
0x01, 0x3e, 0xfa, 0x09, 0x00, 0xff, 0x03, 0x39, 0xfc, 0x08, 0xe6, 0x2a, 0x00, 0x3e, 0xa9, 0x32, 0x01, 0x1d, 0x39, 0x9a, 
0x05, 0xd0, 0x33, 0x01, 0xbb, 0x04, 0x0c, 0xf3, 0x2c, 0x00, 0x02, 0x00, 0x00, 0xbb, 0x04, 0x0c, 0xff, 0x0b, 0x00, 0x01, 
0x00, 0x00, 0x3e, 0x98, 0x05, 0x01, 0x17, 0x39, 0x94, 0x05, 0xb6, 0x52, 0x01, 0x39, 0x9a, 0x05, 0xb7, 0x02, 0x01, 0xbb, 
0x04, 0x0d, 0xbf, 0x4b, 0x00, 0x00, 0x00, 0xbf, 0xbb, 0x04, 0x0d, 0xed, 0x0a, 0x00, 0x00, 0x00, 0x3f, 0xbb, 0x04, 0x0d, 
0xac, 0x10, 0x00, 0x00, 0x00, 0x20, 0xbb, 0x04, 0x0d, 0xed, 0x0a, 0x00, 0x00, 0x00, 0xa0, 0x3e, 0x6a, 0x01, 0x13, 0x39, 
0x90, 0x05, 0xfe, 0x50, 0x01, 0x3e, 0x83, 0x51, 0x01, 0x0d, 0xec, 0x04, 0x1d, 0xda, 0x23, 0xdc, 0x05, 0xdc, 0x05, 0xdc, 
0x05, 0xdc, 0x05, 0xec, 0x04, 0x1d, 0xcd, 0x17, 0x92, 0x14, 0xf1, 0x11, 0xf1, 0x11, 0xf1, 0x11, 0xec, 0x04, 0x1d, 0x82, 
0x09, 0xef, 0x08, 0x94, 0x1d, 0xef, 0x08, 0xef, 0x08, 0xec, 0x04, 0x1d, 0xa7, 0x10, 0x97, 0x19, 0x97, 0x19, 0xec, 0x0c, 
0x97, 0x19, 0xec, 0x04, 0x1d, 0xde, 0x1e, 0xc6, 0x05, 0xc6, 0x05, 0xc6, 0x05, 0xca, 0x2b, 0xec, 0x04, 0x65, 0xdb, 0x23, 
0xa3, 0x0c, 0xa5, 0x15, 0xfd, 0x04, 0xdb, 0x23, 0xbb, 0x04, 0x0d, 0xcf, 0x09, 0x00, 0x00, 0x00, 0x40, 0x3e, 0xea, 0x09, 
0x03, 0x0c, 0x39, 0x8e, 0x05, 0xfc, 0x29, 0x03, 0x39, 0x8b, 0x05, 0xc8, 0x12, 0x01, 0x3e, 0xbd, 0x3c, 0x03, 0x13, 0x39, 
0x91, 0x05, 0xe6, 0x45, 0x03, 0x3e, 0xd1, 0x45, 0x03, 0x1d, 0x39, 0x9b, 0x05, 0xa4, 0x25, 0x03, 0x39, 0x9b, 0x05, 0xfc, 
0x14, 0x03, 0x3e, 0xb7, 0x3a, 0x03, 0x0d, 0xbb, 0x04, 0x0c, 0xea, 0x1e, 0x13, 0x00, 0x00, 0x00, 0xbb, 0x04, 0x0c, 0x06, 
0x14, 0x00, 0x00, 0x00, 0x39, 0x9b, 0x05, 0xa4, 0x0e, 0x03, 0xbc, 0x02, 0x97, 0x29, 0x0d, 0x8d, 0x14, 0xde, 0x02, 0xc1, 
0x0c, 0x1d, 0x0d, 0x8d, 0x07, 0x8d, 0x07, 0x3e, 0xfa, 0x09, 0x03, 0x6c, 0x39, 0xe9, 0x05, 0xb2, 0x41, 0x03, 0xad, 0x06, 
0x65, 0xff, 0x4c, 0xcc, 0x04, 0x13, 0xfc, 0x0b, 0xec, 0x09, 0xec, 0x09, 0xad, 0x06, 0x1d, 0xf9, 0x0b, 0xc6, 0x06, 0x08, 
0xb8, 0x58, 0x00, 0x82, 0x0a, 0x18, 0xe8, 0xac, 0x02, 0x39, 0x95, 0x05, 0x93, 0x66, 0x07, 0x39, 0x95, 0x05, 0xc4, 0x37, 
0x07, 0x39, 0x95, 0x05, 0xb9, 0x79, 0x07, 0x01, 0x0c, 0xfa, 0x26, 0xb6, 0xbd, 0x01, 0x22, 0xfe, 0xcf, 0x01, 0x00, 0x01, 
0x0c, 0xbb, 0x5f, 0xc2, 0x70, 0x33, 0xe2, 0x05, 0xec, 0xa2, 0x01, 0xda, 0x19, 0x8b, 0x14, 0xad, 0x52, 0x8b, 0x14, 0x01, 
0x65, 0xca, 0x16, 0xca, 0x16, 0x33, 0x89, 0x05, 0x9b, 0x23, 0xda, 0x19, 0x8b, 0x14, 0xad, 0x52, 0x91, 0x14, 0x01, 0x0c, 
0x9e, 0x23, 0x9e, 0x23, 0x33, 0x89, 0x05, 0x9b, 0x23, 0xda, 0x19, 0x8b, 0x14, 0xad, 0x52, 0x94, 0x14, 0x01, 0x0c, 0x9e, 
0x23, 0x9e, 0x23, 0x13, 0x8d, 0x05, 0x9b, 0x23, 0xcf, 0x2d, 0x8a, 0x14, 0x01, 0x0d, 0x9e, 0x23, 0x9e, 0x23, 0x13, 0x8d, 
0x05, 0xd5, 0x0f, 0xcf, 0x2d, 0x8d, 0x14, 0x01, 0x0d, 0x91, 0x9d, 0x01, 0x91, 0x9d, 0x01, 0xc3, 0x10, 0x0d, 0xe8, 0xb1, 
0x01, 0x82, 0xe1, 0x02, 0xe8, 0xb1, 0x01, 0xc0, 0x0a, 0x13, 0xe5, 0xe8, 0x01, 0xe5, 0xe3, 0x01, 0xe5, 0xe8, 0x01, 0x13, 
0xe2, 0x05, 0xa8, 0x89, 0x01, 0xc5, 0x1f, 0x9d, 0x14, 0x01, 0x65, 0xd5, 0x43, 0xd5, 0x43, 0x01, 0x1d, 0xcb, 0x04, 0xb2, 
0x7d, 0xc7, 0x18, 0x0c, 0xee, 0x9f, 0x01, 0xef, 0x02, 0x94, 0xca, 0x02, 0xcb, 0x14, 0x09, 0xdd, 0xb7, 0x01, 0xdd, 0xb7, 
0x01, 0xb0, 0x7b, 0xa7, 0x1e, 0xda, 0x36, 0x00, 0xba, 0x1e, 0x00, 0xfb, 0x25, 0xda, 0x36, 0x18, 0xfc, 0x25, 0x01, 0x0c, 
0xf1, 0x0c, 0xfe, 0x7b, 0x13, 0x8c, 0x05, 0xaf, 0x0b, 0xa5, 0x18, 0x8b, 0x14, 0x01, 0x0c, 0xde, 0x19, 0xde, 0x19, 0xc0, 
0x10, 0x0c, 0xc6, 0x63, 0xf4, 0x71, 0xc6, 0x63, 0xcb, 0x10, 0x0c, 0xb1, 0x9d, 0x01, 0xb1, 0x9d, 0x01, 0x88, 0x67, 0xc7, 
0x10, 0x0c, 0x81, 0x2a, 0xb3, 0xc7, 0x01, 0x86, 0x3d, 0xd0, 0x0a, 0x16, 0xda, 0xe8, 0x01, 0xd8, 0xbe, 0x01, 0xda, 0xe8, 
0x01, 0xd4, 0xa7, 0x02, 0x99, 0x1e, 0xa4, 0x13, 0x18, 0xa3, 0x13, 0xe5, 0x1e, 0x16, 0xf7, 0x8d, 0x01, 0xf5, 0x53, 0x00, 
0x00, 0x61, 0x32, 0x00, 0x00, 0xf3, 0x2b, 0x00, 0x00, 0xed, 0x57, 0x00, 0x00, 0xe5, 0x1e, 0x1d, 0xaa, 0x1d, 0xdb, 0x2e, 
0x00, 0x00, 0x61, 0x32, 0x00, 0x00, 0x8d, 0x35, 0x00, 0x00, 0xed, 0x57, 0x00, 0x00, 0xe5, 0x1e, 0x0c, 0x85, 0x51, 0x0b, 
0x0a, 0x00, 0x00, 0x61, 0x32, 0x00, 0x00, 0x0c, 0x56, 0x00, 0x00, 0xed, 0x57, 0x00, 0x00, 0xc1, 0x16, 0x09, 0xf5, 0x14, 
0xf5, 0x14, 0x95, 0xf8, 0x01, 0xb6, 0x1e, 0x8b, 0x07, 0xdd, 0xf9, 0x01, 0x00, 0xba, 0x1e, 0x00, 0xb1, 0x7d, 0x8b, 0x07, 
0x18, 0xb2, 0x7d, 0x33, 0x8a, 0x05, 0x9a, 0x5c, 0xd5, 0x1f, 0x8b, 0x14, 0xb9, 0x3d, 0x8a, 0x14, 0x01, 0x0d, 0x93, 0x29, 
0x93, 0x29, 0xc7, 0x16, 0x09, 0xf3, 0x7a, 0xf3, 0x7a, 0xa8, 0x73, 0xa7, 0x1e, 0xcf, 0xdf, 0x01, 0x00, 0xba, 0x1e, 0x00, 
0xf8, 0x0b, 0xcf, 0xdf, 0x01, 0x18, 0xf7, 0x0b, 0xd2, 0x0a, 0x16, 0xfe, 0x3c, 0xd4, 0x51, 0xf8, 0x1d, 0x02, 0x01, 0xff, 
0x03, 0xb0, 0x51, 0x98, 0xe1, 0x01, 0xb4, 0x0c, 0xd6, 0x01, 0xeb, 0x58, 0xeb, 0x58, 0xef, 0x0a, 0x1d, 0xfe, 0x20, 0xfe, 
0x20, 0xc2, 0x19, 0x02, 0x8b, 0x14, 0xce, 0x10, 0x1d, 0xc9, 0x19, 0xc9, 0x19, 0xf5, 0x49, 0x4b, 0x1d, 0xa8, 0x22, 0xee, 
0x22, 0xa8, 0x22, 0x99, 0x1e, 0xa9, 0x8c, 0x01, 0x18, 0xaa, 0x8c, 0x01, 0xe5, 0x1e, 0x16, 0xa9, 0xcb, 0x01, 0xa7, 0x2b, 
0x00, 0x00, 0xd7, 0x38, 0x00, 0x00, 0x23, 0x33, 0x00, 0x00, 0xe4, 0x23, 0x00, 0x00, 0xe5, 0x1e, 0x1d, 0xb4, 0x26, 0xfc, 
0x32, 0x00, 0x00, 0xd7, 0x38, 0x00, 0x00, 0xb3, 0x3b, 0x00, 0x00, 0xe4, 0x23, 0x00, 0x00, 0x99, 0x1e, 0xbf, 0x89, 0x01, 
0x18, 0xc0, 0x89, 0x01, 0xc0, 0x10, 0x0c, 0xc1, 0x07, 0xa6, 0xdd, 0x01, 0xfc, 0xaf, 0x02, 0x99, 0x1e, 0xd2, 0x1b, 0x18, 
0x8f, 0xeb, 0x01, 0x99, 0x1e, 0x1c, 0x18, 0x1b, 0xe5, 0x1e, 0x1d, 0x92, 0xa8, 0x01, 0xdb, 0x2e, 0x00, 0x00, 0x53, 0x61, 
0x00, 0x00, 0xfc, 0x32, 0x00, 0x00, 0x44, 0x1b, 0x00, 0x00, 0xc7, 0x18, 0x0c, 0xa5, 0x78, 0xbb, 0xc1, 0x01, 0xc8, 0x97, 
0x01, 0xcb, 0x14, 0x09, 0xd2, 0x6e, 0xd2, 0x6e, 0x94, 0xe3, 0x01, 0xa7, 0x1e, 0xdd, 0x19, 0x00, 0xba, 0x1e, 0x00, 0x80, 
0x43, 0xdd, 0x19, 0x18, 0xff, 0x42, 0x01, 0x17, 0xba, 0x04, 0x86, 0x70, 0x01, 0x1d, 0xa6, 0x76, 0xe4, 0xe8, 0x01, 0x3d, 
0x18, 0xfb, 0x43, 0xef, 0x15, 0xef, 0x15, 0x18, 0x22, 0xf2, 0x21, 0x00, 0xe9, 0x06, 0x08, 0xc1, 0x84, 0x01, 0xaa, 0x33, 
0xcf, 0x62, 0x97, 0x52, 0xbd, 0xc8, 0x01, 0x01, 0x18, 0xbe, 0xbc, 0x01, 0xee, 0x59, 0xc1, 0x0a, 0x0d, 0xbb, 0x0a, 0xbb, 
0x0a, 0x00, 0xd2, 0x0a, 0x1d, 0xf3, 0x3c, 0xf3, 0x3c, 0xa3, 0x25, 0x00, 0xc1, 0x0a, 0x0d, 0xbe, 0x46, 0x71, 0x01, 0xd2, 
0x0a, 0x1d, 0x89, 0x3a, 0x89, 0x3a, 0xb4, 0x0c, 0x01, 0xc1, 0x0a, 0x0d, 0xfa, 0x6b, 0xfe, 0x30, 0x02, 0xd2, 0x0a, 0x1d, 
0xe7, 0xd6, 0x01, 0xe7, 0xd6, 0x01, 0xed, 0x6a, 0x02, 0x99, 0x1e, 0xe7, 0x93, 0x01, 0x18, 0xe8, 0x93, 0x01, 0xe5, 0x1e, 
0x1d, 0xaf, 0x06, 0x3f, 0x45, 0x00, 0x00, 0x36, 0x1b, 0x00, 0x00, 0x50, 0x24, 0x00, 0x00, 0x15, 0x32, 0x00, 0x00, 0xc1, 
0x0a, 0x0d, 0xe3, 0x34, 0xe3, 0x34, 0x02, 0x4a, 0x0d, 0x99, 0x5e, 0x99, 0x5e, 0xf4, 0x7c, 0x4b, 0x0d, 0x90, 0xba, 0x01, 
0x90, 0xba, 0x01, 0xf2, 0xc1, 0x02, 0xd2, 0x0a, 0x1d, 0xf9, 0xa2, 0x01, 0xf9, 0xa2, 0x01, 0xe7, 0x7b, 0x02, 0xc1, 0x12, 
0x1d, 0xcc, 0x52, 0xba, 0x35, 0xcc, 0x52, 0xc1, 0x0a, 0x0d, 0xc5, 0x18, 0xc5, 0x18, 0x03, 0x5c, 0x0d, 0xdb, 0x79, 0x01, 
0x04, 0xbb, 0x6e, 0xc8, 0x16, 0x09, 0x8e, 0x3e, 0x8e, 0x3e, 0x84, 0x8d, 0x01, 0xa7, 0x1e, 0xe1, 0x83, 0x01, 0x00, 0xba, 
0x1e, 0x00, 0xc9, 0x24, 0xe1, 0x83, 0x01, 0x18, 0xca, 0x24, 0xc8, 0x16, 0x09, 0xe7, 0x27, 0xeb, 0x3e, 0xf2, 0x75, 0xd9, 
0x14, 0x0d, 0xac, 0x44, 0xac, 0x44, 0x80, 0xd9, 0x01, 0x92, 0xce, 0x01, 0xd2, 0x0a, 0x1d, 0x81, 0x4f, 0x81, 0x4f, 0x87, 
0x62, 0x03, 0x99, 0x1e, 0xd5, 0x91, 0x01, 0x18, 0xd6, 0x91, 0x01, 0xe5, 0x1e, 0x1d, 0xbf, 0x05, 0x5e, 0x3d, 0x00, 0x00, 
0x44, 0x49, 0x00, 0x00, 0xda, 0x24, 0x00, 0x00, 0x79, 0x31, 0x00, 0x00, 0xc1, 0x0a, 0x0d, 0xf5, 0x39, 0xf5, 0x39, 0x03, 
0xc8, 0x10, 0x0d, 0x9e, 0x56, 0xde, 0xb9, 0x02, 0x9e, 0x56, 0xce, 0x10, 0x1d, 0xbe, 0x07, 0xe6, 0x23, 0xbe, 0x07, 0xe0, 
0x0a, 0xc9, 0x0c, 0xad, 0x61, 0xd2, 0x67, 0x8e, 0xb4, 0x01, 0xad, 0x61, 0x80, 0xd8, 0x01, 0xc1, 0x0a, 0x13, 0xe0, 0x3b, 
0xe0, 0x3b, 0x00, 0xc1, 0x0a, 0x1d, 0xd9, 0x1f, 0x86, 0x1c, 0x02, 0xa7, 0x1e, 0xfc, 0x82, 0x01, 0x00, 0xba, 0x1e, 0xc2, 
0x5a, 0xc4, 0x34, 0xfc, 0x82, 0x01, 0x18, 0xc3, 0x34, 0x01, 0x0c, 0xf1, 0x0c, 0x80, 0x7c, 0x13, 0x8c, 0x05, 0xaf, 0x0b, 
0xa5, 0x18, 0x8b, 0x14, 0x01, 0x0c, 0xde, 0x19, 0xde, 0x19, 0xc0, 0x10, 0x0c, 0xc6, 0x63, 0xf4, 0x71, 0xc6, 0x63, 0xcb, 
0x10, 0x0c, 0xb1, 0x9d, 0x01, 0xb1, 0x9d, 0x01, 0x8a, 0x67, 0xc7, 0x10, 0x0c, 0x81, 0x2a, 0xb3, 0xc7, 0x01, 0x88, 0x3d, 
0xd0, 0x0a, 0x16, 0xda, 0xe8, 0x01, 0xd8, 0xbe, 0x01, 0xda, 0xe8, 0x01, 0xd6, 0xa7, 0x02, 0x99, 0x1e, 0xa4, 0x13, 0x18, 
0xa3, 0x13, 0xe5, 0x1e, 0x16, 0xf7, 0x8d, 0x01, 0xf6, 0x53, 0x00, 0x00, 0x62, 0x32, 0x00, 0x00, 0xf4, 0x2b, 0x00, 0x00, 
0xee, 0x57, 0x00, 0x00, 0xe5, 0x1e, 0x1d, 0xaa, 0x1d, 0xdb, 0x2e, 0x00, 0x00, 0x62, 0x32, 0x00, 0x00, 0x8e, 0x35, 0x00, 
0x00, 0xee, 0x57, 0x00, 0x00, 0xe5, 0x1e, 0x0c, 0x85, 0x51, 0x0b, 0x0a, 0x00, 0x00, 0x62, 0x32, 0x00, 0x00, 0x0d, 0x56, 
0x00, 0x00, 0xee, 0x57, 0x00, 0x00, 0xc1, 0x16, 0x09, 0xf5, 0x14, 0xf5, 0x14, 0x93, 0xf8, 0x01, 0xb6, 0x1e, 0x8b, 0x07, 
0xdd, 0xf9, 0x01, 0x00, 0xba, 0x1e, 0x00, 0xb1, 0x7d, 0x8b, 0x07, 0x18, 0xb2, 0x7d, 0x33, 0x8a, 0x05, 0x9a, 0x5c, 0xd5, 
0x1f, 0x8b, 0x14, 0xba, 0x3d, 0x8a, 0x14, 0x01, 0x0d, 0x93, 0x29, 0x93, 0x29, 0xc7, 0x16, 0x09, 0xf3, 0x7a, 0xf3, 0x7a, 
0xaa, 0x73, 0xa7, 0x1e, 0xcf, 0xdf, 0x01, 0x00, 0xba, 0x1e, 0x00, 0xf8, 0x0b, 0xcf, 0xdf, 0x01, 0x18, 0xf7, 0x0b, 0xd2, 
0x0a, 0x16, 0xfe, 0x3c, 0xd4, 0x51, 0xf8, 0x1d, 0x02, 0x01, 0xff, 0x03, 0xb0, 0x51, 0x9a, 0xe1, 0x01, 0xb4, 0x0c, 0xd6, 
0x01, 0xeb, 0x58, 0xeb, 0x58, 0xef, 0x0a, 0x1d, 0xfe, 0x20, 0xfe, 0x20, 0xc2, 0x19, 0x02, 0x8b, 0x14, 0xce, 0x10, 0x1d, 
0xc9, 0x19, 0xc9, 0x19, 0xf5, 0x49, 0x4b, 0x1d, 0xa8, 0x22, 0xee, 0x22, 0xa8, 0x22, 0x99, 0x1e, 0xa9, 0x8c, 0x01, 0x18, 
0xaa, 0x8c, 0x01, 0xe5, 0x1e, 0x16, 0xa9, 0xcb, 0x01, 0xa8, 0x2b, 0x00, 0x00, 0xd8, 0x38, 0x00, 0x00, 0x24, 0x33, 0x00, 
0x00, 0xe5, 0x23, 0x00, 0x00, 0xe5, 0x1e, 0x1d, 0xb4, 0x26, 0xfd, 0x32, 0x00, 0x00, 0xd8, 0x38, 0x00, 0x00, 0xb4, 0x3b, 
0x00, 0x00, 0xe5, 0x23, 0x00, 0x00, 0x99, 0x1e, 0xbf, 0x89, 0x01, 0x18, 0xc0, 0x89, 0x01, 0xc0, 0x10, 0x0c, 0xc1, 0x07, 
0xa6, 0xdd, 0x01, 0xfe, 0xaf, 0x02, 0x99, 0x1e, 0xd2, 0x1b, 0x18, 0x8f, 0xeb, 0x01, 0x99, 0x1e, 0x81, 0x0e, 0x18, 0x82, 
0x0e, 0xe5, 0x1e, 0x1d, 0xcc, 0x2f, 0xdb, 0x2e, 0x00, 0x00, 0x45, 0x49, 0x00, 0x00, 0xfd, 0x32, 0x00, 0x00, 0x45, 0x1b, 
0x00, 0x00, 0xa7, 0x1e, 0xe3, 0x79, 0x00, 0xba, 0x1e, 0xd1, 0x60, 0xd3, 0x1d, 0xe3, 0x79, 0x18, 0xd4, 0x1d, 0x01, 0x17, 
0xba, 0x04, 0x88, 0x70, 0x01, 0x1d, 0xa6, 0x76, 0xe6, 0xe8, 0x01, 0x3d, 0x18, 0xfb, 0x43, 0xb8, 0x54, 0xb8, 0x54, 0x18, 
0x22, 0xc5, 0x57, 0x00, 0xe9, 0x06, 0x08, 0xc1, 0x84, 0x01, 0xac, 0x33, 0x87, 0xdc, 0x01, 0x97, 0x52, 0xbd, 0xc8, 0x01, 
0x01, 0x18, 0xbe, 0xbc, 0x01, 0xc9, 0x1f, 0xc1, 0x0a, 0x0d, 0xbb, 0x0a, 0xbb, 0x0a, 0x00, 0xd2, 0x0a, 0x1d, 0xf3, 0x3c, 
0xf3, 0x3c, 0xd6, 0xef, 0x01, 0x00, 0xc1, 0x0a, 0x0d, 0xbe, 0x46, 0x71, 0x01, 0xd2, 0x0a, 0x1d, 0x89, 0x3a, 0x89, 0x3a, 
0xb4, 0x0c, 0x01, 0xc1, 0x0a, 0x0d, 0xfa, 0x6b, 0xfe, 0x30, 0x02, 0xd2, 0x0a, 0x1d, 0xe7, 0xd6, 0x01, 0xe7, 0xd6, 0x01, 
0xed, 0x6a, 0x02, 0x99, 0x1e, 0x99, 0x93, 0x01, 0x18, 0x9a, 0x93, 0x01, 0xe5, 0x1e, 0x1d, 0xe7, 0x0f, 0xac, 0x2a, 0x00, 
0x00, 0xc6, 0x1e, 0x00, 0x00, 0x51, 0x24, 0x00, 0x00, 0x16, 0x32, 0x00, 0x00, 0x3d, 0x18, 0xce, 0x29, 0xce, 0x29, 0xce, 
0x29, 0x18, 0xc1, 0x0a, 0x0d, 0x93, 0x77, 0x93, 0x77, 0x00, 0xc1, 0x0a, 0x1d, 0xbc, 0x1c, 0xc5, 0x7a, 0x00, 0xce, 0x10, 
0x1d, 0xec, 0x1b, 0xec, 0x1b, 0xa8, 0x38, 0xc1, 0x0a, 0x0d, 0xbe, 0x14, 0xad, 0x2a, 0x01, 0xc1, 0x0a, 0x1d, 0xe4, 0x59, 
0xc8, 0x0f, 0x01, 0xce, 0x10, 0x1d, 0x9f, 0x6e, 0x9f, 0x6e, 0xbb, 0x14, 0xc1, 0x0a, 0x0d, 0xbe, 0x14, 0xab, 0x2a, 0x02, 
0xc1, 0x0a, 0x1d, 0xe4, 0x59, 0xca, 0x0f, 0x02, 0xce, 0x10, 0x1d, 0x83, 0x60, 0x83, 0x60, 0x9f, 0x06, 0xc1, 0x0a, 0x1d, 
0xaf, 0x7f, 0xe9, 0xcf, 0x01, 0x03, 0x4b, 0x1d, 0xdc, 0x57, 0xd3, 0x27, 0xdc, 0x57, 0x4b, 0x1d, 0xbc, 0x3d, 0x86, 0x24, 
0xbc, 0x3d, 0x4b, 0x1d, 0xdf, 0x19, 0xa8, 0x0a, 0xdf, 0x19, 0x23, 0xe2, 0x05, 0xe7, 0x72, 0xc5, 0x1f, 0x9a, 0x14, 0x8b, 
0x14, 0x01, 0x65, 0xd6, 0x9d, 0x01, 0xd6, 0x9d, 0x01, 0xc1, 0x12, 0x1d, 0xdd, 0x69, 0xdd, 0x69, 0xef, 0x3e, 0xce, 0x10, 
0x13, 0xb3, 0x06, 0xa7, 0x59, 0x88, 0xc4, 0x01, 0xc3, 0x10, 0x13, 0xc0, 0x12, 0xc0, 0x12, 0xfa, 0xca, 0x01, 0xc1, 0x0a, 
0x0d, 0x85, 0x5f, 0x85, 0x5f, 0x00, 0xc1, 0x0a, 0x0d, 0x8e, 0x80, 0x01, 0x88, 0x21, 0x01, 0xe0, 0x0a, 0x1d, 0x27, 0xe6, 
0x7f, 0x27, 0xc2, 0xcf, 0x01, 0xc6, 0xf5, 0x01, 0xc1, 0x0a, 0x0d, 0x8f, 0x7c, 0x8f, 0x7c, 0x00, 0xc1, 0x0a, 0x0d, 0x86, 
0xe7, 0x01, 0xf6, 0x6a, 0x01, 0xc1, 0x0a, 0x0d, 0x9d, 0xeb, 0x01, 0xa7, 0x80, 0x01, 0x02, 0xc1, 0x0a, 0x0d, 0xda, 0x02, 
0xcd, 0x7d, 0x03, 0xe0, 0x0a, 0x1d, 0x82, 0x80, 0x01, 0xc4, 0x7e, 0xc1, 0x68, 0xdc, 0x82, 0x01, 0x82, 0x80, 0x01, 0xe0, 
0x0a, 0x65, 0x98, 0x04, 0xb2, 0xd0, 0x01, 0xb2, 0xd0, 0x01, 0xb2, 0xd0, 0x01, 0x98, 0x04, 0xe0, 0x0a, 0xc9, 0x0c, 0x92, 
0x23, 0xd6, 0x03, 0xca, 0x56, 0xb0, 0x23, 0x92, 0x23, 0xc1, 0x0a, 0x13, 0x81, 0x80, 0x01, 0x81, 0x80, 0x01, 0x00, 0xc1, 
0x0a, 0x1d, 0xc8, 0xbb, 0x01, 0xc6, 0x3b, 0x01, 0xc1, 0x0a, 0x1d, 0xc9, 0xb7, 0x01, 0x83, 0x7c, 0x02, 0x22, 0xac, 0x55, 
0xfe, 0x03, 0x22, 0xda, 0x75, 0xc9, 0xb7, 0x01, 0x3d, 0x18, 0xfe, 0x2e, 0xfe, 0x2e, 0xfe, 0x2e, 0x18, 0x13, 0x8f, 0x05, 
0xb3, 0x73, 0xab, 0x22, 0x8a, 0x14, 0xc1, 0x0a, 0x0d, 0x86, 0x6f, 0xad, 0x04, 0x00, 0x22, 0x86, 0x6f, 0x00, 0x13, 0x8f, 
0x05, 0xf0, 0x2f, 0xab, 0x22, 0x8d, 0x14, 0xc1, 0x0a, 0x0d, 0xef, 0x09, 0xd2, 0x21, 0x01, 0x22, 0xef, 0x09, 0x00, 0x13, 
0x8f, 0x05, 0xf2, 0x09, 0xab, 0x22, 0x90, 0x14, 0xc1, 0x0a, 0x0d, 0x91, 0x05, 0xb2, 0x26, 0x02, 0x22, 0x91, 0x05, 0x00, 
0xc1, 0x0a, 0x65, 0x93, 0x34, 0xe7, 0x5a, 0x03, 0xa7, 0x1e, 0xc2, 0x4b, 0x00, 0xba, 0x1e, 0x8a, 0x23, 0xf5, 0x02, 0xc2, 
0x4b, 0x18, 0xf6, 0x02, 0x01, 0x0c, 0xf1, 0x0c, 0x82, 0x7c, 0x13, 0x8c, 0x05, 0xaf, 0x0b, 0xa5, 0x18, 0x8b, 0x14, 0x01, 
0x0c, 0xde, 0x19, 0xde, 0x19, 0xc0, 0x10, 0x0c, 0xc6, 0x63, 0xf4, 0x71, 0xc6, 0x63, 0xcb, 0x10, 0x0c, 0xb1, 0x9d, 0x01, 
0xb1, 0x9d, 0x01, 0x8c, 0x67, 0xc7, 0x10, 0x0c, 0x81, 0x2a, 0xb3, 0xc7, 0x01, 0x8a, 0x3d, 0xd0, 0x0a, 0x16, 0xda, 0xe8, 
0x01, 0xd8, 0xbe, 0x01, 0xda, 0xe8, 0x01, 0xd8, 0xa7, 0x02, 0x99, 0x1e, 0xa4, 0x13, 0x18, 0xa3, 0x13, 0xe5, 0x1e, 0x16, 
0xf7, 0x8d, 0x01, 0xf7, 0x53, 0x00, 0x00, 0x63, 0x32, 0x00, 0x00, 0xf5, 0x2b, 0x00, 0x00, 0xef, 0x57, 0x00, 0x00, 0xe5, 
0x1e, 0x1d, 0xaa, 0x1d, 0xdb, 0x2e, 0x00, 0x00, 0x63, 0x32, 0x00, 0x00, 0x8f, 0x35, 0x00, 0x00, 0xef, 0x57, 0x00, 0x00, 
0xe5, 0x1e, 0x0c, 0x85, 0x51, 0x0b, 0x0a, 0x00, 0x00, 0x63, 0x32, 0x00, 0x00, 0x0e, 0x56, 0x00, 0x00, 0xef, 0x57, 0x00, 
0x00, 0xc1, 0x16, 0x09, 0xf5, 0x14, 0xf5, 0x14, 0x91, 0xf8, 0x01, 0xb6, 0x1e, 0x8b, 0x07, 0xdd, 0xf9, 0x01, 0x00, 0xba, 
0x1e, 0x00, 0xb1, 0x7d, 0x8b, 0x07, 0x18, 0xb2, 0x7d, 0x33, 0x8a, 0x05, 0x9a, 0x5c, 0xd5, 0x1f, 0x8b, 0x14, 0xbb, 0x3d, 
0x8a, 0x14, 0x01, 0x0d, 0x93, 0x29, 0x93, 0x29, 0xc7, 0x16, 0x09, 0xf3, 0x7a, 0xf3, 0x7a, 0xac, 0x73, 0xa7, 0x1e, 0xcf, 
0xdf, 0x01, 0x00, 0xba, 0x1e, 0x00, 0xf8, 0x0b, 0xcf, 0xdf, 0x01, 0x18, 0xf7, 0x0b, 0xd2, 0x0a, 0x16, 0xfe, 0x3c, 0xd4, 
0x51, 0xf8, 0x1d, 0x02, 0x01, 0xff, 0x03, 0xb0, 0x51, 0x9c, 0xe1, 0x01, 0xb4, 0x0c, 0xd6, 0x01, 0xeb, 0x58, 0xeb, 0x58, 
0xef, 0x0a, 0x1d, 0xfe, 0x20, 0xfe, 0x20, 0xc2, 0x19, 0x02, 0x8b, 0x14, 0xce, 0x10, 0x1d, 0xc9, 0x19, 0xc9, 0x19, 0xf5, 
0x49, 0x4b, 0x1d, 0xa8, 0x22, 0xee, 0x22, 0xa8, 0x22, 0x99, 0x1e, 0xa9, 0x8c, 0x01, 0x18, 0xaa, 0x8c, 0x01, 0xe5, 0x1e, 
0x16, 0xa9, 0xcb, 0x01, 0xa9, 0x2b, 0x00, 0x00, 0xd9, 0x38, 0x00, 0x00, 0x25, 0x33, 0x00, 0x00, 0xe6, 0x23, 0x00, 0x00, 
0xe5, 0x1e, 0x1d, 0xb4, 0x26, 0xfe, 0x32, 0x00, 0x00, 0xd9, 0x38, 0x00, 0x00, 0xb5, 0x3b, 0x00, 0x00, 0xe6, 0x23, 0x00, 
0x00, 0x99, 0x1e, 0xbf, 0x89, 0x01, 0x18, 0xc0, 0x89, 0x01, 0xc0, 0x10, 0x0c, 0xc1, 0x07, 0xa6, 0xdd, 0x01, 0x80, 0xb0, 
0x02, 0x99, 0x1e, 0xd2, 0x1b, 0x18, 0x8f, 0xeb, 0x01, 0x99, 0x1e, 0x81, 0x0e, 0x18, 0x82, 0x0e, 0xe5, 0x1e, 0x1d, 0xcc, 
0x2f, 0xdb, 0x2e, 0x00, 0x00, 0x1e, 0x49, 0x00, 0x00, 0xfe, 0x32, 0x00, 0x00, 0x46, 0x1b, 0x00, 0x00, 0xa7, 0x1e, 0xad, 
0x8d, 0x01, 0x00, 0xba, 0x1e, 0xcf, 0x60, 0xd3, 0x1d, 0xad, 0x8d, 0x01, 0x18, 0xd4, 0x1d, 0x01, 0x17, 0xba, 0x04, 0x8a, 
0x70, 0x01, 0x1d, 0xa6, 0x76, 0xe8, 0xe8, 0x01, 0x3d, 0x18, 0xfb, 0x43, 0xb8, 0x54, 0xb8, 0x54, 0x18, 0x22, 0xff, 0x1f, 
0x00, 0xe9, 0x06, 0x08, 0xc1, 0x84, 0x01, 0xae, 0x33, 0xc1, 0xa4, 0x01, 0x97, 0x52, 0xbd, 0xc8, 0x01, 0x01, 0x18, 0xbe, 
0xbc, 0x01, 0xfc, 0x17, 0xc1, 0x0a, 0x0d, 0xbb, 0x0a, 0xbb, 0x0a, 0x00, 0xd2, 0x0a, 0x1d, 0xf3, 0x3c, 0xf3, 0x3c, 0x84, 
0x45, 0x00, 0xc1, 0x0a, 0x0d, 0xbe, 0x46, 0x71, 0x01, 0xd2, 0x0a, 0x1d, 0x89, 0x3a, 0x89, 0x3a, 0xb4, 0x0c, 0x01, 0xc1, 
0x0a, 0x0d, 0xfa, 0x6b, 0xfe, 0x30, 0x02, 0xd2, 0x0a, 0x1d, 0xe7, 0xd6, 0x01, 0xe7, 0xd6, 0x01, 0xed, 0x6a, 0x02, 0x99, 
0x1e, 0xe3, 0xa6, 0x01, 0x18, 0xe4, 0xa6, 0x01, 0xe5, 0x1e, 0x1d, 0xe7, 0xd5, 0x01, 0xad, 0x2a, 0x00, 0x00, 0xc7, 0x1e, 
0x00, 0x00, 0x52, 0x24, 0x00, 0x00, 0x17, 0x32, 0x00, 0x00, 0xc1, 0x12, 0x1d, 0x8c, 0x1d, 0xa3, 0x47, 0x8c, 0x1d, 0xc1, 
0x0a, 0x0d, 0x80, 0x2e, 0x80, 0x2e, 0x02, 0x4a, 0x0d, 0xfe, 0x71, 0xfe, 0x71, 0xc4, 0x90, 0x02, 0x4b, 0x0d, 0xe0, 0x0e, 
0xe0, 0x0e, 0x92, 0xaa, 0x02, 0xd2, 0x0a, 0x1d, 0x8e, 0x47, 0x8e, 0x47, 0xec, 0xf5, 0x01, 0x02, 0x13, 0xe2, 0x05, 0xeb, 
0x8c, 0x01, 0xc5, 0x1f, 0x8b, 0x14, 0x01, 0x65, 0xc1, 0x65, 0xc1, 0x65, 0xe0, 0x0a, 0xc9, 0x0c, 0xb8, 0x15, 0x93, 0x09, 
0xdb, 0xc4, 0x01, 0x91, 0x0d, 0x9e, 0x98, 0x01, 0xc1, 0x0a, 0x1d, 0x86, 0x2e, 0x86, 0x2e, 0x02, 0xc1, 0x12, 0x1d, 0xc6, 
0x16, 0x84, 0x5a, 0xc6, 0x16, 0xc1, 0x0a, 0x0d, 0xe9, 0x67, 0xe9, 0x67, 0x02, 0x3f, 0x0d, 0x9a, 0xd3, 0x01, 0x9a, 0xd3, 
0x01, 0x13, 0x8a, 0x05, 0xcf, 0xac, 0x01, 0xc5, 0x1f, 0xc4, 0x14, 0x01, 0x0d, 0xa0, 0xee, 0x01, 0xa0, 0xee, 0x01, 0x4a, 
0x0d, 0xad, 0xff, 0x01, 0xdd, 0xbd, 0x01, 0xad, 0xff, 0x01, 0x13, 0x8a, 0x05, 0x90, 0x27, 0xc5, 0x1f, 0xc7, 0x14, 0x01, 
0x0d, 0xc6, 0xd8, 0x01, 0xc6, 0xd8, 0x01, 0xc3, 0x10, 0x0d, 0xd5, 0xa2, 0x01, 0x80, 0x5d, 0xd5, 0xa2, 0x01, 0x4a, 0x0d, 
0xb7, 0x14, 0xb7, 0x14, 0xd6, 0xd2, 0x01, 0xc3, 0x10, 0x0d, 0xd6, 0x05, 0xd6, 0x05, 0xca, 0xd6, 0x01, 0x13, 0x8f, 0x05, 
0xc3, 0x32, 0xab, 0x22, 0x93, 0x14, 0x22, 0x00, 0xc3, 0x32, 0x22, 0xe8, 0x6e, 0xfd, 0xce, 0x01, 0xc1, 0x0a, 0x0d, 0xea, 
0xda, 0x01, 0xec, 0x0b, 0x01, 0x3f, 0x0d, 0x88, 0x08, 0x88, 0x08, 0xd2, 0x0a, 0x1d, 0xe1, 0x3d, 0xe1, 0x3d, 0xed, 0x29, 
0x01, 0x13, 0x9b, 0x05, 0xc3, 0x4b, 0xc2, 0x26, 0x8b, 0x14, 0x22, 0x00, 0xc3, 0x4b, 0x8d, 0x1e, 0x88, 0x06, 0xc6, 0x06, 
0x08, 0xc3, 0xb8, 0x01, 0x00, 0x8b, 0x03, 0xa7, 0x06, 0x95, 0x05, 0x9d, 0x04, 0xa7, 0x06, 0x17, 0xd4, 0x16, 0xa7, 0x06, 
0x1d, 0xd7, 0x12, 0x18, 0xec, 0x89, 0x02, 0xc1, 0x0a, 0x0d, 0xd3, 0xaf, 0x01, 0x98, 0x5a, 0x03, 0xce, 0x16, 0x09, 0xa0, 
0x4a, 0xa0, 0x4a, 0xa0, 0xc3, 0x01, 0xa7, 0x1e, 0xfe, 0x24, 0x00, 0xba, 0x1e, 0x00, 0xc1, 0x8d, 0x01, 0xfe, 0x24, 0x18, 
0xc2, 0x8d, 0x01, 0xc1, 0x0a, 0x0d, 0xa1, 0xb7, 0x01, 0xd8, 0x7a, 0x00, 0xc1, 0x0a, 0x0b, 0x83, 0x39, 0xfc, 0x2e, 0x00, 
0x01, 0x18, 0xc6, 0x7b, 0x96, 0xc1, 0x01, 0x33, 0xcd, 0x05, 0xec, 0x57, 0xc4, 0x1b, 0x8b, 0x14, 0xaa, 0x44, 0x8b, 0x14, 
0x01, 0x50, 0xd7, 0x0f, 0xd7, 0x0f, 0xb4, 0x0a, 0x56, 0xb5, 0xbc, 0x01, 0x17, 0x53, 0x00, 0x00, 0xc1, 0x0a, 0x0d, 0xe6, 
0x37, 0xbb, 0x3c, 0x00, 0xc1, 0x0a, 0x18, 0xe9, 0x20, 0xfc, 0x16, 0x00, 0xce, 0x10, 0x18, 0x96, 0x74, 0x96, 0x74, 0xac, 
0x53, 0xc1, 0x0a, 0x0d, 0xbe, 0x14, 0xae, 0x2b, 0x01, 0xc1, 0x0a, 0x18, 0x8d, 0x0b, 0xc2, 0x94, 0x01, 0x01, 0xce, 0x10, 
0x18, 0xad, 0x09, 0xad, 0x09, 0xbb, 0x14, 0xc1, 0x0a, 0x0d, 0xbe, 0x14, 0xb0, 0x2b, 0x02, 0xc1, 0x0a, 0x18, 0x8b, 0x0b, 
0xc6, 0x94, 0x01, 0x02, 0xce, 0x10, 0x18, 0xec, 0x04, 0xec, 0x04, 0x9f, 0x06, 0xc1, 0x0a, 0x18, 0xaf, 0x7f, 0x82, 0x1a, 
0x03, 0x4b, 0x18, 0x95, 0x0d, 0xc5, 0x8c, 0x01, 0x95, 0x0d, 0x4b, 0x18, 0xaa, 0x54, 0xfd, 0x29, 0xaa, 0x54, 0x4b, 0x18, 
0x96, 0x2f, 0x9a, 0x05, 0x96, 0x2f, 0xce, 0x10, 0x18, 0xb1, 0x09, 0xb1, 0x09, 0x9a, 0x55, 0xc1, 0x0a, 0x0d, 0x86, 0x65, 
0xf8, 0xb4, 0x02, 0x01, 0xc1, 0x0a, 0x0b, 0xa1, 0xab, 0x01, 0xfe, 0x76, 0x01, 0x01, 0x18, 0xc6, 0x33, 0x98, 0xc1, 0x01, 
0x33, 0xcd, 0x05, 0xec, 0x57, 0xc4, 0x1b, 0x8b, 0x14, 0xab, 0x68, 0x8b, 0x14, 0x01, 0x50, 0xd7, 0x0f, 0xd7, 0x0f, 0xb4, 
0x0a, 0x56, 0xb5, 0xbc, 0x01, 0x18, 0x53, 0x00, 0x00, 0xc1, 0x0a, 0x0d, 0xe6, 0x37, 0xbb, 0x3c, 0x00, 0xc1, 0x0a, 0x18, 
0xe9, 0x20, 0xfc, 0x16, 0x00, 0xce, 0x10, 0x18, 0x98, 0x74, 0x98, 0x74, 0xae, 0x53, 0xc1, 0x0a, 0x0d, 0xbe, 0x14, 0xb0, 
0x2b, 0x01, 0xc1, 0x0a, 0x18, 0x8b, 0x0b, 0xc6, 0x94, 0x01, 0x01, 0xce, 0x10, 0x18, 0xaf, 0x09, 0xaf, 0x09, 0xbb, 0x14, 
0xc1, 0x0a, 0x0d, 0xbe, 0x14, 0xb2, 0x2b, 0x02, 0xc1, 0x0a, 0x18, 0x8b, 0x0b, 0xc8, 0x94, 0x01, 0x02, 0xce, 0x10, 0x18, 
0xea, 0x04, 0xea, 0x04, 0xa1, 0x06, 0xc1, 0x0a, 0x18, 0xaf, 0x7f, 0x82, 0x1a, 0x03, 0x4b, 0x18, 0x95, 0x0d, 0xc5, 0x8c, 
0x01, 0x95, 0x0d, 0x4b, 0x18, 0xaa, 0x54, 0xff, 0x29, 0xaa, 0x54, 0x4b, 0x18, 0xba, 0x3d, 0xbc, 0x13, 0xba, 0x3d, 0xce, 
0x10, 0x18, 0xb7, 0x99, 0x01, 0xb7, 0x99, 0x01, 0xe5, 0xe6, 0x01, 0x4b, 0x18, 0x9b, 0x31, 0xfb, 0xb2, 0x01, 0x9b, 0x31, 
0xc1, 0x0a, 0x0d, 0xe4, 0x31, 0xda, 0x4e, 0x02, 0xc1, 0x0a, 0x0b, 0xbe, 0x2e, 0xc0, 0x6a, 0x02, 0x01, 0x18, 0x86, 0x40, 
0x9a, 0xc1, 0x01, 0x33, 0xcd, 0x05, 0xec, 0x57, 0xc4, 0x1b, 0x8b, 0x14, 0x8c, 0x62, 0x8b, 0x14, 0x01, 0x50, 0xd7, 0x0f, 
0xd7, 0x0f, 0xb4, 0x0a, 0x56, 0xb5, 0xbc, 0x01, 0x19, 0x53, 0x00, 0x00, 0xc1, 0x0a, 0x0d, 0xe6, 0x37, 0xbb, 0x3c, 0x00, 
0xc1, 0x0a, 0x18, 0xe9, 0x20, 0xfc, 0x16, 0x00, 0xce, 0x10, 0x18, 0x9a, 0x74, 0x9a, 0x74, 0xb0, 0x53, 0xc1, 0x0a, 0x0d, 
0xbe, 0x14, 0xb2, 0x2b, 0x01, 0xc1, 0x0a, 0x18, 0x8b, 0x0b, 0xc8, 0x94, 0x01, 0x01, 0xce, 0x10, 0x18, 0xaf, 0x09, 0xaf, 
0x09, 0xbb, 0x14, 0xc1, 0x0a, 0x0d, 0xbe, 0x14, 0xb4, 0x2b, 0x02, 0xc1, 0x0a, 0x18, 0x8b, 0x0b, 0xca, 0x94, 0x01, 0x02, 
0xce, 0x10, 0x18, 0xe8, 0x04, 0xe8, 0x04, 0xa3, 0x06, 0xc1, 0x0a, 0x18, 0xaf, 0x7f, 0x82, 0x1a, 0x03, 0x4b, 0x18, 0x95, 
0x0d, 0xc5, 0x8c, 0x01, 0x95, 0x0d, 0x4b, 0x18, 0xaa, 0x54, 0x81, 0x2a, 0xaa, 0x54, 0x4b, 0x18, 0xba, 0x3d, 0xba, 0x13, 
0xba, 0x3d, 0xce, 0x10, 0x18, 0xb7, 0x99, 0x01, 0xb7, 0x99, 0x01, 0x45, 0x4b, 0x18, 0xe8, 0xf2, 0x01, 0x86, 0xa4, 0x02, 
0xe8, 0xf2, 0x01, 0xc1, 0x0a, 0x0b, 0x81, 0xbb, 0x01, 0xa2, 0x73, 0x03, 0x01, 0x18, 0xd6, 0x9b, 0x01, 0xcc, 0xa5, 0x02, 
0x33, 0xcd, 0x05, 0xc3, 0x0c, 0xc4, 0x1b, 0x8b, 0x14, 0xbd, 0x66, 0x8b, 0x14, 0x01, 0x50, 0xd7, 0x0f, 0xd7, 0x0f, 0xb4, 
0x0a, 0x56, 0xb5, 0xbc, 0x01, 0x1a, 0x53, 0x00, 0x00, 0xc1, 0x0a, 0x0d, 0xe6, 0x37, 0xeb, 0xa0, 0x01, 0x00, 0xc1, 0x0a, 
0x18, 0xe9, 0x20, 0xfc, 0x16, 0x00, 0xce, 0x10, 0x18, 0x9c, 0x74, 0x9c, 0x74, 0xb2, 0x53, 0xc1, 0x0a, 0x0d, 0xbe, 0x14, 
0xfb, 0x38, 0x01, 0xc1, 0x0a, 0x18, 0x8b, 0x0b, 0xca, 0x94, 0x01, 0x01, 0xce, 0x10, 0x18, 0xaf, 0x09, 0xaf, 0x09, 0xbb, 
0x14, 0xc1, 0x0a, 0x0d, 0xbe, 0x14, 0xf9, 0x38, 0x02, 0xc1, 0x0a, 0x18, 0x8b, 0x0b, 0xcc, 0x94, 0x01, 0x02, 0xce, 0x10, 
0x18, 0xe6, 0x04, 0xe6, 0x04, 0xa5, 0x06, 0xc1, 0x0a, 0x18, 0xaf, 0x7f, 0x82, 0x1a, 0x03, 0x4b, 0x18, 0x95, 0x0d, 0xc5, 
0x8c, 0x01, 0x95, 0x0d, 0x4b, 0x18, 0xaa, 0x54, 0x83, 0x2a, 0xaa, 0x54, 0x4b, 0x18, 0xba, 0x3d, 0xb8, 0x13, 0xba, 0x3d, 
0xce, 0x10, 0x18, 0x8d, 0x9f, 0x01, 0x8d, 0x9f, 0x01, 0xd7, 0x11, 0x4b, 0x18, 0xec, 0x3a, 0xcf, 0xbd, 0x01, 0xec, 0x3a, 
0x22, 0xa8, 0x87, 0x01, 0x00, 0x8d, 0x1e, 0x18, 0xf1, 0x03, 0xc1, 0x0a, 0x0d, 0xbe, 0x53, 0xf8, 0xd2, 0x01, 0x00, 0xc1, 
0x0a, 0x0b, 0xa1, 0x91, 0x01, 0xfe, 0x2e, 0x00, 0x01, 0x18, 0xca, 0x7b, 0x9c, 0xc1, 0x01, 0x33, 0xcd, 0x05, 0xee, 0x57, 
0xc4, 0x1b, 0x8b, 0x14, 0xab, 0x44, 0x8b, 0x14, 0x01, 0x50, 0xd7, 0x0f, 0xd7, 0x0f, 0xb4, 0x0a, 0x56, 0xb5, 0xbc, 0x01, 
0x1b, 0x53, 0x00, 0x00, 0xc1, 0x0a, 0x0d, 0xe6, 0x37, 0xb9, 0x3c, 0x00, 0xc1, 0x0a, 0x18, 0xe9, 0x20, 0xfc, 0x16, 0x00, 
0xce, 0x10, 0x18, 0x9e, 0x74, 0x9e, 0x74, 0xb4, 0x53, 0xc1, 0x0a, 0x0d, 0xbe, 0x14, 0xb8, 0x2b, 0x01, 0xc1, 0x0a, 0x18, 
0x8b, 0x0b, 0xcc, 0x94, 0x01, 0x01, 0xce, 0x10, 0x18, 0xaf, 0x09, 0xaf, 0x09, 0xbb, 0x14, 0xc1, 0x0a, 0x0d, 0xbe, 0x14, 
0xba, 0x2b, 0x02, 0xc1, 0x0a, 0x18, 0x8b, 0x0b, 0xce, 0x94, 0x01, 0x02, 0xce, 0x10, 0x18, 0xe4, 0x04, 0xe4, 0x04, 0xa7, 
0x06, 0xc1, 0x0a, 0x18, 0xaf, 0x7f, 0x82, 0x1a, 0x03, 0x4b, 0x18, 0x95, 0x0d, 0xc5, 0x8c, 0x01, 0x95, 0x0d, 0x4b, 0x18, 
0xaa, 0x54, 0x85, 0x2a, 0xaa, 0x54, 0x4b, 0x18, 0x90, 0x2f, 0x8c, 0x05, 0x90, 0x2f, 0xce, 0x10, 0x18, 0xb1, 0x09, 0xb1, 
0x09, 0x83, 0x03, 0xc1, 0x0a, 0x0d, 0x86, 0x65, 0xfa, 0xb4, 0x02, 0x01, 0xc1, 0x0a, 0x0b, 0xa1, 0xab, 0x01, 0x80, 0x77, 
0x01, 0x01, 0x18, 0xca, 0x33, 0x9e, 0xc1, 0x01, 0x33, 0xcd, 0x05, 0xee, 0x57, 0xc4, 0x1b, 0x8b, 0x14, 0xac, 0x68, 0x8b, 
0x14, 0x01, 0x50, 0xd7, 0x0f, 0xd7, 0x0f, 0xb4, 0x0a, 0x56, 0xb5, 0xbc, 0x01, 0x1c, 0x53, 0x00, 0x00, 0xc1, 0x0a, 0x0d, 
0xe6, 0x37, 0xb9, 0x3c, 0x00, 0xc1, 0x0a, 0x18, 0xe9, 0x20, 0xfc, 0x16, 0x00, 0xce, 0x10, 0x18, 0xa0, 0x74, 0xa0, 0x74, 
0xb6, 0x53, 0xc1, 0x0a, 0x0d, 0xbe, 0x14, 0xba, 0x2b, 0x01, 0xc1, 0x0a, 0x18, 0x8b, 0x0b, 0xce, 0x94, 0x01, 0x01, 0xce, 
0x10, 0x18, 0xaf, 0x09, 0xaf, 0x09, 0xbb, 0x14, 0xc1, 0x0a, 0x0d, 0xbe, 0x14, 0xbc, 0x2b, 0x02, 0xc1, 0x0a, 0x18, 0x8b, 
0x0b, 0xd0, 0x94, 0x01, 0x02, 0xce, 0x10, 0x18, 0xe2, 0x04, 0xe2, 0x04, 0xa9, 0x06, 0xc1, 0x0a, 0x18, 0xaf, 0x7f, 0x82, 
0x1a, 0x03, 0x4b, 0x18, 0x95, 0x0d, 0xc5, 0x8c, 0x01, 0x95, 0x0d, 0x4b, 0x18, 0xaa, 0x54, 0x87, 0x2a, 0xaa, 0x54, 0x4b, 
0x18, 0xb8, 0x3d, 0xb2, 0x13, 0xb8, 0x3d, 0xce, 0x10, 0x18, 0xb9, 0x99, 0x01, 0xb9, 0x99, 0x01, 0xe3, 0xe6, 0x01, 0x4b, 
0x18, 0x9d, 0x31, 0xfb, 0xb2, 0x01, 0x9d, 0x31, 0xc1, 0x0a, 0x0d, 0xe4, 0x31, 0xdc, 0x4e, 0x02, 0xc1, 0x0a, 0x0b, 0xbe, 
0x2e, 0xc2, 0x6a, 0x02, 0x01, 0x18, 0x8a, 0x40, 0xa0, 0xc1, 0x01, 0x33, 0xcd, 0x05, 0xee, 0x57, 0xc4, 0x1b, 0x8b, 0x14, 
0x8d, 0x62, 0x8b, 0x14, 0x01, 0x50, 0xd7, 0x0f, 0xd7, 0x0f, 0xb4, 0x0a, 0x56, 0xb5, 0xbc, 0x01, 0x1d, 0x53, 0x00, 0x00, 
0xc1, 0x0a, 0x0d, 0xe6, 0x37, 0xb9, 0x3c, 0x00, 0xc1, 0x0a, 0x18, 0xe9, 0x20, 0xfc, 0x16, 0x00, 0xce, 0x10, 0x18, 0xa2, 
0x74, 0xa2, 0x74, 0xb8, 0x53, 0xc1, 0x0a, 0x0d, 0xbe, 0x14, 0xbc, 0x2b, 0x01, 0xc1, 0x0a, 0x18, 0x8b, 0x0b, 0xd0, 0x94, 
0x01, 0x01, 0xce, 0x10, 0x18, 0xaf, 0x09, 0xaf, 0x09, 0xbb, 0x14, 0xc1, 0x0a, 0x0d, 0xbe, 0x14, 0xbe, 0x2b, 0x02, 0xc1, 
0x0a, 0x18, 0x8b, 0x0b, 0xd2, 0x94, 0x01, 0x02, 0xce, 0x10, 0x18, 0xe0, 0x04, 0xe0, 0x04, 0xab, 0x06, 0xc1, 0x0a, 0x18, 
0xaf, 0x7f, 0x82, 0x1a, 0x03, 0x4b, 0x18, 0x95, 0x0d, 0xc5, 0x8c, 0x01, 0x95, 0x0d, 0x4b, 0x18, 0xaa, 0x54, 0x89, 0x2a, 
0xaa, 0x54, 0x4b, 0x18, 0xb8, 0x3d, 0xb0, 0x13, 0xb8, 0x3d, 0xce, 0x10, 0x18, 0xeb, 0x8b, 0x01, 0xeb, 0x8b, 0x01, 0x8a, 
0x0d, 0x4b, 0x18, 0xce, 0x7d, 0xbc, 0xbc, 0x01, 0xce, 0x7d, 0x3f, 0x0d, 0xba, 0x08, 0xd6, 0x87, 0x01, 0xc3, 0x10, 0x0d, 
0xdd, 0x42, 0xdd, 0x42, 0xfc, 0xe3, 0x01, 0xbd, 0x0c, 0x0b, 0x88, 0x53, 0x88, 0x53, 0xc1, 0x0a, 0x0b, 0xf7, 0x4f, 0xc8, 
0x8f, 0x01, 0x03, 0xc2, 0x10, 0x0b, 0x8c, 0x45, 0x8c, 0x45, 0x86, 0x86, 0x02, 0xc0, 0x10, 0x0b, 0xfc, 0x43, 0x90, 0x39, 
0xfc, 0x43, 0x99, 0x1e, 0xca, 0x1a, 0x18, 0xc9, 0x1a, 0xe5, 0x1e, 0x18, 0xf9, 0xa1, 0x01, 0x1a, 0x48, 0x00, 0x00, 0x9d, 
0x31, 0x00, 0x00, 0x14, 0x37, 0x00, 0x00, 0x0c, 0x45, 0x00, 0x00, 0xe5, 0x1e, 0x0b, 0x95, 0x29, 0x4c, 0x4e, 0x00, 0x00, 
0x9d, 0x31, 0x00, 0x00, 0x48, 0x2f, 0x00, 0x00, 0x0c, 0x45, 0x00, 0x00, 0xc0, 0x16, 0x09, 0x92, 0x10, 0x92, 0x10, 0xc7, 
0xd5, 0x01, 0xb6, 0x1e, 0x87, 0x58, 0xb7, 0x77, 0x00, 0xba, 0x1e, 0x00, 0xb7, 0x77, 0x87, 0x58, 0x18, 0xb8, 0x77, 0xc9, 
0x10, 0x0b, 0xd6, 0x67, 0xa0, 0xef, 0x01, 0xe6, 0xd1, 0x02, 0xbc, 0x0e, 0x0c, 0xcf, 0xcc, 0x01, 0xcf, 0xcc, 0x01, 0xc6, 
0x10, 0x0b, 0xb5, 0x3c, 0xe5, 0x19, 0xe0, 0x48, 0xbc, 0x0e, 0x0c, 0xaa, 0xf6, 0x01, 0xaa, 0xf6, 0x01, 0xc0, 0x0a, 0x12, 
0xab, 0xc3, 0x01, 0xb7, 0x09, 0xab, 0xc3, 0x01, 0x01, 0xfe, 0x03, 0xc4, 0xca, 0x01, 0xec, 0xa9, 0x02, 0xb4, 0x0c, 0x96, 
0x01, 0xbf, 0xbb, 0x01, 0xbf, 0xbb, 0x01, 0xef, 0x0a, 0x1d, 0x85, 0x41, 0x85, 0x41, 0x81, 0x32, 0x02, 0x8b, 0x14, 0x2d, 
0x13, 0xfa, 0xdf, 0x01, 0xfa, 0xdf, 0x01, 0xfa, 0xdf, 0x01, 0x10, 0xc1, 0x0a, 0x0d, 0xb2, 0x06, 0xb2, 0x06, 0x00, 0xbd, 
0x0c, 0x0b, 0xe6, 0x0d, 0xe6, 0x0d, 0x01, 0x18, 0x83, 0xda, 0x01, 0xee, 0x4a, 0x33, 0xcd, 0x05, 0xd3, 0x29, 0xc4, 0x1b, 
0x8b, 0x14, 0xfb, 0xb3, 0x01, 0x8b, 0x14, 0x01, 0x50, 0x9e, 0xe8, 0x01, 0x9e, 0xe8, 0x01, 0xb4, 0x0a, 0x56, 0xb5, 0xbc, 
0x01, 0x1e, 0x53, 0x00, 0x00, 0xc1, 0x0a, 0x0d, 0xe6, 0x37, 0xfa, 0x39, 0x00, 0xc1, 0x0a, 0x18, 0xe9, 0x20, 0xfc, 0x16, 
0x00, 0xce, 0x10, 0x18, 0xa4, 0x74, 0xa4, 0x74, 0xba, 0x53, 0xc1, 0x0a, 0x0d, 0xbe, 0x14, 0xf2, 0xa1, 0x01, 0x01, 0xc1, 
0x0a, 0x18, 0x8b, 0x0b, 0xd2, 0x94, 0x01, 0x01, 0xce, 0x10, 0x18, 0xaf, 0x09, 0xaf, 0x09, 0xbb, 0x14, 0xc1, 0x0a, 0x0d, 
0xbe, 0x14, 0xf4, 0xa1, 0x01, 0x02, 0xc1, 0x0a, 0x18, 0x8b, 0x0b, 0xd4, 0x94, 0x01, 0x02, 0xce, 0x10, 0x18, 0xde, 0x04, 
0xde, 0x04, 0xad, 0x06, 0xc1, 0x0a, 0x18, 0xaf, 0x7f, 0x82, 0x1a, 0x03, 0x4b, 0x18, 0x95, 0x0d, 0xc5, 0x8c, 0x01, 0x95, 
0x0d, 0x4b, 0x18, 0x8e, 0x42, 0xa7, 0x3c, 0x8e, 0x42, 0x4b, 0x18, 0xd9, 0x31, 0xff, 0x6d, 0xd9, 0x31, 0xc1, 0x0a, 0x0d, 
0x9a, 0x75, 0x9d, 0x31, 0x01, 0xce, 0x10, 0x18, 0xe5, 0x16, 0xb4, 0x5e, 0xe5, 0x16, 0x4b, 0x18, 0xb1, 0x2f, 0xc4, 0x26, 
0xb1, 0x2f, 0xc0, 0x10, 0x0b, 0x97, 0x1f, 0xc2, 0x30, 0xf4, 0x94, 0x01, 0x99, 0x1e, 0xcd, 0x9a, 0x01, 0x18, 0xd8, 0x37, 
0x22, 0xe4, 0xb1, 0x01, 0x84, 0x3f, 0x8d, 0x1e, 0x88, 0x06, 0x00, 0x00, 0x00, 0x00, 0x00, 0x00, 0xad, 0x09, 0x00, 0x00, 
0x00, 0x00, 0x00, 0x00, 0x4c, 0x4f, 0x4d, 0x53, 0x00, 0x03, 0x01, 0x00, 0x0b, 0x00, 0x08, 0x00, 0x47, 0x62, 0x00, 0x00, 
0x00, 0x00, 0x00, 0x00, 0xc0, 0x1d, 0x00, 0x00, 0x91, 0x02, 0x01, 0x91, 0x02, 0x20, 0xd1, 0x10, 0x02, 0x47, 0x4c, 0x53, 
0x4c, 0x2e, 0x73, 0x74, 0x64, 0x2e, 0x34, 0x35, 0x30, 0x00, 0x00, 0x00, 0x00, 0xa0, 0x04, 0x00, 0x01, 0xdf, 0x0f, 0x00, 
0x9f, 0x2c, 0xed, 0xc2, 0xa5, 0xf3, 0x06, 0x00, 0x8c, 0x1a, 0x82, 0x1f, 0xcf, 0x2d, 0xb0, 0x23, 0x84, 0x28, 0xed, 0x17, 
0xab, 0x22, 0xd9, 0x1b, 0xc2, 0x26, 0x10, 0xc6, 0x21, 0x06, 0x10, 0x37, 0xf5, 0x19, 0x0b, 0x00, 0x05, 0x00, 0x07, 0x01, 
0x10, 0x00, 0x23, 0x00, 0x01, 0x05, 0x00, 0x07, 0x01, 0x10, 0x00, 0x23, 0x40, 0x01, 0x23, 0x30, 0x01, 0x23, 0x04, 0x01, 
0x23, 0x04, 0x01, 0x23, 0x04, 0x01, 0x23, 0x04, 0x10, 0xf6, 0x46, 0x01, 0x01, 0x10, 0xd9, 0x4a, 0x06, 0x80, 0x02, 0x00, 
0xea, 0x12, 0x02, 0x47, 0x00, 0x01, 0x00, 0x23, 0x00, 0x10, 0xde, 0x1c, 0x21, 0x00, 0x10, 0x00, 0x22, 0x01, 0x00, 0x64, 
0x0e, 0x10, 0x00, 0x1e, 0x0a, 0x10, 0xb2, 0x21, 0x01, 0x08, 0x10, 0x95, 0x54, 0x06, 0x40, 0x10, 0x02, 0x06, 0x40, 0x10, 
0xe8, 0x26, 0x06, 0x10, 0x10, 0xa7, 0x26, 0x06, 0x10, 0x10, 0xa6, 0x02, 0x06, 0x10, 0x00, 0xd4, 0x19, 0x02, 0x37, 0x00, 
0x88, 0x00, 0x05, 0x00, 0x07, 0x01, 0x10, 0x00, 0x23, 0x00, 0x01, 0x05, 0x00, 0x07, 0x01, 0x10, 0x00, 0x23, 0x40, 0x01, 
0x05, 0x00, 0x07, 0x01, 0x10, 0x00, 0x23, 0x40, 0x01, 0x05, 0x00, 0x07, 0x01, 0x10, 0x00, 0x23, 0x40, 0x01, 0x05, 0x00, 
0x07, 0x01, 0x10, 0x00, 0x23, 0x40, 0x01, 0x05, 0x00, 0x07, 0x01, 0x10, 0x00, 0x23, 0x80, 0x02, 0x01, 0x05, 0x00, 0x07, 
0x01, 0x10, 0x00, 0x23, 0x80, 0x02, 0x01, 0x05, 0x00, 0x07, 0x01, 0x10, 0x00, 0x23, 0x40, 0x01, 0x23, 0x40, 0x01, 0x23, 
0x10, 0x01, 0x23, 0x08, 0x01, 0x23, 0x04, 0x01, 0x23, 0x04, 0x01, 0x23, 0x10, 0x01, 0x23, 0x10, 0x01, 0x23, 0x08, 0x01, 
0x23, 0x08, 0x01, 0x23, 0x04, 0x01, 0x00, 0x00, 0x23, 0x04, 0x01, 0x23, 0x08, 0x01, 0x23, 0x04, 0x01, 0x23, 0x04, 0x01, 
0x23, 0x04, 0x01, 0x23, 0x04, 0x01, 0x23, 0x04, 0x01, 0x00, 0x00, 0x23, 0x04, 0x01, 0x00, 0x00, 0x23, 0x04, 0x01, 0x00, 
0x00, 0x23, 0x04, 0x01, 0x00, 0x00, 0x23, 0x10, 0x01, 0x00, 0x00, 0x23, 0x0c, 0x01, 0x00, 0x00, 0x23, 0x04, 0x01, 0x00, 
0x00, 0x23, 0x08, 0x01, 0x00, 0x00, 0x23, 0x04, 0x01, 0x00, 0x00, 0x23, 0x04, 0x01, 0x00, 0x00, 0x23, 0x04, 0x01, 0x23, 
0x04, 0x01, 0x00, 0x00, 0x23, 0x04, 0x01, 0x00, 0x00, 0x23, 0x04, 0x01, 0x23, 0x90, 0x01, 0x01, 0x00, 0x00, 0x23, 0x0c, 
0x01, 0x23, 0x04, 0x01, 0x23, 0x10, 0x01, 0x23, 0x10, 0x01, 0x00, 0x00, 0x23, 0x08, 0x01, 0x00, 0x00, 0x23, 0x04, 0x01, 
0x23, 0x04, 0x01, 0x00, 0x00, 0x23, 0x08, 0x01, 0x00, 0x00, 0x23, 0x04, 0x01, 0x23, 0x04, 0x01, 0x00, 0x00, 0x23, 0x10, 
0x01, 0x00, 0x00, 0x23, 0x04, 0x01, 0x23, 0x04, 0x01, 0x00, 0x00, 0x23, 0x08, 0x01, 0x23, 0x04, 0x01, 0x00, 0x00, 0x23, 
0x04, 0x01, 0x00, 0x00, 0x23, 0x04, 0x01, 0x23, 0x04, 0x01, 0x23, 0x0c, 0x01, 0x23, 0x04, 0x01, 0x23, 0x04, 0x01, 0x23, 
0x04, 0x01, 0x23, 0x04, 0x01, 0x23, 0x04, 0x01, 0x23, 0x0c, 0x01, 0x23, 0x04, 0x01, 0x23, 0x04, 0x01, 0x23, 0x04, 0x01, 
0x23, 0x04, 0x01, 0x05, 0x00, 0x07, 0x01, 0x10, 0x00, 0x23, 0x04, 0x01, 0x23, 0x30, 0x01, 0x23, 0x08, 0x01, 0x05, 0x00, 
0x07, 0x01, 0x10, 0x00, 0x23, 0x08, 0x01, 0x05, 0x00, 0x07, 0x01, 0x10, 0x00, 0x23, 0x40, 0x01, 0x00, 0x00, 0x23, 0x40, 
0x01, 0x00, 0x00, 0x23, 0x04, 0x01, 0x00, 0x00, 0x23, 0x04, 0x01, 0x00, 0x00, 0x23, 0x04, 0x01, 0x23, 0x04, 0x01, 0x23, 
0x40, 0x01, 0x00, 0x00, 0x23, 0x04, 0x01, 0x00, 0x00, 0x23, 0x04, 0x01, 0x00, 0x00, 0x23, 0x04, 0x01, 0x00, 0x00, 0x23, 
0x04, 0x10, 0x9a, 0x21, 0x21, 0x00, 0x10, 0x00, 0x22, 0x00, 0x10, 0x85, 0x01, 0x1e, 0x00, 0x10, 0x9a, 0x1d, 0x1e, 0x03, 
0x10, 0xbd, 0x14, 0x0b, 0x2b, 0x10, 0xa8, 0x09, 0x1e, 0x05, 0x10, 0xad, 0x20, 0x1e, 0x00, 0x10, 0xfc, 0x14, 0x1e, 0x06, 
0x10, 0xa3, 0x0d, 0x1e, 0x09, 0x00, 0x87, 0x18, 0x02, 0x47, 0x00, 0x04, 0x00, 0x0b, 0x01, 0x00, 0x01, 0x0b, 0x01, 0x01, 
0x01, 0x0b, 0x01, 0x03, 0x01, 0x0b, 0x01, 0x04, 0x93, 0x02, 0x0e, 0xa1, 0x04, 0xf4, 0x13, 0x08, 0xa6, 0x02, 0xe9, 0x13, 
0x20, 0xb7, 0x02, 0x20, 0x0d, 0x04, 0xb8, 0x02, 0x90, 0x01, 0x1d, 0x04, 0xb7, 0x02, 0x99, 0x01, 0x0d, 0x03, 0xb5, 0x02, 
0x17, 0x20, 0x01, 0xb7, 0x02, 0x0e, 0x0d, 0x02, 0xde, 0x02, 0xec, 0x18, 0x13, 0x1d, 0x1d, 0x65, 0xb5, 0x02, 0xfb, 0x18, 
0x20, 0x00, 0xbb, 0x04, 0x0b, 0xfe, 0x27, 0x00, 0x00, 0x00, 0x00, 0xbb, 0x04, 0x0c, 0x02, 0x00, 0x00, 0x00, 0x00, 0xbb, 
0x04, 0x0b, 0x04, 0x01, 0x00, 0x00, 0x00, 0xbb, 0x04, 0x0c, 0x02, 0x01, 0x00, 0x00, 0x00, 0xbb, 0x04, 0x0b, 0x04, 0x02, 
0x00, 0x00, 0x00, 0xbb, 0x04, 0x0c, 0x02, 0x02, 0x00, 0x00, 0x00, 0xb8, 0x02, 0x95, 0x27, 0x18, 0x03, 0xbb, 0x04, 0x0b, 
0xb8, 0x27, 0x08, 0x00, 0x00, 0x00, 0xbc, 0x02, 0xfd, 0x06, 0x1d, 0xa2, 0x14, 0x8e, 0x03, 0xf5, 0x19, 0x65, 0x46, 0x0c, 
0x0c, 0x0c, 0x0d, 0xe3, 0x10, 0xb2, 0x06, 0x0c, 0xf6, 0x46, 0x40, 0x00, 0x00, 0x00, 0xbc, 0x02, 0xd9, 0x4a, 0xe8, 0x03, 
0xa3, 0x27, 0xae, 0x02, 0xea, 0x12, 0xf6, 0x01, 0x3e, 0xfa, 0x09, 0x02, 0xab, 0x0b, 0x39, 0xa8, 0x10, 0xe4, 0x12, 0x02, 
0x3e, 0xef, 0x27, 0x02, 0x65, 0xbb, 0x04, 0x0c, 0xf0, 0x1c, 0x05, 0x00, 0x00, 0x00, 0x3e, 0xa1, 0x1e, 0x03, 0x0c, 0x39, 
0x89, 0x05, 0x86, 0x2a, 0x03, 0xb2, 0x06, 0x0c, 0xb2, 0x21, 0x02, 0x00, 0x00, 0x00, 0xbb, 0x04, 0x0b, 0x9d, 0x2d, 0x04, 
0x00, 0x00, 0x00, 0xbc, 0x02, 0xf7, 0x26, 0x65, 0x96, 0x14, 0xbc, 0x02, 0x02, 0x65, 0x96, 0x14, 0xb7, 0x02, 0x8d, 0x01, 
0x0b, 0x03, 0xbb, 0x04, 0x0b, 0xa2, 0x28, 0x09, 0x00, 0x00, 0x00, 0xbc, 0x02, 0x2b, 0x18, 0xa5, 0x14, 0xbc, 0x02, 0xa7, 
0x26, 0x1d, 0x96, 0x14, 0xbb, 0x04, 0x0b, 0x9c, 0x27, 0x15, 0x00, 0x00, 0x00, 0xbc, 0x02, 0xf5, 0x24, 0x1d, 0xc9, 0x14, 
0xce, 0x82, 0xc0, 0x02, 0xd4, 0x19, 0x65, 0x65, 0x65, 0x65, 0x5a, 0x5b, 0x65, 0x65, 0x1d, 0x13, 0x0d, 0x0d, 0x1d, 0x1d, 
0x13, 0x13, 0x0d, 0x0d, 0x13, 0x0d, 0x0d, 0x0d, 0x0d, 0x0d, 0x0d, 0x0d, 0x0d, 0x1d, 0x14, 0x0c, 0x13, 0x0c, 0x0c, 0x0c, 
0x0c, 0x0d, 0x0d, 0x8f, 0x14, 0x18, 0x0d, 0x1d, 0x1d, 0x13, 0x0c, 0x0d, 0x13, 0x0d, 0x0d, 0x1d, 0x0c, 0x0d, 0x13, 0x0d, 
0x0d, 0x0d, 0x0b, 0x18, 0x0d, 0x0d, 0x0b, 0x0d, 0x0d, 0x18, 0x0d, 0x0d, 0x0d, 0x0d, 0x0d, 0x46, 0x13, 0x13, 0x65, 0x65, 
0x0d, 0x0d, 0x0d, 0x0d, 0x7b, 0x0c, 0x0d, 0x0d, 0x0d, 0x8e, 0x02, 0x3e, 0xfa, 0x09, 0x02, 0xf8, 0x0e, 0x39, 0xf5, 0x13, 
0xa0, 0x17, 0x02, 0xbb, 0x04, 0x0c, 0xcf, 0x16, 0x06, 0x00, 0x00, 0x00, 0x3e, 0x85, 0x1e, 0x01, 0x1d, 0x39, 0x9a, 0x05, 
0xd0, 0x33, 0x01, 0xbb, 0x04, 0x0d, 0x9d, 0x2f, 0x00, 0x00, 0x00, 0xbf, 0xbb, 0x04, 0x0d, 0xed, 0x0a, 0x00, 0x00, 0x00, 
0x3f, 0xbb, 0x04, 0x0d, 0xac, 0x10, 0x00, 0x00, 0x00, 0x20, 0x94, 0x02, 0x91, 0x14, 0xbb, 0x04, 0x0d, 0x86, 0x28, 0x00, 
0x00, 0x00, 0x00, 0xbb, 0x04, 0x0d, 0xe1, 0x1e, 0x00, 0x00, 0x00, 0xa0, 0xbb, 0x04, 0x0d, 0xa1, 0x07, 0x00, 0x00, 0x80, 
0x3f, 0x3e, 0x8c, 0x08, 0x01, 0x13, 0x39, 0x90, 0x05, 0xfe, 0x50, 0x01, 0x3e, 0x89, 0x51, 0x01, 0x0d, 0xec, 0x04, 0x1d, 
0xe0, 0x23, 0xdc, 0x05, 0xdc, 0x05, 0xdc, 0x05, 0xdc, 0x05, 0xec, 0x04, 0x1d, 0xcd, 0x17, 0x92, 0x14, 0xf1, 0x11, 0xf1, 
0x11, 0xf1, 0x11, 0xec, 0x04, 0x1d, 0x82, 0x09, 0xef, 0x08, 0x94, 0x1d, 0xef, 0x08, 0xef, 0x08, 0xec, 0x04, 0x1d, 0xa7, 
0x10, 0x97, 0x19, 0x97, 0x19, 0xec, 0x0c, 0x97, 0x19, 0xec, 0x04, 0x1d, 0xde, 0x1e, 0xc6, 0x05, 0xc6, 0x05, 0xc6, 0x05, 
0xca, 0x2b, 0xec, 0x04, 0x65, 0xdb, 0x23, 0xa3, 0x0c, 0xa5, 0x15, 0xfd, 0x04, 0xdb, 0x23, 0xbb, 0x04, 0x0d, 0xcf, 0x09, 
0x00, 0x00, 0x00, 0x40, 0x3e, 0xe4, 0x09, 0x01, 0x0c, 0x39, 0x8b, 0x05, 0xca, 0x3c, 0x01, 0x3e, 0xbd, 0x3c, 0x03, 0x13, 
0x39, 0x91, 0x05, 0xe6, 0x45, 0x03, 0x3e, 0xd1, 0x45, 0x03, 0x1d, 0x39, 0x9b, 0x05, 0xa4, 0x25, 0x03, 0x39, 0x9b, 0x05, 
0xfc, 0x14, 0x03, 0x3e, 0xbd, 0x3a, 0x03, 0x0d, 0x39, 0x9b, 0x05, 0x9a, 0x2d, 0x03, 0xbb, 0x04, 0x0d, 0xaf, 0x2a, 0x00, 
0x00, 0x80, 0xbf, 0xbc, 0x02, 0x43, 0x0d, 0x90, 0x14, 0xbc, 0x02, 0x31, 0x0d, 0x8d, 0x14, 0xde, 0x02, 0x9e, 0x13, 0x1d, 
0x0d, 0x9f, 0x06, 0x86, 0x06, 0x3e, 0xf8, 0x09, 0x03, 0xd5, 0x0f, 0x39, 0xd1, 0x14, 0xe2, 0x23, 0x03, 0xcc, 0x04, 0x13, 
0x83, 0x41, 0xec, 0x09, 0xec, 0x09, 0xc6, 0x06, 0x08, 0xbe, 0x4c, 0x00, 0x82, 0x0a, 0x18, 0xa6, 0xa8, 0x02, 0x01, 0x0c, 
0x99, 0x3f, 0xea, 0xfa, 0x01, 0x22, 0xb2, 0x8d, 0x02, 0x00, 0x01, 0x0c, 0xf5, 0x2e, 0xbc, 0xde, 0x01, 0xc7, 0x10, 0x0c, 
0xc7, 0x51, 0xc7, 0x51, 0xc2, 0x6b, 0x33, 0xe2, 0x05, 0xeb, 0x2a, 0xda, 0x19, 0x8b, 0x14, 0xc6, 0x60, 0x8b, 0x14, 0x01, 
0x65, 0x96, 0x80, 0x01, 0x96, 0x80, 0x01, 0x13, 0x8a, 0x05, 0xbe, 0x24, 0xcf, 0x2d, 0x8a, 0x14, 0x01, 0x0d, 0x9c, 0x23, 
0x9c, 0x23, 0x13, 0x8a, 0x05, 0xcf, 0x0f, 0xcf, 0x2d, 0x8d, 0x14, 0x01, 0x0d, 0x91, 0x9d, 0x01, 0x91, 0x9d, 0x01, 0xc3, 
0x10, 0x0d, 0xe8, 0xb1, 0x01, 0x82, 0xe1, 0x02, 0xe8, 0xb1, 0x01, 0xc0, 0x0a, 0x13, 0xe5, 0xe8, 0x01, 0xdf, 0xe3, 0x01, 
0xe5, 0xe8, 0x01, 0x13, 0xe2, 0x05, 0xa8, 0x89, 0x01, 0xc5, 0x1f, 0x9d, 0x14, 0x01, 0x65, 0xd9, 0x66, 0xd9, 0x66, 0x01, 
0x1d, 0x92, 0x28, 0x8c, 0x87, 0x01, 0xc1, 0x0a, 0x0d, 0xcd, 0x46, 0xcd, 0x46, 0x02, 0x4a, 0x0d, 0xb2, 0xcf, 0x01, 0xb2, 
0xcf, 0x01, 0x8e, 0xbf, 0x02, 0x4b, 0x0d, 0x89, 0x08, 0x89, 0x08, 0xf2, 0xc1, 0x02, 0xd2, 0x0a, 0x1d, 0xf9, 0xa2, 0x01, 
0xf9, 0xa2, 0x01, 0x9f, 0x22, 0x02, 0xc1, 0x12, 0x1d, 0xcc, 0x52, 0xbe, 0x58, 0xcc, 0x52, 0xc1, 0x0a, 0x0d, 0xc5, 0x18, 
0xc5, 0x18, 0x03, 0x5c, 0x0d, 0xdb, 0x79, 0x01, 0x04, 0xbb, 0x6e, 0xc8, 0x16, 0x09, 0x8e, 0x3e, 0x8e, 0x3e, 0x84, 0x8d, 
0x01, 0xa7, 0x1e, 0xdf, 0x83, 0x01, 0x00, 0xba, 0x1e, 0x00, 0xc9, 0x24, 0xdf, 0x83, 0x01, 0x18, 0xca, 0x24, 0xc8, 0x16, 
0x09, 0xe7, 0x27, 0xeb, 0x3e, 0xf2, 0x75, 0xd9, 0x14, 0x0d, 0xac, 0x44, 0xac, 0x44, 0x80, 0xd9, 0x01, 0x92, 0xce, 0x01, 
0xd2, 0x0a, 0x1d, 0x81, 0x4f, 0x81, 0x4f, 0x87, 0x62, 0x03, 0x99, 0x1e, 0xd3, 0x91, 0x01, 0x18, 0xd4, 0x91, 0x01, 0xe5, 
0x1e, 0x1d, 0xbd, 0x05, 0x5e, 0x3d, 0x00, 0x00, 0x32, 0x60, 0x00, 0x00, 0xda, 0x24, 0x00, 0x00, 0x79, 0x31, 0x00, 0x00, 
0xc1, 0x0a, 0x0d, 0xf5, 0x39, 0xf5, 0x39, 0x03, 0xc8, 0x10, 0x0d, 0x9e, 0x56, 0xde, 0xb9, 0x02, 0x9e, 0x56, 0xce, 0x10, 
0x1d, 0xbe, 0x07, 0xe6, 0x23, 0xbe, 0x07, 0xe0, 0x0a, 0xc9, 0x0c, 0xad, 0x61, 0xd2, 0x67, 0x8e, 0xb4, 0x01, 0xad, 0x61, 
0x80, 0xd8, 0x01, 0xc1, 0x0a, 0x13, 0xf0, 0x09, 0xf0, 0x09, 0x00, 0xc1, 0x0a, 0x1d, 0x92, 0x7c, 0x82, 0x86, 0x01, 0x02, 
0x3d, 0x18, 0xd8, 0x0f, 0xcc, 0xb2, 0x01, 0xcc, 0xb2, 0x01, 0x18, 0xc1, 0x0a, 0x0d, 0x91, 0xe6, 0x01, 0x91, 0xe6, 0x01, 
0x00, 0xc1, 0x0a, 0x1d, 0x80, 0x52, 0xeb, 0x32, 0x00, 0xce, 0x10, 0x1d, 0xec, 0x1b, 0xec, 0x1b, 0xec, 0x6d, 0xc1, 0x0a, 
0x0d, 0xbe, 0x14, 0xe7, 0x63, 0x01, 0xc1, 0x0a, 0x1d, 0xe4, 0x59, 0xa2, 0x57, 0x01, 0xce, 0x10, 0x1d, 0x9f, 0x6e, 0x9f, 
0x6e, 0xbb, 0x14, 0xc1, 0x0a, 0x0d, 0xbe, 0x14, 0xe5, 0x63, 0x02, 0xc1, 0x0a, 0x1d, 0xe4, 0x59, 0xa4, 0x57, 0x02, 0xce, 
0x10, 0x1d, 0x83, 0x60, 0x83, 0x60, 0x9f, 0x06, 0xc1, 0x0a, 0x1d, 0xaf, 0x7f, 0x8f, 0x88, 0x01, 0x03, 0x4b, 0x1d, 0xdc, 
0x57, 0xd3, 0x27, 0xdc, 0x57, 0x4b, 0x1d, 0xa4, 0x3c, 0xee, 0x22, 0xa4, 0x3c, 0x4b, 0x1d, 0xb4, 0x09, 0xa4, 0x2c, 0xb4, 
0x09, 0x01, 0x0c, 0xa5, 0xa9, 0x01, 0x9c, 0x4e, 0xcb, 0x10, 0x0c, 0x90, 0x25, 0x90, 0x25, 0xfa, 0x51, 0x23, 0xe2, 0x05, 
0x80, 0xbc, 0x01, 0xc5, 0x1f, 0x9a, 0x14, 0xe2, 0x53, 0x01, 0x65, 0xe7, 0x15, 0xe7, 0x15, 0xc1, 0x12, 0x1d, 0xed, 0x82, 
0x01, 0xed, 0x82, 0x01, 0xeb, 0x60, 0xce, 0x10, 0x13, 0xb3, 0x06, 0xb7, 0x27, 0x88, 0xc4, 0x01, 0xc3, 0x10, 0x13, 0xc0, 
0x12, 0xc0, 0x12, 0xfa, 0xca, 0x01, 0xc1, 0x0a, 0x0d, 0x85, 0x5f, 0x85, 0x5f, 0x00, 0xc1, 0x0a, 0x0d, 0x8e, 0x80, 0x01, 
0x88, 0x21, 0x01, 0xe0, 0x0a, 0x1d, 0x27, 0xe6, 0x7f, 0x27, 0xc2, 0xcf, 0x01, 0xc6, 0xf5, 0x01, 0xc1, 0x0a, 0x0d, 0x8f, 
0x7c, 0x8f, 0x7c, 0x00, 0xc1, 0x0a, 0x0d, 0x86, 0xe7, 0x01, 0xf6, 0x6a, 0x01, 0xc1, 0x0a, 0x0d, 0x9d, 0xeb, 0x01, 0xa7, 
0x80, 0x01, 0x02, 0xc1, 0x0a, 0x0d, 0xda, 0x02, 0xcd, 0x7d, 0x03, 0xe0, 0x0a, 0x1d, 0x82, 0x80, 0x01, 0xc4, 0x7e, 0xc1, 
0x68, 0xdc, 0x82, 0x01, 0x82, 0x80, 0x01, 0xe0, 0x0a, 0x65, 0x98, 0x04, 0xb2, 0xd0, 0x01, 0xb2, 0xd0, 0x01, 0xb2, 0xd0, 
0x01, 0x98, 0x04, 0xe0, 0x0a, 0xc9, 0x0c, 0x92, 0x23, 0xc6, 0x35, 0xca, 0x56, 0xcb, 0x46, 0x92, 0x23, 0xc1, 0x0a, 0x13, 
0x81, 0x80, 0x01, 0x81, 0x80, 0x01, 0x00, 0xc1, 0x0a, 0x1d, 0xc8, 0xbb, 0x01, 0xc6, 0x3b, 0x01, 0xc1, 0x0a, 0x1d, 0xc9, 
0xb7, 0x01, 0x83, 0x7c, 0x02, 0x22, 0xac, 0x55, 0xfe, 0x03, 0x22, 0xda, 0x75, 0xc9, 0xb7, 0x01, 0x3d, 0x18, 0xfe, 0x2e, 
0xfe, 0x2e, 0xfe, 0x2e, 0x18, 0x13, 0x8c, 0x05, 0xb3, 0x73, 0xab, 0x22, 0x8a, 0x14, 0xc1, 0x0a, 0x0d, 0x86, 0x6f, 0xad, 
0x04, 0x00, 0x22, 0x86, 0x6f, 0x00, 0x13, 0x8c, 0x05, 0xf0, 0x2f, 0xab, 0x22, 0x8d, 0x14, 0xc1, 0x0a, 0x0d, 0xef, 0x09, 
0xd2, 0x21, 0x01, 0x22, 0xef, 0x09, 0x00, 0x13, 0x8c, 0x05, 0xf2, 0x09, 0xab, 0x22, 0x90, 0x14, 0xc1, 0x0a, 0x0d, 0x91, 
0x05, 0xb2, 0x26, 0x02, 0x22, 0x91, 0x05, 0x00, 0xc1, 0x0a, 0x65, 0xcb, 0x7c, 0x9f, 0xa3, 0x01, 0x03, 0xc1, 0x12, 0x1d, 
0xb4, 0x47, 0xb4, 0x47, 0x3c, 0xc1, 0x0a, 0x0d, 0xe3, 0x4d, 0xe3, 0x4d, 0x02, 0x4a, 0x0d, 0xc2, 0xa7, 0x01, 0xc2, 0xa7, 
0x01, 0xc4, 0x90, 0x02, 0x4b, 0x0d, 0xee, 0x0d, 0xee, 0x0d, 0xa0, 0xa9, 0x02, 0xd2, 0x0a, 0x1d, 0x8e, 0x50, 0x8e, 0x50, 
0xda, 0xb7, 0x01, 0x02, 0x22, 0xf4, 0xc5, 0x02, 0x00, 0x01, 0x0c, 0xb1, 0x5b, 0xdc, 0xed, 0x01, 0xcb, 0x10, 0x0c, 0xfd, 
0x72, 0xfd, 0x72, 0xac, 0x59, 0xbf, 0x0c, 0x0d, 0x96, 0x2e, 0xc2, 0x87, 0x01, 0xc8, 0x10, 0x0d, 0xbe, 0x47, 0x98, 0xa4, 
0x02, 0xbe, 0x47, 0xc8, 0x10, 0x0d, 0x9d, 0x8f, 0x01, 0x9d, 0x8f, 0x01, 0xfa, 0x94, 0x01, 0x4b, 0x0d, 0x94, 0x78, 0xbe, 
0x80, 0x02, 0x94, 0x78, 0xbf, 0x0c, 0x0d, 0xe2, 0x58, 0xac, 0xb7, 0x01, 0x4a, 0x0d, 0xa0, 0x10, 0xf8, 0x51, 0xa0, 0x10, 
0x4b, 0x0d, 0xa3, 0x8a, 0x01, 0xa1, 0x21, 0xa3, 0x8a, 0x01, 0xc8, 0x10, 0x0d, 0x81, 0x2d, 0x88, 0xbd, 0x01, 0xef, 0x1d, 
0xc1, 0x0a, 0x0d, 0x8f, 0x2e, 0x99, 0xec, 0x01, 0x00, 0x4a, 0x0d, 0x82, 0xce, 0x01, 0x82, 0xce, 0x01, 0xf2, 0x9f, 0x01, 
0xd2, 0x0a, 0x1d, 0xf4, 0x1e, 0xf4, 0x1e, 0x5c, 0x00, 0xc1, 0x0a, 0x0d, 0xed, 0x3a, 0xed, 0x3a, 0x03, 0x4a, 0x0d, 0x9d, 
0x1e, 0xd8, 0x38, 0x9d, 0x1e, 0xc1, 0x0a, 0x0d, 0x9c, 0x48, 0xef, 0x10, 0x00, 0x4b, 0x0d, 0xa5, 0x55, 0xa5, 0x55, 0x89, 
0x0d, 0xd2, 0x0a, 0x1d, 0xf9, 0x4f, 0xf9, 0x4f, 0x8f, 0xb6, 0x01, 0x00, 0xc1, 0x0a, 0x0d, 0x94, 0xb3, 0x01, 0x94, 0xb3, 
0x01, 0x00, 0xc3, 0x10, 0x0d, 0xf1, 0x7e, 0x80, 0xfa, 0x01, 0xad, 0x7a, 0xc1, 0x0a, 0x0d, 0x97, 0x49, 0xf5, 0x14, 0x03, 
0x4a, 0x0d, 0xbe, 0x2e, 0xd9, 0x1a, 0xbe, 0x2e, 0x4b, 0x0d, 0x87, 0x22, 0xd3, 0xbb, 0x01, 0x87, 0x22, 0xc0, 0x10, 0x0c, 
0xf4, 0x30, 0xb0, 0x41, 0x8a, 0xc8, 0x01, 0xbf, 0x0c, 0x0d, 0xd8, 0x54, 0xd8, 0x54, 0x4a, 0x0d, 0xe7, 0x13, 0xcc, 0x0c, 
0xe7, 0x13, 0xc3, 0x10, 0x0d, 0xcf, 0x04, 0xb2, 0xaa, 0x02, 0xcf, 0x04, 0x4a, 0x0d, 0xfd, 0xb4, 0x01, 0xfd, 0xb4, 0x01, 
0xb3, 0x3b, 0x4b, 0x0d, 0x9c, 0x37, 0xa1, 0xcc, 0x01, 0x9c, 0x37, 0x23, 0x8c, 0x05, 0xc0, 0x12, 0xc2, 0x26, 0x91, 0x14, 
0x8b, 0x14, 0x22, 0x00, 0xf2, 0x01, 0x3f, 0x0d, 0xe0, 0x71, 0xa0, 0x84, 0x01, 0x23, 0x8c, 0x05, 0xaa, 0x28, 0xc2, 0x26, 
0x91, 0x14, 0x8e, 0x14, 0x22, 0x00, 0xaa, 0x28, 0xc1, 0x0a, 0x0d, 0x87, 0xac, 0x01, 0xcb, 0x18, 0x01, 0x3f, 0x0d, 0xe6, 
0xd9, 0x01, 0xe6, 0xd9, 0x01, 0xd2, 0x0a, 0x1d, 0xe1, 0x3d, 0xe1, 0x3d, 0xb8, 0x83, 0x01, 0x01, 0x13, 0x9b, 0x05, 0x9d, 
0x84, 0x01, 0xc2, 0x26, 0x8b, 0x14, 0x22, 0x00, 0x9d, 0x84, 0x01, 0x22, 0xf4, 0x92, 0x01, 0x80, 0x06, 0x8d, 0x1e, 0x88, 
0x06, 0x00, 0x00, 0x00, 0xdf, 0x18, 0x00, 0x00, 0x00, 0x00, 0x00, 0x00, 0x4c, 0x4f, 0x4d, 0x53, 0x00, 0x03, 0x01, 0x00, 
0x0b, 0x00, 0x08, 0x00, 0x63, 0x62, 0x00, 0x00, 0x00, 0x00, 0x00, 0x00, 0xec, 0x3e, 0x00, 0x00, 0x91, 0x02, 0x01, 0x91, 
0x02, 0x20, 0xd1, 0x10, 0x02, 0x47, 0x4c, 0x53, 0x4c, 0x2e, 0x73, 0x74, 0x64, 0x2e, 0x34, 0x35, 0x30, 0x00, 0x00, 0x00, 
0x00, 0xa0, 0x04, 0x00, 0x01, 0x8f, 0x8e, 0x40, 0x00, 0x9f, 0x2c, 0xed, 0xc2, 0xa5, 0xf3, 0x06, 0x00, 0x8c, 0x1a, 0xa9, 
0x20, 0x82, 0x1f, 0xaf, 0x2e, 0x93, 0x2d, 0xcf, 0x2d, 0xb0, 0x23, 0x84, 0x28, 0xed, 0x17, 0xab, 0x22, 0xd9, 0x1b, 0xc2, 
0x26, 0x10, 0xb8, 0x28, 0x06, 0x10, 0x37, 0xdd, 0x18, 0x0b, 0x00, 0x05, 0x00, 0x07, 0x01, 0x10, 0x00, 0x23, 0x00, 0x01, 
0x05, 0x00, 0x07, 0x01, 0x10, 0x00, 0x23, 0x40, 0x01, 0x23, 0x30, 0x01, 0x23, 0x04, 0x01, 0x23, 0x04, 0x01, 0x23, 0x04, 
0x01, 0x23, 0x04, 0x10, 0xec, 0x3e, 0x01, 0x01, 0x10, 0x95, 0x22, 0x06, 0x80, 0x02, 0x00, 0xdd, 0x22, 0x02, 0x47, 0x00, 
0x01, 0x00, 0x23, 0x00, 0x10, 0xe2, 0x29, 0x21, 0x00, 0x10, 0x00, 0x22, 0x01, 0x00, 0x64, 0x0e, 0x10, 0x00, 0x1e, 0x0a, 
0x10, 0xb2, 0x21, 0x01, 0x08, 0x10, 0xd3, 0x35, 0x06, 0x40, 0x10, 0x02, 0x06, 0x40, 0x10, 0xc2, 0x0d, 0x06, 0x10, 0x10, 
0xd1, 0x24, 0x06, 0x10, 0x10, 0xa6, 0x02, 0x06, 0x10, 0x00, 0xd4, 0x02, 0x02, 0x37, 0x00, 0x88, 0x00, 0x05, 0x00, 0x07, 
0x01, 0x10, 0x00, 0x23, 0x00, 0x01, 0x05, 0x00, 0x07, 0x01, 0x10, 0x00, 0x23, 0x40, 0x01, 0x05, 0x00, 0x07, 0x01, 0x10, 
0x00, 0x23, 0x40, 0x01, 0x05, 0x00, 0x07, 0x01, 0x10, 0x00, 0x23, 0x40, 0x01, 0x05, 0x00, 0x07, 0x01, 0x10, 0x00, 0x23, 
0x40, 0x01, 0x05, 0x00, 0x07, 0x01, 0x10, 0x00, 0x23, 0x80, 0x02, 0x01, 0x05, 0x00, 0x07, 0x01, 0x10, 0x00, 0x23, 0x80, 
0x02, 0x01, 0x05, 0x00, 0x07, 0x01, 0x10, 0x00, 0x23, 0x40, 0x01, 0x23, 0x40, 0x01, 0x23, 0x10, 0x01, 0x23, 0x08, 0x01, 
0x23, 0x04, 0x01, 0x23, 0x04, 0x01, 0x23, 0x10, 0x01, 0x23, 0x10, 0x01, 0x23, 0x08, 0x01, 0x23, 0x08, 0x01, 0x23, 0x04, 
0x01, 0x00, 0x00, 0x23, 0x04, 0x01, 0x23, 0x08, 0x01, 0x23, 0x04, 0x01, 0x23, 0x04, 0x01, 0x23, 0x04, 0x01, 0x23, 0x04, 
0x01, 0x23, 0x04, 0x01, 0x00, 0x00, 0x23, 0x04, 0x01, 0x00, 0x00, 0x23, 0x04, 0x01, 0x00, 0x00, 0x23, 0x04, 0x01, 0x00, 
0x00, 0x23, 0x10, 0x01, 0x00, 0x00, 0x23, 0x0c, 0x01, 0x00, 0x00, 0x23, 0x04, 0x01, 0x00, 0x00, 0x23, 0x08, 0x01, 0x00, 
0x00, 0x23, 0x04, 0x01, 0x00, 0x00, 0x23, 0x04, 0x01, 0x00, 0x00, 0x23, 0x04, 0x01, 0x23, 0x04, 0x01, 0x00, 0x00, 0x23, 
0x04, 0x01, 0x00, 0x00, 0x23, 0x04, 0x01, 0x23, 0x90, 0x01, 0x01, 0x00, 0x00, 0x23, 0x0c, 0x01, 0x23, 0x04, 0x01, 0x23, 
0x10, 0x01, 0x23, 0x10, 0x01, 0x00, 0x00, 0x23, 0x08, 0x01, 0x00, 0x00, 0x23, 0x04, 0x01, 0x23, 0x04, 0x01, 0x00, 0x00, 
0x23, 0x08, 0x01, 0x00, 0x00, 0x23, 0x04, 0x01, 0x23, 0x04, 0x01, 0x00, 0x00, 0x23, 0x10, 0x01, 0x00, 0x00, 0x23, 0x04, 
0x01, 0x23, 0x04, 0x01, 0x00, 0x00, 0x23, 0x08, 0x01, 0x23, 0x04, 0x01, 0x00, 0x00, 0x23, 0x04, 0x01, 0x00, 0x00, 0x23, 
0x04, 0x01, 0x23, 0x04, 0x01, 0x23, 0x0c, 0x01, 0x23, 0x04, 0x01, 0x23, 0x04, 0x01, 0x23, 0x04, 0x01, 0x23, 0x04, 0x01, 
0x23, 0x04, 0x01, 0x23, 0x0c, 0x01, 0x23, 0x04, 0x01, 0x23, 0x04, 0x01, 0x23, 0x04, 0x01, 0x23, 0x04, 0x01, 0x05, 0x00, 
0x07, 0x01, 0x10, 0x00, 0x23, 0x04, 0x01, 0x23, 0x30, 0x01, 0x23, 0x08, 0x01, 0x05, 0x00, 0x07, 0x01, 0x10, 0x00, 0x23, 
0x08, 0x01, 0x05, 0x00, 0x07, 0x01, 0x10, 0x00, 0x23, 0x40, 0x01, 0x00, 0x00, 0x23, 0x40, 0x01, 0x00, 0x00, 0x23, 0x04, 
0x01, 0x00, 0x00, 0x23, 0x04, 0x01, 0x00, 0x00, 0x23, 0x04, 0x01, 0x23, 0x04, 0x01, 0x23, 0x40, 0x01, 0x00, 0x00, 0x23, 
0x04, 0x01, 0x00, 0x00, 0x23, 0x04, 0x01, 0x00, 0x00, 0x23, 0x04, 0x01, 0x00, 0x00, 0x23, 0x04, 0x10, 0xa8, 0x31, 0x21, 
0x00, 0x10, 0x00, 0x22, 0x00, 0x10, 0xc8, 0x01, 0x0b, 0x2a, 0x37, 0x8b, 0x2e, 0x05, 0x00, 0x05, 0x00, 0x07, 0x01, 0x10, 
0x00, 0x23, 0x00, 0x01, 0x23, 0x30, 0x01, 0x23, 0x0c, 0x10, 0xc7, 0x10, 0x06, 0x40, 0x00, 0xfc, 0x10, 0x02, 0x47, 0x00, 
0x01, 0x00, 0x23, 0x00, 0x10, 0x8e, 0x24, 0x21, 0x01, 0x10, 0x00, 0x22, 0x01, 0x10, 0xb6, 0x0f, 0x21, 0x05, 0x10, 0x00, 
0x22, 0x01, 0x00, 0x8f, 0x37, 0x02, 0x47, 0x00, 0x01, 0x00, 0x23, 0x00, 0x10, 0xf8, 0x04, 0x06, 0x10, 0x00, 0xe1, 0x0b, 
0x02, 0x37, 0x00, 0x02, 0x00, 0x00, 0x00, 0x23, 0x00, 0x10, 0xe6, 0x36, 0x21, 0x02, 0x10, 0x00, 0x22, 0x01, 0x10, 0xcb, 
0x02, 0x21, 0x03, 0x10, 0x00, 0x22, 0x01, 0x10, 0xa6, 0x01, 0x1e, 0x00, 0x10, 0xda, 0x1e, 0x1e, 0x05, 0x10, 0xb7, 0x02, 
0x1e, 0x06, 0x10, 0x78, 0x1e, 0x03, 0x10, 0xbd, 0x14, 0x0b, 0x2b, 0x10, 0xa8, 0x09, 0x1e, 0x05, 0x10, 0xad, 0x20, 0x1e, 
0x00, 0x10, 0xfc, 0x14, 0x1e, 0x06, 0x10, 0xa3, 0x0d, 0x1e, 0x09, 0x00, 0xa7, 0x09, 0x02, 0x47, 0x00, 0x04, 0x00, 0x0b, 
0x01, 0x00, 0x01, 0x0b, 0x01, 0x01, 0x01, 0x0b, 0x01, 0x03, 0x01, 0x0b, 0x01, 0x04, 0x00, 0xaa, 0xe8, 0x01, 0x00, 0x00, 
0x04, 0x00, 0x00, 0x02, 0x00, 0x93, 0x02, 0x0e, 0xa1, 0x04, 0xf4, 0x13, 0x08, 0xa6, 0x02, 0xe9, 0x13, 0x20, 0xb7, 0x02, 
0x20, 0x0d, 0x04, 0xb8, 0x02, 0x90, 0x01, 0x1d, 0x04, 0xb7, 0x02, 0x99, 0x01, 0x0d, 0x03, 0xb5, 0x02, 0x17, 0x20, 0x01, 
0x3e, 0x92, 0x0a, 0x07, 0x18, 0xb5, 0x02, 0x93, 0x0a, 0x20, 0x00, 0xb7, 0x02, 0x18, 0x0b, 0x04, 0xd1, 0x04, 0xe8, 0x05, 
0x08, 0x95, 0x05, 0x17, 0x1d, 0xb7, 0x02, 0xef, 0x05, 0x0d, 0x02, 0xde, 0x02, 0xec, 0x18, 0x13, 0x1d, 0x1d, 0x65, 0xbb, 
0x04, 0x0b, 0x82, 0x0f, 0x00, 0x00, 0x00, 0x00, 0xbb, 0x04, 0x0c, 0x02, 0x00, 0x00, 0x00, 0x00, 0xbb, 0x04, 0x0b, 0x04, 
0x01, 0x00, 0x00, 0x00, 0xbb, 0x04, 0x0c, 0x02, 0x01, 0x00, 0x00, 0x00, 0xbb, 0x04, 0x0b, 0x04, 0x02, 0x00, 0x00, 0x00, 
0xbb, 0x04, 0x0c, 0x02, 0x02, 0x00, 0x00, 0x00, 0xbb, 0x04, 0x0c, 0x06, 0x03, 0x00, 0x00, 0x00, 0xb8, 0x02, 0x9b, 0x27, 
0x18, 0x03, 0xbb, 0x04, 0x0b, 0xb8, 0x27, 0x08, 0x00, 0x00, 0x00, 0xbc, 0x02, 0x0b, 0x1d, 0xa2, 0x14, 0x8e, 0x03, 0xdd, 
0x18, 0x65, 0x46, 0x0c, 0x0c, 0x0c, 0x0d, 0x9c, 0x14, 0xb2, 0x06, 0x0c, 0xec, 0x3e, 0x40, 0x00, 0x00, 0x00, 0xbc, 0x02, 
0x95, 0x22, 0xed, 0x07, 0xa3, 0x27, 0xae, 0x02, 0xdd, 0x22, 0x98, 0x16, 0x3e, 0xfa, 0x09, 0x02, 0xe9, 0x04, 0x39, 0xe6, 
0x09, 0xe8, 0x1f, 0x02, 0x3e, 0xef, 0x27, 0x02, 0x65, 0x3e, 0xb1, 0x01, 0x02, 0x0c, 0xbb, 0x04, 0x0c, 0xa2, 0x1e, 0x05, 
0x00, 0x00, 0x00, 0x3e, 0x9f, 0x1e, 0x02, 0x0d, 0x3e, 0x02, 0x03, 0x0c, 0x39, 0x8b, 0x05, 0x82, 0x2a, 0x03, 0xb2, 0x06, 
0x0c, 0xb2, 0x21, 0x02, 0x00, 0x00, 0x00, 0xbb, 0x04, 0x0b, 0x9d, 0x2d, 0x04, 0x00, 0x00, 0x00, 0xbc, 0x02, 0xb5, 0x08, 
0x65, 0x96, 0x14, 0xbc, 0x02, 0x02, 0x65, 0x96, 0x14, 0xb7, 0x02, 0xcf, 0x1f, 0x0b, 0x03, 0xbb, 0x04, 0x0b, 0xa2, 0x28, 
0x09, 0x00, 0x00, 0x00, 0xbc, 0x02, 0xf0, 0x04, 0x18, 0xa5, 0x14, 0xbc, 0x02, 0xd1, 0x24, 0x1d, 0x96, 0x14, 0xbb, 0x04, 
0x0b, 0xaa, 0x20, 0x15, 0x00, 0x00, 0x00, 0xbc, 0x02, 0x83, 0x1e, 0x1d, 0xc9, 0x14, 0xce, 0x82, 0xc0, 0x02, 0xd4, 0x02, 
0x65, 0x65, 0x65, 0x65, 0xfb, 0x0f, 0xfc, 0x0f, 0x65, 0x65, 0x1d, 0x13, 0x0d, 0x0d, 0x1d, 0x1d, 0x13, 0x13, 0x0d, 0x0d, 
0x13, 0x0d, 0x0d, 0x0d, 0x0d, 0x0d, 0x0d, 0x0d, 0x0d, 0x1d, 0x14, 0x0c, 0x13, 0x0c, 0x0c, 0x0c, 0x0c, 0x0d, 0x0d, 0xdd, 
0x16, 0x18, 0x0d, 0x1d, 0x1d, 0x13, 0x0c, 0x0d, 0x13, 0x0d, 0x0d, 0x1d, 0x0c, 0x0d, 0x13, 0x0d, 0x0d, 0x0d, 0x0b, 0x18, 
0x0d, 0x0d, 0x0b, 0x0d, 0x0d, 0x18, 0x0d, 0x0d, 0x0d, 0x0d, 0x0d, 0x46, 0x13, 0x13, 0x65, 0x65, 0x0d, 0x0d, 0x0d, 0x0d, 
0xb4, 0x04, 0x0c, 0x0d, 0x0d, 0x0d, 0xc7, 0x05, 0x3e, 0xfa, 0x09, 0x02, 0xf1, 0x06, 0x39, 0xee, 0x0b, 0xae, 0x27, 0x02, 
0xbb, 0x04, 0x0c, 0xcf, 0x16, 0x06, 0x00, 0x00, 0x00, 0x3e, 0xa1, 0x1e, 0x01, 0x0c, 0x39, 0x8c, 0x05, 0xba, 0x36, 0x01, 
0xb8, 0x02, 0xa5, 0x3f, 0x18, 0x04, 0xb8, 0x02, 0x0b, 0x1d, 0x03, 0xce, 0x02, 0xa6, 0x11, 0x50, 0x18, 0x0d, 0xbb, 0x04, 
0x0b, 0xb7, 0x0d, 0x00, 0x01, 0x00, 0x00, 0xbc, 0x02, 0x8f, 0x03, 0xa3, 0x09, 0xc7, 0x02, 0xae, 0x02, 0xfc, 0x10, 0x7f, 
0x3e, 0xfa, 0x09, 0x02, 0xbd, 0x09, 0x39, 0xba, 0x0e, 0x94, 0x1a, 0x02, 0x3e, 0xed, 0x2b, 0x02, 0x50, 0xbb, 0x04, 0x0b, 
0x8c, 0x1d, 0x03, 0x00, 0x00, 0x00, 0xbb, 0x04, 0x0d, 0x0d, 0x00, 0x00, 0x00, 0x00, 0x94, 0x02, 0x85, 0x28, 0xbb, 0x04, 
0x0d, 0x82, 0x02, 0x00, 0x00, 0x80, 0x3f, 0xb7, 0x02, 0xef, 0x01, 0x0c, 0x02, 0xbb, 0x04, 0x0b, 0xe4, 0x29, 0x00, 0x08, 
0x00, 0x00, 0x89, 0x03, 0xdb, 0x27, 0x0d, 0x01, 0x00, 0x00, 0x00, 0x01, 0x00, 0xab, 0x02, 0xd0, 0x05, 0x96, 0x01, 0x3e, 
0xfa, 0x09, 0x00, 0xfe, 0x03, 0x39, 0xfb, 0x08, 0xc8, 0x34, 0x00, 0xae, 0x02, 0x8f, 0x37, 0x0c, 0x3e, 0xfa, 0x09, 0x09, 
0xd7, 0x07, 0x39, 0xd4, 0x0c, 0xa2, 0x17, 0x09, 0x3e, 0xaf, 0x26, 0x09, 0x0c, 0xb7, 0x02, 0xed, 0x09, 0x0c, 0x03, 0xbb, 
0x04, 0x0c, 0xde, 0x29, 0x00, 0x08, 0x00, 0x00, 0xbc, 0x02, 0xe3, 0x15, 0x1d, 0xc7, 0x02, 0xae, 0x02, 0xe1, 0x0b, 0x93, 
0x0a, 0x3e, 0xfa, 0x09, 0x02, 0xa2, 0x04, 0x39, 0x9f, 0x09, 0xec, 0x2c, 0x02, 0x89, 0x03, 0xfd, 0x3b, 0x0d, 0x01, 0x00, 
0x01, 0x00, 0x01, 0x00, 0xab, 0x02, 0xd2, 0x04, 0xd6, 0x01, 0x3e, 0xfa, 0x09, 0x00, 0xff, 0x03, 0x39, 0xfc, 0x08, 0xe6, 
0x2a, 0x00, 0x3e, 0xa9, 0x32, 0x01, 0x1d, 0x39, 0x9a, 0x05, 0xd0, 0x33, 0x01, 0xbb, 0x04, 0x0c, 0xf3, 0x2c, 0x00, 0x02, 
0x00, 0x00, 0xbb, 0x04, 0x0c, 0xff, 0x0b, 0x00, 0x01, 0x00, 0x00, 0x3e, 0x98, 0x05, 0x01, 0x17, 0x39, 0x94, 0x05, 0xb6, 
0x52, 0x01, 0x39, 0x9a, 0x05, 0xb7, 0x02, 0x01, 0xbb, 0x04, 0x0d, 0xbf, 0x4b, 0x00, 0x00, 0x00, 0xbf, 0xbb, 0x04, 0x0d, 
0xed, 0x0a, 0x00, 0x00, 0x00, 0x3f, 0xbb, 0x04, 0x0d, 0xac, 0x10, 0x00, 0x00, 0x00, 0x20, 0xbb, 0x04, 0x0d, 0xed, 0x0a, 
0x00, 0x00, 0x00, 0xa0, 0x3e, 0x6a, 0x01, 0x13, 0x39, 0x90, 0x05, 0xfe, 0x50, 0x01, 0x3e, 0x81, 0x51, 0x01, 0x0d, 0xec, 
0x04, 0x1d, 0xd8, 0x23, 0xdc, 0x05, 0xdc, 0x05, 0xdc, 0x05, 0xdc, 0x05, 0xec, 0x04, 0x1d, 0xcd, 0x17, 0x92, 0x14, 0xf1, 
0x11, 0xf1, 0x11, 0xf1, 0x11, 0xec, 0x04, 0x1d, 0x82, 0x09, 0xef, 0x08, 0x94, 0x1d, 0xef, 0x08, 0xef, 0x08, 0xec, 0x04, 
0x1d, 0xa7, 0x10, 0x97, 0x19, 0x97, 0x19, 0xec, 0x0c, 0x97, 0x19, 0xec, 0x04, 0x1d, 0xde, 0x1e, 0xc6, 0x05, 0xc6, 0x05, 
0xc6, 0x05, 0xca, 0x2b, 0xec, 0x04, 0x65, 0xdb, 0x23, 0xa3, 0x0c, 0xa5, 0x15, 0xfd, 0x04, 0xdb, 0x23, 0xbb, 0x04, 0x0d, 
0xcf, 0x09, 0x00, 0x00, 0x00, 0x40, 0x39, 0x8c, 0x05, 0xae, 0x46, 0x01, 0x3e, 0xbd, 0x3c, 0x03, 0x13, 0x39, 0x91, 0x05, 
0xe6, 0x45, 0x03, 0x3e, 0xd1, 0x45, 0x03, 0x1d, 0x39, 0x9b, 0x05, 0xa4, 0x25, 0x03, 0x39, 0x9b, 0x05, 0xfc, 0x14, 0x03, 
0x3e, 0xb7, 0x3a, 0x03, 0x0d, 0x39, 0x9b, 0x05, 0x94, 0x2d, 0x03, 0xbb, 0x04, 0x0d, 0xaf, 0x2a, 0x00, 0x00, 0x80, 0xbf, 
0xbc, 0x02, 0x8e, 0x01, 0x0d, 0x90, 0x14, 0xbc, 0x02, 0x31, 0x0d, 0x8d, 0x14, 0xde, 0x02, 0xac, 0x20, 0x1d, 0x0d, 0x88, 
0x07, 0xef, 0x06, 0x3e, 0x8b, 0x25, 0x03, 0x85, 0x17, 0x39, 0xbf, 0x04, 0x86, 0x44, 0x03, 0xcc, 0x04, 0x13, 0x83, 0x41, 
0xec, 0x09, 0xec, 0x09, 0xad, 0x06, 0x1d, 0xfb, 0x0b, 0xc6, 0x06, 0x08, 0xba, 0x58, 0x00, 0x82, 0x0a, 0x18, 0xe8, 0xac, 
0x02, 0x39, 0x95, 0x05, 0x93, 0x66, 0x07, 0x39, 0x95, 0x05, 0xc4, 0x37, 0x07, 0x39, 0x95, 0x05, 0xb9, 0x79, 0x07, 0x01, 
0x0c, 0xfa, 0x26, 0xb6, 0xbd, 0x01, 0x22, 0xfe, 0xcf, 0x01, 0x00, 0x01, 0x0c, 0xbe, 0x0e, 0xbc, 0xde, 0x01, 0xc7, 0x10, 
0x0c, 0xc7, 0x51, 0xc7, 0x51, 0xc2, 0x6b, 0x33, 0xe2, 0x05, 0xeb, 0x2a, 0xda, 0x19, 0x8b, 0x14, 0xc6, 0x60, 0x8b, 0x14, 
0x01, 0x65, 0x96, 0x80, 0x01, 0x96, 0x80, 0x01, 0x33, 0x89, 0x05, 0xbe, 0x24, 0xda, 0x19, 0x8b, 0x14, 0xc6, 0x60, 0x91, 
0x14, 0x01, 0x0c, 0x9c, 0x23, 0x9c, 0x23, 0x33, 0x89, 0x05, 0x99, 0x23, 0xda, 0x19, 0x8b, 0x14, 0xc6, 0x60, 0x94, 0x14, 
0x01, 0x0c, 0x9c, 0x23, 0x9c, 0x23, 0x13, 0x8e, 0x05, 0x99, 0x23, 0xcf, 0x2d, 0x8a, 0x14, 0x01, 0x0d, 0x9c, 0x23, 0x9c, 
0x23, 0x13, 0x8e, 0x05, 0xd3, 0x0f, 0xcf, 0x2d, 0x8d, 0x14, 0x01, 0x0d, 0x91, 0x9d, 0x01, 0x91, 0x9d, 0x01, 0xc3, 0x10, 
0x0d, 0xe8, 0xb1, 0x01, 0x82, 0xe1, 0x02, 0xe8, 0xb1, 0x01, 0xc0, 0x0a, 0x13, 0xe5, 0xe8, 0x01, 0xe3, 0xe3, 0x01, 0xe5, 
0xe8, 0x01, 0x13, 0xe2, 0x05, 0xa8, 0x89, 0x01, 0xc5, 0x1f, 0x9d, 0x14, 0x01, 0x65, 0xd5, 0x43, 0xd5, 0x43, 0x01, 0x1d, 
0xcb, 0x04, 0xb2, 0x7d, 0xc7, 0x18, 0x0c, 0xee, 0x9f, 0x01, 0xed, 0x02, 0x94, 0xca, 0x02, 0xcb, 0x14, 0x09, 0xdd, 0xb7, 
0x01, 0xdd, 0xb7, 0x01, 0xb0, 0x7b, 0xa7, 0x1e, 0xda, 0x36, 0x00, 0xba, 0x1e, 0x00, 0xfb, 0x25, 0xda, 0x36, 0x18, 0xfc, 
0x25, 0x01, 0x0c, 0xf1, 0x0c, 0xfe, 0x7b, 0x13, 0x8d, 0x05, 0xaf, 0x0b, 0xa5, 0x18, 0x8b, 0x14, 0x01, 0x0c, 0xde, 0x19, 
0xde, 0x19, 0xc0, 0x10, 0x0c, 0xc6, 0x63, 0xf4, 0x71, 0xc6, 0x63, 0xcb, 0x10, 0x0c, 0xb1, 0x9d, 0x01, 0xb1, 0x9d, 0x01, 
0x88, 0x67, 0xc7, 0x10, 0x0c, 0x81, 0x2a, 0xb3, 0xc7, 0x01, 0x86, 0x3d, 0xd0, 0x0a, 0x16, 0xda, 0xe8, 0x01, 0xd8, 0xbe, 
0x01, 0xda, 0xe8, 0x01, 0xd4, 0xa7, 0x02, 0x99, 0x1e, 0xa4, 0x13, 0x18, 0xa3, 0x13, 0xe5, 0x1e, 0x16, 0xf7, 0x8d, 0x01, 
0xf5, 0x53, 0x00, 0x00, 0x61, 0x32, 0x00, 0x00, 0xf3, 0x2b, 0x00, 0x00, 0xed, 0x57, 0x00, 0x00, 0xe5, 0x1e, 0x1d, 0xaa, 
0x1d, 0xdb, 0x2e, 0x00, 0x00, 0x61, 0x32, 0x00, 0x00, 0x8d, 0x35, 0x00, 0x00, 0xed, 0x57, 0x00, 0x00, 0xe5, 0x1e, 0x0c, 
0x85, 0x51, 0x0b, 0x0a, 0x00, 0x00, 0x61, 0x32, 0x00, 0x00, 0x0c, 0x56, 0x00, 0x00, 0xed, 0x57, 0x00, 0x00, 0xc1, 0x16, 
0x09, 0xf5, 0x14, 0xf5, 0x14, 0x93, 0xf8, 0x01, 0xb6, 0x1e, 0x8b, 0x07, 0xdd, 0xf9, 0x01, 0x00, 0xba, 0x1e, 0x00, 0xb1, 
0x7d, 0x8b, 0x07, 0x18, 0xb2, 0x7d, 0x33, 0x8a, 0x05, 0x9a, 0x5c, 0xd5, 0x1f, 0x8b, 0x14, 0xb9, 0x3d, 0x8a, 0x14, 0x01, 
0x0d, 0x93, 0x29, 0x93, 0x29, 0xc7, 0x16, 0x09, 0xf3, 0x7a, 0xf3, 0x7a, 0xa8, 0x73, 0xa7, 0x1e, 0xcf, 0xdf, 0x01, 0x00, 
0xba, 0x1e, 0x00, 0xf8, 0x0b, 0xcf, 0xdf, 0x01, 0x18, 0xf7, 0x0b, 0xd2, 0x0a, 0x16, 0xfe, 0x3c, 0xd4, 0x51, 0xf8, 0x1d, 
0x02, 0x01, 0xff, 0x03, 0xb0, 0x51, 0x98, 0xe1, 0x01, 0xb4, 0x0c, 0xd6, 0x01, 0xeb, 0x58, 0xeb, 0x58, 0xef, 0x0a, 0x1d, 
0xfe, 0x20, 0xfe, 0x20, 0xc2, 0x19, 0x02, 0x8b, 0x14, 0xce, 0x10, 0x1d, 0xc9, 0x19, 0xc9, 0x19, 0xf5, 0x49, 0x4b, 0x1d, 
0xa8, 0x22, 0xee, 0x22, 0xa8, 0x22, 0x99, 0x1e, 0xa9, 0x8c, 0x01, 0x18, 0xaa, 0x8c, 0x01, 0xe5, 0x1e, 0x16, 0xa9, 0xcb, 
0x01, 0xa7, 0x2b, 0x00, 0x00, 0xd7, 0x38, 0x00, 0x00, 0x23, 0x33, 0x00, 0x00, 0xe4, 0x23, 0x00, 0x00, 0xe5, 0x1e, 0x1d, 
0xb4, 0x26, 0xfc, 0x32, 0x00, 0x00, 0xd7, 0x38, 0x00, 0x00, 0xb3, 0x3b, 0x00, 0x00, 0xe4, 0x23, 0x00, 0x00, 0x99, 0x1e, 
0xbf, 0x89, 0x01, 0x18, 0xc0, 0x89, 0x01, 0xc0, 0x10, 0x0c, 0xc1, 0x07, 0xa6, 0xdd, 0x01, 0xfc, 0xaf, 0x02, 0x99, 0x1e, 
0xd2, 0x1b, 0x18, 0x8f, 0xeb, 0x01, 0x99, 0x1e, 0x1c, 0x18, 0x1b, 0xe5, 0x1e, 0x1d, 0x92, 0xa8, 0x01, 0xdb, 0x2e, 0x00, 
0x00, 0x53, 0x61, 0x00, 0x00, 0xfc, 0x32, 0x00, 0x00, 0x44, 0x1b, 0x00, 0x00, 0xc7, 0x18, 0x0c, 0xa5, 0x78, 0xb9, 0xc1, 
0x01, 0xc8, 0x97, 0x01, 0xcb, 0x14, 0x09, 0xd2, 0x6e, 0xd2, 0x6e, 0x94, 0xe3, 0x01, 0xa7, 0x1e, 0xdd, 0x19, 0x00, 0xba, 
0x1e, 0x00, 0x80, 0x43, 0xdd, 0x19, 0x18, 0xff, 0x42, 0x01, 0x17, 0xba, 0x04, 0x86, 0x70, 0x01, 0x1d, 0xa6, 0x76, 0xe4, 
0xe8, 0x01, 0x3d, 0x18, 0xfb, 0x43, 0xef, 0x15, 0xef, 0x15, 0x18, 0x22, 0xf2, 0x21, 0x00, 0xe9, 0x06, 0x08, 0xc1, 0x84, 
0x01, 0xaa, 0x33, 0xcf, 0x62, 0x97, 0x52, 0xbd, 0xc8, 0x01, 0x01, 0x18, 0xbe, 0xbc, 0x01, 0xee, 0x59, 0xc1, 0x0a, 0x0d, 
0xbb, 0x0a, 0xbb, 0x0a, 0x00, 0xd2, 0x0a, 0x1d, 0xf3, 0x3c, 0xf3, 0x3c, 0xa3, 0x25, 0x00, 0xc1, 0x0a, 0x0d, 0xbe, 0x46, 
0x71, 0x01, 0xd2, 0x0a, 0x1d, 0x89, 0x3a, 0x89, 0x3a, 0xb4, 0x0c, 0x01, 0xc1, 0x0a, 0x0d, 0xfa, 0x6b, 0xfe, 0x30, 0x02, 
0xd2, 0x0a, 0x1d, 0xe7, 0xd6, 0x01, 0xe7, 0xd6, 0x01, 0xed, 0x6a, 0x02, 0x99, 0x1e, 0xe7, 0x93, 0x01, 0x18, 0xe8, 0x93, 
0x01, 0xe5, 0x1e, 0x1d, 0xaf, 0x06, 0x3f, 0x45, 0x00, 0x00, 0x36, 0x1b, 0x00, 0x00, 0x50, 0x24, 0x00, 0x00, 0x15, 0x32, 
0x00, 0x00, 0xc1, 0x0a, 0x0d, 0xe3, 0x34, 0xe3, 0x34, 0x02, 0x4a, 0x0d, 0x99, 0x5e, 0x99, 0x5e, 0xf4, 0x7c, 0x4b, 0x0d, 
0x90, 0xba, 0x01, 0x90, 0xba, 0x01, 0xf2, 0xc1, 0x02, 0xd2, 0x0a, 0x1d, 0xf9, 0xa2, 0x01, 0xf9, 0xa2, 0x01, 0xe7, 0x7b, 
0x02, 0xc1, 0x12, 0x1d, 0xcc, 0x52, 0xba, 0x35, 0xcc, 0x52, 0xc1, 0x0a, 0x0d, 0xc5, 0x18, 0xc5, 0x18, 0x03, 0x5c, 0x0d, 
0xdb, 0x79, 0x01, 0x04, 0xbb, 0x6e, 0xc8, 0x16, 0x09, 0x8e, 0x3e, 0x8e, 0x3e, 0x84, 0x8d, 0x01, 0xa7, 0x1e, 0xe1, 0x83, 
0x01, 0x00, 0xba, 0x1e, 0x00, 0xc9, 0x24, 0xe1, 0x83, 0x01, 0x18, 0xca, 0x24, 0xc8, 0x16, 0x09, 0xe7, 0x27, 0xeb, 0x3e, 
0xf2, 0x75, 0xd9, 0x14, 0x0d, 0xac, 0x44, 0xac, 0x44, 0x80, 0xd9, 0x01, 0x92, 0xce, 0x01, 0xd2, 0x0a, 0x1d, 0x81, 0x4f, 
0x81, 0x4f, 0x87, 0x62, 0x03, 0x99, 0x1e, 0xd5, 0x91, 0x01, 0x18, 0xd6, 0x91, 0x01, 0xe5, 0x1e, 0x1d, 0xbf, 0x05, 0x5e, 
0x3d, 0x00, 0x00, 0x44, 0x49, 0x00, 0x00, 0xda, 0x24, 0x00, 0x00, 0x79, 0x31, 0x00, 0x00, 0xc1, 0x0a, 0x0d, 0xf5, 0x39, 
0xf5, 0x39, 0x03, 0xc8, 0x10, 0x0d, 0x9e, 0x56, 0xde, 0xb9, 0x02, 0x9e, 0x56, 0xce, 0x10, 0x1d, 0xbe, 0x07, 0xe6, 0x23, 
0xbe, 0x07, 0xe0, 0x0a, 0xc9, 0x0c, 0xad, 0x61, 0xd2, 0x67, 0x8e, 0xb4, 0x01, 0xad, 0x61, 0x80, 0xd8, 0x01, 0xc1, 0x0a, 
0x13, 0xe0, 0x3b, 0xe0, 0x3b, 0x00, 0xc1, 0x0a, 0x1d, 0xd9, 0x1f, 0x86, 0x1c, 0x02, 0xa7, 0x1e, 0xfc, 0x82, 0x01, 0x00, 
0xba, 0x1e, 0xc2, 0x5a, 0xc4, 0x34, 0xfc, 0x82, 0x01, 0x18, 0xc3, 0x34, 0x01, 0x0c, 0xf1, 0x0c, 0x80, 0x7c, 0x13, 0x8d, 
0x05, 0xaf, 0x0b, 0xa5, 0x18, 0x8b, 0x14, 0x01, 0x0c, 0xde, 0x19, 0xde, 0x19, 0xc0, 0x10, 0x0c, 0xc6, 0x63, 0xf4, 0x71, 
0xc6, 0x63, 0xcb, 0x10, 0x0c, 0xb1, 0x9d, 0x01, 0xb1, 0x9d, 0x01, 0x8a, 0x67, 0xc7, 0x10, 0x0c, 0x81, 0x2a, 0xb3, 0xc7, 
0x01, 0x88, 0x3d, 0xd0, 0x0a, 0x16, 0xda, 0xe8, 0x01, 0xd8, 0xbe, 0x01, 0xda, 0xe8, 0x01, 0xd6, 0xa7, 0x02, 0x99, 0x1e, 
0xa4, 0x13, 0x18, 0xa3, 0x13, 0xe5, 0x1e, 0x16, 0xf7, 0x8d, 0x01, 0xf6, 0x53, 0x00, 0x00, 0x62, 0x32, 0x00, 0x00, 0xf4, 
0x2b, 0x00, 0x00, 0xee, 0x57, 0x00, 0x00, 0xe5, 0x1e, 0x1d, 0xaa, 0x1d, 0xdb, 0x2e, 0x00, 0x00, 0x62, 0x32, 0x00, 0x00, 
0x8e, 0x35, 0x00, 0x00, 0xee, 0x57, 0x00, 0x00, 0xe5, 0x1e, 0x0c, 0x85, 0x51, 0x0b, 0x0a, 0x00, 0x00, 0x62, 0x32, 0x00, 
0x00, 0x0d, 0x56, 0x00, 0x00, 0xee, 0x57, 0x00, 0x00, 0xc1, 0x16, 0x09, 0xf5, 0x14, 0xf5, 0x14, 0x91, 0xf8, 0x01, 0xb6, 
0x1e, 0x8b, 0x07, 0xdd, 0xf9, 0x01, 0x00, 0xba, 0x1e, 0x00, 0xb1, 0x7d, 0x8b, 0x07, 0x18, 0xb2, 0x7d, 0x33, 0x8a, 0x05, 
0x9a, 0x5c, 0xd5, 0x1f, 0x8b, 0x14, 0xba, 0x3d, 0x8a, 0x14, 0x01, 0x0d, 0x91, 0x29, 0x91, 0x29, 0xc7, 0x16, 0x09, 0xf5, 
0x7a, 0xf5, 0x7a, 0xaa, 0x73, 0xa7, 0x1e, 0xcf, 0xdf, 0x01, 0x00, 0xba, 0x1e, 0x00, 0xf8, 0x0b, 0xcf, 0xdf, 0x01, 0x18, 
0xf7, 0x0b, 0xd2, 0x0a, 0x16, 0xfe, 0x3c, 0xd4, 0x51, 0xf8, 0x1d, 0x02, 0x01, 0xff, 0x03, 0xb0, 0x51, 0x9a, 0xe1, 0x01, 
0xb4, 0x0c, 0xd6, 0x01, 0xeb, 0x58, 0xeb, 0x58, 0xef, 0x0a, 0x1d, 0xfe, 0x20, 0xfe, 0x20, 0xc2, 0x19, 0x02, 0x8b, 0x14, 
0xce, 0x10, 0x1d, 0xc9, 0x19, 0xc9, 0x19, 0xf7, 0x49, 0x4b, 0x1d, 0xa8, 0x22, 0xee, 0x22, 0xa8, 0x22, 0x99, 0x1e, 0xa9, 
0x8c, 0x01, 0x18, 0xaa, 0x8c, 0x01, 0xe5, 0x1e, 0x16, 0xa9, 0xcb, 0x01, 0xa8, 0x2b, 0x00, 0x00, 0xd8, 0x38, 0x00, 0x00, 
0x24, 0x33, 0x00, 0x00, 0xe5, 0x23, 0x00, 0x00, 0xe5, 0x1e, 0x1d, 0xb4, 0x26, 0xfd, 0x32, 0x00, 0x00, 0xd8, 0x38, 0x00, 
0x00, 0xb4, 0x3b, 0x00, 0x00, 0xe5, 0x23, 0x00, 0x00, 0x99, 0x1e, 0xbf, 0x89, 0x01, 0x18, 0xc0, 0x89, 0x01, 0xc0, 0x10, 
0x0c, 0xc1, 0x07, 0xa6, 0xdd, 0x01, 0xfe, 0xaf, 0x02, 0x99, 0x1e, 0xd2, 0x1b, 0x18, 0x8f, 0xeb, 0x01, 0x99, 0x1e, 0x81, 
0x0e, 0x18, 0x82, 0x0e, 0xe5, 0x1e, 0x1d, 0xcc, 0x2f, 0xdb, 0x2e, 0x00, 0x00, 0x45, 0x49, 0x00, 0x00, 0xfd, 0x32, 0x00, 
0x00, 0x45, 0x1b, 0x00, 0x00, 0xa7, 0x1e, 0xe3, 0x79, 0x00, 0xba, 0x1e, 0xd1, 0x60, 0xd3, 0x1d, 0xe3, 0x79, 0x18, 0xd4, 
0x1d, 0x01, 0x17, 0xba, 0x04, 0x88, 0x70, 0x01, 0x1d, 0xa6, 0x76, 0xe6, 0xe8, 0x01, 0x3d, 0x18, 0xfb, 0x43, 0xb8, 0x54, 
0xb8, 0x54, 0x18, 0x22, 0xc5, 0x57, 0x00, 0xe9, 0x06, 0x08, 0xc1, 0x84, 0x01, 0xac, 0x33, 0x87, 0xdc, 0x01, 0x97, 0x52, 
0xbd, 0xc8, 0x01, 0x01, 0x18, 0xbe, 0xbc, 0x01, 0xc9, 0x1f, 0xc1, 0x0a, 0x0d, 0xbb, 0x0a, 0xbb, 0x0a, 0x00, 0xd2, 0x0a, 
0x1d, 0xf3, 0x3c, 0xf3, 0x3c, 0xd8, 0xef, 0x01, 0x00, 0xc1, 0x0a, 0x0d, 0xbe, 0x46, 0x71, 0x01, 0xd2, 0x0a, 0x1d, 0x89, 
0x3a, 0x89, 0x3a, 0xb4, 0x0c, 0x01, 0xc1, 0x0a, 0x0d, 0xfa, 0x6b, 0xfe, 0x30, 0x02, 0xd2, 0x0a, 0x1d, 0xe7, 0xd6, 0x01, 
0xe7, 0xd6, 0x01, 0xed, 0x6a, 0x02, 0x99, 0x1e, 0x99, 0x93, 0x01, 0x18, 0x9a, 0x93, 0x01, 0xe5, 0x1e, 0x1d, 0xe7, 0x0f, 
0xac, 0x2a, 0x00, 0x00, 0xc6, 0x1e, 0x00, 0x00, 0x51, 0x24, 0x00, 0x00, 0x16, 0x32, 0x00, 0x00, 0x3d, 0x18, 0xce, 0x29, 
0xce, 0x29, 0xce, 0x29, 0x18, 0xc1, 0x0a, 0x0d, 0x93, 0x77, 0x93, 0x77, 0x00, 0xc1, 0x0a, 0x1d, 0xbc, 0x1c, 0xeb, 0x32, 
0x00, 0xce, 0x10, 0x1d, 0xec, 0x1b, 0xec, 0x1b, 0xa8, 0x38, 0xc1, 0x0a, 0x0d, 0xbe, 0x14, 0xad, 0x2a, 0x01, 0xc1, 0x0a, 
0x1d, 0xe4, 0x59, 0xa2, 0x57, 0x01, 0xce, 0x10, 0x1d, 0x9f, 0x6e, 0x9f, 0x6e, 0xbb, 0x14, 0xc1, 0x0a, 0x0d, 0xbe, 0x14, 
0xab, 0x2a, 0x02, 0xc1, 0x0a, 0x1d, 0xe4, 0x59, 0xa4, 0x57, 0x02, 0xce, 0x10, 0x1d, 0x83, 0x60, 0x83, 0x60, 0x9f, 0x06, 
0xc1, 0x0a, 0x1d, 0xaf, 0x7f, 0x8f, 0x88, 0x01, 0x03, 0x4b, 0x1d, 0xdc, 0x57, 0xd3, 0x27, 0xdc, 0x57, 0x4b, 0x1d, 0xa4, 
0x3c, 0xee, 0x22, 0xa4, 0x3c, 0x4b, 0x1d, 0xb4, 0x09, 0xa4, 0x2c, 0xb4, 0x09, 0x01, 0x0c, 0xa5, 0xa9, 0x01, 0x9c, 0x4e, 
0xcb, 0x10, 0x0c, 0x90, 0x25, 0x90, 0x25, 0xfa, 0x51, 0x23, 0xe2, 0x05, 0x80, 0xbc, 0x01, 0xc5, 0x1f, 0x9a, 0x14, 0xe2, 
0x53, 0x01, 0x65, 0xe7, 0x15, 0xe7, 0x15, 0xc1, 0x12, 0x1d, 0xed, 0x82, 0x01, 0xed, 0x82, 0x01, 0xeb, 0x60, 0xce, 0x10, 
0x13, 0xb3, 0x06, 0xa7, 0x59, 0x88, 0xc4, 0x01, 0xc3, 0x10, 0x13, 0xc0, 0x12, 0xc0, 0x12, 0xfa, 0xca, 0x01, 0xc1, 0x0a, 
0x0d, 0x85, 0x5f, 0x85, 0x5f, 0x00, 0xc1, 0x0a, 0x0d, 0x8e, 0x80, 0x01, 0x88, 0x21, 0x01, 0xe0, 0x0a, 0x1d, 0x27, 0xe6, 
0x7f, 0x27, 0xc2, 0xcf, 0x01, 0xc6, 0xf5, 0x01, 0xc1, 0x0a, 0x0d, 0x8f, 0x7c, 0x8f, 0x7c, 0x00, 0xc1, 0x0a, 0x0d, 0x86, 
0xe7, 0x01, 0xf6, 0x6a, 0x01, 0xc1, 0x0a, 0x0d, 0x9d, 0xeb, 0x01, 0xa7, 0x80, 0x01, 0x02, 0xc1, 0x0a, 0x0d, 0xda, 0x02, 
0xcd, 0x7d, 0x03, 0xe0, 0x0a, 0x1d, 0x82, 0x80, 0x01, 0xc4, 0x7e, 0xc1, 0x68, 0xdc, 0x82, 0x01, 0x82, 0x80, 0x01, 0xe0, 
0x0a, 0x65, 0x98, 0x04, 0xb2, 0xd0, 0x01, 0xb2, 0xd0, 0x01, 0xb2, 0xd0, 0x01, 0x98, 0x04, 0xe0, 0x0a, 0xc9, 0x0c, 0x92, 
0x23, 0xd6, 0x03, 0xca, 0x56, 0xb0, 0x23, 0x92, 0x23, 0xc1, 0x0a, 0x13, 0x81, 0x80, 0x01, 0x81, 0x80, 0x01, 0x00, 0xc1, 
0x0a, 0x1d, 0xc8, 0xbb, 0x01, 0xc6, 0x3b, 0x01, 0xc1, 0x0a, 0x1d, 0xc9, 0xb7, 0x01, 0x83, 0x7c, 0x02, 0x22, 0xac, 0x55, 
0xfe, 0x03, 0x22, 0xda, 0x75, 0xc9, 0xb7, 0x01, 0x3d, 0x18, 0xfe, 0x2e, 0xfe, 0x2e, 0xfe, 0x2e, 0x18, 0x13, 0x8f, 0x05, 
0xb3, 0x73, 0xab, 0x22, 0x8a, 0x14, 0xc1, 0x0a, 0x0d, 0x86, 0x6f, 0xad, 0x04, 0x00, 0x22, 0x86, 0x6f, 0x00, 0x13, 0x8f, 
0x05, 0xf0, 0x2f, 0xab, 0x22, 0x8d, 0x14, 0xc1, 0x0a, 0x0d, 0xef, 0x09, 0xd2, 0x21, 0x01, 0x22, 0xef, 0x09, 0x00, 0x13, 
0x8f, 0x05, 0xf2, 0x09, 0xab, 0x22, 0x90, 0x14, 0xc1, 0x0a, 0x0d, 0x91, 0x05, 0xb2, 0x26, 0x02, 0x22, 0x91, 0x05, 0x00, 
0xc1, 0x0a, 0x65, 0x93, 0x34, 0xe7, 0x5a, 0x03, 0xa7, 0x1e, 0xc2, 0x4b, 0x00, 0xba, 0x1e, 0x8a, 0x23, 0xf5, 0x02, 0xc2, 
0x4b, 0x18, 0xf6, 0x02, 0x01, 0x0c, 0xf1, 0x0c, 0x82, 0x7c, 0x13, 0x8d, 0x05, 0xaf, 0x0b, 0xa5, 0x18, 0x8b, 0x14, 0x01, 
0x0c, 0xde, 0x19, 0xde, 0x19, 0xc0, 0x10, 0x0c, 0xc6, 0x63, 0xf4, 0x71, 0xc6, 0x63, 0xcb, 0x10, 0x0c, 0xb1, 0x9d, 0x01, 
0xb1, 0x9d, 0x01, 0x8c, 0x67, 0xc7, 0x10, 0x0c, 0x81, 0x2a, 0xb3, 0xc7, 0x01, 0x8a, 0x3d, 0xd0, 0x0a, 0x16, 0xda, 0xe8, 
0x01, 0xd8, 0xbe, 0x01, 0xda, 0xe8, 0x01, 0xd8, 0xa7, 0x02, 0x99, 0x1e, 0xa4, 0x13, 0x18, 0xa3, 0x13, 0xe5, 0x1e, 0x16, 
0xf7, 0x8d, 0x01, 0xf7, 0x53, 0x00, 0x00, 0x63, 0x32, 0x00, 0x00, 0xf5, 0x2b, 0x00, 0x00, 0xef, 0x57, 0x00, 0x00, 0xe5, 
0x1e, 0x1d, 0xaa, 0x1d, 0xdb, 0x2e, 0x00, 0x00, 0x63, 0x32, 0x00, 0x00, 0x8f, 0x35, 0x00, 0x00, 0xef, 0x57, 0x00, 0x00, 
0xe5, 0x1e, 0x0c, 0x85, 0x51, 0x0b, 0x0a, 0x00, 0x00, 0x63, 0x32, 0x00, 0x00, 0x0e, 0x56, 0x00, 0x00, 0xef, 0x57, 0x00, 
0x00, 0xc1, 0x16, 0x09, 0xf5, 0x14, 0xf5, 0x14, 0x8f, 0xf8, 0x01, 0xb6, 0x1e, 0x8b, 0x07, 0xdd, 0xf9, 0x01, 0x00, 0xba, 
0x1e, 0x00, 0xb1, 0x7d, 0x8b, 0x07, 0x18, 0xb2, 0x7d, 0x33, 0x8a, 0x05, 0x9a, 0x5c, 0xd5, 0x1f, 0x8b, 0x14, 0xbb, 0x3d, 
0x8a, 0x14, 0x01, 0x0d, 0x91, 0x29, 0x91, 0x29, 0xc7, 0x16, 0x09, 0xf5, 0x7a, 0xf5, 0x7a, 0xac, 0x73, 0xa7, 0x1e, 0xcf, 
0xdf, 0x01, 0x00, 0xba, 0x1e, 0x00, 0xf8, 0x0b, 0xcf, 0xdf, 0x01, 0x18, 0xf7, 0x0b, 0xd2, 0x0a, 0x16, 0xfe, 0x3c, 0xd4, 
0x51, 0xf8, 0x1d, 0x02, 0x01, 0xff, 0x03, 0xb0, 0x51, 0x9c, 0xe1, 0x01, 0xb4, 0x0c, 0xd6, 0x01, 0xeb, 0x58, 0xeb, 0x58, 
0xef, 0x0a, 0x1d, 0xfe, 0x20, 0xfe, 0x20, 0xc2, 0x19, 0x02, 0x8b, 0x14, 0xce, 0x10, 0x1d, 0xc9, 0x19, 0xc9, 0x19, 0xf7, 
0x49, 0x4b, 0x1d, 0xa8, 0x22, 0xee, 0x22, 0xa8, 0x22, 0x99, 0x1e, 0xa9, 0x8c, 0x01, 0x18, 0xaa, 0x8c, 0x01, 0xe5, 0x1e, 
0x16, 0xa9, 0xcb, 0x01, 0xa9, 0x2b, 0x00, 0x00, 0xd9, 0x38, 0x00, 0x00, 0x25, 0x33, 0x00, 0x00, 0xe6, 0x23, 0x00, 0x00, 
0xe5, 0x1e, 0x1d, 0xb4, 0x26, 0xfe, 0x32, 0x00, 0x00, 0xd9, 0x38, 0x00, 0x00, 0xb5, 0x3b, 0x00, 0x00, 0xe6, 0x23, 0x00, 
0x00, 0x99, 0x1e, 0xbf, 0x89, 0x01, 0x18, 0xc0, 0x89, 0x01, 0xc0, 0x10, 0x0c, 0xc1, 0x07, 0xa6, 0xdd, 0x01, 0x80, 0xb0, 
0x02, 0x99, 0x1e, 0xd2, 0x1b, 0x18, 0x8f, 0xeb, 0x01, 0x99, 0x1e, 0x81, 0x0e, 0x18, 0x82, 0x0e, 0xe5, 0x1e, 0x1d, 0xcc, 
0x2f, 0xdb, 0x2e, 0x00, 0x00, 0x1e, 0x49, 0x00, 0x00, 0xfe, 0x32, 0x00, 0x00, 0x46, 0x1b, 0x00, 0x00, 0xa7, 0x1e, 0xad, 
0x8d, 0x01, 0x00, 0xba, 0x1e, 0xcf, 0x60, 0xd3, 0x1d, 0xad, 0x8d, 0x01, 0x18, 0xd4, 0x1d, 0x01, 0x17, 0xba, 0x04, 0x8a, 
0x70, 0x01, 0x1d, 0xa6, 0x76, 0xe8, 0xe8, 0x01, 0x3d, 0x18, 0xfb, 0x43, 0xb8, 0x54, 0xb8, 0x54, 0x18, 0x22, 0xff, 0x1f, 
0x00, 0xe9, 0x06, 0x08, 0xc1, 0x84, 0x01, 0xae, 0x33, 0xc1, 0xa4, 0x01, 0x97, 0x52, 0xbd, 0xc8, 0x01, 0x01, 0x18, 0xbe, 
0xbc, 0x01, 0xfc, 0x17, 0xc1, 0x0a, 0x0d, 0xbb, 0x0a, 0xbb, 0x0a, 0x00, 0xd2, 0x0a, 0x1d, 0xf3, 0x3c, 0xf3, 0x3c, 0x84, 
0x45, 0x00, 0xc1, 0x0a, 0x0d, 0xbe, 0x46, 0x71, 0x01, 0xd2, 0x0a, 0x1d, 0x89, 0x3a, 0x89, 0x3a, 0xb4, 0x0c, 0x01, 0xc1, 
0x0a, 0x0d, 0xfa, 0x6b, 0xfe, 0x30, 0x02, 0xd2, 0x0a, 0x1d, 0xe7, 0xd6, 0x01, 0xe7, 0xd6, 0x01, 0xed, 0x6a, 0x02, 0x99, 
0x1e, 0xe3, 0xa6, 0x01, 0x18, 0xe4, 0xa6, 0x01, 0xe5, 0x1e, 0x1d, 0xe7, 0xd5, 0x01, 0xad, 0x2a, 0x00, 0x00, 0xc7, 0x1e, 
0x00, 0x00, 0x52, 0x24, 0x00, 0x00, 0x17, 0x32, 0x00, 0x00, 0xc1, 0x12, 0x1d, 0x8c, 0x1d, 0xa3, 0x47, 0x8c, 0x1d, 0xc1, 
0x0a, 0x0d, 0x80, 0x2e, 0x80, 0x2e, 0x02, 0x4a, 0x0d, 0xfe, 0x71, 0xfe, 0x71, 0xc4, 0x90, 0x02, 0x4b, 0x0d, 0xee, 0x0d, 
0xee, 0x0d, 0xa0, 0xa9, 0x02, 0xd2, 0x0a, 0x1d, 0x8e, 0x50, 0x8e, 0x50, 0xfa, 0xfd, 0x01, 0x02, 0x22, 0xf4, 0xc5, 0x02, 
0x00, 0x01, 0x0c, 0xb1, 0x5b, 0xdc, 0xed, 0x01, 0xcb, 0x10, 0x0c, 0xfd, 0x72, 0xfd, 0x72, 0xac, 0x59, 0xbf, 0x0c, 0x0d, 
0x96, 0x2e, 0xc2, 0x87, 0x01, 0xc8, 0x10, 0x0d, 0xbe, 0x47, 0x98, 0xa4, 0x02, 0xbe, 0x47, 0xc8, 0x10, 0x0d, 0x9d, 0x8f, 
0x01, 0x9d, 0x8f, 0x01, 0xfa, 0x94, 0x01, 0x4b, 0x0d, 0x94, 0x78, 0xbe, 0x80, 0x02, 0x94, 0x78, 0xbf, 0x0c, 0x0d, 0xe2, 
0x58, 0xac, 0xb7, 0x01, 0x4a, 0x0d, 0xa0, 0x10, 0xf8, 0x51, 0xa0, 0x10, 0x4b, 0x0d, 0xa3, 0x8a, 0x01, 0xa1, 0x21, 0xa3, 
0x8a, 0x01, 0xc8, 0x10, 0x0d, 0x81, 0x2d, 0x88, 0xbd, 0x01, 0xef, 0x1d, 0xc1, 0x0a, 0x0d, 0x8f, 0x2e, 0x99, 0xec, 0x01, 
0x00, 0x4a, 0x0d, 0x82, 0xce, 0x01, 0x82, 0xce, 0x01, 0xf2, 0x9f, 0x01, 0xd2, 0x0a, 0x1d, 0xf4, 0x1e, 0xf4, 0x1e, 0x5c, 
0x00, 0xc1, 0x0a, 0x0d, 0xed, 0x3a, 0xed, 0x3a, 0x03, 0x4a, 0x0d, 0x9d, 0x1e, 0xd8, 0x38, 0x9d, 0x1e, 0xc1, 0x0a, 0x0d, 
0x9c, 0x48, 0xef, 0x10, 0x00, 0x4b, 0x0d, 0xa5, 0x55, 0xa5, 0x55, 0x89, 0x0d, 0xd2, 0x0a, 0x1d, 0xf9, 0x4f, 0xf9, 0x4f, 
0x8f, 0xb6, 0x01, 0x00, 0xc1, 0x0a, 0x0d, 0x94, 0xb3, 0x01, 0x94, 0xb3, 0x01, 0x00, 0xc3, 0x10, 0x0d, 0xf1, 0x7e, 0x80, 
0xfa, 0x01, 0xad, 0x7a, 0xc1, 0x0a, 0x0d, 0x97, 0x49, 0xf5, 0x14, 0x03, 0x4a, 0x0d, 0xbe, 0x2e, 0xd9, 0x1a, 0xbe, 0x2e, 
0x4b, 0x0d, 0x87, 0x22, 0xd3, 0xbb, 0x01, 0x87, 0x22, 0xc0, 0x10, 0x0c, 0xf4, 0x30, 0xb0, 0x41, 0x8a, 0xc8, 0x01, 0xbf, 
0x0c, 0x0d, 0xd8, 0x54, 0xd8, 0x54, 0x4a, 0x0d, 0xe7, 0x13, 0xcc, 0x0c, 0xe7, 0x13, 0xc3, 0x10, 0x0d, 0xcf, 0x04, 0xb2, 
0xaa, 0x02, 0xcf, 0x04, 0x4a, 0x0d, 0xfd, 0xb4, 0x01, 0xfd, 0xb4, 0x01, 0xb3, 0x3b, 0x4b, 0x0d, 0x9c, 0x37, 0xa1, 0xcc, 
0x01, 0x9c, 0x37, 0x23, 0x8f, 0x05, 0xc0, 0x12, 0xc2, 0x26, 0x91, 0x14, 0x8b, 0x14, 0x22, 0x00, 0xf2, 0x01, 0x3f, 0x0d, 
0xe0, 0x71, 0xa0, 0x84, 0x01, 0x23, 0x8f, 0x05, 0xaa, 0x28, 0xc2, 0x26, 0x91, 0x14, 0x8e, 0x14, 0x22, 0x00, 0xaa, 0x28, 
0xc1, 0x0a, 0x0d, 0x87, 0xac, 0x01, 0xcb, 0x18, 0x01, 0x3f, 0x0d, 0xe6, 0xd9, 0x01, 0xe6, 0xd9, 0x01, 0xd2, 0x0a, 0x1d, 
0xe1, 0x3d, 0xe1, 0x3d, 0xb8, 0x83, 0x01, 0x01, 0x13, 0x9b, 0x05, 0x9d, 0x84, 0x01, 0xc2, 0x26, 0x8b, 0x14, 0x22, 0x00, 
0x9d, 0x84, 0x01, 0x22, 0xf4, 0x92, 0x01, 0x80, 0x06, 0x8d, 0x1e, 0x88, 0x06, 0xc6, 0x06, 0x08, 0xe9, 0x7f, 0x00, 0x8b, 
0x03, 0xa7, 0x06, 0x95, 0x05, 0x9d, 0x04, 0xa7, 0x06, 0x17, 0xd4, 0x16, 0xa7, 0x06, 0x1d, 0xd7, 0x12, 0x18, 0xbe, 0xa8, 
0x02, 0xc1, 0x0a, 0x0d, 0xd3, 0xaf, 0x01, 0xea, 0x78, 0x03, 0xce, 0x16, 0x09, 0xa0, 0x4a, 0xa0, 0x4a, 0xf2, 0xe1, 0x01, 
0xa7, 0x1e, 0xfe, 0x24, 0x00, 0xba, 0x1e, 0x00, 0xbc, 0x9c, 0x01, 0xfe, 0x24, 0x18, 0xbb, 0x9c, 0x01, 0xc1, 0x0a, 0x0d, 
0xdc, 0x72, 0xaa, 0x99, 0x01, 0x00, 0xc1, 0x0a, 0x0b, 0x83, 0x39, 0xce, 0x4d, 0x00, 0x01, 0x18, 0xc6, 0x7b, 0xe8, 0xdf, 
0x01, 0x33, 0xcd, 0x05, 0x85, 0x0d, 0xc4, 0x1b, 0x8b, 0x14, 0xd3, 0x53, 0x8b, 0x14, 0x01, 0x50, 0x9a, 0x55, 0x9a, 0x55, 
0xb4, 0x0a, 0x56, 0xb5, 0xbc, 0x01, 0xc0, 0x5a, 0x00, 0x00, 0xc1, 0x0a, 0x0d, 0xe6, 0x37, 0xbb, 0x3c, 0x00, 0xc1, 0x0a, 
0x18, 0xe9, 0x20, 0xfc, 0x16, 0x00, 0xce, 0x10, 0x18, 0xa4, 0x0f, 0xa4, 0x0f, 0xc5, 0x11, 0xc1, 0x0a, 0x0d, 0xbe, 0x14, 
0xc3, 0x39, 0x01, 0xc1, 0x0a, 0x18, 0xe8, 0x59, 0xc6, 0x94, 0x01, 0x01, 0xce, 0x10, 0x18, 0xa3, 0x6e, 0xa3, 0x6e, 0xbb, 
0x14, 0xc1, 0x0a, 0x0d, 0xbe, 0x14, 0xc1, 0x39, 0x02, 0xc1, 0x0a, 0x18, 0xe8, 0x59, 0xc8, 0x94, 0x01, 0x02, 0xce, 0x10, 
0x18, 0x87, 0x60, 0x87, 0x60, 0x9f, 0x06, 0xc1, 0x0a, 0x18, 0xaf, 0x7f, 0xef, 0x4a, 0x03, 0x4b, 0x18, 0xde, 0x57, 0xd1, 
0x27, 0xde, 0x57, 0x4b, 0x18, 0xa8, 0x54, 0xf4, 0x3a, 0xa8, 0x54, 0x4b, 0x18, 0x96, 0x2f, 0x8c, 0x6a, 0x96, 0x2f, 0xce, 
0x10, 0x18, 0xb1, 0x09, 0xb1, 0x09, 0x9a, 0x55, 0xc1, 0x0a, 0x0d, 0x14, 0xd8, 0xee, 0x01, 0x01, 0xc1, 0x0a, 0x0b, 0xaf, 
0x46, 0xd0, 0x95, 0x01, 0x01, 0x01, 0x18, 0xc6, 0x33, 0xea, 0xdf, 0x01, 0x33, 0xcd, 0x05, 0x85, 0x0d, 0xc4, 0x1b, 0x8b, 
0x14, 0xd4, 0x77, 0x8b, 0x14, 0x01, 0x50, 0x9a, 0x55, 0x9a, 0x55, 0xb4, 0x0a, 0x56, 0xb5, 0xbc, 0x01, 0xc1, 0x5a, 0x00, 
0x00, 0xc1, 0x0a, 0x0d, 0xe6, 0x37, 0xbb, 0x3c, 0x00, 0xc1, 0x0a, 0x18, 0xe9, 0x20, 0xfc, 0x16, 0x00, 0xce, 0x10, 0x18, 
0xa6, 0x0f, 0xa6, 0x0f, 0xc3, 0x11, 0xc1, 0x0a, 0x0d, 0xbe, 0x14, 0xc1, 0x39, 0x01, 0xc1, 0x0a, 0x18, 0xea, 0x59, 0xca, 
0x94, 0x01, 0x01, 0xce, 0x10, 0x18, 0xa5, 0x6e, 0xa5, 0x6e, 0xbb, 0x14, 0xc1, 0x0a, 0x0d, 0xbe, 0x14, 0xbf, 0x39, 0x02, 
0xc1, 0x0a, 0x18, 0xea, 0x59, 0xcc, 0x94, 0x01, 0x02, 0xce, 0x10, 0x18, 0x8b, 0x60, 0x8b, 0x60, 0xa1, 0x06, 0xc1, 0x0a, 
0x18, 0xaf, 0x7f, 0xef, 0x4a, 0x03, 0x4b, 0x18, 0xde, 0x57, 0xd1, 0x27, 0xde, 0x57, 0x4b, 0x18, 0xa8, 0x54, 0xf2, 0x3a, 
0xa8, 0x54, 0x4b, 0x18, 0xb4, 0x3d, 0xa8, 0x78, 0xb4, 0x3d, 0xce, 0x10, 0x18, 0xb1, 0x99, 0x01, 0xb1, 0x99, 0x01, 0xf3, 
0x81, 0x01, 0x4b, 0x18, 0x9b, 0x31, 0xfb, 0xb2, 0x01, 0x9b, 0x31, 0xc1, 0x0a, 0x0d, 0xf0, 0xf6, 0x01, 0xb8, 0xb2, 0x02, 
0x02, 0xc1, 0x0a, 0x0b, 0xcd, 0x96, 0x01, 0x92, 0x89, 0x01, 0x02, 0x01, 0x18, 0x86, 0x40, 0xec, 0xdf, 0x01, 0x33, 0xcd, 
0x05, 0x85, 0x0d, 0xc4, 0x1b, 0x8b, 0x14, 0xb5, 0x71, 0x8b, 0x14, 0x01, 0x50, 0x9a, 0x55, 0x9a, 0x55, 0xb4, 0x0a, 0x56, 
0xaf, 0xbc, 0x01, 0xc2, 0x5a, 0x00, 0x00, 0xc1, 0x0a, 0x0d, 0xe0, 0x37, 0xbb, 0x3c, 0x00, 0xc1, 0x0a, 0x18, 0xe9, 0x20, 
0xf6, 0x16, 0x00, 0xce, 0x10, 0x18, 0xa8, 0x0f, 0xa8, 0x0f, 0xc1, 0x11, 0xc1, 0x0a, 0x0d, 0xbe, 0x14, 0xbf, 0x39, 0x01, 
0xc1, 0x0a, 0x18, 0xea, 0x59, 0xc6, 0x94, 0x01, 0x01, 0xce, 0x10, 0x18, 0xa5, 0x6e, 0xa5, 0x6e, 0xbb, 0x14, 0xc1, 0x0a, 
0x0d, 0xbe, 0x14, 0xbd, 0x39, 0x02, 0xc1, 0x0a, 0x18, 0xea, 0x59, 0xc8, 0x94, 0x01, 0x02, 0xce, 0x10, 0x18, 0x8d, 0x60, 
0x8d, 0x60, 0xa3, 0x06, 0xc1, 0x0a, 0x18, 0xaf, 0x7f, 0xf5, 0x4a, 0x03, 0x4b, 0x18, 0xde, 0x57, 0xd1, 0x27, 0xde, 0x57, 
0x4b, 0x18, 0xa8, 0x54, 0xf0, 0x3a, 0xa8, 0x54, 0x4b, 0x18, 0xb4, 0x3d, 0xa6, 0x78, 0xb4, 0x3d, 0xce, 0x10, 0x18, 0xb1, 
0x99, 0x01, 0xb1, 0x99, 0x01, 0xd1, 0xc5, 0x01, 0x4b, 0x18, 0x95, 0x37, 0xf7, 0x05, 0x95, 0x37, 0xc1, 0x0a, 0x0b, 0x8a, 
0x0a, 0x82, 0x2d, 0x03, 0x01, 0x18, 0xc8, 0x80, 0x02, 0x9e, 0xc4, 0x02, 0x33, 0xcd, 0x05, 0xb5, 0x71, 0xc4, 0x1b, 0x8b, 
0x14, 0xad, 0x43, 0x8b, 0x14, 0x01, 0x50, 0x9a, 0x55, 0x9a, 0x55, 0xb4, 0x0a, 0x56, 0xaf, 0xbc, 0x01, 0xc3, 0x5a, 0x00, 
0x00, 0xc1, 0x0a, 0x0d, 0xe0, 0x37, 0xeb, 0xa0, 0x01, 0x00, 0xc1, 0x0a, 0x18, 0xe9, 0x20, 0xf6, 0x16, 0x00, 0xce, 0x10, 
0x18, 0xaa, 0x0f, 0xaa, 0x0f, 0xbf, 0x11, 0xc1, 0x0a, 0x0d, 0xbe, 0x14, 0xed, 0x9d, 0x01, 0x01, 0xc1, 0x0a, 0x18, 0xea, 
0x59, 0xc8, 0x94, 0x01, 0x01, 0xce, 0x10, 0x18, 0xa5, 0x6e, 0xa5, 0x6e, 0xbb, 0x14, 0xc1, 0x0a, 0x0d, 0xbe, 0x14, 0xeb, 
0x9d, 0x01, 0x02, 0xc1, 0x0a, 0x18, 0xea, 0x59, 0xca, 0x94, 0x01, 0x02, 0xce, 0x10, 0x18, 0x8f, 0x60, 0x8f, 0x60, 0xa5, 
0x06, 0xc1, 0x0a, 0x18, 0xaf, 0x7f, 0xf5, 0x4a, 0x03, 0x4b, 0x18, 0xde, 0x57, 0xd1, 0x27, 0xde, 0x57, 0x4b, 0x18, 0xa8, 
0x54, 0xee, 0x3a, 0xa8, 0x54, 0x4b, 0x18, 0xb4, 0x3d, 0xa4, 0x78, 0xb4, 0x3d, 0xce, 0x10, 0x18, 0x87, 0x9f, 0x01, 0x87, 
0x9f, 0x01, 0xd7, 0x11, 0x4b, 0x18, 0xec, 0x3a, 0xae, 0x6c, 0xec, 0x3a, 0x22, 0xfa, 0xa5, 0x01, 0x00, 0x8d, 0x1e, 0x18, 
0xf1, 0x03, 0xc1, 0x0a, 0x0d, 0xb3, 0x11, 0xd8, 0x8c, 0x01, 0x00, 0xc1, 0x0a, 0x0b, 0xaf, 0x2c, 0xd0, 0x4d, 0x00, 0x01, 
0x18, 0xca, 0x7b, 0xee, 0xdf, 0x01, 0x33, 0xcd, 0x05, 0x83, 0x0d, 0xc4, 0x1b, 0x8b, 0x14, 0xd4, 0x53, 0x8b, 0x14, 0x01, 
0x50, 0x9a, 0x55, 0x9a, 0x55, 0xb4, 0x0a, 0x56, 0xaf, 0xbc, 0x01, 0xc4, 0x5a, 0x00, 0x00, 0xc1, 0x0a, 0x0d, 0xe0, 0x37, 
0xb9, 0x3c, 0x00, 0xc1, 0x0a, 0x18, 0xe9, 0x20, 0xf6, 0x16, 0x00, 0xce, 0x10, 0x18, 0xac, 0x0f, 0xac, 0x0f, 0xbd, 0x11, 
0xc1, 0x0a, 0x0d, 0xbe, 0x14, 0xb9, 0x39, 0x01, 0xc1, 0x0a, 0x18, 0xea, 0x59, 0xca, 0x94, 0x01, 0x01, 0xce, 0x10, 0x18, 
0xa5, 0x6e, 0xa5, 0x6e, 0xbb, 0x14, 0xc1, 0x0a, 0x0d, 0xbe, 0x14, 0xb7, 0x39, 0x02, 0xc1, 0x0a, 0x18, 0xea, 0x59, 0xcc, 
0x94, 0x01, 0x02, 0xce, 0x10, 0x18, 0x91, 0x60, 0x91, 0x60, 0xa7, 0x06, 0xc1, 0x0a, 0x18, 0xaf, 0x7f, 0xf5, 0x4a, 0x03, 
0x4b, 0x18, 0xde, 0x57, 0xd1, 0x27, 0xde, 0x57, 0x4b, 0x18, 0xa8, 0x54, 0xec, 0x3a, 0xa8, 0x54, 0x4b, 0x18, 0x90, 0x2f, 
0xfe, 0x69, 0x90, 0x2f, 0xce, 0x10, 0x18, 0xb1, 0x09, 0xb1, 0x09, 0xee, 0x61, 0xc1, 0x0a, 0x0d, 0x14, 0xda, 0xee, 0x01, 
0x01, 0xc1, 0x0a, 0x0b, 0xaf, 0x46, 0xd2, 0x95, 0x01, 0x01, 0x01, 0x18, 0xca, 0x33, 0xf0, 0xdf, 0x01, 0x33, 0xcd, 0x05, 
0x83, 0x0d, 0xc4, 0x1b, 0x8b, 0x14, 0xd5, 0x77, 0x8b, 0x14, 0x01, 0x50, 0x9a, 0x55, 0x9a, 0x55, 0xb4, 0x0a, 0x56, 0xaf, 
0xbc, 0x01, 0xc5, 0x5a, 0x00, 0x00, 0xc1, 0x0a, 0x0d, 0xe0, 0x37, 0xb9, 0x3c, 0x00, 0xc1, 0x0a, 0x18, 0xe9, 0x20, 0xf6, 
0x16, 0x00, 0xce, 0x10, 0x18, 0xae, 0x0f, 0xae, 0x0f, 0xbb, 0x11, 0xc1, 0x0a, 0x0d, 0xbe, 0x14, 0xb7, 0x39, 0x01, 0xc1, 
0x0a, 0x18, 0xea, 0x59, 0xcc, 0x94, 0x01, 0x01, 0xce, 0x10, 0x18, 0xa5, 0x6e, 0xa5, 0x6e, 0xbb, 0x14, 0xc1, 0x0a, 0x0d, 
0xbe, 0x14, 0xb5, 0x39, 0x02, 0xc1, 0x0a, 0x18, 0xea, 0x59, 0xce, 0x94, 0x01, 0x02, 0xce, 0x10, 0x18, 0x93, 0x60, 0x93, 
0x60, 0xa9, 0x06, 0xc1, 0x0a, 0x18, 0xaf, 0x7f, 0xf5, 0x4a, 0x03, 0x4b, 0x18, 0xde, 0x57, 0xd1, 0x27, 0xde, 0x57, 0x4b, 
0x18, 0xa8, 0x54, 0xea, 0x3a, 0xa8, 0x54, 0x4b, 0x18, 0xb2, 0x3d, 0x9e, 0x78, 0xb2, 0x3d, 0xce, 0x10, 0x18, 0xb3, 0x99, 
0x01, 0xb3, 0x99, 0x01, 0xf1, 0x81, 0x01, 0x4b, 0x18, 0x9d, 0x31, 0xfb, 0xb2, 0x01, 0x9d, 0x31, 0xc1, 0x0a, 0x0d, 0xf0, 
0xf6, 0x01, 0xba, 0xb2, 0x02, 0x02, 0xc1, 0x0a, 0x0b, 0xcd, 0x96, 0x01, 0x94, 0x89, 0x01, 0x02, 0x01, 0x18, 0x8a, 0x40, 
0xf2, 0xdf, 0x01, 0x33, 0xcd, 0x05, 0x83, 0x0d, 0xc4, 0x1b, 0x8b, 0x14, 0xb6, 0x71, 0x8b, 0x14, 0x01, 0x50, 0x9a, 0x55, 
0x9a, 0x55, 0xb4, 0x0a, 0x56, 0xaf, 0xbc, 0x01, 0xc6, 0x5a, 0x00, 0x00, 0xc1, 0x0a, 0x0d, 0xe0, 0x37, 0xb9, 0x3c, 0x00, 
0xc1, 0x0a, 0x18, 0xe9, 0x20, 0xf6, 0x16, 0x00, 0xce, 0x10, 0x18, 0xb0, 0x0f, 0xb0, 0x0f, 0xb9, 0x11, 0xc1, 0x0a, 0x0d, 
0xbe, 0x14, 0xb5, 0x39, 0x01, 0xc1, 0x0a, 0x18, 0xea, 0x59, 0xce, 0x94, 0x01, 0x01, 0xce, 0x10, 0x18, 0xa5, 0x6e, 0xa5, 
0x6e, 0xbb, 0x14, 0xc1, 0x0a, 0x0d, 0xbe, 0x14, 0xb3, 0x39, 0x02, 0xc1, 0x0a, 0x18, 0xea, 0x59, 0xd0, 0x94, 0x01, 0x02, 
0xce, 0x10, 0x18, 0x95, 0x60, 0x95, 0x60, 0xab, 0x06, 0xc1, 0x0a, 0x18, 0xaf, 0x7f, 0xf5, 0x4a, 0x03, 0x4b, 0x18, 0xde, 
0x57, 0xd1, 0x27, 0xde, 0x57, 0x4b, 0x18, 0xa8, 0x54, 0xe8, 0x3a, 0xa8, 0x54, 0x4b, 0x18, 0xb2, 0x3d, 0x9c, 0x78, 0xb2, 
0x3d, 0xce, 0x10, 0x18, 0xe5, 0x8b, 0x01, 0xe5, 0x8b, 0x01, 0x81, 0xb8, 0x01, 0x4b, 0x18, 0xce, 0x7d, 0xbc, 0xbc, 0x01, 
0xce, 0x7d, 0x3f, 0x0d, 0xba, 0x08, 0xd6, 0x87, 0x01, 0xc3, 0x10, 0x0d, 0xcf, 0xa7, 0x01, 0xcf, 0xa7, 0x01, 0xdc, 0x9d, 
0x01, 0xbd, 0x0c, 0x0b, 0xfa, 0xb7, 0x01, 0xfa, 0xb7, 0x01, 0xc1, 0x0a, 0x0b, 0xe9, 0xb4, 0x01, 0xa8, 0x49, 0x03, 0xc2, 
0x10, 0x0b, 0x8c, 0x45, 0x8c, 0x45, 0xe6, 0xbf, 0x01, 0xc0, 0x10, 0x0b, 0x8f, 0x81, 0x01, 0xed, 0xf0, 0x01, 0x8f, 0x81, 
0x01, 0x99, 0x1e, 0xb3, 0x8f, 0x02, 0x18, 0xb4, 0x8f, 0x02, 0xe5, 0x1e, 0x18, 0xeb, 0x86, 0x02, 0xc3, 0x4f, 0x00, 0x00, 
0x46, 0x39, 0x00, 0x00, 0xbd, 0x3e, 0x00, 0x00, 0xb5, 0x4c, 0x00, 0x00, 0xe5, 0x1e, 0x0b, 0xdc, 0x3b, 0xf5, 0x55, 0x00, 
0x00, 0x46, 0x39, 0x00, 0x00, 0xf1, 0x36, 0x00, 0x00, 0xb5, 0x4c, 0x00, 0x00, 0xc0, 0x16, 0x09, 0x92, 0x10, 0x92, 0x10, 
0xb6, 0x54, 0xb6, 0x1e, 0x87, 0x58, 0xb7, 0x77, 0x00, 0xba, 0x1e, 0x00, 0xb7, 0x77, 0x87, 0x58, 0x18, 0xb8, 0x77, 0xc9, 
0x10, 0x0b, 0xa7, 0xc2, 0x01, 0xdd, 0x3a, 0xba, 0x46, 0xbc, 0x0e, 0x0c, 0xc3, 0x07, 0xc3, 0x07, 0xc6, 0x10, 0x0b, 0xbc, 
0x28, 0xe5, 0x19, 0xb2, 0x67, 0xbc, 0x0e, 0x0c, 0xaa, 0xf6, 0x01, 0xaa, 0xf6, 0x01, 0xc0, 0x0a, 0x12, 0xe0, 0x01, 0xc6, 
0xa0, 0x02, 0xe0, 0x01, 0x01, 0xfe, 0x03, 0xb9, 0x5f, 0xcc, 0xe3, 0x01, 0xb4, 0x0c, 0x96, 0x01, 0xcd, 0x56, 0xcd, 0x56, 
0xef, 0x0a, 0x1d, 0x85, 0x41, 0x85, 0x41, 0x8d, 0xf7, 0x01, 0x02, 0x8b, 0x14, 0x2d, 0x13, 0x88, 0x7b, 0x88, 0x7b, 0x88, 
0x7b, 0x10, 0xc1, 0x0a, 0x0d, 0xa4, 0x6b, 0xa4, 0x6b, 0x00, 0xbd, 0x0c, 0x0b, 0xe6, 0x0d, 0xe6, 0x0d, 0x01, 0x18, 0x83, 
0xda, 0x01, 0xc0, 0x69, 0x33, 0xcd, 0x05, 0xb8, 0x9b, 0x01, 0xc4, 0x1b, 0x8b, 0x14, 0xa4, 0xc3, 0x01, 0x8b, 0x14, 0x01, 
0x50, 0x92, 0x23, 0x92, 0x23, 0xb4, 0x0a, 0x56, 0xaf, 0xbc, 0x01, 0xc7, 0x5a, 0x00, 0x00, 0xc1, 0x0a, 0x0d, 0xe0, 0x37, 
0xfa, 0x39, 0x00, 0xc1, 0x0a, 0x18, 0xe9, 0x20, 0xf6, 0x16, 0x00, 0xce, 0x10, 0x18, 0xb2, 0x0f, 0xb2, 0x0f, 0xb7, 0x11, 
0xc1, 0x0a, 0x0d, 0xbe, 0x14, 0x80, 0x3d, 0x01, 0xc1, 0x0a, 0x18, 0xea, 0x59, 0xd0, 0x94, 0x01, 0x01, 0xce, 0x10, 0x18, 
0xa5, 0x6e, 0xa5, 0x6e, 0xbb, 0x14, 0xc1, 0x0a, 0x0d, 0xbe, 0x14, 0x82, 0x3d, 0x02, 0xc1, 0x0a, 0x18, 0xec, 0x59, 0xd4, 
0x94, 0x01, 0x02, 0xce, 0x10, 0x18, 0x99, 0x60, 0x99, 0x60, 0xad, 0x06, 0xc1, 0x0a, 0x18, 0xaf, 0x7f, 0xf5, 0x4a, 0x03, 
0x4b, 0x18, 0xde, 0x57, 0xd1, 0x27, 0xde, 0x57, 0x4b, 0x18, 0x8c, 0x42, 0xca, 0x28, 0x8c, 0x42, 0x4b, 0x18, 0xd3, 0x31, 
0x87, 0x09, 0xd3, 0x31, 0xc1, 0x0a, 0x0d, 0xa2, 0x10, 0x9d, 0x31, 0x01, 0xce, 0x10, 0x18, 0xe5, 0x16, 0xc3, 0x06, 0xe5, 
0x16, 0x4b, 0x18, 0xc0, 0x35, 0xb6, 0x8b, 0x01, 0xc0, 0x35, 0xc0, 0x10, 0x0b, 0x97, 0x1f, 0xc2, 0x30, 0xc6, 0xb3, 0x01, 
0x99, 0x1e, 0xcd, 0x9a, 0x01, 0x18, 0xd8, 0x37, 0x22, 0xb6, 0xd0, 0x01, 0xf6, 0xa3, 0x01, 0x8d, 0x1e, 0x88, 0x06, 0x00, 
0x57, 0x0a, 0x00, 0x00, 0x00, 0x00, 0x00, 0x00, 0x4c, 0x4f, 0x4d, 0x53, 0x00, 0x03, 0x01, 0x00, 0x0b, 0x00, 0x08, 0x00, 
0x8c, 0x62, 0x00, 0x00, 0x00, 0x00, 0x00, 0x00, 0x20, 0x1f, 0x00, 0x00, 0x91, 0x02, 0x01, 0x91, 0x02, 0x20, 0xd1, 0x10, 
0x02, 0x47, 0x4c, 0x53, 0x4c, 0x2e, 0x73, 0x74, 0x64, 0x2e, 0x34, 0x35, 0x30, 0x00, 0x00, 0x00, 0x00, 0xa0, 0x04, 0x00, 
0x01, 0xdf, 0x0f, 0x00, 0x9f, 0x2c, 0xed, 0xc2, 0xa5, 0xf3, 0x06, 0x00, 0x8c, 0x1a, 0x82, 0x1f, 0xcf, 0x2d, 0xb0, 0x23, 
0x84, 0x28, 0xed, 0x17, 0xab, 0x22, 0xd9, 0x1b, 0xc2, 0x26, 0x10, 0xc2, 0x23, 0x06, 0x10, 0x37, 0x91, 0x0c, 0x0b, 0x00, 
0x05, 0x00, 0x07, 0x01, 0x10, 0x00, 0x23, 0x00, 0x01, 0x05, 0x00, 0x07, 0x01, 0x10, 0x00, 0x23, 0x40, 0x01, 0x23, 0x30, 
0x01, 0x23, 0x04, 0x01, 0x23, 0x04, 0x01, 0x23, 0x04, 0x01, 0x23, 0x04, 0x10, 0x96, 0x37, 0x01, 0x01, 0x10, 0xed, 0x46, 
0x06, 0x80, 0x02, 0x00, 0xd6, 0x16, 0x02, 0x47, 0x00, 0x01, 0x00, 0x23, 0x00, 0x10, 0x86, 0x15, 0x21, 0x00, 0x10, 0x00, 
0x22, 0x01, 0x00, 0x64, 0x0e, 0x10, 0x00, 0x1e, 0x0a, 0x10, 0xb2, 0x21, 0x01, 0x08, 0x10, 0xb9, 0x4b, 0x06, 0x40, 0x10, 
0x06, 0x06, 0x40, 0x10, 0xc4, 0x1f, 0x06, 0x10, 0x10, 0xe7, 0x25, 0x06, 0x10, 0x10, 0xa6, 0x02, 0x06, 0x10, 0x00, 0x89, 
0x01, 0x02, 0x37, 0x00, 0x88, 0x00, 0x05, 0x00, 0x07, 0x01, 0x10, 0x00, 0x23, 0x00, 0x01, 0x05, 0x00, 0x07, 0x01, 0x10, 
0x00, 0x23, 0x40, 0x01, 0x05, 0x00, 0x07, 0x01, 0x10, 0x00, 0x23, 0x40, 0x01, 0x05, 0x00, 0x07, 0x01, 0x10, 0x00, 0x23, 
0x40, 0x01, 0x05, 0x00, 0x07, 0x01, 0x10, 0x00, 0x23, 0x40, 0x01, 0x05, 0x00, 0x07, 0x01, 0x10, 0x00, 0x23, 0x80, 0x02, 
0x01, 0x05, 0x00, 0x07, 0x01, 0x10, 0x00, 0x23, 0x80, 0x02, 0x01, 0x05, 0x00, 0x07, 0x01, 0x10, 0x00, 0x23, 0x40, 0x01, 
0x23, 0x40, 0x01, 0x23, 0x10, 0x01, 0x23, 0x08, 0x01, 0x23, 0x04, 0x01, 0x23, 0x04, 0x01, 0x23, 0x10, 0x01, 0x23, 0x10, 
0x01, 0x23, 0x08, 0x01, 0x23, 0x08, 0x01, 0x23, 0x04, 0x01, 0x00, 0x00, 0x23, 0x04, 0x01, 0x23, 0x08, 0x01, 0x23, 0x04, 
0x01, 0x23, 0x04, 0x01, 0x23, 0x04, 0x01, 0x23, 0x04, 0x01, 0x23, 0x04, 0x01, 0x00, 0x00, 0x23, 0x04, 0x01, 0x00, 0x00, 
0x23, 0x04, 0x01, 0x00, 0x00, 0x23, 0x04, 0x01, 0x00, 0x00, 0x23, 0x10, 0x01, 0x00, 0x00, 0x23, 0x0c, 0x01, 0x00, 0x00, 
0x23, 0x04, 0x01, 0x00, 0x00, 0x23, 0x08, 0x01, 0x00, 0x00, 0x23, 0x04, 0x01, 0x00, 0x00, 0x23, 0x04, 0x01, 0x00, 0x00, 
0x23, 0x04, 0x01, 0x23, 0x04, 0x01, 0x00, 0x00, 0x23, 0x04, 0x01, 0x00, 0x00, 0x23, 0x04, 0x01, 0x23, 0x90, 0x01, 0x01, 
0x00, 0x00, 0x23, 0x0c, 0x01, 0x23, 0x04, 0x01, 0x23, 0x10, 0x01, 0x23, 0x10, 0x01, 0x00, 0x00, 0x23, 0x08, 0x01, 0x00, 
0x00, 0x23, 0x04, 0x01, 0x23, 0x04, 0x01, 0x00, 0x00, 0x23, 0x08, 0x01, 0x00, 0x00, 0x23, 0x04, 0x01, 0x23, 0x04, 0x01, 
0x00, 0x00, 0x23, 0x10, 0x01, 0x00, 0x00, 0x23, 0x04, 0x01, 0x23, 0x04, 0x01, 0x00, 0x00, 0x23, 0x08, 0x01, 0x23, 0x04, 
0x01, 0x00, 0x00, 0x23, 0x04, 0x01, 0x00, 0x00, 0x23, 0x04, 0x01, 0x23, 0x04, 0x01, 0x23, 0x0c, 0x01, 0x23, 0x04, 0x01, 
0x23, 0x04, 0x01, 0x23, 0x04, 0x01, 0x23, 0x04, 0x01, 0x23, 0x04, 0x01, 0x23, 0x0c, 0x01, 0x23, 0x04, 0x01, 0x23, 0x04, 
0x01, 0x23, 0x04, 0x01, 0x23, 0x04, 0x01, 0x05, 0x00, 0x07, 0x01, 0x10, 0x00, 0x23, 0x04, 0x01, 0x23, 0x30, 0x01, 0x23, 
0x08, 0x01, 0x05, 0x00, 0x07, 0x01, 0x10, 0x00, 0x23, 0x08, 0x01, 0x05, 0x00, 0x07, 0x01, 0x10, 0x00, 0x23, 0x40, 0x01, 
0x00, 0x00, 0x23, 0x40, 0x01, 0x00, 0x00, 0x23, 0x04, 0x01, 0x00, 0x00, 0x23, 0x04, 0x01, 0x00, 0x00, 0x23, 0x04, 0x01, 
0x23, 0x04, 0x01, 0x23, 0x40, 0x01, 0x00, 0x00, 0x23, 0x04, 0x01, 0x00, 0x00, 0x23, 0x04, 0x01, 0x00, 0x00, 0x23, 0x04, 
0x01, 0x00, 0x00, 0x23, 0x04, 0x10, 0xfc, 0x39, 0x21, 0x00, 0x10, 0x00, 0x22, 0x00, 0x10, 0x85, 0x01, 0x1e, 0x00, 0x10, 
0x9a, 0x1d, 0x1e, 0x03, 0x10, 0xbd, 0x14, 0x0b, 0x2b, 0x10, 0xa8, 0x09, 0x1e, 0x05, 0x10, 0xad, 0x20, 0x1e, 0x00, 0x00, 
0xfc, 0x14, 0x10, 0x10, 0x00, 0x1e, 0x06, 0x10, 0xa3, 0x0d, 0x1e, 0x09, 0x00, 0xed, 0x13, 0x02, 0x47, 0x00, 0x04, 0x00, 
0x0b, 0x01, 0x00, 0x01, 0x0b, 0x01, 0x01, 0x01, 0x0b, 0x01, 0x03, 0x01, 0x0b, 0x01, 0x04, 0x93, 0x02, 0x0e, 0xa1, 0x04, 
0xf4, 0x13, 0x08, 0xa6, 0x02, 0xe9, 0x13, 0x20, 0xb7, 0x02, 0x20, 0x0d, 0x04, 0xb8, 0x02, 0x90, 0x01, 0x1d, 0x04, 0xb7, 
0x02, 0x99, 0x01, 0x0d, 0x03, 0xb5, 0x02, 0x17, 0x20, 0x01, 0xb7, 0x02, 0x0e, 0x0d, 0x02, 0xde, 0x02, 0xec, 0x18, 0x13, 
0x1d, 0x1d, 0x65, 0xb5, 0x02, 0xfb, 0x18, 0x20, 0x00, 0xbb, 0x04, 0x0b, 0xfe, 0x27, 0x00, 0x00, 0x00, 0x00, 0xbb, 0x04, 
0x0c, 0x02, 0x00, 0x00, 0x00, 0x00, 0xbb, 0x04, 0x0b, 0x04, 0x01, 0x00, 0x00, 0x00, 0xbb, 0x04, 0x0c, 0x02, 0x01, 0x00, 
0x00, 0x00, 0xbb, 0x04, 0x0b, 0x04, 0x02, 0x00, 0x00, 0x00, 0xbb, 0x04, 0x0c, 0x02, 0x02, 0x00, 0x00, 0x00, 0xb8, 0x02, 
0x95, 0x27, 0x18, 0x03, 0xbb, 0x04, 0x0b, 0xb8, 0x27, 0x08, 0x00, 0x00, 0x00, 0xbc, 0x02, 0x81, 0x05, 0x1d, 0xa2, 0x14, 
0x8e, 0x03, 0x91, 0x0c, 0x65, 0x46, 0x0c, 0x0c, 0x0c, 0x0d, 0xe1, 0x11, 0xb2, 0x06, 0x0c, 0x96, 0x37, 0x40, 0x00, 0x00, 
0x00, 0xbc, 0x02, 0xed, 0x46, 0xd8, 0x0b, 0xa3, 0x27, 0xae, 0x02, 0xd6, 0x16, 0xec, 0x03, 0x3e, 0xfa, 0x09, 0x02, 0x97, 
0x0f, 0x39, 0x94, 0x14, 0x8c, 0x0b, 0x02, 0x3e, 0xef, 0x27, 0x02, 0x65, 0xbb, 0x04, 0x0c, 0xf0, 0x1c, 0x05, 0x00, 0x00, 
0x00, 0x3e, 0x9f, 0x1e, 0x02, 0x0d, 0x3e, 0x01, 0x03, 0x0c, 0x39, 0x89, 0x05, 0x86, 0x2a, 0x03, 0xb2, 0x06, 0x0c, 0xb2, 
0x21, 0x02, 0x00, 0x00, 0x00, 0xbb, 0x04, 0x0b, 0x9d, 0x2d, 0x04, 0x00, 0x00, 0x00, 0xbc, 0x02, 0x9b, 0x1e, 0x65, 0x96, 
0x14, 0xbc, 0x02, 0x06, 0x65, 0x96, 0x14, 0xb7, 0x02, 0xed, 0x09, 0x0b, 0x03, 0xbb, 0x04, 0x0b, 0xa2, 0x28, 0x09, 0x00, 
0x00, 0x00, 0xbc, 0x02, 0x90, 0x01, 0x18, 0xa5, 0x14, 0xbc, 0x02, 0xe7, 0x25, 0x1d, 0x96, 0x14, 0xbb, 0x04, 0x0b, 0xa0, 
0x25, 0x15, 0x00, 0x00, 0x00, 0xbc, 0x02, 0xf9, 0x22, 0x1d, 0xc9, 0x14, 0xce, 0x82, 0xc0, 0x02, 0x89, 0x01, 0x65, 0x65, 
0x65, 0x65, 0x88, 0x05, 0x8b, 0x05, 0x65, 0x65, 0x1d, 0x13, 0x0d, 0x0d, 0x1d, 0x1d, 0x13, 0x13, 0x0d, 0x0d, 0x13, 0x0d, 
0x0d, 0x0d, 0x0d, 0x0d, 0x0d, 0x0d, 0x0d, 0x1d, 0x14, 0x0c, 0x13, 0x0c, 0x0c, 0x0c, 0x0c, 0x0d, 0x0d, 0xed, 0x14, 0x18, 
0x0d, 0x1d, 0x1d, 0x13, 0x0c, 0x0d, 0x13, 0x0d, 0x0d, 0x1d, 0x0c, 0x0d, 0x13, 0x0d, 0x0d, 0x0d, 0x0b, 0x18, 0x0d, 0x0d, 
0x0b, 0x0d, 0x0d, 0x18, 0x0d, 0x0d, 0x0d, 0x0d, 0x0d, 0x46, 0x13, 0x13, 0x65, 0x65, 0x0d, 0x0d, 0x0d, 0x0d, 0xf9, 0x01, 
0x0c, 0x0d, 0x0d, 0x0d, 0x8c, 0x03, 0x3e, 0xfa, 0x09, 0x02, 0xc7, 0x02, 0x39, 0xc4, 0x07, 0x82, 0x30, 0x02, 0xbb, 0x04, 
0x0c, 0xcf, 0x16, 0x06, 0x00, 0x00, 0x00, 0x3e, 0x85, 0x1e, 0x01, 0x1d, 0x39, 0x9a, 0x05, 0xd0, 0x33, 0x01, 0xbb, 0x04, 
0x0d, 0x9d, 0x2f, 0x00, 0x00, 0x00, 0xbf, 0xbb, 0x04, 0x0d, 0xed, 0x0a, 0x00, 0x00, 0x00, 0x3f, 0xbb, 0x04, 0x0b, 0xae, 
0x24, 0x03, 0x00, 0x00, 0x00, 0xbb, 0x04, 0x0d, 0x81, 0x14, 0x00, 0x00, 0x00, 0x20, 0x94, 0x02, 0x91, 0x14, 0xbb, 0x04, 
0x0d, 0x86, 0x28, 0x00, 0x00, 0x00, 0x00, 0xbb, 0x04, 0x0d, 0xe1, 0x1e, 0x00, 0x00, 0x00, 0xa0, 0xbb, 0x04, 0x0d, 0xa1, 
0x07, 0x00, 0x00, 0x80, 0x3f, 0x3e, 0x8c, 0x08, 0x01, 0x13, 0x39, 0x90, 0x05, 0xfe, 0x50, 0x01, 0x3e, 0x85, 0x51, 0x01, 
0x0d, 0xec, 0x04, 0x1d, 0xdc, 0x23, 0xdc, 0x05, 0xdc, 0x05, 0xdc, 0x05, 0xdc, 0x05, 0xec, 0x04, 0x1d, 0xcd, 0x17, 0x92, 
0x14, 0xf1, 0x11, 0xf1, 0x11, 0xf1, 0x11, 0xec, 0x04, 0x1d, 0x82, 0x09, 0xef, 0x08, 0x94, 0x1d, 0xef, 0x08, 0xef, 0x08, 
0xec, 0x04, 0x1d, 0xa7, 0x10, 0x97, 0x19, 0x97, 0x19, 0xec, 0x0c, 0x97, 0x19, 0xec, 0x04, 0x1d, 0xde, 0x1e, 0xc6, 0x05, 
0xc6, 0x05, 0xc6, 0x05, 0xca, 0x2b, 0xec, 0x04, 0x65, 0xdb, 0x23, 0xa3, 0x0c, 0xa5, 0x15, 0xfd, 0x04, 0xdb, 0x23, 0xbb, 
0x04, 0x0d, 0xcf, 0x09, 0x00, 0x00, 0x00, 0x40, 0x3e, 0xe8, 0x09, 0x01, 0x0c, 0x39, 0x8d, 0x05, 0xc6, 0x3c, 0x01, 0x3e, 
0xbd, 0x3c, 0x03, 0x13, 0x39, 0x91, 0x05, 0xe6, 0x45, 0x03, 0x3e, 0xd1, 0x45, 0x03, 0x1d, 0x39, 0x9b, 0x05, 0xa4, 0x25, 
0x03, 0x39, 0x9b, 0x05, 0xfc, 0x14, 0x03, 0x3e, 0xb9, 0x3a, 0x03, 0x0d, 0xbb, 0x04, 0x0c, 0xec, 0x1e, 0x13, 0x00, 0x00, 
0x00, 0xbb, 0x04, 0x0c, 0x06, 0x14, 0x00, 0x00, 0x00, 0x39, 0x9b, 0x05, 0xa4, 0x0e, 0x03, 0xbb, 0x04, 0x0d, 0xaf, 0x2a, 
0x00, 0x00, 0x80, 0xbf, 0xbc, 0x02, 0x07, 0x0d, 0x90, 0x14, 0xbc, 0x02, 0x31, 0x0d, 0x8d, 0x14, 0xde, 0x02, 0xfc, 0x16, 
0x1d, 0x0d, 0xbd, 0x06, 0xa4, 0x06, 0x3e, 0xfa, 0x09, 0x03, 0xe2, 0x11, 0x39, 0xdf, 0x16, 0xc6, 0x1f, 0x03, 0xcc, 0x04, 
0x13, 0x83, 0x41, 0xec, 0x09, 0xec, 0x09, 0xc6, 0x06, 0x08, 0xbe, 0x4c, 0x00, 0x82, 0x0a, 0x18, 0xa6, 0xa8, 0x02, 0x01, 
0x0c, 0x99, 0x3f, 0xea, 0xfa, 0x01, 0x22, 0xb2, 0x8d, 0x02, 0x00, 0x01, 0x0c, 0xf5, 0x2e, 0xbc, 0xde, 0x01, 0xc7, 0x10, 
0x0c, 0xc7, 0x51, 0xc7, 0x51, 0xc2, 0x6b, 0x33, 0xe2, 0x05, 0xeb, 0x2a, 0xda, 0x19, 0x8b, 0x14, 0xc6, 0x60, 0x8b, 0x14, 
0x01, 0x65, 0x96, 0x80, 0x01, 0x96, 0x80, 0x01, 0x13, 0x8c, 0x05, 0xbe, 0x24, 0xcf, 0x2d, 0x8a, 0x14, 0x01, 0x0d, 0x9c, 
0x23, 0x9c, 0x23, 0x13, 0x8c, 0x05, 0xcf, 0x0f, 0xcf, 0x2d, 0x8d, 0x14, 0x01, 0x0d, 0x91, 0x9d, 0x01, 0x91, 0x9d, 0x01, 
0xc3, 0x10, 0x0d, 0xe8, 0xb1, 0x01, 0x82, 0xe1, 0x02, 0xe8, 0xb1, 0x01, 0xc0, 0x0a, 0x13, 0xe5, 0xe8, 0x01, 0xdf, 0xe3, 
0x01, 0xe5, 0xe8, 0x01, 0x13, 0xe2, 0x05, 0xa8, 0x89, 0x01, 0xc5, 0x1f, 0x9d, 0x14, 0x01, 0x65, 0xd9, 0x66, 0xd9, 0x66, 
0x01, 0x1d, 0x92, 0x28, 0x8c, 0x87, 0x01, 0xc1, 0x0a, 0x0d, 0xcd, 0x46, 0xcd, 0x46, 0x02, 0x4a, 0x0d, 0xb2, 0xcf, 0x01, 
0xb2, 0xcf, 0x01, 0x8e, 0xbf, 0x02, 0x4b, 0x0d, 0x89, 0x08, 0x89, 0x08, 0xf2, 0xc1, 0x02, 0xd2, 0x0a, 0x1d, 0xf9, 0xa2, 
0x01, 0xf9, 0xa2, 0x01, 0x9f, 0x22, 0x02, 0xc1, 0x12, 0x1d, 0xcc, 0x52, 0xbe, 0x58, 0xcc, 0x52, 0xc1, 0x0a, 0x0d, 0xc5, 
0x18, 0xc5, 0x18, 0x03, 0x5c, 0x0d, 0xdb, 0x79, 0x01, 0x04, 0xbb, 0x6e, 0xc8, 0x16, 0x09, 0x8e, 0x3e, 0x8e, 0x3e, 0x84, 
0x8d, 0x01, 0xa7, 0x1e, 0xdf, 0x83, 0x01, 0x00, 0xba, 0x1e, 0x00, 0xc9, 0x24, 0xdf, 0x83, 0x01, 0x18, 0xca, 0x24, 0xc8, 
0x16, 0x09, 0xe7, 0x27, 0xeb, 0x3e, 0xf2, 0x75, 0xd9, 0x14, 0x0d, 0xac, 0x44, 0xac, 0x44, 0x80, 0xd9, 0x01, 0x92, 0xce, 
0x01, 0xd2, 0x0a, 0x1d, 0x81, 0x4f, 0x81, 0x4f, 0x87, 0x62, 0x03, 0x99, 0x1e, 0xd3, 0x91, 0x01, 0x18, 0xd4, 0x91, 0x01, 
0xe5, 0x1e, 0x1d, 0xbd, 0x05, 0x5e, 0x3d, 0x00, 0x00, 0x32, 0x60, 0x00, 0x00, 0xda, 0x24, 0x00, 0x00, 0x79, 0x31, 0x00, 
0x00, 0xc1, 0x0a, 0x0d, 0xf5, 0x39, 0xf5, 0x39, 0x03, 0xc8, 0x10, 0x0d, 0x9e, 0x56, 0xde, 0xb9, 0x02, 0x9e, 0x56, 0xce, 
0x10, 0x1d, 0xbe, 0x07, 0xe6, 0x23, 0xbe, 0x07, 0xe0, 0x0a, 0xc9, 0x0c, 0xad, 0x61, 0xd2, 0x67, 0x8e, 0xb4, 0x01, 0xad, 
0x61, 0x80, 0xd8, 0x01, 0xc1, 0x0a, 0x13, 0xf0, 0x09, 0xf0, 0x09, 0x00, 0xc1, 0x0a, 0x1d, 0x92, 0x7c, 0x82, 0x86, 0x01, 
0x02, 0x3d, 0x18, 0xd8, 0x0f, 0xcc, 0xb2, 0x01, 0xcc, 0xb2, 0x01, 0x18, 0xc1, 0x0a, 0x0d, 0x91, 0xe6, 0x01, 0x91, 0xe6, 
0x01, 0x00, 0xc1, 0x0a, 0x1d, 0x80, 0x52, 0xeb, 0x32, 0x00, 0xce, 0x10, 0x1d, 0xec, 0x1b, 0xec, 0x1b, 0xec, 0x6d, 0xc1, 
0x0a, 0x0d, 0xbe, 0x14, 0xe7, 0x63, 0x01, 0xc1, 0x0a, 0x1d, 0xe4, 0x59, 0xa2, 0x57, 0x01, 0xce, 0x10, 0x1d, 0x9f, 0x6e, 
0x9f, 0x6e, 0xbb, 0x14, 0xc1, 0x0a, 0x0d, 0xbe, 0x14, 0xe5, 0x63, 0x02, 0xc1, 0x0a, 0x1d, 0xe4, 0x59, 0xa4, 0x57, 0x02, 
0xce, 0x10, 0x1d, 0x83, 0x60, 0x83, 0x60, 0x9f, 0x06, 0xc1, 0x0a, 0x1d, 0xaf, 0x7f, 0x8f, 0x88, 0x01, 0x03, 0x4b, 0x1d, 
0xdc, 0x57, 0xd3, 0x27, 0xdc, 0x57, 0x4b, 0x1d, 0xa4, 0x3c, 0xee, 0x22, 0xa4, 0x3c, 0x4b, 0x1d, 0xb4, 0x09, 0xa4, 0x2c, 
0xb4, 0x09, 0x01, 0x0c, 0xa5, 0xa9, 0x01, 0x9c, 0x4e, 0xcb, 0x10, 0x0c, 0x90, 0x25, 0x90, 0x25, 0xfa, 0x51, 0x23, 0xe2, 
0x05, 0x80, 0xbc, 0x01, 0xc5, 0x1f, 0x9a, 0x14, 0xe2, 0x53, 0x01, 0x65, 0xe7, 0x15, 0xe7, 0x15, 0xc1, 0x12, 0x1d, 0xed, 
0x82, 0x01, 0xed, 0x82, 0x01, 0xeb, 0x60, 0xce, 0x10, 0x13, 0xb3, 0x06, 0xb7, 0x27, 0x88, 0xc4, 0x01, 0xc3, 0x10, 0x13, 
0xc0, 0x12, 0xc0, 0x12, 0xfa, 0xca, 0x01, 0xc1, 0x0a, 0x0d, 0x85, 0x5f, 0x85, 0x5f, 0x00, 0xc1, 0x0a, 0x0d, 0x8e, 0x80, 
0x01, 0x88, 0x21, 0x01, 0xe0, 0x0a, 0x1d, 0x27, 0xe6, 0x7f, 0x27, 0xc2, 0xcf, 0x01, 0xc6, 0xf5, 0x01, 0xc1, 0x0a, 0x0d, 
0x8f, 0x7c, 0x8f, 0x7c, 0x00, 0xc1, 0x0a, 0x0d, 0x86, 0xe7, 0x01, 0xf6, 0x6a, 0x01, 0xc1, 0x0a, 0x0d, 0x9d, 0xeb, 0x01, 
0xa7, 0x80, 0x01, 0x02, 0xc1, 0x0a, 0x0d, 0xda, 0x02, 0xcd, 0x7d, 0x03, 0xe0, 0x0a, 0x1d, 0x82, 0x80, 0x01, 0xc4, 0x7e, 
0xc1, 0x68, 0xdc, 0x82, 0x01, 0x82, 0x80, 0x01, 0xe0, 0x0a, 0x65, 0x98, 0x04, 0xb2, 0xd0, 0x01, 0xb2, 0xd0, 0x01, 0xb2, 
0xd0, 0x01, 0x98, 0x04, 0xe0, 0x0a, 0xc9, 0x0c, 0x92, 0x23, 0xc6, 0x35, 0xca, 0x56, 0xcb, 0x46, 0x92, 0x23, 0xc1, 0x0a, 
0x13, 0x81, 0x80, 0x01, 0x81, 0x80, 0x01, 0x00, 0xc1, 0x0a, 0x1d, 0xc8, 0xbb, 0x01, 0xc6, 0x3b, 0x01, 0xc1, 0x0a, 0x1d, 
0xc9, 0xb7, 0x01, 0x83, 0x7c, 0x02, 0x22, 0xac, 0x55, 0xfe, 0x03, 0x22, 0xda, 0x75, 0xc9, 0xb7, 0x01, 0x3d, 0x18, 0xfe, 
0x2e, 0xfe, 0x2e, 0xfe, 0x2e, 0x18, 0x13, 0x8e, 0x05, 0xb3, 0x73, 0xab, 0x22, 0x8a, 0x14, 0xc1, 0x0a, 0x0d, 0x86, 0x6f, 
0xad, 0x04, 0x00, 0x22, 0x86, 0x6f, 0x00, 0x13, 0x8e, 0x05, 0xf0, 0x2f, 0xab, 0x22, 0x8d, 0x14, 0xc1, 0x0a, 0x0d, 0xef, 
0x09, 0xd2, 0x21, 0x01, 0x22, 0xef, 0x09, 0x00, 0x13, 0x8e, 0x05, 0xf2, 0x09, 0xab, 0x22, 0x90, 0x14, 0xc1, 0x0a, 0x0d, 
0x91, 0x05, 0xb2, 0x26, 0x02, 0x22, 0x91, 0x05, 0x00, 0xc1, 0x0a, 0x65, 0xcb, 0x7c, 0x9f, 0xa3, 0x01, 0x03, 0xc1, 0x12, 
0x1d, 0xb4, 0x47, 0xb4, 0x47, 0x3c, 0xc1, 0x0a, 0x0d, 0xe3, 0x4d, 0xe3, 0x4d, 0x02, 0x4a, 0x0d, 0xc2, 0xa7, 0x01, 0xc2, 
0xa7, 0x01, 0xc4, 0x90, 0x02, 0x4b, 0x0d, 0xe0, 0x0e, 0xe0, 0x0e, 0x92, 0xaa, 0x02, 0xd2, 0x0a, 0x1d, 0x8e, 0x47, 0x8e, 
0x47, 0xcc, 0xaf, 0x01, 0x02, 0x13, 0xe2, 0x05, 0xc5, 0x79, 0xc5, 0x1f, 0x8b, 0x14, 0x01, 0x65, 0xbc, 0x01, 0xbc, 0x01, 
0xc1, 0x12, 0x1d, 0xba, 0x71, 0xba, 0x71, 0x94, 0xc9, 0x01, 0xc1, 0x0a, 0x0d, 0xe5, 0x01, 0xe5, 0x01, 0x02, 0x3f, 0x0d, 
0xc3, 0x24, 0xc3, 0x24, 0x13, 0x8a, 0x05, 0xcf, 0xac, 0x01, 0xc5, 0x1f, 0xc4, 0x14, 0x01, 0x0d, 0xa0, 0xee, 0x01, 0xa0, 
0xee, 0x01, 0x4a, 0x0d, 0xad, 0xff, 0x01, 0xdd, 0xbd, 0x01, 0xad, 0xff, 0x01, 0x13, 0x8a, 0x05, 0x90, 0x27, 0xc5, 0x1f, 
0xc7, 0x14, 0x01, 0x0d, 0xc6, 0xd8, 0x01, 0xc6, 0xd8, 0x01, 0xc3, 0x10, 0x0d, 0xd5, 0xa2, 0x01, 0x80, 0x5d, 0xd5, 0xa2, 
0x01, 0x4a, 0x0d, 0xb7, 0x14, 0xb7, 0x14, 0xd6, 0xd2, 0x01, 0xc3, 0x10, 0x0d, 0xd6, 0x05, 0xd6, 0x05, 0xca, 0xd6, 0x01, 
0x13, 0x8e, 0x05, 0xc3, 0x32, 0xab, 0x22, 0x93, 0x14, 0x22, 0x00, 0xc3, 0x32, 0x22, 0xe8, 0x6e, 0xfd, 0xce, 0x01, 0x01, 
0x0c, 0xac, 0xae, 0x01, 0xae, 0xa0, 0x02, 0xcb, 0x10, 0x0c, 0xcf, 0xa5, 0x01, 0xcf, 0xa5, 0x01, 0xac, 0x59, 0xbf, 0x0c, 
0x0d, 0x96, 0x2e, 0xc2, 0x87, 0x01, 0xc8, 0x10, 0x0d, 0xbe, 0x47, 0x98, 0xa4, 0x02, 0xbe, 0x47, 0xc8, 0x10, 0x0d, 0x9d, 
0x8f, 0x01, 0x9d, 0x8f, 0x01, 0xfa, 0x94, 0x01, 0x4b, 0x0d, 0x94, 0x78, 0xbe, 0x80, 0x02, 0x94, 0x78, 0xbf, 0x0c, 0x0d, 
0xe2, 0x58, 0xac, 0xb7, 0x01, 0x4a, 0x0d, 0xa0, 0x10, 0xf8, 0x51, 0xa0, 0x10, 0x4b, 0x0d, 0xa3, 0x8a, 0x01, 0xa1, 0x21, 
0xa3, 0x8a, 0x01, 0xc8, 0x10, 0x0d, 0x81, 0x2d, 0x88, 0xbd, 0x01, 0xef, 0x1d, 0xc1, 0x0a, 0x0d, 0x8f, 0x2e, 0x8b, 0xe4, 
0x01, 0x00, 0x4a, 0x0d, 0x82, 0xce, 0x01, 0x82, 0xce, 0x01, 0xf2, 0x9f, 0x01, 0xd2, 0x0a, 0x1d, 0xf4, 0x1e, 0xf4, 0x1e, 
0xea, 0x08, 0x00, 0xc1, 0x0a, 0x0d, 0xed, 0x3a, 0xed, 0x3a, 0x03, 0x4a, 0x0d, 0x9d, 0x1e, 0xd8, 0x38, 0x9d, 0x1e, 0xc1, 
0x0a, 0x0d, 0x9c, 0x48, 0xef, 0x10, 0x00, 0x4b, 0x0d, 0xa5, 0x55, 0xa5, 0x55, 0x89, 0x0d, 0xd2, 0x0a, 0x1d, 0xf9, 0x4f, 
0xf9, 0x4f, 0x8f, 0xb6, 0x01, 0x00, 0xc1, 0x0a, 0x0d, 0x94, 0xb3, 0x01, 0x94, 0xb3, 0x01, 0x00, 0xc3, 0x10, 0x0d, 0xf1, 
0x7e, 0x80, 0xfa, 0x01, 0xad, 0x7a, 0xc1, 0x0a, 0x0d, 0x97, 0x49, 0xf5, 0x14, 0x03, 0x4a, 0x0d, 0xbe, 0x2e, 0xd9, 0x1a, 
0xbe, 0x2e, 0x4b, 0x0d, 0x87, 0x22, 0xd3, 0xbb, 0x01, 0x87, 0x22, 0xc0, 0x10, 0x0c, 0xf4, 0x30, 0xb0, 0x41, 0x8a, 0xc8, 
0x01, 0xbf, 0x0c, 0x0d, 0xd8, 0x54, 0xd8, 0x54, 0x4a, 0x0d, 0xe7, 0x13, 0xcc, 0x0c, 0xe7, 0x13, 0xc3, 0x10, 0x0d, 0xcf, 
0x04, 0xb2, 0xaa, 0x02, 0xcf, 0x04, 0x4a, 0x0d, 0xfd, 0xb4, 0x01, 0xfd, 0xb4, 0x01, 0xb3, 0x3b, 0x4b, 0x0d, 0x9c, 0x37, 
0xa1, 0xcc, 0x01, 0x9c, 0x37, 0x23, 0x8e, 0x05, 0xc0, 0x12, 0xc2, 0x26, 0x91, 0x14, 0x8b, 0x14, 0x22, 0x00, 0xf2, 0x01, 
0x3f, 0x0d, 0xe0, 0x71, 0xa0, 0x84, 0x01, 0x23, 0x8e, 0x05, 0xaa, 0x28, 0xc2, 0x26, 0x91, 0x14, 0x8e, 0x14, 0x22, 0x00, 
0xaa, 0x28, 0xc1, 0x0a, 0x0d, 0x87, 0xac, 0x01, 0xcb, 0x18, 0x01, 0x3f, 0x0d, 0xe6, 0xd9, 0x01, 0xe6, 0xd9, 0x01, 0xd2, 
0x0a, 0x1d, 0xe1, 0x3d, 0xe1, 0x3d, 0xb8, 0x83, 0x01, 0x01, 0x13, 0x9b, 0x05, 0x9d, 0x84, 0x01, 0xc2, 0x26, 0x8b, 0x14, 
0x22, 0x00, 0x9d, 0x84, 0x01, 0x22, 0xf4, 0x92, 0x01, 0x80, 0x06, 0x8d, 0x1e, 0x88, 0x06, 0x00, 0x9d, 0x19, 0x00, 0x00, 
0x00, 0x00, 0x00, 0x00, 0x4c, 0x4f, 0x4d, 0x53, 0x00, 0x03, 0x01, 0x00, 0x0b, 0x00, 0x08, 0x00, 0x8c, 0x62, 0x00, 0x00, 
0x00, 0x00, 0x00, 0x00, 0x68, 0x40, 0x00, 0x00, 0x91, 0x02, 0x01, 0x91, 0x02, 0x20, 0xd1, 0x10, 0x02, 0x47, 0x4c, 0x53, 
0x4c, 0x2e, 0x73, 0x74, 0x64, 0x2e, 0x34, 0x35, 0x30, 0x00, 0x00, 0x00, 0x00, 0xa0, 0x04, 0x00, 0x01, 0x8f, 0x8e, 0x40, 
0x00, 0x9f, 0x2c, 0xed, 0xc2, 0xa5, 0xf3, 0x06, 0x00, 0x8c, 0x1a, 0xa9, 0x20, 0x82, 0x1f, 0xaf, 0x2e, 0x93, 0x2d, 0xcf, 
0x2d, 0xb0, 0x23, 0x84, 0x28, 0xed, 0x17, 0xab, 0x22, 0xd9, 0x1b, 0xc2, 0x26, 0x10, 0xb4, 0x2a, 0x06, 0x10, 0x37, 0xf9, 
0x0a, 0x0b, 0x00, 0x05, 0x00, 0x07, 0x01, 0x10, 0x00, 0x23, 0x00, 0x01, 0x05, 0x00, 0x07, 0x01, 0x10, 0x00, 0x23, 0x40, 
0x01, 0x23, 0x30, 0x01, 0x23, 0x04, 0x01, 0x23, 0x04, 0x01, 0x23, 0x04, 0x01, 0x23, 0x04, 0x10, 0x8c, 0x2f, 0x01, 0x01, 
0x10, 0xc3, 0x4a, 0x06, 0x80, 0x02, 0x00, 0x80, 0x13, 0x02, 0x47, 0x00, 0x01, 0x00, 0x23, 0x00, 0x10, 0xb2, 0x1c, 0x21, 
0x00, 0x10, 0x00, 0x22, 0x01, 0x00, 0x64, 0x0e, 0x10, 0x00, 0x1e, 0x0a, 0x10, 0xb2, 0x21, 0x01, 0x08, 0x10, 0xf7, 0x2c, 
0x06, 0x40, 0x10, 0x02, 0x06, 0x40, 0x10, 0xa6, 0x06, 0x06, 0x10, 0x10, 0x95, 0x24, 0x06, 0x10, 0x10, 0xa6, 0x02, 0x06, 
0x10, 0x00, 0xfc, 0x16, 0x02, 0x37, 0x00, 0x88, 0x00, 0x05, 0x00, 0x07, 0x01, 0x10, 0x00, 0x23, 0x00, 0x01, 0x05, 0x00, 
0x07, 0x01, 0x10, 0x00, 0x23, 0x40, 0x01, 0x05, 0x00, 0x07, 0x01, 0x10, 0x00, 0x23, 0x40, 0x01, 0x05, 0x00, 0x07, 0x01, 
0x10, 0x00, 0x23, 0x40, 0x01, 0x05, 0x00, 0x07, 0x01, 0x10, 0x00, 0x23, 0x40, 0x01, 0x05, 0x00, 0x07, 0x01, 0x10, 0x00, 
0x23, 0x80, 0x02, 0x01, 0x05, 0x00, 0x07, 0x01, 0x10, 0x00, 0x23, 0x80, 0x02, 0x01, 0x05, 0x00, 0x07, 0x01, 0x10, 0x00, 
0x23, 0x40, 0x01, 0x23, 0x40, 0x01, 0x23, 0x10, 0x01, 0x23, 0x08, 0x01, 0x23, 0x04, 0x01, 0x23, 0x04, 0x01, 0x23, 0x10, 
0x01, 0x23, 0x10, 0x01, 0x23, 0x08, 0x01, 0x23, 0x08, 0x01, 0x23, 0x04, 0x01, 0x00, 0x00, 0x23, 0x04, 0x01, 0x23, 0x08, 
0x01, 0x23, 0x04, 0x01, 0x23, 0x04, 0x01, 0x23, 0x04, 0x01, 0x23, 0x04, 0x01, 0x23, 0x04, 0x01, 0x00, 0x00, 0x23, 0x04, 
0x01, 0x00, 0x00, 0x23, 0x04, 0x01, 0x00, 0x00, 0x23, 0x04, 0x01, 0x00, 0x00, 0x23, 0x10, 0x01, 0x00, 0x00, 0x23, 0x0c, 
0x01, 0x00, 0x00, 0x23, 0x04, 0x01, 0x00, 0x00, 0x23, 0x08, 0x01, 0x00, 0x00, 0x23, 0x04, 0x01, 0x00, 0x00, 0x23, 0x04, 
0x01, 0x00, 0x00, 0x23, 0x04, 0x01, 0x23, 0x04, 0x01, 0x00, 0x00, 0x23, 0x04, 0x01, 0x00, 0x00, 0x23, 0x04, 0x01, 0x23, 
0x90, 0x01, 0x01, 0x00, 0x00, 0x23, 0x0c, 0x01, 0x23, 0x04, 0x01, 0x23, 0x10, 0x01, 0x23, 0x10, 0x01, 0x00, 0x00, 0x23, 
0x08, 0x01, 0x00, 0x00, 0x23, 0x04, 0x01, 0x23, 0x04, 0x01, 0x00, 0x00, 0x23, 0x08, 0x01, 0x00, 0x00, 0x23, 0x04, 0x01, 
0x23, 0x04, 0x01, 0x00, 0x00, 0x23, 0x10, 0x01, 0x00, 0x00, 0x23, 0x04, 0x01, 0x23, 0x04, 0x01, 0x00, 0x00, 0x23, 0x08, 
0x01, 0x23, 0x04, 0x01, 0x00, 0x00, 0x23, 0x04, 0x01, 0x00, 0x00, 0x23, 0x04, 0x01, 0x23, 0x04, 0x01, 0x23, 0x0c, 0x01, 
0x23, 0x04, 0x01, 0x23, 0x04, 0x01, 0x23, 0x04, 0x01, 0x23, 0x04, 0x01, 0x23, 0x04, 0x01, 0x23, 0x0c, 0x01, 0x23, 0x04, 
0x01, 0x23, 0x04, 0x01, 0x23, 0x04, 0x01, 0x23, 0x04, 0x01, 0x05, 0x00, 0x07, 0x01, 0x10, 0x00, 0x23, 0x04, 0x01, 0x23, 
0x30, 0x01, 0x23, 0x08, 0x01, 0x05, 0x00, 0x07, 0x01, 0x10, 0x00, 0x23, 0x08, 0x01, 0x05, 0x00, 0x07, 0x01, 0x10, 0x00, 
0x23, 0x40, 0x01, 0x00, 0x00, 0x23, 0x40, 0x01, 0x00, 0x00, 0x23, 0x04, 0x01, 0x00, 0x00, 0x23, 0x04, 0x01, 0x00, 0x00, 
0x23, 0x04, 0x01, 0x23, 0x04, 0x01, 0x23, 0x40, 0x01, 0x00, 0x00, 0x23, 0x04, 0x01, 0x00, 0x00, 0x23, 0x04, 0x01, 0x00, 
0x00, 0x23, 0x04, 0x01, 0x00, 0x00, 0x23, 0x04, 0x10, 0x84, 0x1b, 0x21, 0x00, 0x10, 0x00, 0x22, 0x00, 0x10, 0xc8, 0x01, 
0x0b, 0x2a, 0x37, 0x8b, 0x2e, 0x05, 0x00, 0x05, 0x00, 0x07, 0x01, 0x10, 0x00, 0x23, 0x00, 0x01, 0x23, 0x30, 0x01, 0x23, 
0x0c, 0x10, 0xc2, 0x1a, 0x06, 0x40, 0x00, 0x85, 0x22, 0x02, 0x47, 0x00, 0x01, 0x00, 0x23, 0x00, 0x10, 0x86, 0x2c, 0x21, 
0x01, 0x10, 0x00, 0x22, 0x01, 0x10, 0xb6, 0x0f, 0x21, 0x05, 0x10, 0x00, 0x22, 0x01, 0x00, 0x8f, 0x37, 0x02, 0x47, 0x00, 
0x01, 0x00, 0x23, 0x00, 0x10, 0x9c, 0x08, 0x06, 0x10, 0x00, 0xbd, 0x08, 0x02, 0x37, 0x00, 0x02, 0x00, 0x00, 0x00, 0x23, 
0x00, 0x10, 0x9e, 0x30, 0x21, 0x02, 0x10, 0x00, 0x22, 0x01, 0x10, 0xcb, 0x02, 0x21, 0x03, 0x10, 0x00, 0x22, 0x01, 0x10, 
0xa6, 0x01, 0x1e, 0x00, 0x10, 0xda, 0x1e, 0x1e, 0x05, 0x10, 0xb7, 0x02, 0x1e, 0x06, 0x10, 0x78, 0x1e, 0x03, 0x10, 0xbd, 
0x14, 0x0b, 0x2b, 0x10, 0xa8, 0x09, 0x1e, 0x05, 0x10, 0xad, 0x20, 0x1e, 0x00, 0x00, 0xfc, 0x14, 0x10, 0x10, 0x00, 0x1e, 
0x06, 0x10, 0xa3, 0x0d, 0x1e, 0x09, 0x00, 0x91, 0x34, 0x02, 0x47, 0x00, 0x04, 0x00, 0x0b, 0x01, 0x00, 0x01, 0x0b, 0x01, 
0x01, 0x01, 0x0b, 0x01, 0x03, 0x01, 0x0b, 0x01, 0x04, 0x00, 0x94, 0x93, 0x02, 0x00, 0x00, 0x04, 0x00, 0x00, 0x02, 0x00, 
0x93, 0x02, 0x0e, 0xa1, 0x04, 0xf4, 0x13, 0x08, 0xa6, 0x02, 0xe9, 0x13, 0x20, 0xb7, 0x02, 0x20, 0x0d, 0x04, 0xb8, 0x02, 
0x90, 0x01, 0x1d, 0x04, 0xb7, 0x02, 0x99, 0x01, 0x0d, 0x03, 0xb5, 0x02, 0x17, 0x20, 0x01, 0x3e, 0x92, 0x0a, 0x07, 0x18, 
0xb5, 0x02, 0x93, 0x0a, 0x20, 0x00, 0xb7, 0x02, 0x18, 0x0b, 0x04, 0xd1, 0x04, 0xe8, 0x05, 0x08, 0x95, 0x05, 0x17, 0x1d, 
0xb7, 0x02, 0xef, 0x05, 0x0d, 0x02, 0xde, 0x02, 0xec, 0x18, 0x13, 0x1d, 0x1d, 0x65, 0xbb, 0x04, 0x0b, 0x82, 0x0f, 0x00, 
0x00, 0x00, 0x00, 0xbb, 0x04, 0x0c, 0x02, 0x00, 0x00, 0x00, 0x00, 0xbb, 0x04, 0x0b, 0x04, 0x01, 0x00, 0x00, 0x00, 0xbb, 
0x04, 0x0c, 0x02, 0x01, 0x00, 0x00, 0x00, 0xbb, 0x04, 0x0b, 0x04, 0x02, 0x00, 0x00, 0x00, 0xbb, 0x04, 0x0c, 0x02, 0x02, 
0x00, 0x00, 0x00, 0xbb, 0x04, 0x0c, 0x06, 0x03, 0x00, 0x00, 0x00, 0xb8, 0x02, 0x9b, 0x27, 0x18, 0x03, 0xbb, 0x04, 0x0b, 
0xb8, 0x27, 0x08, 0x00, 0x00, 0x00, 0xbc, 0x02, 0xf0, 0x01, 0x1d, 0xa2, 0x14, 0x8e, 0x03, 0xf9, 0x0a, 0x65, 0x46, 0x0c, 
0x0c, 0x0c, 0x0d, 0x9a, 0x15, 0xb2, 0x06, 0x0c, 0x8c, 0x2f, 0x40, 0x00, 0x00, 0x00, 0xbc, 0x02, 0xc3, 0x4a, 0xdd, 0x0f, 
0xa3, 0x27, 0xae, 0x02, 0x80, 0x13, 0x81, 0x02, 0x3e, 0xfa, 0x09, 0x02, 0xc1, 0x0b, 0x39, 0xbe, 0x10, 0xb8, 0x12, 0x02, 
0x3e, 0xef, 0x27, 0x02, 0x65, 0x3e, 0xb1, 0x01, 0x02, 0x0c, 0xbb, 0x04, 0x0c, 0xa2, 0x1e, 0x05, 0x00, 0x00, 0x00, 0x3e, 
0x9f, 0x1e, 0x02, 0x0d, 0x3e, 0x02, 0x03, 0x0c, 0x39, 0x8b, 0x05, 0x82, 0x2a, 0x03, 0xb2, 0x06, 0x0c, 0xb2, 0x21, 0x02, 
0x00, 0x00, 0x00, 0xbb, 0x04, 0x0b, 0x9d, 0x2d, 0x04, 0x00, 0x00, 0x00, 0xbc, 0x02, 0x26, 0x65, 0x96, 0x14, 0xbc, 0x02, 
0x02, 0x65, 0x96, 0x14, 0xb7, 0x02, 0xab, 0x28, 0x0b, 0x03, 0xbb, 0x04, 0x0b, 0xa2, 0x28, 0x09, 0x00, 0x00, 0x00, 0xbc, 
0x02, 0xb0, 0x06, 0x18, 0xa5, 0x14, 0xbc, 0x02, 0x95, 0x24, 0x1d, 0x96, 0x14, 0xbb, 0x04, 0x0b, 0xae, 0x1e, 0x15, 0x00, 
0x00, 0x00, 0xbc, 0x02, 0x87, 0x1c, 0x1d, 0xc9, 0x14, 0xce, 0x82, 0xc0, 0x02, 0xfc, 0x16, 0x65, 0x65, 0x65, 0x65, 0xa9, 
0x14, 0xaa, 0x14, 0x65, 0x65, 0x1d, 0x13, 0x0d, 0x0d, 0x1d, 0x1d, 0x13, 0x13, 0x0d, 0x0d, 0x13, 0x0d, 0x0d, 0x0d, 0x0d, 
0x0d, 0x0d, 0x0d, 0x0d, 0x1d, 0x14, 0x0c, 0x13, 0x0c, 0x0c, 0x0c, 0x0c, 0x0d, 0x0d, 0xbd, 0x17, 0x18, 0x0d, 0x1d, 0x1d, 
0x13, 0x0c, 0x0d, 0x13, 0x0d, 0x0d, 0x1d, 0x0c, 0x0d, 0x13, 0x0d, 0x0d, 0x0d, 0x0b, 0x18, 0x0d, 0x0d, 0x0b, 0x0d, 0x0d, 
0x18, 0x0d, 0x0d, 0x0d, 0x0d, 0x0d, 0x46, 0x13, 0x13, 0x65, 0x65, 0x0d, 0x0d, 0x0d, 0x0d, 0xb2, 0x05, 0x0c, 0x0d, 0x0d, 
0x0d, 0xc5, 0x06, 0x3e, 0xfa, 0x09, 0x02, 0x83, 0x12, 0x39, 0x80, 0x17, 0x8a, 0x11, 0x02, 0xbb, 0x04, 0x0c, 0xcf, 0x16, 
0x06, 0x00, 0x00, 0x00, 0x3e, 0xa1, 0x1e, 0x01, 0x0c, 0x39, 0x8c, 0x05, 0xba, 0x36, 0x01, 0xb8, 0x02, 0xa5, 0x3f, 0x18, 
0x04, 0xb8, 0x02, 0x0b, 0x1d, 0x03, 0xce, 0x02, 0xa6, 0x11, 0x50, 0x18, 0x0d, 0xbb, 0x04, 0x0b, 0xb7, 0x0d, 0x00, 0x01, 
0x00, 0x00, 0xbc, 0x02, 0xfa, 0x27, 0xa3, 0x09, 0xc7, 0x02, 0xae, 0x02, 0x85, 0x22, 0xc4, 0x16, 0x3e, 0xfa, 0x09, 0x02, 
0xc1, 0x05, 0x39, 0xbe, 0x0a, 0x8c, 0x22, 0x02, 0x3e, 0xed, 0x2b, 0x02, 0x50, 0xbb, 0x04, 0x0b, 0x8c, 0x1d, 0x03, 0x00, 
0x00, 0x00, 0xbb, 0x04, 0x0d, 0x0d, 0x00, 0x00, 0x00, 0x00, 0x94, 0x02, 0x85, 0x28, 0xbb, 0x04, 0x0d, 0x82, 0x02, 0x00, 
0x00, 0x80, 0x3f, 0xb7, 0x02, 0xef, 0x01, 0x0c, 0x02, 0xbb, 0x04, 0x0b, 0xe4, 0x29, 0x00, 0x08, 0x00, 0x00, 0x89, 0x03, 
0xdb, 0x27, 0x0d, 0x01, 0x00, 0x00, 0x00, 0x01, 0x00, 0xab, 0x02, 0xd0, 0x05, 0x96, 0x01, 0x3e, 0xfa, 0x09, 0x00, 0xfe, 
0x03, 0x39, 0xfb, 0x08, 0xc8, 0x34, 0x00, 0xae, 0x02, 0x8f, 0x37, 0x0c, 0x3e, 0xfa, 0x09, 0x09, 0xd7, 0x07, 0x39, 0xd4, 
0x0c, 0xa2, 0x17, 0x09, 0x3e, 0xaf, 0x26, 0x09, 0x0c, 0xb7, 0x02, 0xed, 0x09, 0x0c, 0x03, 0xbb, 0x04, 0x0c, 0xde, 0x29, 
0x00, 0x08, 0x00, 0x00, 0xbc, 0x02, 0xbf, 0x12, 0x1d, 0xc7, 0x02, 0xae, 0x02, 0xbd, 0x08, 0xe5, 0x0b, 0x3e, 0xfa, 0x09, 
0x02, 0xc6, 0x07, 0x39, 0xc3, 0x0c, 0xa4, 0x26, 0x02, 0x89, 0x03, 0xfd, 0x3b, 0x0d, 0x01, 0x00, 0x01, 0x00, 0x01, 0x00, 
0xab, 0x02, 0xd2, 0x04, 0xd6, 0x01, 0x3e, 0xfa, 0x09, 0x00, 0xff, 0x03, 0x39, 0xfc, 0x08, 0xe6, 0x2a, 0x00, 0x3e, 0xa9, 
0x32, 0x01, 0x1d, 0x39, 0x9a, 0x05, 0xd0, 0x33, 0x01, 0xbb, 0x04, 0x0c, 0xf3, 0x2c, 0x00, 0x02, 0x00, 0x00, 0xbb, 0x04, 
0x0c, 0xff, 0x0b, 0x00, 0x01, 0x00, 0x00, 0x3e, 0x98, 0x05, 0x01, 0x17, 0x39, 0x94, 0x05, 0xb6, 0x52, 0x01, 0x39, 0x9a, 
0x05, 0xb7, 0x02, 0x01, 0xbb, 0x04, 0x0d, 0xbf, 0x4b, 0x00, 0x00, 0x00, 0xbf, 0xbb, 0x04, 0x0d, 0xed, 0x0a, 0x00, 0x00, 
0x00, 0x3f, 0xbb, 0x04, 0x0d, 0xac, 0x10, 0x00, 0x00, 0x00, 0x20, 0xbb, 0x04, 0x0d, 0xed, 0x0a, 0x00, 0x00, 0x00, 0xa0, 
0x3e, 0x6a, 0x01, 0x13, 0x39, 0x90, 0x05, 0xfe, 0x50, 0x01, 0x3e, 0x81, 0x51, 0x01, 0x0d, 0xec, 0x04, 0x1d, 0xd8, 0x23, 
0xdc, 0x05, 0xdc, 0x05, 0xdc, 0x05, 0xdc, 0x05, 0xec, 0x04, 0x1d, 0xcd, 0x17, 0x92, 0x14, 0xf1, 0x11, 0xf1, 0x11, 0xf1, 
0x11, 0xec, 0x04, 0x1d, 0x82, 0x09, 0xef, 0x08, 0x94, 0x1d, 0xef, 0x08, 0xef, 0x08, 0xec, 0x04, 0x1d, 0xa7, 0x10, 0x97, 
0x19, 0x97, 0x19, 0xec, 0x0c, 0x97, 0x19, 0xec, 0x04, 0x1d, 0xde, 0x1e, 0xc6, 0x05, 0xc6, 0x05, 0xc6, 0x05, 0xca, 0x2b, 
0xec, 0x04, 0x65, 0xdb, 0x23, 0xa3, 0x0c, 0xa5, 0x15, 0xfd, 0x04, 0xdb, 0x23, 0xbb, 0x04, 0x0d, 0xcf, 0x09, 0x00, 0x00, 
0x00, 0x40, 0x39, 0x8c, 0x05, 0xae, 0x46, 0x01, 0x3e, 0xbd, 0x3c, 0x03, 0x13, 0x39, 0x91, 0x05, 0xe6, 0x45, 0x03, 0x3e, 
0xd1, 0x45, 0x03, 0x1d, 0x39, 0x9b, 0x05, 0xa4, 0x25, 0x03, 0x39, 0x9b, 0x05, 0xfc, 0x14, 0x03, 0x3e, 0xb7, 0x3a, 0x03, 
0x0d, 0xbb, 0x04, 0x0c, 0xea, 0x1e, 0x13, 0x00, 0x00, 0x00, 0xbb, 0x04, 0x0c, 0x06, 0x14, 0x00, 0x00, 0x00, 0x39, 0x9b, 
0x05, 0xa4, 0x0e, 0x03, 0xbb, 0x04, 0x0d, 0xaf, 0x2a, 0x00, 0x00, 0x80, 0xbf, 0xbc, 0x02, 0xca, 0x01, 0x0d, 0x90, 0x14, 
0xbc, 0x02, 0x31, 0x0d, 0x8d, 0x14, 0xde, 0x02, 0xf9, 0x0a, 0x1d, 0x0d, 0xa6, 0x07, 0x8d, 0x07, 0x3e, 0xfa, 0x09, 0x03, 
0xd0, 0x01, 0x39, 0xcd, 0x06, 0xea, 0x3f, 0x03, 0xad, 0x06, 0x65, 0xff, 0x4c, 0xcc, 0x04, 0x13, 0xfc, 0x0b, 0xec, 0x09, 
0xec, 0x09, 0xad, 0x06, 0x1d, 0xf9, 0x0b, 0xc6, 0x06, 0x08, 0xb8, 0x58, 0x00, 0x82, 0x0a, 0x18, 0xe8, 0xac, 0x02, 0x39, 
0x95, 0x05, 0x93, 0x66, 0x07, 0x39, 0x95, 0x05, 0xc4, 0x37, 0x07, 0x39, 0x95, 0x05, 0xb9, 0x79, 0x07, 0x01, 0x0c, 0xfa, 
0x26, 0xb6, 0xbd, 0x01, 0x22, 0xfe, 0xcf, 0x01, 0x00, 0x01, 0x0c, 0xbe, 0x0e, 0xbc, 0xde, 0x01, 0xc7, 0x10, 0x0c, 0xc7, 
0x51, 0xc7, 0x51, 0xc2, 0x6b, 0x33, 0xe2, 0x05, 0xeb, 0x2a, 0xda, 0x19, 0x8b, 0x14, 0xc6, 0x60, 0x8b, 0x14, 0x01, 0x65, 
0x96, 0x80, 0x01, 0x96, 0x80, 0x01, 0x33, 0x89, 0x05, 0xbe, 0x24, 0xda, 0x19, 0x8b, 0x14, 0xc6, 0x60, 0x91, 0x14, 0x01, 
0x0c, 0x9c, 0x23, 0x9c, 0x23, 0x33, 0x89, 0x05, 0x99, 0x23, 0xda, 0x19, 0x8b, 0x14, 0xc6, 0x60, 0x94, 0x14, 0x01, 0x0c, 
0x9c, 0x23, 0x9c, 0x23, 0x13, 0x8e, 0x05, 0x99, 0x23, 0xcf, 0x2d, 0x8a, 0x14, 0x01, 0x0d, 0x9c, 0x23, 0x9c, 0x23, 0x13, 
0x8e, 0x05, 0xd3, 0x0f, 0xcf, 0x2d, 0x8d, 0x14, 0x01, 0x0d, 0x91, 0x9d, 0x01, 0x91, 0x9d, 0x01, 0xc3, 0x10, 0x0d, 0xe8, 
0xb1, 0x01, 0x82, 0xe1, 0x02, 0xe8, 0xb1, 0x01, 0xc0, 0x0a, 0x13, 0xe5, 0xe8, 0x01, 0xe3, 0xe3, 0x01, 0xe5, 0xe8, 0x01, 
0x13, 0xe2, 0x05, 0xa8, 0x89, 0x01, 0xc5, 0x1f, 0x9d, 0x14, 0x01, 0x65, 0xd5, 0x43, 0xd5, 0x43, 0x01, 0x1d, 0xcb, 0x04, 
0xb2, 0x7d, 0xc7, 0x18, 0x0c, 0xee, 0x9f, 0x01, 0xed, 0x02, 0x94, 0xca, 0x02, 0xcb, 0x14, 0x09, 0xdd, 0xb7, 0x01, 0xdd, 
0xb7, 0x01, 0xb0, 0x7b, 0xa7, 0x1e, 0xda, 0x36, 0x00, 0xba, 0x1e, 0x00, 0xfb, 0x25, 0xda, 0x36, 0x18, 0xfc, 0x25, 0x01, 
0x0c, 0xf1, 0x0c, 0xfe, 0x7b, 0x13, 0x8d, 0x05, 0xaf, 0x0b, 0xa5, 0x18, 0x8b, 0x14, 0x01, 0x0c, 0xde, 0x19, 0xde, 0x19, 
0xc0, 0x10, 0x0c, 0xc6, 0x63, 0xf4, 0x71, 0xc6, 0x63, 0xcb, 0x10, 0x0c, 0xb1, 0x9d, 0x01, 0xb1, 0x9d, 0x01, 0x88, 0x67, 
0xc7, 0x10, 0x0c, 0x81, 0x2a, 0xb3, 0xc7, 0x01, 0x86, 0x3d, 0xd0, 0x0a, 0x16, 0xda, 0xe8, 0x01, 0xd8, 0xbe, 0x01, 0xda, 
0xe8, 0x01, 0xd4, 0xa7, 0x02, 0x99, 0x1e, 0xa4, 0x13, 0x18, 0xa3, 0x13, 0xe5, 0x1e, 0x16, 0xf7, 0x8d, 0x01, 0xf5, 0x53, 
0x00, 0x00, 0x61, 0x32, 0x00, 0x00, 0xf3, 0x2b, 0x00, 0x00, 0xed, 0x57, 0x00, 0x00, 0xe5, 0x1e, 0x1d, 0xaa, 0x1d, 0xdb, 
0x2e, 0x00, 0x00, 0x61, 0x32, 0x00, 0x00, 0x8d, 0x35, 0x00, 0x00, 0xed, 0x57, 0x00, 0x00, 0xe5, 0x1e, 0x0c, 0x85, 0x51, 
0x0b, 0x0a, 0x00, 0x00, 0x61, 0x32, 0x00, 0x00, 0x0c, 0x56, 0x00, 0x00, 0xed, 0x57, 0x00, 0x00, 0xc1, 0x16, 0x09, 0xf5, 
0x14, 0xf5, 0x14, 0x93, 0xf8, 0x01, 0xb6, 0x1e, 0x8b, 0x07, 0xdd, 0xf9, 0x01, 0x00, 0xba, 0x1e, 0x00, 0xb1, 0x7d, 0x8b, 
0x07, 0x18, 0xb2, 0x7d, 0x33, 0x8a, 0x05, 0x9a, 0x5c, 0xd5, 0x1f, 0x8b, 0x14, 0xb9, 0x3d, 0x8a, 0x14, 0x01, 0x0d, 0x93, 
0x29, 0x93, 0x29, 0xc7, 0x16, 0x09, 0xf3, 0x7a, 0xf3, 0x7a, 0xa8, 0x73, 0xa7, 0x1e, 0xcf, 0xdf, 0x01, 0x00, 0xba, 0x1e, 
0x00, 0xf8, 0x0b, 0xcf, 0xdf, 0x01, 0x18, 0xf7, 0x0b, 0xd2, 0x0a, 0x16, 0xfe, 0x3c, 0xd4, 0x51, 0xf8, 0x1d, 0x02, 0x01, 
0xff, 0x03, 0xb0, 0x51, 0x98, 0xe1, 0x01, 0xb4, 0x0c, 0xd6, 0x01, 0xeb, 0x58, 0xeb, 0x58, 0xef, 0x0a, 0x1d, 0xfe, 0x20, 
0xfe, 0x20, 0xc2, 0x19, 0x02, 0x8b, 0x14, 0xce, 0x10, 0x1d, 0xc9, 0x19, 0xc9, 0x19, 0xf5, 0x49, 0x4b, 0x1d, 0xa8, 0x22, 
0xee, 0x22, 0xa8, 0x22, 0x99, 0x1e, 0xa9, 0x8c, 0x01, 0x18, 0xaa, 0x8c, 0x01, 0xe5, 0x1e, 0x16, 0xa9, 0xcb, 0x01, 0xa7, 
0x2b, 0x00, 0x00, 0xd7, 0x38, 0x00, 0x00, 0x23, 0x33, 0x00, 0x00, 0xe4, 0x23, 0x00, 0x00, 0xe5, 0x1e, 0x1d, 0xb4, 0x26, 
0xfc, 0x32, 0x00, 0x00, 0xd7, 0x38, 0x00, 0x00, 0xb3, 0x3b, 0x00, 0x00, 0xe4, 0x23, 0x00, 0x00, 0x99, 0x1e, 0xbf, 0x89, 
0x01, 0x18, 0xc0, 0x89, 0x01, 0xc0, 0x10, 0x0c, 0xc1, 0x07, 0xa6, 0xdd, 0x01, 0xfc, 0xaf, 0x02, 0x99, 0x1e, 0xd2, 0x1b, 
0x18, 0x8f, 0xeb, 0x01, 0x99, 0x1e, 0x1c, 0x18, 0x1b, 0xe5, 0x1e, 0x1d, 0x92, 0xa8, 0x01, 0xdb, 0x2e, 0x00, 0x00, 0x53, 
0x61, 0x00, 0x00, 0xfc, 0x32, 0x00, 0x00, 0x44, 0x1b, 0x00, 0x00, 0xc7, 0x18, 0x0c, 0xa5, 0x78, 0xb9, 0xc1, 0x01, 0xc8, 
0x97, 0x01, 0xcb, 0x14, 0x09, 0xd2, 0x6e, 0xd2, 0x6e, 0x94, 0xe3, 0x01, 0xa7, 0x1e, 0xdd, 0x19, 0x00, 0xba, 0x1e, 0x00, 
0x80, 0x43, 0xdd, 0x19, 0x18, 0xff, 0x42, 0x01, 0x17, 0xba, 0x04, 0x86, 0x70, 0x01, 0x1d, 0xa6, 0x76, 0xe4, 0xe8, 0x01, 
0x3d, 0x18, 0xfb, 0x43, 0xef, 0x15, 0xef, 0x15, 0x18, 0x22, 0xf2, 0x21, 0x00, 0xe9, 0x06, 0x08, 0xc1, 0x84, 0x01, 0xaa, 
0x33, 0xcf, 0x62, 0x97, 0x52, 0xbd, 0xc8, 0x01, 0x01, 0x18, 0xbe, 0xbc, 0x01, 0xee, 0x59, 0xc1, 0x0a, 0x0d, 0xbb, 0x0a, 
0xbb, 0x0a, 0x00, 0xd2, 0x0a, 0x1d, 0xf3, 0x3c, 0xf3, 0x3c, 0xa3, 0x25, 0x00, 0xc1, 0x0a, 0x0d, 0xbe, 0x46, 0x71, 0x01, 
0xd2, 0x0a, 0x1d, 0x89, 0x3a, 0x89, 0x3a, 0xb4, 0x0c, 0x01, 0xc1, 0x0a, 0x0d, 0xfa, 0x6b, 0xfe, 0x30, 0x02, 0xd2, 0x0a, 
0x1d, 0xe7, 0xd6, 0x01, 0xe7, 0xd6, 0x01, 0xed, 0x6a, 0x02, 0x99, 0x1e, 0xe7, 0x93, 0x01, 0x18, 0xe8, 0x93, 0x01, 0xe5, 
0x1e, 0x1d, 0xaf, 0x06, 0x3f, 0x45, 0x00, 0x00, 0x36, 0x1b, 0x00, 0x00, 0x50, 0x24, 0x00, 0x00, 0x15, 0x32, 0x00, 0x00, 
0xc1, 0x0a, 0x0d, 0xe3, 0x34, 0xe3, 0x34, 0x02, 0x4a, 0x0d, 0x99, 0x5e, 0x99, 0x5e, 0xf4, 0x7c, 0x4b, 0x0d, 0x90, 0xba, 
0x01, 0x90, 0xba, 0x01, 0xf2, 0xc1, 0x02, 0xd2, 0x0a, 0x1d, 0xf9, 0xa2, 0x01, 0xf9, 0xa2, 0x01, 0xe7, 0x7b, 0x02, 0xc1, 
0x12, 0x1d, 0xcc, 0x52, 0xba, 0x35, 0xcc, 0x52, 0xc1, 0x0a, 0x0d, 0xc5, 0x18, 0xc5, 0x18, 0x03, 0x5c, 0x0d, 0xdb, 0x79, 
0x01, 0x04, 0xbb, 0x6e, 0xc8, 0x16, 0x09, 0x8e, 0x3e, 0x8e, 0x3e, 0x84, 0x8d, 0x01, 0xa7, 0x1e, 0xe1, 0x83, 0x01, 0x00, 
0xba, 0x1e, 0x00, 0xc9, 0x24, 0xe1, 0x83, 0x01, 0x18, 0xca, 0x24, 0xc8, 0x16, 0x09, 0xe7, 0x27, 0xeb, 0x3e, 0xf2, 0x75, 
0xd9, 0x14, 0x0d, 0xac, 0x44, 0xac, 0x44, 0x80, 0xd9, 0x01, 0x92, 0xce, 0x01, 0xd2, 0x0a, 0x1d, 0x81, 0x4f, 0x81, 0x4f, 
0x87, 0x62, 0x03, 0x99, 0x1e, 0xd5, 0x91, 0x01, 0x18, 0xd6, 0x91, 0x01, 0xe5, 0x1e, 0x1d, 0xbf, 0x05, 0x5e, 0x3d, 0x00, 
0x00, 0x44, 0x49, 0x00, 0x00, 0xda, 0x24, 0x00, 0x00, 0x79, 0x31, 0x00, 0x00, 0xc1, 0x0a, 0x0d, 0xf5, 0x39, 0xf5, 0x39, 
0x03, 0xc8, 0x10, 0x0d, 0x9e, 0x56, 0xde, 0xb9, 0x02, 0x9e, 0x56, 0xce, 0x10, 0x1d, 0xbe, 0x07, 0xe6, 0x23, 0xbe, 0x07, 
0xe0, 0x0a, 0xc9, 0x0c, 0xad, 0x61, 0xd2, 0x67, 0x8e, 0xb4, 0x01, 0xad, 0x61, 0x80, 0xd8, 0x01, 0xc1, 0x0a, 0x13, 0xe0, 
0x3b, 0xe0, 0x3b, 0x00, 0xc1, 0x0a, 0x1d, 0xd9, 0x1f, 0x86, 0x1c, 0x02, 0xa7, 0x1e, 0xfc, 0x82, 0x01, 0x00, 0xba, 0x1e, 
0xc2, 0x5a, 0xc4, 0x34, 0xfc, 0x82, 0x01, 0x18, 0xc3, 0x34, 0x01, 0x0c, 0xf1, 0x0c, 0x80, 0x7c, 0x13, 0x8d, 0x05, 0xaf, 
0x0b, 0xa5, 0x18, 0x8b, 0x14, 0x01, 0x0c, 0xde, 0x19, 0xde, 0x19, 0xc0, 0x10, 0x0c, 0xc6, 0x63, 0xf4, 0x71, 0xc6, 0x63, 
0xcb, 0x10, 0x0c, 0xb1, 0x9d, 0x01, 0xb1, 0x9d, 0x01, 0x8a, 0x67, 0xc7, 0x10, 0x0c, 0x81, 0x2a, 0xb3, 0xc7, 0x01, 0x88, 
0x3d, 0xd0, 0x0a, 0x16, 0xda, 0xe8, 0x01, 0xd8, 0xbe, 0x01, 0xda, 0xe8, 0x01, 0xd6, 0xa7, 0x02, 0x99, 0x1e, 0xa4, 0x13, 
0x18, 0xa3, 0x13, 0xe5, 0x1e, 0x16, 0xf7, 0x8d, 0x01, 0xf6, 0x53, 0x00, 0x00, 0x62, 0x32, 0x00, 0x00, 0xf4, 0x2b, 0x00, 
0x00, 0xee, 0x57, 0x00, 0x00, 0xe5, 0x1e, 0x1d, 0xaa, 0x1d, 0xdb, 0x2e, 0x00, 0x00, 0x62, 0x32, 0x00, 0x00, 0x8e, 0x35, 
0x00, 0x00, 0xee, 0x57, 0x00, 0x00, 0xe5, 0x1e, 0x0c, 0x85, 0x51, 0x0b, 0x0a, 0x00, 0x00, 0x62, 0x32, 0x00, 0x00, 0x0d, 
0x56, 0x00, 0x00, 0xee, 0x57, 0x00, 0x00, 0xc1, 0x16, 0x09, 0xf5, 0x14, 0xf5, 0x14, 0x91, 0xf8, 0x01, 0xb6, 0x1e, 0x8b, 
0x07, 0xdd, 0xf9, 0x01, 0x00, 0xba, 0x1e, 0x00, 0xb1, 0x7d, 0x8b, 0x07, 0x18, 0xb2, 0x7d, 0x33, 0x8a, 0x05, 0x9a, 0x5c, 
0xd5, 0x1f, 0x8b, 0x14, 0xba, 0x3d, 0x8a, 0x14, 0x01, 0x0d, 0x91, 0x29, 0x91, 0x29, 0xc7, 0x16, 0x09, 0xf5, 0x7a, 0xf5, 
0x7a, 0xaa, 0x73, 0xa7, 0x1e, 0xcf, 0xdf, 0x01, 0x00, 0xba, 0x1e, 0x00, 0xf8, 0x0b, 0xcf, 0xdf, 0x01, 0x18, 0xf7, 0x0b, 
0xd2, 0x0a, 0x16, 0xfe, 0x3c, 0xd4, 0x51, 0xf8, 0x1d, 0x02, 0x01, 0xff, 0x03, 0xb0, 0x51, 0x9a, 0xe1, 0x01, 0xb4, 0x0c, 
0xd6, 0x01, 0xeb, 0x58, 0xeb, 0x58, 0xef, 0x0a, 0x1d, 0xfe, 0x20, 0xfe, 0x20, 0xc2, 0x19, 0x02, 0x8b, 0x14, 0xce, 0x10, 
0x1d, 0xc9, 0x19, 0xc9, 0x19, 0xf7, 0x49, 0x4b, 0x1d, 0xa8, 0x22, 0xee, 0x22, 0xa8, 0x22, 0x99, 0x1e, 0xa9, 0x8c, 0x01, 
0x18, 0xaa, 0x8c, 0x01, 0xe5, 0x1e, 0x16, 0xa9, 0xcb, 0x01, 0xa8, 0x2b, 0x00, 0x00, 0xd8, 0x38, 0x00, 0x00, 0x24, 0x33, 
0x00, 0x00, 0xe5, 0x23, 0x00, 0x00, 0xe5, 0x1e, 0x1d, 0xb4, 0x26, 0xfd, 0x32, 0x00, 0x00, 0xd8, 0x38, 0x00, 0x00, 0xb4, 
0x3b, 0x00, 0x00, 0xe5, 0x23, 0x00, 0x00, 0x99, 0x1e, 0xbf, 0x89, 0x01, 0x18, 0xc0, 0x89, 0x01, 0xc0, 0x10, 0x0c, 0xc1, 
0x07, 0xa6, 0xdd, 0x01, 0xfe, 0xaf, 0x02, 0x99, 0x1e, 0xd2, 0x1b, 0x18, 0x8f, 0xeb, 0x01, 0x99, 0x1e, 0x81, 0x0e, 0x18, 
0x82, 0x0e, 0xe5, 0x1e, 0x1d, 0xcc, 0x2f, 0xdb, 0x2e, 0x00, 0x00, 0x45, 0x49, 0x00, 0x00, 0xfd, 0x32, 0x00, 0x00, 0x45, 
0x1b, 0x00, 0x00, 0xa7, 0x1e, 0xe3, 0x79, 0x00, 0xba, 0x1e, 0xd1, 0x60, 0xd3, 0x1d, 0xe3, 0x79, 0x18, 0xd4, 0x1d, 0x01, 
0x17, 0xba, 0x04, 0x88, 0x70, 0x01, 0x1d, 0xa6, 0x76, 0xe6, 0xe8, 0x01, 0x3d, 0x18, 0xfb, 0x43, 0xb8, 0x54, 0xb8, 0x54, 
0x18, 0x22, 0xc5, 0x57, 0x00, 0xe9, 0x06, 0x08, 0xc1, 0x84, 0x01, 0xac, 0x33, 0x87, 0xdc, 0x01, 0x97, 0x52, 0xbd, 0xc8, 
0x01, 0x01, 0x18, 0xbe, 0xbc, 0x01, 0xc9, 0x1f, 0xc1, 0x0a, 0x0d, 0xbb, 0x0a, 0xbb, 0x0a, 0x00, 0xd2, 0x0a, 0x1d, 0xf3, 
0x3c, 0xf3, 0x3c, 0xd6, 0xef, 0x01, 0x00, 0xc1, 0x0a, 0x0d, 0xbe, 0x46, 0x71, 0x01, 0xd2, 0x0a, 0x1d, 0x89, 0x3a, 0x89, 
0x3a, 0xb4, 0x0c, 0x01, 0xc1, 0x0a, 0x0d, 0xfa, 0x6b, 0xfe, 0x30, 0x02, 0xd2, 0x0a, 0x1d, 0xe7, 0xd6, 0x01, 0xe7, 0xd6, 
0x01, 0xed, 0x6a, 0x02, 0x99, 0x1e, 0x99, 0x93, 0x01, 0x18, 0x9a, 0x93, 0x01, 0xe5, 0x1e, 0x1d, 0xe7, 0x0f, 0xac, 0x2a, 
0x00, 0x00, 0xc6, 0x1e, 0x00, 0x00, 0x51, 0x24, 0x00, 0x00, 0x16, 0x32, 0x00, 0x00, 0x3d, 0x18, 0xce, 0x29, 0xce, 0x29, 
0xce, 0x29, 0x18, 0xc1, 0x0a, 0x0d, 0x93, 0x77, 0x93, 0x77, 0x00, 0xc1, 0x0a, 0x1d, 0xbc, 0x1c, 0xeb, 0x32, 0x00, 0xce, 
0x10, 0x1d, 0xec, 0x1b, 0xec, 0x1b, 0xa8, 0x38, 0xc1, 0x0a, 0x0d, 0xbe, 0x14, 0xad, 0x2a, 0x01, 0xc1, 0x0a, 0x1d, 0xe4, 
0x59, 0xa2, 0x57, 0x01, 0xce, 0x10, 0x1d, 0x9f, 0x6e, 0x9f, 0x6e, 0xbb, 0x14, 0xc1, 0x0a, 0x0d, 0xbe, 0x14, 0xab, 0x2a, 
0x02, 0xc1, 0x0a, 0x1d, 0xe4, 0x59, 0xa4, 0x57, 0x02, 0xce, 0x10, 0x1d, 0x83, 0x60, 0x83, 0x60, 0x9f, 0x06, 0xc1, 0x0a, 
0x1d, 0xaf, 0x7f, 0x8f, 0x88, 0x01, 0x03, 0x4b, 0x1d, 0xdc, 0x57, 0xd3, 0x27, 0xdc, 0x57, 0x4b, 0x1d, 0xa4, 0x3c, 0xee, 
0x22, 0xa4, 0x3c, 0x4b, 0x1d, 0xb4, 0x09, 0xa4, 0x2c, 0xb4, 0x09, 0x01, 0x0c, 0xa5, 0xa9, 0x01, 0x9c, 0x4e, 0xcb, 0x10, 
0x0c, 0x90, 0x25, 0x90, 0x25, 0xfa, 0x51, 0x23, 0xe2, 0x05, 0x80, 0xbc, 0x01, 0xc5, 0x1f, 0x9a, 0x14, 0xe2, 0x53, 0x01, 
0x65, 0xe7, 0x15, 0xe7, 0x15, 0xc1, 0x12, 0x1d, 0xed, 0x82, 0x01, 0xed, 0x82, 0x01, 0xeb, 0x60, 0xce, 0x10, 0x13, 0xb3, 
0x06, 0xa7, 0x59, 0x88, 0xc4, 0x01, 0xc3, 0x10, 0x13, 0xc0, 0x12, 0xc0, 0x12, 0xfa, 0xca, 0x01, 0xc1, 0x0a, 0x0d, 0x85, 
0x5f, 0x85, 0x5f, 0x00, 0xc1, 0x0a, 0x0d, 0x8e, 0x80, 0x01, 0x88, 0x21, 0x01, 0xe0, 0x0a, 0x1d, 0x27, 0xe6, 0x7f, 0x27, 
0xc2, 0xcf, 0x01, 0xc6, 0xf5, 0x01, 0xc1, 0x0a, 0x0d, 0x8f, 0x7c, 0x8f, 0x7c, 0x00, 0xc1, 0x0a, 0x0d, 0x86, 0xe7, 0x01, 
0xf6, 0x6a, 0x01, 0xc1, 0x0a, 0x0d, 0x9d, 0xeb, 0x01, 0xa7, 0x80, 0x01, 0x02, 0xc1, 0x0a, 0x0d, 0xda, 0x02, 0xcd, 0x7d, 
0x03, 0xe0, 0x0a, 0x1d, 0x82, 0x80, 0x01, 0xc4, 0x7e, 0xc1, 0x68, 0xdc, 0x82, 0x01, 0x82, 0x80, 0x01, 0xe0, 0x0a, 0x65, 
0x98, 0x04, 0xb2, 0xd0, 0x01, 0xb2, 0xd0, 0x01, 0xb2, 0xd0, 0x01, 0x98, 0x04, 0xe0, 0x0a, 0xc9, 0x0c, 0x92, 0x23, 0xd6, 
0x03, 0xca, 0x56, 0xb0, 0x23, 0x92, 0x23, 0xc1, 0x0a, 0x13, 0x81, 0x80, 0x01, 0x81, 0x80, 0x01, 0x00, 0xc1, 0x0a, 0x1d, 
0xc8, 0xbb, 0x01, 0xc6, 0x3b, 0x01, 0xc1, 0x0a, 0x1d, 0xc9, 0xb7, 0x01, 0x83, 0x7c, 0x02, 0x22, 0xac, 0x55, 0xfe, 0x03, 
0x22, 0xda, 0x75, 0xc9, 0xb7, 0x01, 0x3d, 0x18, 0xfe, 0x2e, 0xfe, 0x2e, 0xfe, 0x2e, 0x18, 0x13, 0x8f, 0x05, 0xb3, 0x73, 
0xab, 0x22, 0x8a, 0x14, 0xc1, 0x0a, 0x0d, 0x86, 0x6f, 0xad, 0x04, 0x00, 0x22, 0x86, 0x6f, 0x00, 0x13, 0x8f, 0x05, 0xf0, 
0x2f, 0xab, 0x22, 0x8d, 0x14, 0xc1, 0x0a, 0x0d, 0xef, 0x09, 0xd2, 0x21, 0x01, 0x22, 0xef, 0x09, 0x00, 0x13, 0x8f, 0x05, 
0xf2, 0x09, 0xab, 0x22, 0x90, 0x14, 0xc1, 0x0a, 0x0d, 0x91, 0x05, 0xb2, 0x26, 0x02, 0x22, 0x91, 0x05, 0x00, 0xc1, 0x0a, 
0x65, 0x93, 0x34, 0xe7, 0x5a, 0x03, 0xa7, 0x1e, 0xc2, 0x4b, 0x00, 0xba, 0x1e, 0x8a, 0x23, 0xf5, 0x02, 0xc2, 0x4b, 0x18, 
0xf6, 0x02, 0x01, 0x0c, 0xf1, 0x0c, 0x82, 0x7c, 0x13, 0x8d, 0x05, 0xaf, 0x0b, 0xa5, 0x18, 0x8b, 0x14, 0x01, 0x0c, 0xde, 
0x19, 0xde, 0x19, 0xc0, 0x10, 0x0c, 0xc6, 0x63, 0xf4, 0x71, 0xc6, 0x63, 0xcb, 0x10, 0x0c, 0xb1, 0x9d, 0x01, 0xb1, 0x9d, 
0x01, 0x8c, 0x67, 0xc7, 0x10, 0x0c, 0x81, 0x2a, 0xb3, 0xc7, 0x01, 0x8a, 0x3d, 0xd0, 0x0a, 0x16, 0xda, 0xe8, 0x01, 0xd8, 
0xbe, 0x01, 0xda, 0xe8, 0x01, 0xd8, 0xa7, 0x02, 0x99, 0x1e, 0xa4, 0x13, 0x18, 0xa3, 0x13, 0xe5, 0x1e, 0x16, 0xf7, 0x8d, 
0x01, 0xf7, 0x53, 0x00, 0x00, 0x63, 0x32, 0x00, 0x00, 0xf5, 0x2b, 0x00, 0x00, 0xef, 0x57, 0x00, 0x00, 0xe5, 0x1e, 0x1d, 
0xaa, 0x1d, 0xdb, 0x2e, 0x00, 0x00, 0x63, 0x32, 0x00, 0x00, 0x8f, 0x35, 0x00, 0x00, 0xef, 0x57, 0x00, 0x00, 0xe5, 0x1e, 
0x0c, 0x85, 0x51, 0x0b, 0x0a, 0x00, 0x00, 0x63, 0x32, 0x00, 0x00, 0x0e, 0x56, 0x00, 0x00, 0xef, 0x57, 0x00, 0x00, 0xc1, 
0x16, 0x09, 0xf5, 0x14, 0xf5, 0x14, 0x8f, 0xf8, 0x01, 0xb6, 0x1e, 0x8b, 0x07, 0xdd, 0xf9, 0x01, 0x00, 0xba, 0x1e, 0x00, 
0xb1, 0x7d, 0x8b, 0x07, 0x18, 0xb2, 0x7d, 0x33, 0x8a, 0x05, 0x9a, 0x5c, 0xd5, 0x1f, 0x8b, 0x14, 0xbb, 0x3d, 0x8a, 0x14, 
0x01, 0x0d, 0x91, 0x29, 0x91, 0x29, 0xc7, 0x16, 0x09, 0xf5, 0x7a, 0xf5, 0x7a, 0xac, 0x73, 0xa7, 0x1e, 0xcf, 0xdf, 0x01, 
0x00, 0xba, 0x1e, 0x00, 0xf8, 0x0b, 0xcf, 0xdf, 0x01, 0x18, 0xf7, 0x0b, 0xd2, 0x0a, 0x16, 0xfe, 0x3c, 0xd4, 0x51, 0xf8, 
0x1d, 0x02, 0x01, 0xff, 0x03, 0xb0, 0x51, 0x9c, 0xe1, 0x01, 0xb4, 0x0c, 0xd6, 0x01, 0xeb, 0x58, 0xeb, 0x58, 0xef, 0x0a, 
0x1d, 0xfe, 0x20, 0xfe, 0x20, 0xc2, 0x19, 0x02, 0x8b, 0x14, 0xce, 0x10, 0x1d, 0xc9, 0x19, 0xc9, 0x19, 0xf7, 0x49, 0x4b, 
0x1d, 0xa8, 0x22, 0xee, 0x22, 0xa8, 0x22, 0x99, 0x1e, 0xa9, 0x8c, 0x01, 0x18, 0xaa, 0x8c, 0x01, 0xe5, 0x1e, 0x16, 0xa9, 
0xcb, 0x01, 0xa9, 0x2b, 0x00, 0x00, 0xd9, 0x38, 0x00, 0x00, 0x25, 0x33, 0x00, 0x00, 0xe6, 0x23, 0x00, 0x00, 0xe5, 0x1e, 
0x1d, 0xb4, 0x26, 0xfe, 0x32, 0x00, 0x00, 0xd9, 0x38, 0x00, 0x00, 0xb5, 0x3b, 0x00, 0x00, 0xe6, 0x23, 0x00, 0x00, 0x99, 
0x1e, 0xbf, 0x89, 0x01, 0x18, 0xc0, 0x89, 0x01, 0xc0, 0x10, 0x0c, 0xc1, 0x07, 0xa6, 0xdd, 0x01, 0x80, 0xb0, 0x02, 0x99, 
0x1e, 0xd2, 0x1b, 0x18, 0x8f, 0xeb, 0x01, 0x99, 0x1e, 0x81, 0x0e, 0x18, 0x82, 0x0e, 0xe5, 0x1e, 0x1d, 0xcc, 0x2f, 0xdb, 
0x2e, 0x00, 0x00, 0x1e, 0x49, 0x00, 0x00, 0xfe, 0x32, 0x00, 0x00, 0x46, 0x1b, 0x00, 0x00, 0xa7, 0x1e, 0xad, 0x8d, 0x01, 
0x00, 0xba, 0x1e, 0xcf, 0x60, 0xd3, 0x1d, 0xad, 0x8d, 0x01, 0x18, 0xd4, 0x1d, 0x01, 0x17, 0xba, 0x04, 0x8a, 0x70, 0x01, 
0x1d, 0xa6, 0x76, 0xe8, 0xe8, 0x01, 0x3d, 0x18, 0xfb, 0x43, 0xb8, 0x54, 0xb8, 0x54, 0x18, 0x22, 0xff, 0x1f, 0x00, 0xe9, 
0x06, 0x08, 0xc1, 0x84, 0x01, 0xae, 0x33, 0xc1, 0xa4, 0x01, 0x97, 0x52, 0xbd, 0xc8, 0x01, 0x01, 0x18, 0xbe, 0xbc, 0x01, 
0xfc, 0x17, 0xc1, 0x0a, 0x0d, 0xbb, 0x0a, 0xbb, 0x0a, 0x00, 0xd2, 0x0a, 0x1d, 0xf3, 0x3c, 0xf3, 0x3c, 0x84, 0x45, 0x00, 
0xc1, 0x0a, 0x0d, 0xbe, 0x46, 0x71, 0x01, 0xd2, 0x0a, 0x1d, 0x89, 0x3a, 0x89, 0x3a, 0xb4, 0x0c, 0x01, 0xc1, 0x0a, 0x0d, 
0xfa, 0x6b, 0xfe, 0x30, 0x02, 0xd2, 0x0a, 0x1d, 0xe7, 0xd6, 0x01, 0xe7, 0xd6, 0x01, 0xed, 0x6a, 0x02, 0x99, 0x1e, 0xe3, 
0xa6, 0x01, 0x18, 0xe4, 0xa6, 0x01, 0xe5, 0x1e, 0x1d, 0xe7, 0xd5, 0x01, 0xad, 0x2a, 0x00, 0x00, 0xc7, 0x1e, 0x00, 0x00, 
0x52, 0x24, 0x00, 0x00, 0x17, 0x32, 0x00, 0x00, 0xc1, 0x12, 0x1d, 0x8c, 0x1d, 0xa3, 0x47, 0x8c, 0x1d, 0xc1, 0x0a, 0x0d, 
0x80, 0x2e, 0x80, 0x2e, 0x02, 0x4a, 0x0d, 0xfe, 0x71, 0xfe, 0x71, 0xc4, 0x90, 0x02, 0x4b, 0x0d, 0xe0, 0x0e, 0xe0, 0x0e, 
0x92, 0xaa, 0x02, 0xd2, 0x0a, 0x1d, 0x8e, 0x47, 0x8e, 0x47, 0xec, 0xf5, 0x01, 0x02, 0x13, 0xe2, 0x05, 0xeb, 0x8c, 0x01, 
0xc5, 0x1f, 0x8b, 0x14, 0x01, 0x65, 0xc1, 0x65, 0xc1, 0x65, 0xe0, 0x0a, 0xc9, 0x0c, 0xb8, 0x15, 0x93, 0x09, 0xdb, 0xc4, 
0x01, 0x91, 0x0d, 0x9e, 0x98, 0x01, 0xc1, 0x0a, 0x1d, 0x86, 0x2e, 0x86, 0x2e, 0x02, 0xc1, 0x12, 0x1d, 0xc6, 0x16, 0x84, 
0x5a, 0xc6, 0x16, 0xc1, 0x0a, 0x0d, 0xe9, 0x67, 0xe9, 0x67, 0x02, 0x3f, 0x0d, 0x9a, 0xd3, 0x01, 0x9a, 0xd3, 0x01, 0x13, 
0x8a, 0x05, 0xcf, 0xac, 0x01, 0xc5, 0x1f, 0xc4, 0x14, 0x01, 0x0d, 0xa0, 0xee, 0x01, 0xa0, 0xee, 0x01, 0x4a, 0x0d, 0xad, 
0xff, 0x01, 0xdd, 0xbd, 0x01, 0xad, 0xff, 0x01, 0x13, 0x8a, 0x05, 0x90, 0x27, 0xc5, 0x1f, 0xc7, 0x14, 0x01, 0x0d, 0xc6, 
0xd8, 0x01, 0xc6, 0xd8, 0x01, 0xc3, 0x10, 0x0d, 0xd5, 0xa2, 0x01, 0x80, 0x5d, 0xd5, 0xa2, 0x01, 0x4a, 0x0d, 0xb7, 0x14, 
0xb7, 0x14, 0xd6, 0xd2, 0x01, 0xc3, 0x10, 0x0d, 0xd6, 0x05, 0xd6, 0x05, 0xca, 0xd6, 0x01, 0x13, 0x8f, 0x05, 0xc3, 0x32, 
0xab, 0x22, 0x93, 0x14, 0x22, 0x00, 0xc3, 0x32, 0x22, 0xe8, 0x6e, 0xfd, 0xce, 0x01, 0x01, 0x0c, 0xac, 0xae, 0x01, 0xae, 
0xa0, 0x02, 0xcb, 0x10, 0x0c, 0xcf, 0xa5, 0x01, 0xcf, 0xa5, 0x01, 0xac, 0x59, 0xbf, 0x0c, 0x0d, 0x96, 0x2e, 0xc2, 0x87, 
0x01, 0xc8, 0x10, 0x0d, 0xbe, 0x47, 0x98, 0xa4, 0x02, 0xbe, 0x47, 0xc8, 0x10, 0x0d, 0x9d, 0x8f, 0x01, 0x9d, 0x8f, 0x01, 
0xfa, 0x94, 0x01, 0x4b, 0x0d, 0x94, 0x78, 0xbe, 0x80, 0x02, 0x94, 0x78, 0xbf, 0x0c, 0x0d, 0xe2, 0x58, 0xac, 0xb7, 0x01, 
0x4a, 0x0d, 0xa0, 0x10, 0xf8, 0x51, 0xa0, 0x10, 0x4b, 0x0d, 0xa3, 0x8a, 0x01, 0xa1, 0x21, 0xa3, 0x8a, 0x01, 0xc8, 0x10, 
0x0d, 0x81, 0x2d, 0x88, 0xbd, 0x01, 0xef, 0x1d, 0xc1, 0x0a, 0x0d, 0x8f, 0x2e, 0x8b, 0xe4, 0x01, 0x00, 0x4a, 0x0d, 0x82, 
0xce, 0x01, 0x82, 0xce, 0x01, 0xf2, 0x9f, 0x01, 0xd2, 0x0a, 0x1d, 0xf4, 0x1e, 0xf4, 0x1e, 0xea, 0x08, 0x00, 0xc1, 0x0a, 
0x0d, 0xed, 0x3a, 0xed, 0x3a, 0x03, 0x4a, 0x0d, 0x9d, 0x1e, 0xd8, 0x38, 0x9d, 0x1e, 0xc1, 0x0a, 0x0d, 0x9c, 0x48, 0xef, 
0x10, 0x00, 0x4b, 0x0d, 0xa5, 0x55, 0xa5, 0x55, 0x89, 0x0d, 0xd2, 0x0a, 0x1d, 0xf9, 0x4f, 0xf9, 0x4f, 0x8f, 0xb6, 0x01, 
0x00, 0xc1, 0x0a, 0x0d, 0x94, 0xb3, 0x01, 0x94, 0xb3, 0x01, 0x00, 0xc3, 0x10, 0x0d, 0xf1, 0x7e, 0x80, 0xfa, 0x01, 0xad, 
0x7a, 0xc1, 0x0a, 0x0d, 0x97, 0x49, 0xf5, 0x14, 0x03, 0x4a, 0x0d, 0xbe, 0x2e, 0xd9, 0x1a, 0xbe, 0x2e, 0x4b, 0x0d, 0x87, 
0x22, 0xd3, 0xbb, 0x01, 0x87, 0x22, 0xc0, 0x10, 0x0c, 0xf4, 0x30, 0xb0, 0x41, 0x8a, 0xc8, 0x01, 0xbf, 0x0c, 0x0d, 0xd8, 
0x54, 0xd8, 0x54, 0x4a, 0x0d, 0xe7, 0x13, 0xcc, 0x0c, 0xe7, 0x13, 0xc3, 0x10, 0x0d, 0xcf, 0x04, 0xb2, 0xaa, 0x02, 0xcf, 
0x04, 0x4a, 0x0d, 0xfd, 0xb4, 0x01, 0xfd, 0xb4, 0x01, 0xb3, 0x3b, 0x4b, 0x0d, 0x9c, 0x37, 0xa1, 0xcc, 0x01, 0x9c, 0x37, 
0x23, 0x8f, 0x05, 0xc0, 0x12, 0xc2, 0x26, 0x91, 0x14, 0x8b, 0x14, 0x22, 0x00, 0xf2, 0x01, 0x3f, 0x0d, 0xe0, 0x71, 0xa0, 
0x84, 0x01, 0x23, 0x8f, 0x05, 0xaa, 0x28, 0xc2, 0x26, 0x91, 0x14, 0x8e, 0x14, 0x22, 0x00, 0xaa, 0x28, 0xc1, 0x0a, 0x0d, 
0x87, 0xac, 0x01, 0xcb, 0x18, 0x01, 0x3f, 0x0d, 0xe6, 0xd9, 0x01, 0xe6, 0xd9, 0x01, 0xd2, 0x0a, 0x1d, 0xe1, 0x3d, 0xe1, 
0x3d, 0xb8, 0x83, 0x01, 0x01, 0x13, 0x9b, 0x05, 0x9d, 0x84, 0x01, 0xc2, 0x26, 0x8b, 0x14, 0x22, 0x00, 0x9d, 0x84, 0x01, 
0x22, 0xf4, 0x92, 0x01, 0x80, 0x06, 0x8d, 0x1e, 0x88, 0x06, 0xc6, 0x06, 0x08, 0xe9, 0x7f, 0x00, 0x8b, 0x03, 0xa7, 0x06, 
0x95, 0x05, 0x9d, 0x04, 0xa7, 0x06, 0x17, 0xd4, 0x16, 0xa7, 0x06, 0x1d, 0xd7, 0x12, 0x18, 0xec, 0x89, 0x02, 0xc1, 0x0a, 
0x0d, 0xd3, 0xaf, 0x01, 0x98, 0x5a, 0x03, 0xce, 0x16, 0x09, 0xa0, 0x4a, 0xa0, 0x4a, 0xa0, 0xc3, 0x01, 0xa7, 0x1e, 0xfe, 
0x24, 0x00, 0xba, 0x1e, 0x00, 0xc1, 0x8d, 0x01, 0xfe, 0x24, 0x18, 0xc2, 0x8d, 0x01, 0xc1, 0x0a, 0x0d, 0xa1, 0xb7, 0x01, 
0xd8, 0x7a, 0x00, 0xc1, 0x0a, 0x0b, 0x83, 0x39, 0xfc, 0x2e, 0x00, 0x01, 0x18, 0xc6, 0x7b, 0x96, 0xc1, 0x01, 0x33, 0xcd, 
0x05, 0xec, 0x57, 0xc4, 0x1b, 0x8b, 0x14, 0xaa, 0x44, 0x8b, 0x14, 0x01, 0x50, 0xd7, 0x0f, 0xd7, 0x0f, 0xb4, 0x0a, 0x56, 
0xb5, 0xbc, 0x01, 0x17, 0x53, 0x00, 0x00, 0xc1, 0x0a, 0x0d, 0xe6, 0x37, 0xbb, 0x3c, 0x00, 0xc1, 0x0a, 0x18, 0xe9, 0x20, 
0xfc, 0x16, 0x00, 0xce, 0x10, 0x18, 0x96, 0x74, 0x96, 0x74, 0xac, 0x53, 0xc1, 0x0a, 0x0d, 0xbe, 0x14, 0xae, 0x2b, 0x01, 
0xc1, 0x0a, 0x18, 0x8d, 0x0b, 0xc2, 0x94, 0x01, 0x01, 0xce, 0x10, 0x18, 0xad, 0x09, 0xad, 0x09, 0xbb, 0x14, 0xc1, 0x0a, 
0x0d, 0xbe, 0x14, 0xb0, 0x2b, 0x02, 0xc1, 0x0a, 0x18, 0x8b, 0x0b, 0xc6, 0x94, 0x01, 0x02, 0xce, 0x10, 0x18, 0xec, 0x04, 
0xec, 0x04, 0x9f, 0x06, 0xc1, 0x0a, 0x18, 0xaf, 0x7f, 0x82, 0x1a, 0x03, 0x4b, 0x18, 0x95, 0x0d, 0xc5, 0x8c, 0x01, 0x95, 
0x0d, 0x4b, 0x18, 0xaa, 0x54, 0xfd, 0x29, 0xaa, 0x54, 0x4b, 0x18, 0x96, 0x2f, 0x9a, 0x05, 0x96, 0x2f, 0xce, 0x10, 0x18, 
0xb1, 0x09, 0xb1, 0x09, 0x9a, 0x55, 0xc1, 0x0a, 0x0d, 0x86, 0x65, 0xf8, 0xb4, 0x02, 0x01, 0xc1, 0x0a, 0x0b, 0xa1, 0xab, 
0x01, 0xfe, 0x76, 0x01, 0x01, 0x18, 0xc6, 0x33, 0x98, 0xc1, 0x01, 0x33, 0xcd, 0x05, 0xec, 0x57, 0xc4, 0x1b, 0x8b, 0x14, 
0xab, 0x68, 0x8b, 0x14, 0x01, 0x50, 0xd7, 0x0f, 0xd7, 0x0f, 0xb4, 0x0a, 0x56, 0xb5, 0xbc, 0x01, 0x18, 0x53, 0x00, 0x00, 
0xc1, 0x0a, 0x0d, 0xe6, 0x37, 0xbb, 0x3c, 0x00, 0xc1, 0x0a, 0x18, 0xe9, 0x20, 0xfc, 0x16, 0x00, 0xce, 0x10, 0x18, 0x98, 
0x74, 0x98, 0x74, 0xae, 0x53, 0xc1, 0x0a, 0x0d, 0xbe, 0x14, 0xb0, 0x2b, 0x01, 0xc1, 0x0a, 0x18, 0x8b, 0x0b, 0xc6, 0x94, 
0x01, 0x01, 0xce, 0x10, 0x18, 0xaf, 0x09, 0xaf, 0x09, 0xbb, 0x14, 0xc1, 0x0a, 0x0d, 0xbe, 0x14, 0xb2, 0x2b, 0x02, 0xc1, 
0x0a, 0x18, 0x8b, 0x0b, 0xc8, 0x94, 0x01, 0x02, 0xce, 0x10, 0x18, 0xea, 0x04, 0xea, 0x04, 0xa1, 0x06, 0xc1, 0x0a, 0x18, 
0xaf, 0x7f, 0x82, 0x1a, 0x03, 0x4b, 0x18, 0x95, 0x0d, 0xc5, 0x8c, 0x01, 0x95, 0x0d, 0x4b, 0x18, 0xaa, 0x54, 0xff, 0x29, 
0xaa, 0x54, 0x4b, 0x18, 0xba, 0x3d, 0xbc, 0x13, 0xba, 0x3d, 0xce, 0x10, 0x18, 0xb7, 0x99, 0x01, 0xb7, 0x99, 0x01, 0xe5, 
0xe6, 0x01, 0x4b, 0x18, 0x9b, 0x31, 0xfb, 0xb2, 0x01, 0x9b, 0x31, 0xc1, 0x0a, 0x0d, 0xe4, 0x31, 0xda, 0x4e, 0x02, 0xc1, 
0x0a, 0x0b, 0xbe, 0x2e, 0xc0, 0x6a, 0x02, 0x01, 0x18, 0x86, 0x40, 0x9a, 0xc1, 0x01, 0x33, 0xcd, 0x05, 0xec, 0x57, 0xc4, 
0x1b, 0x8b, 0x14, 0x8c, 0x62, 0x8b, 0x14, 0x01, 0x50, 0xd7, 0x0f, 0xd7, 0x0f, 0xb4, 0x0a, 0x56, 0xb5, 0xbc, 0x01, 0x19, 
0x53, 0x00, 0x00, 0xc1, 0x0a, 0x0d, 0xe6, 0x37, 0xbb, 0x3c, 0x00, 0xc1, 0x0a, 0x18, 0xe9, 0x20, 0xfc, 0x16, 0x00, 0xce, 
0x10, 0x18, 0x9a, 0x74, 0x9a, 0x74, 0xb0, 0x53, 0xc1, 0x0a, 0x0d, 0xbe, 0x14, 0xb2, 0x2b, 0x01, 0xc1, 0x0a, 0x18, 0x8b, 
0x0b, 0xc8, 0x94, 0x01, 0x01, 0xce, 0x10, 0x18, 0xaf, 0x09, 0xaf, 0x09, 0xbb, 0x14, 0xc1, 0x0a, 0x0d, 0xbe, 0x14, 0xb4, 
0x2b, 0x02, 0xc1, 0x0a, 0x18, 0x8b, 0x0b, 0xca, 0x94, 0x01, 0x02, 0xce, 0x10, 0x18, 0xe8, 0x04, 0xe8, 0x04, 0xa3, 0x06, 
0xc1, 0x0a, 0x18, 0xaf, 0x7f, 0x82, 0x1a, 0x03, 0x4b, 0x18, 0x95, 0x0d, 0xc5, 0x8c, 0x01, 0x95, 0x0d, 0x4b, 0x18, 0xaa, 
0x54, 0x81, 0x2a, 0xaa, 0x54, 0x4b, 0x18, 0xba, 0x3d, 0xba, 0x13, 0xba, 0x3d, 0xce, 0x10, 0x18, 0xb7, 0x99, 0x01, 0xb7, 
0x99, 0x01, 0x45, 0x4b, 0x18, 0xe8, 0xf2, 0x01, 0x86, 0xa4, 0x02, 0xe8, 0xf2, 0x01, 0xc1, 0x0a, 0x0b, 0x81, 0xbb, 0x01, 
0xa2, 0x73, 0x03, 0x01, 0x18, 0xd6, 0x9b, 0x01, 0xcc, 0xa5, 0x02, 0x33, 0xcd, 0x05, 0xc3, 0x0c, 0xc4, 0x1b, 0x8b, 0x14, 
0xbd, 0x66, 0x8b, 0x14, 0x01, 0x50, 0xd7, 0x0f, 0xd7, 0x0f, 0xb4, 0x0a, 0x56, 0xb5, 0xbc, 0x01, 0x1a, 0x53, 0x00, 0x00, 
0xc1, 0x0a, 0x0d, 0xe6, 0x37, 0xeb, 0xa0, 0x01, 0x00, 0xc1, 0x0a, 0x18, 0xe9, 0x20, 0xfc, 0x16, 0x00, 0xce, 0x10, 0x18, 
0x9c, 0x74, 0x9c, 0x74, 0xb2, 0x53, 0xc1, 0x0a, 0x0d, 0xbe, 0x14, 0xfb, 0x38, 0x01, 0xc1, 0x0a, 0x18, 0x8b, 0x0b, 0xca, 
0x94, 0x01, 0x01, 0xce, 0x10, 0x18, 0xaf, 0x09, 0xaf, 0x09, 0xbb, 0x14, 0xc1, 0x0a, 0x0d, 0xbe, 0x14, 0xf9, 0x38, 0x02, 
0xc1, 0x0a, 0x18, 0x89, 0x0b, 0xce, 0x94, 0x01, 0x02, 0xce, 0x10, 0x18, 0xe4, 0x04, 0xe4, 0x04, 0xa5, 0x06, 0xc1, 0x0a, 
0x18, 0xaf, 0x7f, 0x82, 0x1a, 0x03, 0x4b, 0x18, 0x95, 0x0d, 0xc5, 0x8c, 0x01, 0x95, 0x0d, 0x4b, 0x18, 0xaa, 0x54, 0x83, 
0x2a, 0xaa, 0x54, 0x4b, 0x18, 0xba, 0x3d, 0xb8, 0x13, 0xba, 0x3d, 0xce, 0x10, 0x18, 0x8d, 0x9f, 0x01, 0x8d, 0x9f, 0x01, 
0xd7, 0x11, 0x4b, 0x18, 0xec, 0x3a, 0xcf, 0xbd, 0x01, 0xec, 0x3a, 0x22, 0xa8, 0x87, 0x01, 0x00, 0x8d, 0x1e, 0x18, 0xf1, 
0x03, 0xc1, 0x0a, 0x0d, 0xbe, 0x53, 0xf8, 0xd2, 0x01, 0x00, 0xc1, 0x0a, 0x0b, 0xa1, 0x91, 0x01, 0xfe, 0x2e, 0x00, 0x01, 
0x18, 0xca, 0x7b, 0x9c, 0xc1, 0x01, 0x33, 0xcd, 0x05, 0xee, 0x57, 0xc4, 0x1b, 0x8b, 0x14, 0xab, 0x44, 0x8b, 0x14, 0x01, 
0x50, 0xd7, 0x0f, 0xd7, 0x0f, 0xb4, 0x0a, 0x56, 0xb5, 0xbc, 0x01, 0x1b, 0x53, 0x00, 0x00, 0xc1, 0x0a, 0x0d, 0xe6, 0x37, 
0xb9, 0x3c, 0x00, 0xc1, 0x0a, 0x18, 0xe9, 0x20, 0xfc, 0x16, 0x00, 0xce, 0x10, 0x18, 0x9e, 0x74, 0x9e, 0x74, 0xb4, 0x53, 
0xc1, 0x0a, 0x0d, 0xbe, 0x14, 0xb8, 0x2b, 0x01, 0xc1, 0x0a, 0x18, 0x89, 0x0b, 0xce, 0x94, 0x01, 0x01, 0xce, 0x10, 0x18, 
0xb1, 0x09, 0xb1, 0x09, 0xbb, 0x14, 0xc1, 0x0a, 0x0d, 0xbe, 0x14, 0xba, 0x2b, 0x02, 0xc1, 0x0a, 0x18, 0x89, 0x0b, 0xd0, 
0x94, 0x01, 0x02, 0xce, 0x10, 0x18, 0xe2, 0x04, 0xe2, 0x04, 0xa7, 0x06, 0xc1, 0x0a, 0x18, 0xaf, 0x7f, 0x82, 0x1a, 0x03, 
0x4b, 0x18, 0x95, 0x0d, 0xc5, 0x8c, 0x01, 0x95, 0x0d, 0x4b, 0x18, 0xaa, 0x54, 0x85, 0x2a, 0xaa, 0x54, 0x4b, 0x18, 0x90, 
0x2f, 0x8c, 0x05, 0x90, 0x2f, 0xce, 0x10, 0x18, 0xb1, 0x09, 0xb1, 0x09, 0x83, 0x03, 0xc1, 0x0a, 0x0d, 0x86, 0x65, 0xfa, 
0xb4, 0x02, 0x01, 0xc1, 0x0a, 0x0b, 0xa1, 0xab, 0x01, 0x80, 0x77, 0x01, 0x01, 0x18, 0xca, 0x33, 0x9e, 0xc1, 0x01, 0x33, 
0xcd, 0x05, 0xee, 0x57, 0xc4, 0x1b, 0x8b, 0x14, 0xac, 0x68, 0x8b, 0x14, 0x01, 0x50, 0xd7, 0x0f, 0xd7, 0x0f, 0xb4, 0x0a, 
0x56, 0xb5, 0xbc, 0x01, 0x1c, 0x53, 0x00, 0x00, 0xc1, 0x0a, 0x0d, 0xe6, 0x37, 0xb9, 0x3c, 0x00, 0xc1, 0x0a, 0x18, 0xe9, 
0x20, 0xfc, 0x16, 0x00, 0xce, 0x10, 0x18, 0xa0, 0x74, 0xa0, 0x74, 0xb6, 0x53, 0xc1, 0x0a, 0x0d, 0xbe, 0x14, 0xba, 0x2b, 
0x01, 0xc1, 0x0a, 0x18, 0x89, 0x0b, 0xd0, 0x94, 0x01, 0x01, 0xce, 0x10, 0x18, 0xb1, 0x09, 0xb1, 0x09, 0xbb, 0x14, 0xc1, 
0x0a, 0x0d, 0xbe, 0x14, 0xbc, 0x2b, 0x02, 0xc1, 0x0a, 0x18, 0x89, 0x0b, 0xd2, 0x94, 0x01, 0x02, 0xce, 0x10, 0x18, 0xe0, 
0x04, 0xe0, 0x04, 0xa9, 0x06, 0xc1, 0x0a, 0x18, 0xaf, 0x7f, 0x82, 0x1a, 0x03, 0x4b, 0x18, 0x95, 0x0d, 0xc5, 0x8c, 0x01, 
0x95, 0x0d, 0x4b, 0x18, 0xaa, 0x54, 0x87, 0x2a, 0xaa, 0x54, 0x4b, 0x18, 0xb8, 0x3d, 0xb2, 0x13, 0xb8, 0x3d, 0xce, 0x10, 
0x18, 0xb9, 0x99, 0x01, 0xb9, 0x99, 0x01, 0xe3, 0xe6, 0x01, 0x4b, 0x18, 0x9d, 0x31, 0xfb, 0xb2, 0x01, 0x9d, 0x31, 0xc1, 
0x0a, 0x0d, 0xe4, 0x31, 0xdc, 0x4e, 0x02, 0xc1, 0x0a, 0x0b, 0xbe, 0x2e, 0xc2, 0x6a, 0x02, 0x01, 0x18, 0x8a, 0x40, 0xa0, 
0xc1, 0x01, 0x33, 0xcd, 0x05, 0xee, 0x57, 0xc4, 0x1b, 0x8b, 0x14, 0x8d, 0x62, 0x8b, 0x14, 0x01, 0x50, 0xd7, 0x0f, 0xd7, 
0x0f, 0xb4, 0x0a, 0x56, 0xb5, 0xbc, 0x01, 0x1d, 0x53, 0x00, 0x00, 0xc1, 0x0a, 0x0d, 0xe6, 0x37, 0xb9, 0x3c, 0x00, 0xc1, 
0x0a, 0x18, 0xe9, 0x20, 0xfc, 0x16, 0x00, 0xce, 0x10, 0x18, 0xa2, 0x74, 0xa2, 0x74, 0xb8, 0x53, 0xc1, 0x0a, 0x0d, 0xbe, 
0x14, 0xbc, 0x2b, 0x01, 0xc1, 0x0a, 0x18, 0x89, 0x0b, 0xd2, 0x94, 0x01, 0x01, 0xce, 0x10, 0x18, 0xb1, 0x09, 0xb1, 0x09, 
0xbb, 0x14, 0xc1, 0x0a, 0x0d, 0xbe, 0x14, 0xbe, 0x2b, 0x02, 0xc1, 0x0a, 0x18, 0x89, 0x0b, 0xd4, 0x94, 0x01, 0x02, 0xce, 
0x10, 0x18, 0xde, 0x04, 0xde, 0x04, 0xab, 0x06, 0xc1, 0x0a, 0x18, 0xaf, 0x7f, 0x82, 0x1a, 0x03, 0x4b, 0x18, 0x95, 0x0d, 
0xc5, 0x8c, 0x01, 0x95, 0x0d, 0x4b, 0x18, 0xaa, 0x54, 0x89, 0x2a, 0xaa, 0x54, 0x4b, 0x18, 0xb8, 0x3d, 0xb0, 0x13, 0xb8, 
0x3d, 0xce, 0x10, 0x18, 0xeb, 0x8b, 0x01, 0xeb, 0x8b, 0x01, 0x8a, 0x0d, 0x4b, 0x18, 0xce, 0x7d, 0xbc, 0xbc, 0x01, 0xce, 
0x7d, 0x3f, 0x0d, 0xba, 0x08, 0xd6, 0x87, 0x01, 0xc3, 0x10, 0x0d, 0xdd, 0x42, 0xdd, 0x42, 0xfc, 0xe3, 0x01, 0xbd, 0x0c, 
0x0b, 0x88, 0x53, 0x88, 0x53, 0xc1, 0x0a, 0x0b, 0xf7, 0x4f, 0xc8, 0x8f, 0x01, 0x03, 0xc2, 0x10, 0x0b, 0x8c, 0x45, 0x8c, 
0x45, 0x86, 0x86, 0x02, 0xc0, 0x10, 0x0b, 0xfc, 0x43, 0x90, 0x39, 0xfc, 0x43, 0x99, 0x1e, 0xca, 0x1a, 0x18, 0xc9, 0x1a, 
0xe5, 0x1e, 0x18, 0xf9, 0xa1, 0x01, 0x1a, 0x48, 0x00, 0x00, 0x9d, 0x31, 0x00, 0x00, 0x14, 0x37, 0x00, 0x00, 0x0c, 0x45, 
0x00, 0x00, 0xe5, 0x1e, 0x0b, 0x95, 0x29, 0x4c, 0x4e, 0x00, 0x00, 0x9d, 0x31, 0x00, 0x00, 0x48, 0x2f, 0x00, 0x00, 0x0c, 
0x45, 0x00, 0x00, 0xc0, 0x16, 0x09, 0x92, 0x10, 0x92, 0x10, 0xc7, 0xd5, 0x01, 0xb6, 0x1e, 0x87, 0x58, 0xb7, 0x77, 0x00, 
0xba, 0x1e, 0x00, 0xb7, 0x77, 0x87, 0x58, 0x18, 0xb8, 0x77, 0xc9, 0x10, 0x0b, 0xd6, 0x67, 0xa0, 0xef, 0x01, 0xe6, 0xd1, 
0x02, 0xbc, 0x0e, 0x0c, 0xcf, 0xcc, 0x01, 0xcf, 0xcc, 0x01, 0xc6, 0x10, 0x0b, 0xb5, 0x3c, 0xe5, 0x19, 0xe0, 0x48, 0xbc, 
0x0e, 0x0c, 0xaa, 0xf6, 0x01, 0xaa, 0xf6, 0x01, 0xc0, 0x0a, 0x12, 0xab, 0xc3, 0x01, 0xb7, 0x09, 0xab, 0xc3, 0x01, 0x01, 
0xfe, 0x03, 0xc4, 0xca, 0x01, 0xec, 0xa9, 0x02, 0xb4, 0x0c, 0x96, 0x01, 0xbf, 0xbb, 0x01, 0xbf, 0xbb, 0x01, 0xef, 0x0a, 
0x1d, 0x85, 0x41, 0x85, 0x41, 0x81, 0x32, 0x02, 0x8b, 0x14, 0x2d, 0x13, 0xfa, 0xdf, 0x01, 0xfa, 0xdf, 0x01, 0xfa, 0xdf, 
0x01, 0x10, 0xc1, 0x0a, 0x0d, 0xb2, 0x06, 0xb2, 0x06, 0x00, 0xbd, 0x0c, 0x0b, 0xe6, 0x0d, 0xe6, 0x0d, 0x01, 0x18, 0x83, 
0xda, 0x01, 0xee, 0x4a, 0x33, 0xcd, 0x05, 0xd3, 0x29, 0xc4, 0x1b, 0x8b, 0x14, 0xfb, 0xb3, 0x01, 0x8b, 0x14, 0x01, 0x50, 
0x9e, 0xe8, 0x01, 0x9e, 0xe8, 0x01, 0xb4, 0x0a, 0x56, 0xb5, 0xbc, 0x01, 0x1e, 0x53, 0x00, 0x00, 0xc1, 0x0a, 0x0d, 0xe6, 
0x37, 0xfa, 0x39, 0x00, 0xc1, 0x0a, 0x18, 0xe9, 0x20, 0xfc, 0x16, 0x00, 0xce, 0x10, 0x18, 0xa4, 0x74, 0xa4, 0x74, 0xba, 
0x53, 0xc1, 0x0a, 0x0d, 0xbe, 0x14, 0xf2, 0xa1, 0x01, 0x01, 0xc1, 0x0a, 0x18, 0x89, 0x0b, 0xd4, 0x94, 0x01, 0x01, 0xce, 
0x10, 0x18, 0xb1, 0x09, 0xb1, 0x09, 0xbb, 0x14, 0xc1, 0x0a, 0x0d, 0xbe, 0x14, 0xf4, 0xa1, 0x01, 0x02, 0xc1, 0x0a, 0x18, 
0x89, 0x0b, 0xd6, 0x94, 0x01, 0x02, 0xce, 0x10, 0x18, 0xdc, 0x04, 0xdc, 0x04, 0xad, 0x06, 0xc1, 0x0a, 0x18, 0xaf, 0x7f, 
0x82, 0x1a, 0x03, 0x4b, 0x18, 0x95, 0x0d, 0xc5, 0x8c, 0x01, 0x95, 0x0d, 0x4b, 0x18, 0x8e, 0x42, 0xa7, 0x3c, 0x8e, 0x42, 
0x4b, 0x18, 0xd9, 0x31, 0xff, 0x6d, 0xd9, 0x31, 0xc1, 0x0a, 0x0d, 0x9a, 0x75, 0x9d, 0x31, 0x01, 0xce, 0x10, 0x18, 0xe5, 
0x16, 0xb4, 0x5e, 0xe5, 0x16, 0x4b, 0x18, 0xb1, 0x2f, 0xc4, 0x26, 0xb1, 0x2f, 0xc0, 0x10, 0x0b, 0x97, 0x1f, 0xc2, 0x30, 
0xf4, 0x94, 0x01, 0x99, 0x1e, 0xcd, 0x9a, 0x01, 0x18, 0xd8, 0x37, 0x22, 0xe4, 0xb1, 0x01, 0x84, 0x3f, 0x8d, 0x1e, 0x88, 
0x06, 0x52, 0x49, 0x50, 0x53, 0x5f, 0x54, 0x41, 0x4d, 0x04, 0x01, 0x00, 0x00, 0x24, 0x00, 0x00, 0x00, 0x00, 0x00, 0x00, 
0x00, 0x01, 0x00, 0x00, 0x00, 0x00, 0x00, 0x00, 0x01, 0x00, 0x01, 0x01, 0x00, 0x00, 0x00, 0x01, 0x08, 0x00, 0x02, 0x00, 
0x00, 0x00, 0x01, 0x10, 0x00, 0x00, 0x00, 0x00, 0x00, 0x01, 0x10, 0x01, 0x03, 0x00, 0x00, 0x00, 0x01, 0x18, 0x00, 0x02, 
0x00, 0x00, 0x00, 0x01, 0x20, 0x01, 0x04, 0x00, 0x00, 0x00, 0x01, 0x30, 0x01, 0x05, 0x00, 0x00, 0x00, 0x01, 0x50, 0x00, 
0x06, 0x00, 0x00, 0x00, 0x01, 0x50, 0x01, 0x07, 0x00, 0x00, 0x00, 0x01, 0x58, 0x00, 0x08, 0x00, 0x00, 0x00, 0x01, 0x70, 
0x01, 0x01, 0x00, 0x00, 0x00, 0x01, 0x80, 0x00, 0x09, 0x00, 0x00, 0x00, 0x01, 0x88, 0x00, 0x0a, 0x00, 0x00, 0x00, 0x01, 
0x90, 0x00, 0x09, 0x00, 0x00, 0x00, 0x01, 0x98, 0x00, 0x0a, 0x00, 0x00, 0x00, 0x01, 0xd0, 0x00, 0x0b, 0x00, 0x00, 0x00, 
0x01, 0xd8, 0x00, 0x0c, 0x00, 0x00, 0x00, 0x02, 0x00, 0x00, 0x0d, 0x00, 0x00, 0x00, 0x02, 0x00, 0x01, 0x0e, 0x00, 0x00, 
0x00, 0x02, 0x08, 0x00, 0x0f, 0x00, 0x00, 0x00, 0x02, 0x10, 0x00, 0x0d, 0x00, 0x00, 0x00, 0x02, 0x10, 0x01, 0x10, 0x00, 
0x00, 0x00, 0x02, 0x18, 0x00, 0x0f, 0x00, 0x00, 0x00, 0x02, 0x20, 0x01, 0x11, 0x00, 0x00, 0x00, 0x02, 0x30, 0x01, 0x12, 
0x00, 0x00, 0x00, 0x02, 0x50, 0x00, 0x13, 0x00, 0x00, 0x00, 0x02, 0x50, 0x01, 0x14, 0x00, 0x00, 0x00, 0x02, 0x58, 0x00, 
0x15, 0x00, 0x00, 0x00, 0x02, 0x70, 0x01, 0x0e, 0x00, 0x00, 0x00, 0x02, 0x80, 0x00, 0x16, 0x00, 0x00, 0x00, 0x02, 0x88, 
0x00, 0x17, 0x00, 0x00, 0x00, 0x02, 0x90, 0x00, 0x16, 0x00, 0x00, 0x00, 0x02, 0x98, 0x00, 0x17, 0x00, 0x00, 0x00, 0x02, 
0xd0, 0x00, 0x18, 0x00, 0x00, 0x00, 0x02, 0xd8, 0x00, 0x19, 0x00, 0x00, 0x00, 0x20, 0x43, 0x52, 0x43, 0x5f, 0x54, 0x41, 
0x4d, 0x04, 0x00, 0x00, 0x00, 0x99, 0x86, 0x37, 0x05, 

};

