#include "edge_outline_opengl.h"
#include <stdint.h>
const uint8_t EDGE_OUTLINE_PACKAGE[] = {
// EDGE_OUTLINE
0x53, 0x52, 0x45, 0x56, 0x5f, 0x54, 0x41, 0x4d, 0x04, 0x00, 0x00, 0x00, 0x4c, 0x00, 0x00, 0x00, 0x54, 0x41, 0x45, 0x46, 
0x5f, 0x54, 0x41, 0x4d, 0x01, 0x00, 0x00, 0x00, 0x01, 0x45, 0x4d, 0x41, 0x4e, 0x5f, 0x54, 0x41, 0x4d, 0x0c, 0x00, 0x00, 
0x00, 0x45, 0x64, 0x67, 0x65, 0x4f, 0x75, 0x74, 0x6c, 0x69, 0x6e, 0x65, 0x00, 0x4d, 0x52, 0x50, 0x43, 0x5f, 0x54, 0x41, 
0x4d, 0x0a, 0x00, 0x00, 0x00, 0x2d, 0x61, 0x20, 0x6f, 0x70, 0x65, 0x6e, 0x67, 0x6c, 0x00, 0x4c, 0x44, 0x4d, 0x53, 0x5f, 
0x54, 0x41, 0x4d, 0x04, 0x00, 0x00, 0x00, 0x06, 0x00, 0x00, 0x00, 0x4e, 0x4d, 0x4f, 0x44, 0x5f, 0x54, 0x41, 0x4d, 0x01, 
0x00, 0x00, 0x00, 0x00, 0x54, 0x4c, 0x46, 0x56, 0x5f, 0x54, 0x41, 0x4d, 0x04, 0x00, 0x00, 0x00, 0x00, 0x00, 0x00, 0x00, 
0x20, 0x42, 0x49, 0x55, 0x5f, 0x54, 0x41, 0x4d, 0x73, 0x00, 0x00, 0x00, 0x4d, 0x61, 0x74, 0x65, 0x72, 0x69, 0x61, 0x6c, 
0x50, 0x61, 0x72, 0x61, 0x6d, 0x73, 0x00, 0x04, 0x00, 0x00, 0x00, 0x00, 0x00, 0x00, 0x00, 0x74, 0x65, 0x78, 0x65, 0x6c, 
0x53, 0x69, 0x7a, 0x65, 0x00, 0x00, 0x00, 0x00, 0x00, 0x00, 0x00, 0x00, 0x00, 0x05, 0x03, 0x00, 0x6f, 0x75, 0x74, 0x6c, 
0x69, 0x6e, 0x65, 0x43, 0x6f, 0x6c, 0x6f, 0x72, 0x00, 0x00, 0x00, 0x00, 0x00, 0x00, 0x00, 0x00, 0x00, 0x06, 0x03, 0x00, 
0x6f, 0x75, 0x74, 0x6c, 0x69, 0x6e, 0x65, 0x57, 0x69, 0x64, 0x74, 0x68, 0x00, 0x00, 0x00, 0x00, 0x00, 0x00, 0x00, 0x00, 
0x00, 0x04, 0x03, 0x00, 0x6f, 0x76, 0x65, 0x72, 0x6c, 0x61, 0x79, 0x4f, 0x6e, 0x6c, 0x79, 0x00, 0x00, 0x00, 0x00, 0x00, 
0x00, 0x00, 0x00, 0x00, 0x08, 0x03, 0x00, 0x20, 0x42, 0x49, 0x53, 0x5f, 0x54, 0x41, 0x4d, 0x3a, 0x00, 0x00, 0x00, 0x4d, 
0x61, 0x74, 0x65, 0x72, 0x69, 0x61, 0x6c, 0x50, 0x61, 0x72, 0x61, 0x6d, 0x73, 0x00, 0x02, 0x00, 0x00, 0x00, 0x00, 0x00, 
0x00, 0x00, 0x73, 0x69, 0x6c, 0x68, 0x6f, 0x75, 0x65, 0x74, 0x74, 0x65, 0x00, 0x01, 0x00, 0x02, 0x03, 0x01, 0x00, 0x00, 
0x6d, 0x61, 0x69, 0x6e, 0x53, 0x63, 0x65, 0x6e, 0x65, 0x00, 0x02, 0x00, 0x02, 0x03, 0x01, 0x00, 0x00, 0x49, 0x44, 0x42, 
0x44, 0x5f, 0x54, 0x41, 0x4d, 0x49, 0x00, 0x00, 0x00, 0x03, 0x4d, 0x61, 0x74, 0x65, 0x72, 0x69, 0x61, 0x6c, 0x50, 0x61, 
0x72, 0x61, 0x6d, 0x73, 0x00, 0x1a, 0x00, 0x6d, 0x61, 0x74, 0x65, 0x72, 0x69, 0x61, 0x6c, 0x50, 0x61, 0x72, 0x61, 0x6d, 
0x73, 0x5f, 0x73, 0x69, 0x6c, 0x68, 0x6f, 0x75, 0x65, 0x74, 0x74, 0x65, 0x00, 0x00, 0x01, 0x6d, 0x61, 0x74, 0x65, 0x72, 
0x69, 0x61, 0x6c, 0x50, 0x61, 0x72, 0x61, 0x6d, 0x73, 0x5f, 0x6d, 0x61, 0x69, 0x6e, 0x53, 0x63, 0x65, 0x6e, 0x65, 0x00, 
0x00, 0x02, 0x49, 0x4c, 0x53, 0x44, 0x5f, 0x54, 0x41, 0x4d, 0x13, 0x00, 0x00, 0x00, 0x03, 0x1a, 0x03, 0x00, 0x01, 0x00, 
0x00, 0x00, 0x03, 0x01, 0x00, 0x00, 0x00, 0x00, 0x03, 0x02, 0x00, 0x00, 0x00, 0x53, 0x4e, 0x4f, 0x43, 0x5f, 0x54, 0x41, 
0x4d, 0x08, 0x00, 0x00, 0x00, 0x00, 0x00, 0x00, 0x00, 0x00, 0x00, 0x00, 0x00, 0x4e, 0x4f, 0x43, 0x50, 0x5f, 0x54, 0x41, 
0x4d, 0x2d, 0x00, 0x00, 0x00, 0x70, 0x75, 0x73, 0x68, 0x43, 0x6f, 0x6e, 0x73, 0x74, 0x61, 0x6e, 0x74, 0x73, 0x00, 0x01, 
0x00, 0x00, 0x00, 0x00, 0x00, 0x00, 0x00, 0x6d, 0x6f, 0x72, 0x70, 0x68, 0x69, 0x6e, 0x67, 0x42, 0x75, 0x66, 0x66, 0x65, 
0x72, 0x4f, 0x66, 0x66, 0x73, 0x65, 0x74, 0x00, 0x00, 0x00, 0x20, 0x42, 0x55, 0x53, 0x5f, 0x54, 0x41, 0x4d, 0x17, 0x00, 
0x00, 0x00, 0x4d, 0x61, 0x74, 0x65, 0x72, 0x69, 0x61, 0x6c, 0x50, 0x61, 0x72, 0x61, 0x6d, 0x73, 0x00, 0x00, 0x00, 0x00, 
0x00, 0x00, 0x00, 0x00, 0x00, 0x53, 0x53, 0x4f, 0x44, 0x5f, 0x54, 0x41, 0x4d, 0x01, 0x00, 0x00, 0x00, 0x00, 0x49, 0x53, 
0x4f, 0x44, 0x5f, 0x54, 0x41, 0x4d, 0x01, 0x00, 0x00, 0x00, 0x00, 0x4e, 0x45, 0x4c, 0x42, 0x5f, 0x54, 0x41, 0x4d, 0x01, 
0x00, 0x00, 0x00, 0x01, 0x44, 0x4d, 0x52, 0x54, 0x5f, 0x54, 0x41, 0x4d, 0x01, 0x00, 0x00, 0x00, 0x00, 0x4c, 0x46, 0x45, 
0x52, 0x5f, 0x54, 0x41, 0x4d, 0x01, 0x00, 0x00, 0x00, 0x00, 0x49, 0x52, 0x57, 0x43, 0x5f, 0x54, 0x41, 0x4d, 0x01, 0x00, 
0x00, 0x00, 0x01, 0x53, 0x57, 0x45, 0x44, 0x5f, 0x54, 0x41, 0x4d, 0x01, 0x00, 0x00, 0x00, 0x01, 0x49, 0x52, 0x57, 0x44, 
0x5f, 0x54, 0x41, 0x4d, 0x01, 0x00, 0x00, 0x00, 0x00, 0x53, 0x45, 0x54, 0x44, 0x5f, 0x54, 0x41, 0x4d, 0x01, 0x00, 0x00, 
0x00, 0x00, 0x54, 0x53, 0x4e, 0x49, 0x5f, 0x54, 0x41, 0x4d, 0x01, 0x00, 0x00, 0x00, 0x00, 0x53, 0x43, 0x32, 0x41, 0x5f, 
0x54, 0x41, 0x4d, 0x01, 0x00, 0x00, 0x00, 0x00, 0x4f, 0x43, 0x32, 0x41, 0x5f, 0x54, 0x41, 0x4d, 0x01, 0x00, 0x00, 0x00, 
0x00, 0x4f, 0x4d, 0x55, 0x43, 0x5f, 0x54, 0x41, 0x4d, 0x01, 0x00, 0x00, 0x00, 0x00, 0x50, 0x4f, 0x52, 0x50, 0x5f, 0x54, 
0x41, 0x4d, 0x08, 0x00, 0x00, 0x00, 0x01, 0x00, 0x00, 0x00, 0x00, 0x00, 0x00, 0x00, 0x52, 0x45, 0x54, 0x53, 0x5f, 0x54, 
0x41, 0x4d, 0x01, 0x00, 0x00, 0x00, 0x01, 0x44, 0x49, 0x55, 0x55, 0x5f, 0x54, 0x41, 0x4d, 0x08, 0x00, 0x00, 0x00, 0x2b, 
0x86, 0xf1, 0x72, 0xa9, 0xd7, 0x66, 0xd8, 0x44, 0x41, 0x48, 0x53, 0x5f, 0x54, 0x41, 0x4d, 0x01, 0x00, 0x00, 0x00, 0x00, 
0x4c, 0x4d, 0x48, 0x53, 0x5f, 0x54, 0x41, 0x4d, 0x01, 0x00, 0x00, 0x00, 0x00, 0x4d, 0x46, 0x45, 0x52, 0x5f, 0x54, 0x41, 
0x4d, 0x01, 0x00, 0x00, 0x00, 0x00, 0x54, 0x46, 0x45, 0x52, 0x5f, 0x54, 0x41, 0x4d, 0x01, 0x00, 0x00, 0x00, 0x00, 0x52, 
0x4f, 0x49, 0x43, 0x5f, 0x54, 0x41, 0x4d, 0x01, 0x00, 0x00, 0x00, 0x01, 0x41, 0x51, 0x45, 0x52, 0x5f, 0x54, 0x41, 0x4d, 
0x04, 0x00, 0x00, 0x00, 0x01, 0x00, 0x00, 0x00, 0x41, 0x41, 0x50, 0x53, 0x5f, 0x54, 0x41, 0x4d, 0x01, 0x00, 0x00, 0x00, 
0x00, 0x52, 0x41, 0x56, 0x53, 0x5f, 0x54, 0x41, 0x4d, 0x04, 0x00, 0x00, 0x00, 0x9a, 0x99, 0x19, 0x3e, 0x52, 0x48, 0x54, 
0x53, 0x5f, 0x54, 0x41, 0x4d, 0x04, 0x00, 0x00, 0x00, 0xcd, 0xcc, 0x4c, 0x3e, 0x4f, 0x44, 0x45, 0x56, 0x5f, 0x54, 0x41, 
0x4d, 0x01, 0x00, 0x00, 0x00, 0x03, 0x52, 0x54, 0x4e, 0x49, 0x5f, 0x54, 0x41, 0x4d, 0x01, 0x00, 0x00, 0x00, 0x00, 0x50, 
0x44, 0x53, 0x43, 0x5f, 0x54, 0x41, 0x4d, 0x01, 0x00, 0x00, 0x00, 0x01, 0x54, 0x58, 0x45, 0x54, 0x5f, 0x43, 0x49, 0x44, 
0x0b, 0x2c, 0x00, 0x00, 0x06, 0x02, 0x00, 0x00, 0x3b, 0x0a, 0x00, 0x3d, 0x00, 0x7b, 0x0a, 0x00, 0x7d, 0x0a, 0x00, 0x76, 
0x65, 0x63, 0x34, 0x20, 0x00, 0x2c, 0x00, 0x65, 0x6c, 0x73, 0x65, 0x0a, 0x00, 0x66, 0x6c, 0x6f, 0x61, 0x74, 0x20, 0x00, 
0x2e, 0x78, 0x3b, 0x0a, 0x00, 0x2e, 0x79, 0x3b, 0x0a, 0x00, 0x76, 0x65, 0x63, 0x33, 0x20, 0x00, 0x2e, 0x78, 0x3d, 0x00, 
0x69, 0x66, 0x20, 0x28, 0x00, 0x7d, 0x3b, 0x0a, 0x00, 0x2e, 0x79, 0x3d, 0x00, 0x2e, 0x7a, 0x3d, 0x00, 0x2e, 0x7a, 0x3b, 
0x0a, 0x00, 0x23, 0x65, 0x6e, 0x64, 0x69, 0x66, 0x0a, 0x00, 0x76, 0x65, 0x63, 0x32, 0x20, 0x00, 0x2e, 0x78, 0x79, 0x7a, 
0x3b, 0x0a, 0x00, 0x76, 0x6f, 0x69, 0x64, 0x20, 0x6d, 0x61, 0x69, 0x6e, 0x28, 0x29, 0x0a, 0x00, 0x29, 0x2a, 0x00, 0x6c, 
0x61, 0x79, 0x6f, 0x75, 0x74, 0x28, 0x73, 0x74, 0x64, 0x31, 0x34, 0x30, 0x29, 0x20, 0x75, 0x6e, 0x69, 0x66, 0x6f, 0x72, 
0x6d, 0x20, 0x46, 0x72, 0x61, 0x6d, 0x65, 0x55, 0x6e, 0x69, 0x66, 0x6f, 0x72, 0x6d, 0x73, 0x0a, 0x00, 0x7d, 0x20, 0x66, 
0x72, 0x61, 0x6d, 0x65, 0x55, 0x6e, 0x69, 0x66, 0x6f, 0x72, 0x6d, 0x73, 0x3b, 0x0a, 0x00, 0x29, 0x3b, 0x0a, 0x00, 0x6d, 
0x61, 0x74, 0x34, 0x20, 0x61, 0x3b, 0x0a, 0x00, 0x6d, 0x61, 0x74, 0x34, 0x20, 0x62, 0x3b, 0x0a, 0x00, 0x6d, 0x61, 0x74, 
0x34, 0x20, 0x63, 0x3b, 0x0a, 0x00, 0x6d, 0x61, 0x74, 0x34, 0x20, 0x64, 0x3b, 0x0a, 0x00, 0x6d, 0x61, 0x74, 0x34, 0x20, 
0x65, 0x5b, 0x34, 0x5d, 0x3b, 0x0a, 0x00, 0x6d, 0x61, 0x74, 0x34, 0x20, 0x66, 0x5b, 0x34, 0x5d, 0x3b, 0x0a, 0x00, 0x6d, 
0x61, 0x74, 0x34, 0x20, 0x67, 0x3b, 0x0a, 0x00, 0x6d, 0x61, 0x74, 0x33, 0x20, 0x68, 0x3b, 0x0a, 0x00, 0x6d, 0x61, 0x74, 
0x34, 0x20, 0x69, 0x3b, 0x0a, 0x00, 0x76, 0x65, 0x63, 0x34, 0x20, 0x6a, 0x3b, 0x0a, 0x00, 0x76, 0x65, 0x63, 0x32, 0x20, 
0x6b, 0x3b, 0x0a, 0x00, 0x66, 0x6c, 0x6f, 0x61, 0x74, 0x20, 0x6c, 0x3b, 0x0a, 0x00, 0x66, 0x6c, 0x6f, 0x61, 0x74, 0x20, 
0x6d, 0x3b, 0x0a, 0x00, 0x76, 0x65, 0x63, 0x34, 0x20, 0x6e, 0x3b, 0x0a, 0x00, 0x76, 0x65, 0x63, 0x34, 0x20, 0x6f, 0x3b, 
0x0a, 0x00, 0x76, 0x65, 0x63, 0x32, 0x20, 0x70, 0x3b, 0x0a, 0x00, 0x76, 0x65, 0x63, 0x32, 0x20, 0x71, 0x3b, 0x0a, 0x00, 
0x66, 0x6c, 0x6f, 0x61, 0x74, 0x20, 0x75, 0x3b, 0x0a, 0x00, 0x66, 0x6c, 0x6f, 0x61, 0x74, 0x20, 0x76, 0x3b, 0x0a, 0x00, 
0x66, 0x6c, 0x6f, 0x61, 0x74, 0x20, 0x77, 0x3b, 0x0a, 0x00, 0x66, 0x6c, 0x6f, 0x61, 0x74, 0x20, 0x78, 0x3b, 0x0a, 0x00, 
0x76, 0x65, 0x63, 0x33, 0x20, 0x6e, 0x7a, 0x3b, 0x0a, 0x00, 0x76, 0x65, 0x63, 0x32, 0x20, 0x72, 0x7a, 0x3b, 0x0a, 0x00, 
0x76, 0x65, 0x63, 0x32, 0x20, 0x75, 0x7a, 0x3b, 0x0a, 0x00, 0x76, 0x65, 0x63, 0x34, 0x20, 0x78, 0x7a, 0x3b, 0x0a, 0x00, 
0x76, 0x65, 0x63, 0x32, 0x20, 0x61, 0x7a, 0x7a, 0x3b, 0x0a, 0x00, 0x66, 0x6c, 0x6f, 0x61, 0x74, 0x20, 0x63, 0x7a, 0x7a, 
0x3b, 0x0a, 0x00, 0x76, 0x65, 0x63, 0x33, 0x20, 0x66, 0x7a, 0x7a, 0x3b, 0x0a, 0x00, 0x66, 0x6c, 0x6f, 0x61, 0x74, 0x20, 
0x67, 0x7a, 0x7a, 0x3b, 0x0a, 0x00, 0x75, 0x69, 0x6e, 0x74, 0x20, 0x69, 0x7a, 0x7a, 0x3b, 0x0a, 0x00, 0x66, 0x6c, 0x6f, 
0x61, 0x74, 0x20, 0x6a, 0x7a, 0x7a, 0x3b, 0x0a, 0x00, 0x66, 0x6c, 0x6f, 0x61, 0x74, 0x20, 0x6b, 0x7a, 0x7a, 0x3b, 0x0a, 
0x00, 0x66, 0x6c, 0x6f, 0x61, 0x74, 0x20, 0x6e, 0x7a, 0x7a, 0x3b, 0x0a, 0x00, 0x66, 0x6c, 0x6f, 0x61, 0x74, 0x20, 0x70, 
0x7a, 0x7a, 0x3b, 0x0a, 0x00, 0x66, 0x6c, 0x6f, 0x61, 0x74, 0x20, 0x71, 0x7a, 0x7a, 0x3b, 0x0a, 0x00, 0x6d, 0x61, 0x74, 
0x33, 0x20, 0x72, 0x7a, 0x7a, 0x3b, 0x0a, 0x00, 0x76, 0x65, 0x63, 0x32, 0x20, 0x73, 0x7a, 0x7a, 0x3b, 0x0a, 0x00, 0x76, 
0x65, 0x63, 0x32, 0x20, 0x74, 0x7a, 0x7a, 0x3b, 0x0a, 0x00, 0x6d, 0x61, 0x74, 0x34, 0x20, 0x75, 0x7a, 0x7a, 0x3b, 0x0a, 
0x00, 0x6d, 0x61, 0x74, 0x34, 0x20, 0x76, 0x7a, 0x7a, 0x3b, 0x0a, 0x00, 0x76, 0x65, 0x63, 0x34, 0x20, 0x61, 0x7a, 0x7a, 
0x7a, 0x5b, 0x34, 0x5d, 0x3b, 0x0a, 0x00, 0x76, 0x65, 0x63, 0x34, 0x20, 0x66, 0x7a, 0x7a, 0x7a, 0x5b, 0x34, 0x5d, 0x3b, 
0x0a, 0x00, 0x3d, 0x28, 0x00, 0x69, 0x66, 0x20, 0x28, 0x61, 0x62, 0x73, 0x28, 0x00, 0x66, 0x6c, 0x6f, 0x61, 0x74, 0x20, 
0x72, 0x3b, 0x0a, 0x00, 0x66, 0x6c, 0x6f, 0x61, 0x74, 0x20, 0x73, 0x3b, 0x0a, 0x00, 0x76, 0x65, 0x63, 0x32, 0x20, 0x74, 
0x3b, 0x0a, 0x00, 0x66, 0x6c, 0x6f, 0x61, 0x74, 0x20, 0x79, 0x3b, 0x0a, 0x00, 0x66, 0x6c, 0x6f, 0x61, 0x74, 0x20, 0x7a, 
0x3b, 0x0a, 0x00, 0x66, 0x6c, 0x6f, 0x61, 0x74, 0x20, 0x61, 0x7a, 0x3b, 0x0a, 0x00, 0x66, 0x6c, 0x6f, 0x61, 0x74, 0x20, 
0x62, 0x7a, 0x3b, 0x0a, 0x00, 0x76, 0x65, 0x63, 0x34, 0x20, 0x63, 0x7a, 0x3b, 0x0a, 0x00, 0x75, 0x76, 0x65, 0x63, 0x33, 
0x20, 0x64, 0x7a, 0x3b, 0x0a, 0x00, 0x69, 0x6e, 0x74, 0x20, 0x65, 0x7a, 0x3b, 0x0a, 0x00, 0x76, 0x65, 0x63, 0x32, 0x20, 
0x66, 0x7a, 0x3b, 0x0a, 0x00, 0x69, 0x6e, 0x74, 0x20, 0x67, 0x7a, 0x3b, 0x0a, 0x00, 0x69, 0x6e, 0x74, 0x20, 0x68, 0x7a, 
0x3b, 0x0a, 0x00, 0x69, 0x6e, 0x74, 0x20, 0x69, 0x7a, 0x3b, 0x0a, 0x00, 0x69, 0x6e, 0x74, 0x20, 0x6a, 0x7a, 0x3b, 0x0a, 
0x00, 0x66, 0x6c, 0x6f, 0x61, 0x74, 0x20, 0x6b, 0x7a, 0x3b, 0x0a, 0x00, 0x66, 0x6c, 0x6f, 0x61, 0x74, 0x20, 0x6c, 0x7a, 
0x3b, 0x0a, 0x00, 0x76, 0x65, 0x63, 0x33, 0x20, 0x6d, 0x7a, 0x5b, 0x39, 0x5d, 0x3b, 0x0a, 0x00, 0x66, 0x6c, 0x6f, 0x61, 
0x74, 0x20, 0x6f, 0x7a, 0x3b, 0x0a, 0x00, 0x76, 0x65, 0x63, 0x34, 0x20, 0x70, 0x7a, 0x3b, 0x0a, 0x00, 0x76, 0x65, 0x63, 
0x34, 0x20, 0x71, 0x7a, 0x3b, 0x0a, 0x00, 0x69, 0x6e, 0x74, 0x20, 0x73, 0x7a, 0x3b, 0x0a, 0x00, 0x66, 0x6c, 0x6f, 0x61, 
0x74, 0x20, 0x74, 0x7a, 0x3b, 0x0a, 0x00, 0x66, 0x6c, 0x6f, 0x61, 0x74, 0x20, 0x76, 0x7a, 0x3b, 0x0a, 0x00, 0x66, 0x6c, 
0x6f, 0x61, 0x74, 0x20, 0x77, 0x7a, 0x3b, 0x0a, 0x00, 0x69, 0x6e, 0x74, 0x20, 0x79, 0x7a, 0x3b, 0x0a, 0x00, 0x66, 0x6c, 
0x6f, 0x61, 0x74, 0x20, 0x7a, 0x7a, 0x3b, 0x0a, 0x00, 0x66, 0x6c, 0x6f, 0x61, 0x74, 0x20, 0x62, 0x7a, 0x7a, 0x3b, 0x0a, 
0x00, 0x66, 0x6c, 0x6f, 0x61, 0x74, 0x20, 0x64, 0x7a, 0x7a, 0x3b, 0x0a, 0x00, 0x75, 0x69, 0x6e, 0x74, 0x20, 0x65, 0x7a, 
0x7a, 0x3b, 0x0a, 0x00, 0x66, 0x6c, 0x6f, 0x61, 0x74, 0x20, 0x68, 0x7a, 0x7a, 0x3b, 0x0a, 0x00, 0x76, 0x65, 0x63, 0x33, 
0x20, 0x6c, 0x7a, 0x7a, 0x3b, 0x0a, 0x00, 0x66, 0x6c, 0x6f, 0x61, 0x74, 0x20, 0x6d, 0x7a, 0x7a, 0x3b, 0x0a, 0x00, 0x66, 
0x6c, 0x6f, 0x61, 0x74, 0x20, 0x6f, 0x7a, 0x7a, 0x3b, 0x0a, 0x00, 0x66, 0x6c, 0x6f, 0x61, 0x74, 0x20, 0x77, 0x7a, 0x7a, 
0x3b, 0x0a, 0x00, 0x66, 0x6c, 0x6f, 0x61, 0x74, 0x20, 0x78, 0x7a, 0x7a, 0x3b, 0x0a, 0x00, 0x66, 0x6c, 0x6f, 0x61, 0x74, 
0x20, 0x79, 0x7a, 0x7a, 0x3b, 0x0a, 0x00, 0x66, 0x6c, 0x6f, 0x61, 0x74, 0x20, 0x7a, 0x7a, 0x7a, 0x3b, 0x0a, 0x00, 0x69, 
0x6e, 0x74, 0x20, 0x62, 0x7a, 0x7a, 0x7a, 0x3b, 0x0a, 0x00, 0x66, 0x6c, 0x6f, 0x61, 0x74, 0x20, 0x63, 0x7a, 0x7a, 0x7a, 
0x3b, 0x0a, 0x00, 0x66, 0x6c, 0x6f, 0x61, 0x74, 0x20, 0x64, 0x7a, 0x7a, 0x7a, 0x3b, 0x0a, 0x00, 0x66, 0x6c, 0x6f, 0x61, 
0x74, 0x20, 0x65, 0x7a, 0x7a, 0x7a, 0x3b, 0x0a, 0x00, 0x76, 0x65, 0x63, 0x34, 0x20, 0x67, 0x7a, 0x7a, 0x7a, 0x5b, 0x34, 
0x5d, 0x3b, 0x0a, 0x00, 0x69, 0x6e, 0x74, 0x20, 0x68, 0x7a, 0x7a, 0x7a, 0x3b, 0x0a, 0x00, 0x69, 0x6e, 0x74, 0x20, 0x69, 
0x7a, 0x7a, 0x7a, 0x3b, 0x0a, 0x00, 0x69, 0x6e, 0x74, 0x20, 0x6a, 0x7a, 0x7a, 0x7a, 0x3b, 0x0a, 0x00, 0x69, 0x6e, 0x74, 
0x20, 0x6b, 0x7a, 0x7a, 0x7a, 0x3b, 0x0a, 0x00, 0x76, 0x65, 0x63, 0x34, 0x20, 0x6c, 0x7a, 0x7a, 0x7a, 0x5b, 0x39, 0x5d, 
0x3b, 0x0a, 0x00, 0x23, 0x76, 0x65, 0x72, 0x73, 0x69, 0x6f, 0x6e, 0x20, 0x33, 0x30, 0x30, 0x20, 0x65, 0x73, 0x0a, 0x00, 
0x23, 0x76, 0x65, 0x72, 0x73, 0x69, 0x6f, 0x6e, 0x20, 0x34, 0x31, 0x30, 0x0a, 0x00, 0x23, 0x65, 0x78, 0x74, 0x65, 0x6e, 
0x73, 0x69, 0x6f, 0x6e, 0x20, 0x47, 0x4c, 0x5f, 0x41, 0x52, 0x42, 0x5f, 0x73, 0x68, 0x61, 0x64, 0x69, 0x6e, 0x67, 0x5f, 
0x6c, 0x61, 0x6e, 0x67, 0x75, 0x61, 0x67, 0x65, 0x5f, 0x70, 0x61, 0x63, 0x6b, 0x69, 0x6e, 0x67, 0x20, 0x3a, 0x20, 0x65, 
0x6e, 0x61, 0x62, 0x6c, 0x65, 0x0a, 0x00, 0x73, 0x74, 0x72, 0x75, 0x63, 0x74, 0x20, 0x50, 0x65, 0x72, 0x52, 0x65, 0x6e, 
0x64, 0x65, 0x72, 0x61, 0x62, 0x6c, 0x65, 0x44, 0x61, 0x74, 0x61, 0x0a, 0x00, 0x23, 0x69, 0x66, 0x6e, 0x64, 0x65, 0x66, 
0x20, 0x53, 0x50, 0x49, 0x52, 0x56, 0x5f, 0x43, 0x52, 0x4f, 0x53, 0x53, 0x5f, 0x43, 0x4f, 0x4e, 0x53, 0x54, 0x41, 0x4e, 
0x54, 0x5f, 0x49, 0x44, 0x5f, 0x31, 0x0a, 0x00, 0x23, 0x64, 0x65, 0x66, 0x69, 0x6e, 0x65, 0x20, 0x53, 0x50, 0x49, 0x52, 
0x56, 0x5f, 0x43, 0x52, 0x4f, 0x53, 0x53, 0x5f, 0x43, 0x4f, 0x4e, 0x53, 0x54, 0x41, 0x4e, 0x54, 0x5f, 0x49, 0x44, 0x5f, 
0x31, 0x20, 0x36, 0x34, 0x0a, 0x00, 0x63, 0x6f, 0x6e, 0x73, 0x74, 0x20, 0x69, 0x6e, 0x74, 0x20, 0x43, 0x4f, 0x4e, 0x46, 
0x49, 0x47, 0x5f, 0x4d, 0x41, 0x58, 0x5f, 0x49, 0x4e, 0x53, 0x54, 0x41, 0x4e, 0x43, 0x45, 0x53, 0x3d, 0x53, 0x50, 0x49, 
0x52, 0x56, 0x5f, 0x43, 0x52, 0x4f, 0x53, 0x53, 0x5f, 0x43, 0x4f, 0x4e, 0x53, 0x54, 0x41, 0x4e, 0x54, 0x5f, 0x49, 0x44, 
0x5f, 0x31, 0x3b, 0x0a, 0x00, 0x6c, 0x61, 0x79, 0x6f, 0x75, 0x74, 0x28, 0x73, 0x74, 0x64, 0x31, 0x34, 0x30, 0x29, 0x20, 
0x75, 0x6e, 0x69, 0x66, 0x6f, 0x72, 0x6d, 0x20, 0x4f, 0x62, 0x6a, 0x65, 0x63, 0x74, 0x55, 0x6e, 0x69, 0x66, 0x6f, 0x72, 
0x6d, 0x73, 0x0a, 0x00, 0x50, 0x65, 0x72, 0x52, 0x65, 0x6e, 0x64, 0x65, 0x72, 0x61, 0x62, 0x6c, 0x65, 0x44, 0x61, 0x74, 
0x61, 0x20, 0x61, 0x5b, 0x43, 0x4f, 0x4e, 0x46, 0x49, 0x47, 0x5f, 0x4d, 0x41, 0x58, 0x5f, 0x49, 0x4e, 0x53, 0x54, 0x41, 
0x4e, 0x43, 0x45, 0x53, 0x5d, 0x3b, 0x0a, 0x00, 0x7d, 0x20, 0x6f, 0x62, 0x6a, 0x65, 0x63, 0x74, 0x55, 0x6e, 0x69, 0x66, 
0x6f, 0x72, 0x6d, 0x73, 0x3b, 0x0a, 0x00, 0x2e, 0x79, 0x29, 0x3b, 0x0a, 0x00, 0x6d, 0x61, 0x74, 0x34, 0x20, 0x77, 0x6f, 
0x72, 0x6c, 0x64, 0x46, 0x72, 0x6f, 0x6d, 0x4d, 0x6f, 0x64, 0x65, 0x6c, 0x4d, 0x61, 0x74, 0x72, 0x69, 0x78, 0x3b, 0x0a, 
0x00, 0x6d, 0x61, 0x74, 0x33, 0x20, 0x77, 0x6f, 0x72, 0x6c, 0x64, 0x46, 0x72, 0x6f, 0x6d, 0x4d, 0x6f, 0x64, 0x65, 0x6c, 
0x4e, 0x6f, 0x72, 0x6d, 0x61, 0x6c, 0x4d, 0x61, 0x74, 0x72, 0x69, 0x78, 0x3b, 0x0a, 0x00, 0x69, 0x6e, 0x74, 0x20, 0x6d, 
0x6f, 0x72, 0x70, 0x68, 0x54, 0x61, 0x72, 0x67, 0x65, 0x74, 0x43, 0x6f, 0x75, 0x6e, 0x74, 0x3b, 0x0a, 0x00, 0x69, 0x6e, 
0x74, 0x20, 0x66, 0x6c, 0x61, 0x67, 0x73, 0x43, 0x68, 0x61, 0x6e, 0x6e, 0x65, 0x6c, 0x73, 0x3b, 0x0a, 0x00, 0x69, 0x6e, 
0x74, 0x20, 0x6f, 0x62, 0x6a, 0x65, 0x63, 0x74, 0x49, 0x64, 0x3b, 0x0a, 0x00, 0x66, 0x6c, 0x6f, 0x61, 0x74, 0x20, 0x75, 
0x73, 0x65, 0x72, 0x44, 0x61, 0x74, 0x61, 0x3b, 0x0a, 0x00, 0x76, 0x65, 0x63, 0x34, 0x20, 0x72, 0x65, 0x73, 0x65, 0x72, 
0x76, 0x65, 0x64, 0x5b, 0x38, 0x5d, 0x3b, 0x0a, 0x00, 0x69, 0x76, 0x65, 0x63, 0x33, 0x20, 0x00, 0x6d, 0x61, 0x74, 0x34, 
0x78, 0x33, 0x20, 0x00, 0x5b, 0x30, 0x5d, 0x2a, 0x70, 0x2e, 0x78, 0x29, 0x2b, 0x28, 0x28, 0x00, 0x5b, 0x31, 0x5d, 0x2a, 
0x70, 0x2e, 0x79, 0x29, 0x2b, 0x28, 0x28, 0x00, 0x5b, 0x32, 0x5d, 0x2a, 0x70, 0x2e, 0x7a, 0x29, 0x2b, 0x00, 0x3d, 0x6d, 
0x65, 0x73, 0x68, 0x5f, 0x70, 0x6f, 0x73, 0x69, 0x74, 0x69, 0x6f, 0x6e, 0x3b, 0x0a, 0x00, 0x29, 0x0a, 0x00, 0x2e, 0x7a, 
0x3d, 0x28, 0x00, 0x69, 0x6e, 0x74, 0x20, 0x00, 0x4d, 0x61, 0x74, 0x65, 0x72, 0x69, 0x61, 0x6c, 0x56, 0x65, 0x72, 0x74, 
0x65, 0x78, 0x49, 0x6e, 0x70, 0x75, 0x74, 0x73, 0x20, 0x00, 0x2e, 0x73, 0x63, 0x72, 0x65, 0x65, 0x6e, 0x55, 0x56, 0x3b, 
0x0a, 0x00, 0x2e, 0x7a, 0x2a, 0x28, 0x2d, 0x30, 0x2e, 0x35, 0x29, 0x29, 0x2b, 0x30, 0x2e, 0x35, 0x3b, 0x0a, 0x00, 0x2e, 
0x77, 0x29, 0x29, 0x3b, 0x0a, 0x00, 0x3d, 0x67, 0x6c, 0x5f, 0x56, 0x65, 0x72, 0x74, 0x65, 0x78, 0x49, 0x44, 0x2b, 0x70, 
0x75, 0x73, 0x68, 0x43, 0x6f, 0x6e, 0x73, 0x74, 0x61, 0x6e, 0x74, 0x73, 0x2e, 0x6d, 0x6f, 0x72, 0x70, 0x68, 0x69, 0x6e, 
0x67, 0x42, 0x75, 0x66, 0x66, 0x65, 0x72, 0x4f, 0x66, 0x66, 0x73, 0x65, 0x74, 0x3b, 0x0a, 0x00, 0x3d, 0x69, 0x76, 0x65, 
0x63, 0x33, 0x28, 0x00, 0x20, 0x25, 0x20, 0x32, 0x30, 0x34, 0x38, 0x2c, 0x00, 0x2f, 0x32, 0x30, 0x34, 0x38, 0x2c, 0x30, 
0x29, 0x3b, 0x0a, 0x00, 0x66, 0x6f, 0x72, 0x20, 0x28, 0x69, 0x6e, 0x74, 0x20, 0x00, 0x3d, 0x30, 0x3b, 0x20, 0x00, 0x2b, 
0x2b, 0x29, 0x0a, 0x00, 0x69, 0x66, 0x20, 0x28, 0x6d, 0x6f, 0x72, 0x70, 0x68, 0x69, 0x6e, 0x67, 0x55, 0x6e, 0x69, 0x66, 
0x6f, 0x72, 0x6d, 0x73, 0x2e, 0x61, 0x5b, 0x00, 0x5d, 0x2e, 0x78, 0x21, 0x3d, 0x30, 0x2e, 0x30, 0x29, 0x0a, 0x00, 0x2b, 
0x28, 0x74, 0x65, 0x78, 0x65, 0x6c, 0x46, 0x65, 0x74, 0x63, 0x68, 0x28, 0x73, 0x61, 0x6d, 0x70, 0x6c, 0x65, 0x72, 0x31, 
0x5f, 0x70, 0x6f, 0x73, 0x69, 0x74, 0x69, 0x6f, 0x6e, 0x73, 0x2c, 0x00, 0x2c, 0x30, 0x29, 0x2a, 0x6d, 0x6f, 0x72, 0x70, 
0x68, 0x69, 0x6e, 0x67, 0x55, 0x6e, 0x69, 0x66, 0x6f, 0x72, 0x6d, 0x73, 0x2e, 0x61, 0x5b, 0x00, 0x5d, 0x2e, 0x78, 0x29, 
0x3b, 0x0a, 0x00, 0x73, 0x6b, 0x69, 0x6e, 0x50, 0x6f, 0x73, 0x69, 0x74, 0x69, 0x6f, 0x6e, 0x28, 0x00, 0x2c, 0x6d, 0x65, 
0x73, 0x68, 0x5f, 0x62, 0x6f, 0x6e, 0x65, 0x5f, 0x69, 0x6e, 0x64, 0x69, 0x63, 0x65, 0x73, 0x2c, 0x6d, 0x65, 0x73, 0x68, 
0x5f, 0x62, 0x6f, 0x6e, 0x65, 0x5f, 0x77, 0x65, 0x69, 0x67, 0x68, 0x74, 0x73, 0x29, 0x3b, 0x0a, 0x00, 0x73, 0x74, 0x72, 
0x75, 0x63, 0x74, 0x20, 0x4d, 0x61, 0x74, 0x65, 0x72, 0x69, 0x61, 0x6c, 0x56, 0x65, 0x72, 0x74, 0x65, 0x78, 0x49, 0x6e, 
0x70, 0x75, 0x74, 0x73, 0x0a, 0x00, 0x76, 0x65, 0x63, 0x34, 0x20, 0x73, 0x63, 0x72, 0x65, 0x65, 0x6e, 0x55, 0x56, 0x3b, 
0x0a, 0x00, 0x76, 0x65, 0x63, 0x34, 0x20, 0x77, 0x6f, 0x72, 0x6c, 0x64, 0x50, 0x6f, 0x73, 0x69, 0x74, 0x69, 0x6f, 0x6e, 
0x3b, 0x0a, 0x00, 0x23, 0x69, 0x66, 0x6e, 0x64, 0x65, 0x66, 0x20, 0x53, 0x50, 0x49, 0x52, 0x56, 0x5f, 0x43, 0x52, 0x4f, 
0x53, 0x53, 0x5f, 0x43, 0x4f, 0x4e, 0x53, 0x54, 0x41, 0x4e, 0x54, 0x5f, 0x49, 0x44, 0x5f, 0x35, 0x0a, 0x00, 0x23, 0x64, 
0x65, 0x66, 0x69, 0x6e, 0x65, 0x20, 0x53, 0x50, 0x49, 0x52, 0x56, 0x5f, 0x43, 0x52, 0x4f, 0x53, 0x53, 0x5f, 0x43, 0x4f, 
0x4e, 0x53, 0x54, 0x41, 0x4e, 0x54, 0x5f, 0x49, 0x44, 0x5f, 0x35, 0x20, 0x66, 0x61, 0x6c, 0x73, 0x65, 0x0a, 0x00, 0x63, 
0x6f, 0x6e, 0x73, 0x74, 0x20, 0x62, 0x6f, 0x6f, 0x6c, 0x20, 0x43, 0x4f, 0x4e, 0x46, 0x49, 0x47, 0x5f, 0x50, 0x4f, 0x57, 
0x45, 0x52, 0x5f, 0x56, 0x52, 0x5f, 0x53, 0x48, 0x41, 0x44, 0x45, 0x52, 0x5f, 0x57, 0x4f, 0x52, 0x4b, 0x41, 0x52, 0x4f, 
0x55, 0x4e, 0x44, 0x53, 0x3d, 0x53, 0x50, 0x49, 0x52, 0x56, 0x5f, 0x43, 0x52, 0x4f, 0x53, 0x53, 0x5f, 0x43, 0x4f, 0x4e, 
0x53, 0x54, 0x41, 0x4e, 0x54, 0x5f, 0x49, 0x44, 0x5f, 0x35, 0x3b, 0x0a, 0x00, 0x6c, 0x61, 0x79, 0x6f, 0x75, 0x74, 0x28, 
0x6c, 0x6f, 0x63, 0x61, 0x74, 0x69, 0x6f, 0x6e, 0x3d, 0x30, 0x29, 0x20, 0x69, 0x6e, 0x20, 0x76, 0x65, 0x63, 0x34, 0x20, 
0x6d, 0x65, 0x73, 0x68, 0x5f, 0x70, 0x6f, 0x73, 0x69, 0x74, 0x69, 0x6f, 0x6e, 0x3b, 0x0a, 0x00, 0x69, 0x66, 0x20, 0x28, 
0x43, 0x4f, 0x4e, 0x46, 0x49, 0x47, 0x5f, 0x50, 0x4f, 0x57, 0x45, 0x52, 0x5f, 0x56, 0x52, 0x5f, 0x53, 0x48, 0x41, 0x44, 
0x45, 0x52, 0x5f, 0x57, 0x4f, 0x52, 0x4b, 0x41, 0x52, 0x4f, 0x55, 0x4e, 0x44, 0x53, 0x29, 0x0a, 0x00, 0x69, 0x6e, 0x73, 
0x74, 0x61, 0x6e, 0x63, 0x65, 0x5f, 0x69, 0x6e, 0x64, 0x65, 0x78, 0x3d, 0x28, 0x31, 0x2b, 0x67, 0x6c, 0x5f, 0x49, 0x6e, 
0x73, 0x74, 0x61, 0x6e, 0x63, 0x65, 0x49, 0x44, 0x29, 0x2d, 0x31, 0x3b, 0x0a, 0x00, 0x69, 0x6e, 0x73, 0x74, 0x61, 0x6e, 
0x63, 0x65, 0x5f, 0x69, 0x6e, 0x64, 0x65, 0x78, 0x3d, 0x67, 0x6c, 0x5f, 0x49, 0x6e, 0x73, 0x74, 0x61, 0x6e, 0x63, 0x65, 
0x49, 0x44, 0x3b, 0x0a, 0x00, 0x3d, 0x66, 0x72, 0x61, 0x6d, 0x65, 0x55, 0x6e, 0x69, 0x66, 0x6f, 0x72, 0x6d, 0x73, 0x2e, 
0x67, 0x2a, 0x00, 0x2e, 0x77, 0x3b, 0x0a, 0x00, 0x29, 0x3c, 0x31, 0x2e, 0x30, 0x38, 0x34, 0x32, 0x30, 0x32, 0x32, 0x65, 
0x2d, 0x31, 0x39, 0x29, 0x0a, 0x00, 0x2e, 0x77, 0x3d, 0x28, 0x00, 0x3c, 0x30, 0x2e, 0x30, 0x29, 0x20, 0x3f, 0x20, 0x28, 
0x2d, 0x31, 0x2e, 0x30, 0x38, 0x34, 0x32, 0x30, 0x32, 0x32, 0x65, 0x2d, 0x31, 0x39, 0x29, 0x20, 0x3a, 0x20, 0x31, 0x2e, 
0x30, 0x38, 0x34, 0x32, 0x30, 0x32, 0x32, 0x65, 0x2d, 0x31, 0x39, 0x3b, 0x0a, 0x00, 0x3d, 0x4d, 0x61, 0x74, 0x65, 0x72, 
0x69, 0x61, 0x6c, 0x56, 0x65, 0x72, 0x74, 0x65, 0x78, 0x49, 0x6e, 0x70, 0x75, 0x74, 0x73, 0x28, 0x76, 0x65, 0x63, 0x34, 
0x28, 0x30, 0x2e, 0x30, 0x29, 0x2c, 0x00, 0x2a, 0x28, 0x31, 0x2e, 0x30, 0x2f, 0x00, 0x2e, 0x78, 0x79, 0x2a, 0x30, 0x2e, 
0x35, 0x29, 0x2b, 0x76, 0x65, 0x63, 0x32, 0x28, 0x30, 0x2e, 0x35, 0x29, 0x3b, 0x0a, 0x00, 0x3d, 0x4d, 0x61, 0x74, 0x65, 
0x72, 0x69, 0x61, 0x6c, 0x56, 0x65, 0x72, 0x74, 0x65, 0x78, 0x49, 0x6e, 0x70, 0x75, 0x74, 0x73, 0x28, 0x00, 0x2e, 0x77, 
0x6f, 0x72, 0x6c, 0x64, 0x50, 0x6f, 0x73, 0x69, 0x74, 0x69, 0x6f, 0x6e, 0x29, 0x3b, 0x0a, 0x00, 0x76, 0x61, 0x72, 0x69, 
0x61, 0x62, 0x6c, 0x65, 0x5f, 0x73, 0x63, 0x72, 0x65, 0x65, 0x6e, 0x55, 0x56, 0x3d, 0x00, 0x76, 0x65, 0x72, 0x74, 0x65, 
0x78, 0x5f, 0x77, 0x6f, 0x72, 0x6c, 0x64, 0x50, 0x6f, 0x73, 0x69, 0x74, 0x69, 0x6f, 0x6e, 0x2e, 0x78, 0x3d, 0x00, 0x76, 
0x65, 0x72, 0x74, 0x65, 0x78, 0x5f, 0x77, 0x6f, 0x72, 0x6c, 0x64, 0x50, 0x6f, 0x73, 0x69, 0x74, 0x69, 0x6f, 0x6e, 0x2e, 
0x79, 0x3d, 0x00, 0x76, 0x65, 0x72, 0x74, 0x65, 0x78, 0x5f, 0x77, 0x6f, 0x72, 0x6c, 0x64, 0x50, 0x6f, 0x73, 0x69, 0x74, 
0x69, 0x6f, 0x6e, 0x2e, 0x7a, 0x3d, 0x00, 0x76, 0x65, 0x72, 0x74, 0x65, 0x78, 0x5f, 0x70, 0x6f, 0x73, 0x69, 0x74, 0x69, 
0x6f, 0x6e, 0x3d, 0x00, 0x2e, 0x7a, 0x2a, 0x66, 0x72, 0x61, 0x6d, 0x65, 0x55, 0x6e, 0x69, 0x66, 0x6f, 0x72, 0x6d, 0x73, 
0x2e, 0x6b, 0x2e, 0x78, 0x29, 0x2b, 0x28, 0x00, 0x2e, 0x77, 0x2a, 0x66, 0x72, 0x61, 0x6d, 0x65, 0x55, 0x6e, 0x69, 0x66, 
0x6f, 0x72, 0x6d, 0x73, 0x2e, 0x6b, 0x2e, 0x79, 0x29, 0x3b, 0x0a, 0x00, 0x67, 0x6c, 0x5f, 0x50, 0x6f, 0x73, 0x69, 0x74, 
0x69, 0x6f, 0x6e, 0x3d, 0x00, 0x2a, 0x66, 0x6c, 0x6f, 0x61, 0x74, 0x28, 0x00, 0x2e, 0x77, 0x29, 0x3b, 0x0a, 0x00, 0x3d, 
0x74, 0x72, 0x61, 0x6e, 0x73, 0x70, 0x6f, 0x73, 0x65, 0x28, 0x62, 0x6f, 0x6e, 0x65, 0x73, 0x55, 0x6e, 0x69, 0x66, 0x6f, 
0x72, 0x6d, 0x73, 0x2e, 0x61, 0x5b, 0x69, 0x64, 0x73, 0x2e, 0x78, 0x5d, 0x2e, 0x74, 0x72, 0x61, 0x6e, 0x73, 0x66, 0x6f, 
0x72, 0x6d, 0x29, 0x3b, 0x0a, 0x00, 0x3d, 0x74, 0x72, 0x61, 0x6e, 0x73, 0x70, 0x6f, 0x73, 0x65, 0x28, 0x62, 0x6f, 0x6e, 
0x65, 0x73, 0x55, 0x6e, 0x69, 0x66, 0x6f, 0x72, 0x6d, 0x73, 0x2e, 0x61, 0x5b, 0x69, 0x64, 0x73, 0x2e, 0x79, 0x5d, 0x2e, 
0x74, 0x72, 0x61, 0x6e, 0x73, 0x66, 0x6f, 0x72, 0x6d, 0x29, 0x3b, 0x0a, 0x00, 0x3d, 0x74, 0x72, 0x61, 0x6e, 0x73, 0x70, 
0x6f, 0x73, 0x65, 0x28, 0x62, 0x6f, 0x6e, 0x65, 0x73, 0x55, 0x6e, 0x69, 0x66, 0x6f, 0x72, 0x6d, 0x73, 0x2e, 0x61, 0x5b, 
0x69, 0x64, 0x73, 0x2e, 0x7a, 0x5d, 0x2e, 0x74, 0x72, 0x61, 0x6e, 0x73, 0x66, 0x6f, 0x72, 0x6d, 0x29, 0x3b, 0x0a, 0x00, 
0x5b, 0x33, 0x5d, 0x29, 0x29, 0x29, 0x2a, 0x77, 0x65, 0x69, 0x67, 0x68, 0x74, 0x73, 0x2e, 0x78, 0x29, 0x2b, 0x28, 0x28, 
0x28, 0x00, 0x5b, 0x33, 0x5d, 0x29, 0x29, 0x29, 0x2a, 0x77, 0x65, 0x69, 0x67, 0x68, 0x74, 0x73, 0x2e, 0x79, 0x29, 0x29, 
0x2b, 0x28, 0x28, 0x28, 0x00, 0x75, 0x69, 0x6e, 0x74, 0x20, 0x00, 0x62, 0x6f, 0x6f, 0x6c, 0x20, 0x00, 0x3c, 0x6f, 0x62, 
0x6a, 0x65, 0x63, 0x74, 0x55, 0x6e, 0x69, 0x66, 0x6f, 0x72, 0x6d, 0x73, 0x2e, 0x61, 0x5b, 0x69, 0x6e, 0x73, 0x74, 0x61, 
0x6e, 0x63, 0x65, 0x5f, 0x69, 0x6e, 0x64, 0x65, 0x78, 0x5d, 0x2e, 0x6d, 0x6f, 0x72, 0x70, 0x68, 0x54, 0x61, 0x72, 0x67, 
0x65, 0x74, 0x43, 0x6f, 0x75, 0x6e, 0x74, 0x3b, 0x20, 0x00, 0x3c, 0x6f, 0x62, 0x6a, 0x65, 0x63, 0x74, 0x55, 0x6e, 0x69, 
0x66, 0x6f, 0x72, 0x6d, 0x73, 0x2e, 0x61, 0x5b, 0x00, 0x5d, 0x2e, 0x6d, 0x6f, 0x72, 0x70, 0x68, 0x54, 0x61, 0x72, 0x67, 
0x65, 0x74, 0x43, 0x6f, 0x75, 0x6e, 0x74, 0x3b, 0x20, 0x00, 0x2e, 0x77, 0x6f, 0x72, 0x6c, 0x64, 0x50, 0x6f, 0x73, 0x69, 
0x74, 0x69, 0x6f, 0x6e, 0x2e, 0x78, 0x79, 0x7a, 0x3b, 0x0a, 0x00, 0x6d, 0x65, 0x64, 0x69, 0x75, 0x6d, 0x70, 0x20, 0x66, 
0x6c, 0x6f, 0x61, 0x74, 0x20, 0x72, 0x3b, 0x0a, 0x00, 0x6d, 0x65, 0x64, 0x69, 0x75, 0x6d, 0x70, 0x20, 0x66, 0x6c, 0x6f, 
0x61, 0x74, 0x20, 0x73, 0x3b, 0x0a, 0x00, 0x6d, 0x65, 0x64, 0x69, 0x75, 0x6d, 0x70, 0x20, 0x76, 0x65, 0x63, 0x32, 0x20, 
0x74, 0x3b, 0x0a, 0x00, 0x6d, 0x65, 0x64, 0x69, 0x75, 0x6d, 0x70, 0x20, 0x66, 0x6c, 0x6f, 0x61, 0x74, 0x20, 0x79, 0x3b, 
0x0a, 0x00, 0x6d, 0x65, 0x64, 0x69, 0x75, 0x6d, 0x70, 0x20, 0x66, 0x6c, 0x6f, 0x61, 0x74, 0x20, 0x7a, 0x3b, 0x0a, 0x00, 
0x6d, 0x65, 0x64, 0x69, 0x75, 0x6d, 0x70, 0x20, 0x66, 0x6c, 0x6f, 0x61, 0x74, 0x20, 0x61, 0x7a, 0x3b, 0x0a, 0x00, 0x6d, 
0x65, 0x64, 0x69, 0x75, 0x6d, 0x70, 0x20, 0x66, 0x6c, 0x6f, 0x61, 0x74, 0x20, 0x62, 0x7a, 0x3b, 0x0a, 0x00, 0x6d, 0x65, 
0x64, 0x69, 0x75, 0x6d, 0x70, 0x20, 0x76, 0x65, 0x63, 0x34, 0x20, 0x63, 0x7a, 0x3b, 0x0a, 0x00, 0x6d, 0x65, 0x64, 0x69, 
0x75, 0x6d, 0x70, 0x20, 0x75, 0x76, 0x65, 0x63, 0x33, 0x20, 0x64, 0x7a, 0x3b, 0x0a, 0x00, 0x6d, 0x65, 0x64, 0x69, 0x75, 
0x6d, 0x70, 0x20, 0x69, 0x6e, 0x74, 0x20, 0x65, 0x7a, 0x3b, 0x0a, 0x00, 0x6d, 0x65, 0x64, 0x69, 0x75, 0x6d, 0x70, 0x20, 
0x76, 0x65, 0x63, 0x32, 0x20, 0x66, 0x7a, 0x3b, 0x0a, 0x00, 0x6d, 0x65, 0x64, 0x69, 0x75, 0x6d, 0x70, 0x20, 0x69, 0x6e, 
0x74, 0x20, 0x67, 0x7a, 0x3b, 0x0a, 0x00, 0x6d, 0x65, 0x64, 0x69, 0x75, 0x6d, 0x70, 0x20, 0x69, 0x6e, 0x74, 0x20, 0x68, 
0x7a, 0x3b, 0x0a, 0x00, 0x6d, 0x65, 0x64, 0x69, 0x75, 0x6d, 0x70, 0x20, 0x69, 0x6e, 0x74, 0x20, 0x69, 0x7a, 0x3b, 0x0a, 
0x00, 0x6d, 0x65, 0x64, 0x69, 0x75, 0x6d, 0x70, 0x20, 0x69, 0x6e, 0x74, 0x20, 0x6a, 0x7a, 0x3b, 0x0a, 0x00, 0x6d, 0x65, 
0x64, 0x69, 0x75, 0x6d, 0x70, 0x20, 0x66, 0x6c, 0x6f, 0x61, 0x74, 0x20, 0x6b, 0x7a, 0x3b, 0x0a, 0x00, 0x6d, 0x65, 0x64, 
0x69, 0x75, 0x6d, 0x70, 0x20, 0x66, 0x6c, 0x6f, 0x61, 0x74, 0x20, 0x6c, 0x7a, 0x3b, 0x0a, 0x00, 0x6d, 0x65, 0x64, 0x69, 
0x75, 0x6d, 0x70, 0x20, 0x76, 0x65, 0x63, 0x33, 0x20, 0x6d, 0x7a, 0x5b, 0x39, 0x5d, 0x3b, 0x0a, 0x00, 0x6d, 0x65, 0x64, 
0x69, 0x75, 0x6d, 0x70, 0x20, 0x66, 0x6c, 0x6f, 0x61, 0x74, 0x20, 0x6f, 0x7a, 0x3b, 0x0a, 0x00, 0x6d, 0x65, 0x64, 0x69, 
0x75, 0x6d, 0x70, 0x20, 0x76, 0x65, 0x63, 0x34, 0x20, 0x70, 0x7a, 0x3b, 0x0a, 0x00, 0x6d, 0x65, 0x64, 0x69, 0x75, 0x6d, 
0x70, 0x20, 0x76, 0x65, 0x63, 0x34, 0x20, 0x71, 0x7a, 0x3b, 0x0a, 0x00, 0x6d, 0x65, 0x64, 0x69, 0x75, 0x6d, 0x70, 0x20, 
0x69, 0x6e, 0x74, 0x20, 0x73, 0x7a, 0x3b, 0x0a, 0x00, 0x6d, 0x65, 0x64, 0x69, 0x75, 0x6d, 0x70, 0x20, 0x66, 0x6c, 0x6f, 
0x61, 0x74, 0x20, 0x74, 0x7a, 0x3b, 0x0a, 0x00, 0x6d, 0x65, 0x64, 0x69, 0x75, 0x6d, 0x70, 0x20, 0x66, 0x6c, 0x6f, 0x61, 
0x74, 0x20, 0x76, 0x7a, 0x3b, 0x0a, 0x00, 0x6d, 0x65, 0x64, 0x69, 0x75, 0x6d, 0x70, 0x20, 0x66, 0x6c, 0x6f, 0x61, 0x74, 
0x20, 0x77, 0x7a, 0x3b, 0x0a, 0x00, 0x6d, 0x65, 0x64, 0x69, 0x75, 0x6d, 0x70, 0x20, 0x69, 0x6e, 0x74, 0x20, 0x79, 0x7a, 
0x3b, 0x0a, 0x00, 0x6d, 0x65, 0x64, 0x69, 0x75, 0x6d, 0x70, 0x20, 0x66, 0x6c, 0x6f, 0x61, 0x74, 0x20, 0x7a, 0x7a, 0x3b, 
0x0a, 0x00, 0x6d, 0x65, 0x64, 0x69, 0x75, 0x6d, 0x70, 0x20, 0x66, 0x6c, 0x6f, 0x61, 0x74, 0x20, 0x62, 0x7a, 0x7a, 0x3b, 
0x0a, 0x00, 0x6d, 0x65, 0x64, 0x69, 0x75, 0x6d, 0x70, 0x20, 0x66, 0x6c, 0x6f, 0x61, 0x74, 0x20, 0x64, 0x7a, 0x7a, 0x3b, 
0x0a, 0x00, 0x6d, 0x65, 0x64, 0x69, 0x75, 0x6d, 0x70, 0x20, 0x75, 0x69, 0x6e, 0x74, 0x20, 0x65, 0x7a, 0x7a, 0x3b, 0x0a, 
0x00, 0x6d, 0x65, 0x64, 0x69, 0x75, 0x6d, 0x70, 0x20, 0x66, 0x6c, 0x6f, 0x61, 0x74, 0x20, 0x68, 0x7a, 0x7a, 0x3b, 0x0a, 
0x00, 0x6d, 0x65, 0x64, 0x69, 0x75, 0x6d, 0x70, 0x20, 0x76, 0x65, 0x63, 0x33, 0x20, 0x6c, 0x7a, 0x7a, 0x3b, 0x0a, 0x00, 
0x6d, 0x65, 0x64, 0x69, 0x75, 0x6d, 0x70, 0x20, 0x66, 0x6c, 0x6f, 0x61, 0x74, 0x20, 0x6d, 0x7a, 0x7a, 0x3b, 0x0a, 0x00, 
0x6d, 0x65, 0x64, 0x69, 0x75, 0x6d, 0x70, 0x20, 0x66, 0x6c, 0x6f, 0x61, 0x74, 0x20, 0x6f, 0x7a, 0x7a, 0x3b, 0x0a, 0x00, 
0x6d, 0x65, 0x64, 0x69, 0x75, 0x6d, 0x70, 0x20, 0x66, 0x6c, 0x6f, 0x61, 0x74, 0x20, 0x77, 0x7a, 0x7a, 0x3b, 0x0a, 0x00, 
0x6d, 0x65, 0x64, 0x69, 0x75, 0x6d, 0x70, 0x20, 0x66, 0x6c, 0x6f, 0x61, 0x74, 0x20, 0x78, 0x7a, 0x7a, 0x3b, 0x0a, 0x00, 
0x6d, 0x65, 0x64, 0x69, 0x75, 0x6d, 0x70, 0x20, 0x66, 0x6c, 0x6f, 0x61, 0x74, 0x20, 0x79, 0x7a, 0x7a, 0x3b, 0x0a, 0x00, 
0x6d, 0x65, 0x64, 0x69, 0x75, 0x6d, 0x70, 0x20, 0x66, 0x6c, 0x6f, 0x61, 0x74, 0x20, 0x7a, 0x7a, 0x7a, 0x3b, 0x0a, 0x00, 
0x6d, 0x65, 0x64, 0x69, 0x75, 0x6d, 0x70, 0x20, 0x69, 0x6e, 0x74, 0x20, 0x62, 0x7a, 0x7a, 0x7a, 0x3b, 0x0a, 0x00, 0x6d, 
0x65, 0x64, 0x69, 0x75, 0x6d, 0x70, 0x20, 0x66, 0x6c, 0x6f, 0x61, 0x74, 0x20, 0x63, 0x7a, 0x7a, 0x7a, 0x3b, 0x0a, 0x00, 
0x6d, 0x65, 0x64, 0x69, 0x75, 0x6d, 0x70, 0x20, 0x66, 0x6c, 0x6f, 0x61, 0x74, 0x20, 0x64, 0x7a, 0x7a, 0x7a, 0x3b, 0x0a, 
0x00, 0x6d, 0x65, 0x64, 0x69, 0x75, 0x6d, 0x70, 0x20, 0x66, 0x6c, 0x6f, 0x61, 0x74, 0x20, 0x65, 0x7a, 0x7a, 0x7a, 0x3b, 
0x0a, 0x00, 0x6d, 0x65, 0x64, 0x69, 0x75, 0x6d, 0x70, 0x20, 0x76, 0x65, 0x63, 0x34, 0x20, 0x67, 0x7a, 0x7a, 0x7a, 0x5b, 
0x34, 0x5d, 0x3b, 0x0a, 0x00, 0x6d, 0x65, 0x64, 0x69, 0x75, 0x6d, 0x70, 0x20, 0x69, 0x6e, 0x74, 0x20, 0x68, 0x7a, 0x7a, 
0x7a, 0x3b, 0x0a, 0x00, 0x6d, 0x65, 0x64, 0x69, 0x75, 0x6d, 0x70, 0x20, 0x69, 0x6e, 0x74, 0x20, 0x69, 0x7a, 0x7a, 0x7a, 
0x3b, 0x0a, 0x00, 0x6d, 0x65, 0x64, 0x69, 0x75, 0x6d, 0x70, 0x20, 0x69, 0x6e, 0x74, 0x20, 0x6a, 0x7a, 0x7a, 0x7a, 0x3b, 
0x0a, 0x00, 0x6d, 0x65, 0x64, 0x69, 0x75, 0x6d, 0x70, 0x20, 0x69, 0x6e, 0x74, 0x20, 0x6b, 0x7a, 0x7a, 0x7a, 0x3b, 0x0a, 
0x00, 0x6d, 0x65, 0x64, 0x69, 0x75, 0x6d, 0x70, 0x20, 0x76, 0x65, 0x63, 0x34, 0x20, 0x6c, 0x7a, 0x7a, 0x7a, 0x5b, 0x39, 
0x5d, 0x3b, 0x0a, 0x00, 0x66, 0x6c, 0x61, 0x74, 0x20, 0x6f, 0x75, 0x74, 0x20, 0x69, 0x6e, 0x74, 0x20, 0x69, 0x6e, 0x73, 
0x74, 0x61, 0x6e, 0x63, 0x65, 0x5f, 0x69, 0x6e, 0x64, 0x65, 0x78, 0x3b, 0x0a, 0x00, 0x6f, 0x75, 0x74, 0x20, 0x76, 0x65, 
0x63, 0x34, 0x20, 0x76, 0x61, 0x72, 0x69, 0x61, 0x62, 0x6c, 0x65, 0x5f, 0x73, 0x63, 0x72, 0x65, 0x65, 0x6e, 0x55, 0x56, 
0x3b, 0x0a, 0x00, 0x6f, 0x75, 0x74, 0x20, 0x76, 0x65, 0x63, 0x34, 0x20, 0x76, 0x65, 0x72, 0x74, 0x65, 0x78, 0x5f, 0x70, 
0x6f, 0x73, 0x69, 0x74, 0x69, 0x6f, 0x6e, 0x3b, 0x0a, 0x00, 0x23, 0x69, 0x66, 0x6e, 0x64, 0x65, 0x66, 0x20, 0x53, 0x50, 
0x49, 0x52, 0x56, 0x5f, 0x43, 0x52, 0x4f, 0x53, 0x53, 0x5f, 0x43, 0x4f, 0x4e, 0x53, 0x54, 0x41, 0x4e, 0x54, 0x5f, 0x49, 
0x44, 0x5f, 0x38, 0x0a, 0x00, 0x23, 0x64, 0x65, 0x66, 0x69, 0x6e, 0x65, 0x20, 0x53, 0x50, 0x49, 0x52, 0x56, 0x5f, 0x43, 
0x52, 0x4f, 0x53, 0x53, 0x5f, 0x43, 0x4f, 0x4e, 0x53, 0x54, 0x41, 0x4e, 0x54, 0x5f, 0x49, 0x44, 0x5f, 0x38, 0x20, 0x32, 
0x0a, 0x00, 0x63, 0x6f, 0x6e, 0x73, 0x74, 0x20, 0x69, 0x6e, 0x74, 0x20, 0x43, 0x4f, 0x4e, 0x46, 0x49, 0x47, 0x5f, 0x53, 
0x54, 0x45, 0x52, 0x45, 0x4f, 0x5f, 0x45, 0x59, 0x45, 0x5f, 0x43, 0x4f, 0x55, 0x4e, 0x54, 0x3d, 0x53, 0x50, 0x49, 0x52, 
0x56, 0x5f, 0x43, 0x52, 0x4f, 0x53, 0x53, 0x5f, 0x43, 0x4f, 0x4e, 0x53, 0x54, 0x41, 0x4e, 0x54, 0x5f, 0x49, 0x44, 0x5f, 
0x38, 0x3b, 0x0a, 0x00, 0x3d, 0x69, 0x6e, 0x73, 0x74, 0x61, 0x6e, 0x63, 0x65, 0x5f, 0x69, 0x6e, 0x64, 0x65, 0x78, 0x20, 
0x25, 0x20, 0x43, 0x4f, 0x4e, 0x46, 0x49, 0x47, 0x5f, 0x53, 0x54, 0x45, 0x52, 0x45, 0x4f, 0x5f, 0x45, 0x59, 0x45, 0x5f, 
0x43, 0x4f, 0x55, 0x4e, 0x54, 0x3b, 0x0a, 0x00, 0x3d, 0x66, 0x6c, 0x6f, 0x61, 0x74, 0x28, 0x43, 0x4f, 0x4e, 0x46, 0x49, 
0x47, 0x5f, 0x53, 0x54, 0x45, 0x52, 0x45, 0x4f, 0x5f, 0x45, 0x59, 0x45, 0x5f, 0x43, 0x4f, 0x55, 0x4e, 0x54, 0x29, 0x3b, 
0x0a, 0x00, 0x3d, 0x32, 0x2e, 0x30, 0x2f, 0x00, 0x2e, 0x78, 0x2a, 0x28, 0x31, 0x2e, 0x30, 0x2f, 0x00, 0x2e, 0x78, 0x2b, 
0x28, 0x28, 0x28, 0x28, 0x2d, 0x31, 0x2e, 0x30, 0x29, 0x2b, 0x28, 0x00, 0x2f, 0x32, 0x2e, 0x30, 0x29, 0x29, 0x2b, 0x00, 
0x67, 0x6c, 0x5f, 0x43, 0x6c, 0x69, 0x70, 0x44, 0x69, 0x73, 0x74, 0x61, 0x6e, 0x63, 0x65, 0x5b, 0x30, 0x5d, 0x3d, 0x00, 
0x2e, 0x78, 0x2b, 0x28, 0x28, 0x31, 0x2e, 0x30, 0x2d, 0x00, 0x67, 0x6c, 0x5f, 0x43, 0x6c, 0x69, 0x70, 0x44, 0x69, 0x73, 
0x74, 0x61, 0x6e, 0x63, 0x65, 0x5b, 0x31, 0x5d, 0x3d, 0x2d, 0x28, 0x00, 0x2e, 0x78, 0x2b, 0x28, 0x28, 0x31, 0x2e, 0x30, 
0x2d, 0x28, 0x00, 0x2b, 0x31, 0x29, 0x29, 0x29, 0x2a, 0x00, 0x73, 0x74, 0x72, 0x75, 0x63, 0x74, 0x20, 0x42, 0x6f, 0x6e, 
0x65, 0x44, 0x61, 0x74, 0x61, 0x0a, 0x00, 0x6d, 0x61, 0x74, 0x33, 0x78, 0x34, 0x20, 0x74, 0x72, 0x61, 0x6e, 0x73, 0x66, 
0x6f, 0x72, 0x6d, 0x3b, 0x0a, 0x00, 0x76, 0x65, 0x63, 0x33, 0x20, 0x63, 0x6f, 0x66, 0x30, 0x3b, 0x0a, 0x00, 0x66, 0x6c, 
0x6f, 0x61, 0x74, 0x20, 0x63, 0x6f, 0x66, 0x31, 0x78, 0x3b, 0x0a, 0x00, 0x73, 0x74, 0x72, 0x75, 0x63, 0x74, 0x20, 0x43, 
0x6f, 0x6e, 0x73, 0x74, 0x61, 0x6e, 0x74, 0x73, 0x0a, 0x00, 0x69, 0x6e, 0x74, 0x20, 0x6d, 0x6f, 0x72, 0x70, 0x68, 0x69, 
0x6e, 0x67, 0x42, 0x75, 0x66, 0x66, 0x65, 0x72, 0x4f, 0x66, 0x66, 0x73, 0x65, 0x74, 0x3b, 0x0a, 0x00, 0x6c, 0x61, 0x79, 
0x6f, 0x75, 0x74, 0x28, 0x73, 0x74, 0x64, 0x31, 0x34, 0x30, 0x29, 0x20, 0x75, 0x6e, 0x69, 0x66, 0x6f, 0x72, 0x6d, 0x20, 
0x42, 0x6f, 0x6e, 0x65, 0x73, 0x55, 0x6e, 0x69, 0x66, 0x6f, 0x72, 0x6d, 0x73, 0x0a, 0x00, 0x42, 0x6f, 0x6e, 0x65, 0x44, 
0x61, 0x74, 0x61, 0x20, 0x61, 0x5b, 0x32, 0x35, 0x36, 0x5d, 0x3b, 0x0a, 0x00, 0x7d, 0x20, 0x62, 0x6f, 0x6e, 0x65, 0x73, 
0x55, 0x6e, 0x69, 0x66, 0x6f, 0x72, 0x6d, 0x73, 0x3b, 0x0a, 0x00, 0x6c, 0x61, 0x79, 0x6f, 0x75, 0x74, 0x28, 0x73, 0x74, 
0x64, 0x31, 0x34, 0x30, 0x29, 0x20, 0x75, 0x6e, 0x69, 0x66, 0x6f, 0x72, 0x6d, 0x20, 0x4d, 0x6f, 0x72, 0x70, 0x68, 0x69, 
0x6e, 0x67, 0x55, 0x6e, 0x69, 0x66, 0x6f, 0x72, 0x6d, 0x73, 0x0a, 0x00, 0x7d, 0x20, 0x6d, 0x6f, 0x72, 0x70, 0x68, 0x69, 
0x6e, 0x67, 0x55, 0x6e, 0x69, 0x66, 0x6f, 0x72, 0x6d, 0x73, 0x3b, 0x0a, 0x00, 0x75, 0x6e, 0x69, 0x66, 0x6f, 0x72, 0x6d, 
0x20, 0x43, 0x6f, 0x6e, 0x73, 0x74, 0x61, 0x6e, 0x74, 0x73, 0x20, 0x70, 0x75, 0x73, 0x68, 0x43, 0x6f, 0x6e, 0x73, 0x74, 
0x61, 0x6e, 0x74, 0x73, 0x3b, 0x0a, 0x00, 0x6c, 0x61, 0x79, 0x6f, 0x75, 0x74, 0x28, 0x6c, 0x6f, 0x63, 0x61, 0x74, 0x69, 
0x6f, 0x6e, 0x3d, 0x35, 0x29, 0x20, 0x69, 0x6e, 0x20, 0x75, 0x76, 0x65, 0x63, 0x34, 0x20, 0x6d, 0x65, 0x73, 0x68, 0x5f, 
0x62, 0x6f, 0x6e, 0x65, 0x5f, 0x69, 0x6e, 0x64, 0x69, 0x63, 0x65, 0x73, 0x3b, 0x0a, 0x00, 0x6c, 0x61, 0x79, 0x6f, 0x75, 
0x74, 0x28, 0x6c, 0x6f, 0x63, 0x61, 0x74, 0x69, 0x6f, 0x6e, 0x3d, 0x36, 0x29, 0x20, 0x69, 0x6e, 0x20, 0x76, 0x65, 0x63, 
0x34, 0x20, 0x6d, 0x65, 0x73, 0x68, 0x5f, 0x62, 0x6f, 0x6e, 0x65, 0x5f, 0x77, 0x65, 0x69, 0x67, 0x68, 0x74, 0x73, 0x3b, 
0x0a, 0x00, 0x76, 0x6f, 0x69, 0x64, 0x20, 0x73, 0x6b, 0x69, 0x6e, 0x50, 0x6f, 0x73, 0x69, 0x74, 0x69, 0x6f, 0x6e, 0x28, 
0x69, 0x6e, 0x6f, 0x75, 0x74, 0x20, 0x76, 0x65, 0x63, 0x33, 0x20, 0x70, 0x2c, 0x75, 0x76, 0x65, 0x63, 0x34, 0x20, 0x69, 
0x64, 0x73, 0x2c, 0x76, 0x65, 0x63, 0x34, 0x20, 0x77, 0x65, 0x69, 0x67, 0x68, 0x74, 0x73, 0x29, 0x0a, 0x00, 0x69, 0x66, 
0x20, 0x28, 0x77, 0x65, 0x69, 0x67, 0x68, 0x74, 0x73, 0x2e, 0x77, 0x3e, 0x3d, 0x30, 0x2e, 0x30, 0x29, 0x0a, 0x00, 0x3d, 
0x74, 0x72, 0x61, 0x6e, 0x73, 0x70, 0x6f, 0x73, 0x65, 0x28, 0x62, 0x6f, 0x6e, 0x65, 0x73, 0x55, 0x6e, 0x69, 0x66, 0x6f, 
0x72, 0x6d, 0x73, 0x2e, 0x61, 0x5b, 0x69, 0x64, 0x73, 0x2e, 0x77, 0x5d, 0x2e, 0x74, 0x72, 0x61, 0x6e, 0x73, 0x66, 0x6f, 
0x72, 0x6d, 0x29, 0x3b, 0x0a, 0x00, 0x70, 0x3d, 0x28, 0x28, 0x28, 0x28, 0x28, 0x00, 0x5b, 0x33, 0x5d, 0x29, 0x29, 0x29, 
0x2a, 0x77, 0x65, 0x69, 0x67, 0x68, 0x74, 0x73, 0x2e, 0x7a, 0x29, 0x29, 0x2b, 0x28, 0x28, 0x28, 0x00, 0x5b, 0x33, 0x5d, 
0x29, 0x29, 0x29, 0x2a, 0x77, 0x65, 0x69, 0x67, 0x68, 0x74, 0x73, 0x2e, 0x77, 0x29, 0x3b, 0x0a, 0x00, 0x72, 0x65, 0x74, 
0x75, 0x72, 0x6e, 0x3b, 0x0a, 0x00, 0x3d, 0x75, 0x69, 0x6e, 0x74, 0x28, 0x28, 0x2d, 0x77, 0x65, 0x69, 0x67, 0x68, 0x74, 
0x73, 0x2e, 0x77, 0x29, 0x2d, 0x31, 0x2e, 0x30, 0x29, 0x3b, 0x0a, 0x00, 0x2b, 0x28, 0x69, 0x64, 0x73, 0x2e, 0x77, 0x2d, 
0x33, 0x75, 0x29, 0x3b, 0x0a, 0x00, 0x3d, 0x28, 0x28, 0x28, 0x28, 0x00, 0x5b, 0x33, 0x5d, 0x29, 0x29, 0x29, 0x2a, 0x77, 
0x65, 0x69, 0x67, 0x68, 0x74, 0x73, 0x2e, 0x7a, 0x29, 0x3b, 0x0a, 0x00, 0x66, 0x6f, 0x72, 0x20, 0x28, 0x75, 0x69, 0x6e, 
0x74, 0x20, 0x00, 0x3b, 0x20, 0x00, 0x3c, 0x00, 0x3b, 0x20, 0x29, 0x0a, 0x00, 0x3d, 0x74, 0x65, 0x78, 0x65, 0x6c, 0x46, 
0x65, 0x74, 0x63, 0x68, 0x28, 0x73, 0x61, 0x6d, 0x70, 0x6c, 0x65, 0x72, 0x31, 0x5f, 0x69, 0x6e, 0x64, 0x69, 0x63, 0x65, 
0x73, 0x41, 0x6e, 0x64, 0x57, 0x65, 0x69, 0x67, 0x68, 0x74, 0x73, 0x2c, 0x69, 0x76, 0x65, 0x63, 0x32, 0x28, 0x69, 0x6e, 
0x74, 0x28, 0x00, 0x20, 0x25, 0x20, 0x32, 0x30, 0x34, 0x38, 0x75, 0x29, 0x2c, 0x69, 0x6e, 0x74, 0x28, 0x00, 0x2f, 0x32, 
0x30, 0x34, 0x38, 0x75, 0x29, 0x29, 0x2c, 0x30, 0x29, 0x2e, 0x78, 0x79, 0x3b, 0x0a, 0x00, 0x3d, 0x74, 0x72, 0x61, 0x6e, 
0x73, 0x70, 0x6f, 0x73, 0x65, 0x28, 0x62, 0x6f, 0x6e, 0x65, 0x73, 0x55, 0x6e, 0x69, 0x66, 0x6f, 0x72, 0x6d, 0x73, 0x2e, 
0x61, 0x5b, 0x75, 0x69, 0x6e, 0x74, 0x28, 0x00, 0x2e, 0x78, 0x29, 0x5d, 0x2e, 0x74, 0x72, 0x61, 0x6e, 0x73, 0x66, 0x6f, 
0x72, 0x6d, 0x29, 0x3b, 0x0a, 0x00, 0x20, 0x2b, 0x3d, 0x20, 0x28, 0x28, 0x28, 0x00, 0x5b, 0x33, 0x5d, 0x29, 0x29, 0x29, 
0x2a, 0x00, 0x2b, 0x2b, 0x3b, 0x0a, 0x00, 0x63, 0x6f, 0x6e, 0x74, 0x69, 0x6e, 0x75, 0x65, 0x3b, 0x0a, 0x00, 0x70, 0x3d, 
0x00, 0x3d, 0x28, 0x6f, 0x62, 0x6a, 0x65, 0x63, 0x74, 0x55, 0x6e, 0x69, 0x66, 0x6f, 0x72, 0x6d, 0x73, 0x2e, 0x61, 0x5b, 
0x00, 0x6c, 0x61, 0x79, 0x6f, 0x75, 0x74, 0x28, 0x6c, 0x6f, 0x63, 0x61, 0x74, 0x69, 0x6f, 0x6e, 0x3d, 0x31, 0x30, 0x29, 
0x20, 0x66, 0x6c, 0x61, 0x74, 0x20, 0x6f, 0x75, 0x74, 0x20, 0x69, 0x6e, 0x74, 0x20, 0x69, 0x6e, 0x73, 0x74, 0x61, 0x6e, 
0x63, 0x65, 0x5f, 0x69, 0x6e, 0x64, 0x65, 0x78, 0x3b, 0x0a, 0x00, 0x6c, 0x61, 0x79, 0x6f, 0x75, 0x74, 0x28, 0x6c, 0x6f, 
0x63, 0x61, 0x74, 0x69, 0x6f, 0x6e, 0x3d, 0x30, 0x29, 0x20, 0x6f, 0x75, 0x74, 0x20, 0x76, 0x65, 0x63, 0x34, 0x20, 0x76, 
0x61, 0x72, 0x69, 0x61, 0x62, 0x6c, 0x65, 0x5f, 0x73, 0x63, 0x72, 0x65, 0x65, 0x6e, 0x55, 0x56, 0x3b, 0x0a, 0x00, 0x6c, 
0x61, 0x79, 0x6f, 0x75, 0x74, 0x28, 0x6c, 0x6f, 0x63, 0x61, 0x74, 0x69, 0x6f, 0x6e, 0x3d, 0x39, 0x29, 0x20, 0x6f, 0x75, 
0x74, 0x20, 0x76, 0x65, 0x63, 0x34, 0x20, 0x76, 0x65, 0x72, 0x74, 0x65, 0x78, 0x5f, 0x70, 0x6f, 0x73, 0x69, 0x74, 0x69, 
0x6f, 0x6e, 0x3b, 0x0a, 0x00, 0x6f, 0x75, 0x74, 0x20, 0x76, 0x65, 0x63, 0x34, 0x20, 0x76, 0x65, 0x72, 0x74, 0x65, 0x78, 
0x5f, 0x77, 0x6f, 0x72, 0x6c, 0x64, 0x50, 0x6f, 0x73, 0x69, 0x74, 0x69, 0x6f, 0x6e, 0x3b, 0x0a, 0x00, 0x2e, 0x77, 0x6f, 
0x72, 0x6c, 0x64, 0x50, 0x6f, 0x73, 0x69, 0x74, 0x69, 0x6f, 0x6e, 0x3b, 0x0a, 0x00, 0x6c, 0x61, 0x79, 0x6f, 0x75, 0x74, 
0x28, 0x6c, 0x6f, 0x63, 0x61, 0x74, 0x69, 0x6f, 0x6e, 0x3d, 0x36, 0x29, 0x20, 0x6f, 0x75, 0x74, 0x20, 0x76, 0x65, 0x63, 
0x34, 0x20, 0x76, 0x65, 0x72, 0x74, 0x65, 0x78, 0x5f, 0x77, 0x6f, 0x72, 0x6c, 0x64, 0x50, 0x6f, 0x73, 0x69, 0x74, 0x69, 
0x6f, 0x6e, 0x3b, 0x0a, 0x00, 0x23, 0x65, 0x78, 0x74, 0x65, 0x6e, 0x73, 0x69, 0x6f, 0x6e, 0x20, 0x47, 0x4c, 0x5f, 0x45, 
0x58, 0x54, 0x5f, 0x63, 0x6c, 0x69, 0x70, 0x5f, 0x63, 0x75, 0x6c, 0x6c, 0x5f, 0x64, 0x69, 0x73, 0x74, 0x61, 0x6e, 0x63, 
0x65, 0x20, 0x3a, 0x20, 0x72, 0x65, 0x71, 0x75, 0x69, 0x72, 0x65, 0x0a, 0x00, 0x69, 0x6e, 0x73, 0x74, 0x61, 0x6e, 0x63, 
0x65, 0x5f, 0x69, 0x6e, 0x64, 0x65, 0x78, 0x20, 0x2f, 0x3d, 0x20, 0x43, 0x4f, 0x4e, 0x46, 0x49, 0x47, 0x5f, 0x53, 0x54, 
0x45, 0x52, 0x45, 0x4f, 0x5f, 0x45, 0x59, 0x45, 0x5f, 0x43, 0x4f, 0x55, 0x4e, 0x54, 0x3b, 0x0a, 0x00, 0x6d, 0x65, 0x64, 
0x69, 0x75, 0x6d, 0x70, 0x20, 0x76, 0x65, 0x63, 0x34, 0x20, 0x61, 0x5b, 0x32, 0x35, 0x36, 0x5d, 0x3b, 0x0a, 0x00, 0x75, 
0x6e, 0x69, 0x66, 0x6f, 0x72, 0x6d, 0x20, 0x68, 0x69, 0x67, 0x68, 0x70, 0x20, 0x73, 0x61, 0x6d, 0x70, 0x6c, 0x65, 0x72, 
0x32, 0x44, 0x20, 0x73, 0x61, 0x6d, 0x70, 0x6c, 0x65, 0x72, 0x31, 0x5f, 0x69, 0x6e, 0x64, 0x69, 0x63, 0x65, 0x73, 0x41, 
0x6e, 0x64, 0x57, 0x65, 0x69, 0x67, 0x68, 0x74, 0x73, 0x3b, 0x0a, 0x00, 0x75, 0x6e, 0x69, 0x66, 0x6f, 0x72, 0x6d, 0x20, 
0x68, 0x69, 0x67, 0x68, 0x70, 0x20, 0x73, 0x61, 0x6d, 0x70, 0x6c, 0x65, 0x72, 0x32, 0x44, 0x41, 0x72, 0x72, 0x61, 0x79, 
0x20, 0x73, 0x61, 0x6d, 0x70, 0x6c, 0x65, 0x72, 0x31, 0x5f, 0x70, 0x6f, 0x73, 0x69, 0x74, 0x69, 0x6f, 0x6e, 0x73, 0x3b, 
0x0a, 0x00, 0x3d, 0x28, 0x6f, 0x62, 0x6a, 0x65, 0x63, 0x74, 0x55, 0x6e, 0x69, 0x66, 0x6f, 0x72, 0x6d, 0x73, 0x2e, 0x61, 
0x5b, 0x69, 0x6e, 0x73, 0x74, 0x61, 0x6e, 0x63, 0x65, 0x5f, 0x69, 0x6e, 0x64, 0x65, 0x78, 0x5d, 0x2e, 0x66, 0x6c, 0x61, 
0x67, 0x73, 0x43, 0x68, 0x61, 0x6e, 0x6e, 0x65, 0x6c, 0x73, 0x20, 0x26, 0x20, 0x35, 0x31, 0x32, 0x29, 0x21, 0x3d, 0x30, 
0x3b, 0x0a, 0x00, 0x3d, 0x28, 0x6f, 0x62, 0x6a, 0x65, 0x63, 0x74, 0x55, 0x6e, 0x69, 0x66, 0x6f, 0x72, 0x6d, 0x73, 0x2e, 
0x61, 0x5b, 0x69, 0x6e, 0x73, 0x74, 0x61, 0x6e, 0x63, 0x65, 0x5f, 0x69, 0x6e, 0x64, 0x65, 0x78, 0x5d, 0x2e, 0x66, 0x6c, 
0x61, 0x67, 0x73, 0x43, 0x68, 0x61, 0x6e, 0x6e, 0x65, 0x6c, 0x73, 0x20, 0x26, 0x20, 0x32, 0x35, 0x36, 0x29, 0x21, 0x3d, 
0x30, 0x3b, 0x0a, 0x00, 0x3d, 0x69, 0x6e, 0x73, 0x74, 0x61, 0x6e, 0x63, 0x65, 0x5f, 0x69, 0x6e, 0x64, 0x65, 0x78, 0x2f, 
0x43, 0x4f, 0x4e, 0x46, 0x49, 0x47, 0x5f, 0x53, 0x54, 0x45, 0x52, 0x45, 0x4f, 0x5f, 0x45, 0x59, 0x45, 0x5f, 0x43, 0x4f, 
0x55, 0x4e, 0x54, 0x3b, 0x0a, 0x00, 0x5d, 0x2e, 0x66, 0x6c, 0x61, 0x67, 0x73, 0x43, 0x68, 0x61, 0x6e, 0x6e, 0x65, 0x6c, 
0x73, 0x20, 0x26, 0x20, 0x35, 0x31, 0x32, 0x29, 0x21, 0x3d, 0x30, 0x3b, 0x0a, 0x00, 0x5d, 0x2e, 0x66, 0x6c, 0x61, 0x67, 
0x73, 0x43, 0x68, 0x61, 0x6e, 0x6e, 0x65, 0x6c, 0x73, 0x20, 0x26, 0x20, 0x32, 0x35, 0x36, 0x29, 0x21, 0x3d, 0x30, 0x3b, 
0x0a, 0x00, 0x69, 0x6e, 0x73, 0x74, 0x61, 0x6e, 0x63, 0x65, 0x5f, 0x69, 0x6e, 0x64, 0x65, 0x78, 0x3d, 0x00, 0x76, 0x65, 
0x63, 0x34, 0x20, 0x61, 0x5b, 0x32, 0x35, 0x36, 0x5d, 0x3b, 0x0a, 0x00, 0x75, 0x6e, 0x69, 0x66, 0x6f, 0x72, 0x6d, 0x20, 
0x73, 0x61, 0x6d, 0x70, 0x6c, 0x65, 0x72, 0x32, 0x44, 0x20, 0x73, 0x61, 0x6d, 0x70, 0x6c, 0x65, 0x72, 0x31, 0x5f, 0x69, 
0x6e, 0x64, 0x69, 0x63, 0x65, 0x73, 0x41, 0x6e, 0x64, 0x57, 0x65, 0x69, 0x67, 0x68, 0x74, 0x73, 0x3b, 0x0a, 0x00, 0x75, 
0x6e, 0x69, 0x66, 0x6f, 0x72, 0x6d, 0x20, 0x73, 0x61, 0x6d, 0x70, 0x6c, 0x65, 0x72, 0x32, 0x44, 0x41, 0x72, 0x72, 0x61, 
0x79, 0x20, 0x73, 0x61, 0x6d, 0x70, 0x6c, 0x65, 0x72, 0x31, 0x5f, 0x70, 0x6f, 0x73, 0x69, 0x74, 0x69, 0x6f, 0x6e, 0x73, 
0x3b, 0x0a, 0x00, 0x63, 0x65, 0x6e, 0x74, 0x72, 0x6f, 0x69, 0x64, 0x20, 0x6f, 0x75, 0x74, 0x20, 0x76, 0x65, 0x63, 0x34, 
0x20, 0x76, 0x65, 0x72, 0x74, 0x65, 0x78, 0x5f, 0x77, 0x6f, 0x72, 0x6c, 0x64, 0x50, 0x6f, 0x73, 0x69, 0x74, 0x69, 0x6f, 
0x6e, 0x3b, 0x0a, 0x00, 0x76, 0x65, 0x72, 0x74, 0x65, 0x78, 0x5f, 0x77, 0x6f, 0x72, 0x6c, 0x64, 0x50, 0x6f, 0x73, 0x69, 
0x74, 0x69, 0x6f, 0x6e, 0x2e, 0x77, 0x3d, 0x28, 0x28, 0x28, 0x28, 0x2d, 0x28, 0x66, 0x72, 0x61, 0x6d, 0x65, 0x55, 0x6e, 
0x69, 0x66, 0x6f, 0x72, 0x6d, 0x73, 0x2e, 0x61, 0x2a, 0x00, 0x29, 0x2e, 0x7a, 0x29, 0x2a, 0x66, 0x72, 0x61, 0x6d, 0x65, 
0x55, 0x6e, 0x69, 0x66, 0x6f, 0x72, 0x6d, 0x73, 0x2e, 0x75, 0x29, 0x2d, 0x66, 0x72, 0x61, 0x6d, 0x65, 0x55, 0x6e, 0x69, 
0x66, 0x6f, 0x72, 0x6d, 0x73, 0x2e, 0x76, 0x29, 0x2a, 0x32, 0x2e, 0x30, 0x29, 0x2d, 0x31, 0x2e, 0x30, 0x3b, 0x0a, 0x00, 
0x76, 0x65, 0x72, 0x74, 0x65, 0x78, 0x5f, 0x77, 0x6f, 0x72, 0x6c, 0x64, 0x50, 0x6f, 0x73, 0x69, 0x74, 0x69, 0x6f, 0x6e, 
0x2e, 0x77, 0x3d, 0x28, 0x28, 0x28, 0x28, 0x2d, 0x28, 0x66, 0x72, 0x61, 0x6d, 0x65, 0x55, 0x6e, 0x69, 0x66, 0x6f, 0x72, 
0x6d, 0x73, 0x2e, 0x61, 0x2a, 0x4d, 0x61, 0x74, 0x65, 0x72, 0x69, 0x61, 0x6c, 0x56, 0x65, 0x72, 0x74, 0x65, 0x78, 0x49, 
0x6e, 0x70, 0x75, 0x74, 0x73, 0x28, 0x00, 0x29, 0x2e, 0x77, 0x6f, 0x72, 0x6c, 0x64, 0x50, 0x6f, 0x73, 0x69, 0x74, 0x69, 
0x6f, 0x6e, 0x29, 0x2e, 0x7a, 0x29, 0x2a, 0x66, 0x72, 0x61, 0x6d, 0x65, 0x55, 0x6e, 0x69, 0x66, 0x6f, 0x72, 0x6d, 0x73, 
0x2e, 0x75, 0x29, 0x2d, 0x66, 0x72, 0x61, 0x6d, 0x65, 0x55, 0x6e, 0x69, 0x66, 0x6f, 0x72, 0x6d, 0x73, 0x2e, 0x76, 0x29, 
0x2a, 0x32, 0x2e, 0x30, 0x29, 0x2d, 0x31, 0x2e, 0x30, 0x3b, 0x0a, 0x00, 0x6c, 0x61, 0x79, 0x6f, 0x75, 0x74, 0x28, 0x6c, 
0x6f, 0x63, 0x61, 0x74, 0x69, 0x6f, 0x6e, 0x3d, 0x36, 0x29, 0x20, 0x63, 0x65, 0x6e, 0x74, 0x72, 0x6f, 0x69, 0x64, 0x20, 
0x6f, 0x75, 0x74, 0x20, 0x76, 0x65, 0x63, 0x34, 0x20, 0x76, 0x65, 0x72, 0x74, 0x65, 0x78, 0x5f, 0x77, 0x6f, 0x72, 0x6c, 
0x64, 0x50, 0x6f, 0x73, 0x69, 0x74, 0x69, 0x6f, 0x6e, 0x3b, 0x0a, 0x00, 0x29, 0x2c, 0x66, 0x72, 0x61, 0x6d, 0x65, 0x55, 
0x6e, 0x69, 0x66, 0x6f, 0x72, 0x6d, 0x73, 0x2e, 0x72, 0x29, 0x3b, 0x0a, 0x00, 0x6d, 0x70, 0x5f, 0x63, 0x6f, 0x70, 0x79, 
0x00, 0x3d, 0x74, 0x65, 0x78, 0x74, 0x75, 0x72, 0x65, 0x28, 0x6d, 0x61, 0x74, 0x65, 0x72, 0x69, 0x61, 0x6c, 0x50, 0x61, 
0x72, 0x61, 0x6d, 0x73, 0x5f, 0x73, 0x69, 0x6c, 0x68, 0x6f, 0x75, 0x65, 0x74, 0x74, 0x65, 0x2c, 0x00, 0x2b, 0x76, 0x65, 
0x63, 0x32, 0x28, 0x00, 0x3d, 0x74, 0x65, 0x78, 0x74, 0x75, 0x72, 0x65, 0x28, 0x6d, 0x61, 0x74, 0x65, 0x72, 0x69, 0x61, 
0x6c, 0x50, 0x61, 0x72, 0x61, 0x6d, 0x73, 0x5f, 0x73, 0x69, 0x6c, 0x68, 0x6f, 0x75, 0x65, 0x74, 0x74, 0x65, 0x2c, 0x76, 
0x61, 0x72, 0x69, 0x61, 0x62, 0x6c, 0x65, 0x5f, 0x73, 0x63, 0x72, 0x65, 0x65, 0x6e, 0x55, 0x56, 0x2e, 0x78, 0x79, 0x2b, 
0x76, 0x65, 0x63, 0x32, 0x28, 0x00, 0x29, 0x2e, 0x62, 0x61, 0x73, 0x65, 0x43, 0x6f, 0x6c, 0x6f, 0x72, 0x3b, 0x0a, 0x00, 
0x3d, 0x2d, 0x00, 0x2c, 0x30, 0x2e, 0x30, 0x29, 0x2c, 0x66, 0x72, 0x61, 0x6d, 0x65, 0x55, 0x6e, 0x69, 0x66, 0x6f, 0x72, 
0x6d, 0x73, 0x2e, 0x72, 0x29, 0x3b, 0x0a, 0x00, 0x29, 0x2c, 0x6d, 0x61, 0x78, 0x28, 0x00, 0x29, 0x2c, 0x6d, 0x69, 0x6e, 
0x28, 0x00, 0x68, 0x69, 0x67, 0x68, 0x70, 0x20, 0x66, 0x6c, 0x6f, 0x61, 0x74, 0x20, 0x00, 0x6c, 0x61, 0x79, 0x6f, 0x75, 
0x74, 0x28, 0x6c, 0x6f, 0x63, 0x61, 0x74, 0x69, 0x6f, 0x6e, 0x3d, 0x30, 0x29, 0x20, 0x6f, 0x75, 0x74, 0x20, 0x76, 0x65, 
0x63, 0x34, 0x20, 0x66, 0x72, 0x61, 0x67, 0x43, 0x6f, 0x6c, 0x6f, 0x72, 0x3b, 0x0a, 0x00, 0x68, 0x69, 0x67, 0x68, 0x70, 
0x20, 0x76, 0x65, 0x63, 0x32, 0x20, 0x00, 0x29, 0x29, 0x29, 0x3b, 0x0a, 0x00, 0x70, 0x72, 0x65, 0x63, 0x69, 0x73, 0x69, 
0x6f, 0x6e, 0x20, 0x6d, 0x65, 0x64, 0x69, 0x75, 0x6d, 0x70, 0x20, 0x66, 0x6c, 0x6f, 0x61, 0x74, 0x3b, 0x0a, 0x00, 0x70, 
0x72, 0x65, 0x63, 0x69, 0x73, 0x69, 0x6f, 0x6e, 0x20, 0x6d, 0x65, 0x64, 0x69, 0x75, 0x6d, 0x70, 0x20, 0x69, 0x6e, 0x74, 
0x3b, 0x0a, 0x00, 0x73, 0x74, 0x72, 0x75, 0x63, 0x74, 0x20, 0x4d, 0x61, 0x74, 0x65, 0x72, 0x69, 0x61, 0x6c, 0x49, 0x6e, 
0x70, 0x75, 0x74, 0x73, 0x0a, 0x00, 0x76, 0x65, 0x63, 0x34, 0x20, 0x62, 0x61, 0x73, 0x65, 0x43, 0x6f, 0x6c, 0x6f, 0x72, 
0x3b, 0x0a, 0x00, 0x76, 0x65, 0x63, 0x34, 0x20, 0x65, 0x6d, 0x69, 0x73, 0x73, 0x69, 0x76, 0x65, 0x3b, 0x0a, 0x00, 0x66, 
0x6c, 0x6f, 0x61, 0x74, 0x20, 0x63, 0x6c, 0x65, 0x61, 0x72, 0x43, 0x6f, 0x61, 0x74, 0x3b, 0x0a, 0x00, 0x66, 0x6c, 0x6f, 
0x61, 0x74, 0x20, 0x63, 0x6c, 0x65, 0x61, 0x72, 0x43, 0x6f, 0x61, 0x74, 0x52, 0x6f, 0x75, 0x67, 0x68, 0x6e, 0x65, 0x73, 
0x73, 0x3b, 0x0a, 0x00, 0x66, 0x6c, 0x6f, 0x61, 0x74, 0x20, 0x61, 0x6e, 0x69, 0x73, 0x6f, 0x74, 0x72, 0x6f, 0x70, 0x79, 
0x3b, 0x0a, 0x00, 0x76, 0x65, 0x63, 0x33, 0x20, 0x61, 0x6e, 0x69, 0x73, 0x6f, 0x74, 0x72, 0x6f, 0x70, 0x79, 0x44, 0x69, 
0x72, 0x65, 0x63, 0x74, 0x69, 0x6f, 0x6e, 0x3b, 0x0a, 0x00, 0x6c, 0x61, 0x79, 0x6f, 0x75, 0x74, 0x28, 0x73, 0x74, 0x64, 
0x31, 0x34, 0x30, 0x29, 0x20, 0x75, 0x6e, 0x69, 0x66, 0x6f, 0x72, 0x6d, 0x20, 0x4d, 0x61, 0x74, 0x65, 0x72, 0x69, 0x61, 
0x6c, 0x50, 0x61, 0x72, 0x61, 0x6d, 0x73, 0x0a, 0x00, 0x76, 0x65, 0x63, 0x32, 0x20, 0x61, 0x3b, 0x0a, 0x00, 0x76, 0x65, 
0x63, 0x33, 0x20, 0x62, 0x3b, 0x0a, 0x00, 0x66, 0x6c, 0x6f, 0x61, 0x74, 0x20, 0x63, 0x3b, 0x0a, 0x00, 0x69, 0x6e, 0x74, 
0x20, 0x64, 0x3b, 0x0a, 0x00, 0x7d, 0x20, 0x6d, 0x61, 0x74, 0x65, 0x72, 0x69, 0x61, 0x6c, 0x50, 0x61, 0x72, 0x61, 0x6d, 
0x73, 0x3b, 0x0a, 0x00, 0x3d, 0x4d, 0x61, 0x74, 0x65, 0x72, 0x69, 0x61, 0x6c, 0x49, 0x6e, 0x70, 0x75, 0x74, 0x73, 0x28, 
0x76, 0x65, 0x63, 0x34, 0x28, 0x31, 0x2e, 0x30, 0x29, 0x2c, 0x76, 0x65, 0x63, 0x34, 0x28, 0x30, 0x2e, 0x30, 0x2c, 0x30, 
0x2e, 0x30, 0x2c, 0x30, 0x2e, 0x30, 0x2c, 0x31, 0x2e, 0x30, 0x29, 0x2c, 0x00, 0x3d, 0x6d, 0x61, 0x74, 0x65, 0x72, 0x69, 
0x61, 0x6c, 0x50, 0x61, 0x72, 0x61, 0x6d, 0x73, 0x2e, 0x61, 0x2a, 0x6d, 0x61, 0x74, 0x65, 0x72, 0x69, 0x61, 0x6c, 0x50, 
0x61, 0x72, 0x61, 0x6d, 0x73, 0x2e, 0x63, 0x3b, 0x0a, 0x00, 0x2b, 0x76, 0x65, 0x63, 0x32, 0x28, 0x30, 0x2e, 0x30, 0x2c, 
0x00, 0x3d, 0x6d, 0x61, 0x78, 0x28, 0x6d, 0x61, 0x78, 0x28, 0x6d, 0x61, 0x78, 0x28, 0x00, 0x29, 0x29, 0x2c, 0x6d, 0x61, 
0x78, 0x28, 0x6d, 0x61, 0x78, 0x28, 0x00, 0x69, 0x66, 0x20, 0x28, 0x6d, 0x61, 0x74, 0x65, 0x72, 0x69, 0x61, 0x6c, 0x50, 
0x61, 0x72, 0x61, 0x6d, 0x73, 0x2e, 0x64, 0x3d, 0x3d, 0x31, 0x29, 0x0a, 0x00, 0x2e, 0x78, 0x3d, 0x6d, 0x61, 0x74, 0x65, 
0x72, 0x69, 0x61, 0x6c, 0x50, 0x61, 0x72, 0x61, 0x6d, 0x73, 0x2e, 0x62, 0x2e, 0x78, 0x3b, 0x0a, 0x00, 0x2e, 0x79, 0x3d, 
0x6d, 0x61, 0x74, 0x65, 0x72, 0x69, 0x61, 0x6c, 0x50, 0x61, 0x72, 0x61, 0x6d, 0x73, 0x2e, 0x62, 0x2e, 0x79, 0x3b, 0x0a, 
0x00, 0x2e, 0x7a, 0x3d, 0x6d, 0x61, 0x74, 0x65, 0x72, 0x69, 0x61, 0x6c, 0x50, 0x61, 0x72, 0x61, 0x6d, 0x73, 0x2e, 0x62, 
0x2e, 0x7a, 0x3b, 0x0a, 0x00, 0x2e, 0x77, 0x3d, 0x6d, 0x61, 0x78, 0x28, 0x28, 0x31, 0x2e, 0x30, 0x2d, 0x00, 0x2a, 0x28, 
0x31, 0x2e, 0x30, 0x2d, 0x6d, 0x69, 0x6e, 0x28, 0x6d, 0x69, 0x6e, 0x28, 0x6d, 0x69, 0x6e, 0x28, 0x00, 0x29, 0x29, 0x2c, 
0x6d, 0x69, 0x6e, 0x28, 0x6d, 0x69, 0x6e, 0x28, 0x00, 0x29, 0x29, 0x29, 0x29, 0x29, 0x3b, 0x0a, 0x00, 0x29, 0x29, 0x3b, 
0x0a, 0x00, 0x2e, 0x77, 0x3d, 0x31, 0x2e, 0x30, 0x3b, 0x0a, 0x00, 0x66, 0x72, 0x61, 0x67, 0x43, 0x6f, 0x6c, 0x6f, 0x72, 
0x3d, 0x4d, 0x61, 0x74, 0x65, 0x72, 0x69, 0x61, 0x6c, 0x49, 0x6e, 0x70, 0x75, 0x74, 0x73, 0x28, 0x4d, 0x61, 0x74, 0x65, 
0x72, 0x69, 0x61, 0x6c, 0x49, 0x6e, 0x70, 0x75, 0x74, 0x73, 0x28, 0x00, 0x29, 0x2e, 0x62, 0x61, 0x73, 0x65, 0x43, 0x6f, 
0x6c, 0x6f, 0x72, 0x2c, 0x00, 0x2a, 0x00, 0x3d, 0x74, 0x65, 0x78, 0x74, 0x75, 0x72, 0x65, 0x28, 0x6d, 0x61, 0x74, 0x65, 
0x72, 0x69, 0x61, 0x6c, 0x50, 0x61, 0x72, 0x61, 0x6d, 0x73, 0x5f, 0x73, 0x69, 0x6c, 0x68, 0x6f, 0x75, 0x65, 0x74, 0x74, 
0x65, 0x2c, 0x76, 0x61, 0x72, 0x69, 0x61, 0x62, 0x6c, 0x65, 0x5f, 0x73, 0x63, 0x72, 0x65, 0x65, 0x6e, 0x55, 0x56, 0x2e, 
0x78, 0x79, 0x2b, 0x76, 0x65, 0x63, 0x32, 0x28, 0x30, 0x2e, 0x30, 0x2c, 0x00, 0x68, 0x69, 0x67, 0x68, 0x70, 0x20, 0x6d, 
0x61, 0x74, 0x34, 0x20, 0x61, 0x3b, 0x0a, 0x00, 0x68, 0x69, 0x67, 0x68, 0x70, 0x20, 0x6d, 0x61, 0x74, 0x34, 0x20, 0x62, 
0x3b, 0x0a, 0x00, 0x68, 0x69, 0x67, 0x68, 0x70, 0x20, 0x6d, 0x61, 0x74, 0x34, 0x20, 0x63, 0x3b, 0x0a, 0x00, 0x68, 0x69, 
0x67, 0x68, 0x70, 0x20, 0x6d, 0x61, 0x74, 0x34, 0x20, 0x64, 0x3b, 0x0a, 0x00, 0x68, 0x69, 0x67, 0x68, 0x70, 0x20, 0x6d, 
0x61, 0x74, 0x34, 0x20, 0x65, 0x5b, 0x34, 0x5d, 0x3b, 0x0a, 0x00, 0x68, 0x69, 0x67, 0x68, 0x70, 0x20, 0x6d, 0x61, 0x74, 
0x34, 0x20, 0x66, 0x5b, 0x34, 0x5d, 0x3b, 0x0a, 0x00, 0x68, 0x69, 0x67, 0x68, 0x70, 0x20, 0x6d, 0x61, 0x74, 0x34, 0x20, 
0x67, 0x3b, 0x0a, 0x00, 0x68, 0x69, 0x67, 0x68, 0x70, 0x20, 0x6d, 0x61, 0x74, 0x33, 0x20, 0x68, 0x3b, 0x0a, 0x00, 0x68, 
0x69, 0x67, 0x68, 0x70, 0x20, 0x6d, 0x61, 0x74, 0x34, 0x20, 0x69, 0x3b, 0x0a, 0x00, 0x68, 0x69, 0x67, 0x68, 0x70, 0x20, 
0x76, 0x65, 0x63, 0x34, 0x20, 0x6a, 0x3b, 0x0a, 0x00, 0x68, 0x69, 0x67, 0x68, 0x70, 0x20, 0x76, 0x65, 0x63, 0x32, 0x20, 
0x6b, 0x3b, 0x0a, 0x00, 0x68, 0x69, 0x67, 0x68, 0x70, 0x20, 0x66, 0x6c, 0x6f, 0x61, 0x74, 0x20, 0x6c, 0x3b, 0x0a, 0x00, 
0x68, 0x69, 0x67, 0x68, 0x70, 0x20, 0x66, 0x6c, 0x6f, 0x61, 0x74, 0x20, 0x6d, 0x3b, 0x0a, 0x00, 0x68, 0x69, 0x67, 0x68, 
0x70, 0x20, 0x76, 0x65, 0x63, 0x34, 0x20, 0x6e, 0x3b, 0x0a, 0x00, 0x68, 0x69, 0x67, 0x68, 0x70, 0x20, 0x76, 0x65, 0x63, 
0x34, 0x20, 0x6f, 0x3b, 0x0a, 0x00, 0x68, 0x69, 0x67, 0x68, 0x70, 0x20, 0x76, 0x65, 0x63, 0x32, 0x20, 0x70, 0x3b, 0x0a, 
0x00, 0x68, 0x69, 0x67, 0x68, 0x70, 0x20, 0x76, 0x65, 0x63, 0x32, 0x20, 0x71, 0x3b, 0x0a, 0x00, 0x68, 0x69, 0x67, 0x68, 
0x70, 0x20, 0x66, 0x6c, 0x6f, 0x61, 0x74, 0x20, 0x75, 0x3b, 0x0a, 0x00, 0x68, 0x69, 0x67, 0x68, 0x70, 0x20, 0x66, 0x6c, 
0x6f, 0x61, 0x74, 0x20, 0x76, 0x3b, 0x0a, 0x00, 0x68, 0x69, 0x67, 0x68, 0x70, 0x20, 0x66, 0x6c, 0x6f, 0x61, 0x74, 0x20, 
0x77, 0x3b, 0x0a, 0x00, 0x68, 0x69, 0x67, 0x68, 0x70, 0x20, 0x66, 0x6c, 0x6f, 0x61, 0x74, 0x20, 0x78, 0x3b, 0x0a, 0x00, 
0x68, 0x69, 0x67, 0x68, 0x70, 0x20, 0x76, 0x65, 0x63, 0x33, 0x20, 0x6e, 0x7a, 0x3b, 0x0a, 0x00, 0x68, 0x69, 0x67, 0x68, 
0x70, 0x20, 0x76, 0x65, 0x63, 0x32, 0x20, 0x72, 0x7a, 0x3b, 0x0a, 0x00, 0x68, 0x69, 0x67, 0x68, 0x70, 0x20, 0x76, 0x65, 
0x63, 0x32, 0x20, 0x75, 0x7a, 0x3b, 0x0a, 0x00, 0x68, 0x69, 0x67, 0x68, 0x70, 0x20, 0x76, 0x65, 0x63, 0x34, 0x20, 0x78, 
0x7a, 0x3b, 0x0a, 0x00, 0x68, 0x69, 0x67, 0x68, 0x70, 0x20, 0x76, 0x65, 0x63, 0x32, 0x20, 0x61, 0x7a, 0x7a, 0x3b, 0x0a, 
0x00, 0x68, 0x69, 0x67, 0x68, 0x70, 0x20, 0x66, 0x6c, 0x6f, 0x61, 0x74, 0x20, 0x63, 0x7a, 0x7a, 0x3b, 0x0a, 0x00, 0x68, 
0x69, 0x67, 0x68, 0x70, 0x20, 0x76, 0x65, 0x63, 0x33, 0x20, 0x66, 0x7a, 0x7a, 0x3b, 0x0a, 0x00, 0x68, 0x69, 0x67, 0x68, 
0x70, 0x20, 0x66, 0x6c, 0x6f, 0x61, 0x74, 0x20, 0x67, 0x7a, 0x7a, 0x3b, 0x0a, 0x00, 0x68, 0x69, 0x67, 0x68, 0x70, 0x20, 
0x75, 0x69, 0x6e, 0x74, 0x20, 0x69, 0x7a, 0x7a, 0x3b, 0x0a, 0x00, 0x68, 0x69, 0x67, 0x68, 0x70, 0x20, 0x66, 0x6c, 0x6f, 
0x61, 0x74, 0x20, 0x6a, 0x7a, 0x7a, 0x3b, 0x0a, 0x00, 0x68, 0x69, 0x67, 0x68, 0x70, 0x20, 0x66, 0x6c, 0x6f, 0x61, 0x74, 
0x20, 0x6b, 0x7a, 0x7a, 0x3b, 0x0a, 0x00, 0x68, 0x69, 0x67, 0x68, 0x70, 0x20, 0x66, 0x6c, 0x6f, 0x61, 0x74, 0x20, 0x6e, 
0x7a, 0x7a, 0x3b, 0x0a, 0x00, 0x68, 0x69, 0x67, 0x68, 0x70, 0x20, 0x66, 0x6c, 0x6f, 0x61, 0x74, 0x20, 0x70, 0x7a, 0x7a, 
0x3b, 0x0a, 0x00, 0x68, 0x69, 0x67, 0x68, 0x70, 0x20, 0x66, 0x6c, 0x6f, 0x61, 0x74, 0x20, 0x71, 0x7a, 0x7a, 0x3b, 0x0a, 
0x00, 0x68, 0x69, 0x67, 0x68, 0x70, 0x20, 0x6d, 0x61, 0x74, 0x33, 0x20, 0x72, 0x7a, 0x7a, 0x3b, 0x0a, 0x00, 0x68, 0x69, 
0x67, 0x68, 0x70, 0x20, 0x76, 0x65, 0x63, 0x32, 0x20, 0x73, 0x7a, 0x7a, 0x3b, 0x0a, 0x00, 0x68, 0x69, 0x67, 0x68, 0x70, 
0x20, 0x76, 0x65, 0x63, 0x32, 0x20, 0x74, 0x7a, 0x7a, 0x3b, 0x0a, 0x00, 0x68, 0x69, 0x67, 0x68, 0x70, 0x20, 0x6d, 0x61, 
0x74, 0x34, 0x20, 0x75, 0x7a, 0x7a, 0x3b, 0x0a, 0x00, 0x68, 0x69, 0x67, 0x68, 0x70, 0x20, 0x6d, 0x61, 0x74, 0x34, 0x20, 
0x76, 0x7a, 0x7a, 0x3b, 0x0a, 0x00, 0x68, 0x69, 0x67, 0x68, 0x70, 0x20, 0x76, 0x65, 0x63, 0x34, 0x20, 0x61, 0x7a, 0x7a, 
0x7a, 0x5b, 0x34, 0x5d, 0x3b, 0x0a, 0x00, 0x68, 0x69, 0x67, 0x68, 0x70, 0x20, 0x76, 0x65, 0x63, 0x34, 0x20, 0x66, 0x7a, 
0x7a, 0x7a, 0x5b, 0x34, 0x5d, 0x3b, 0x0a, 0x00, 0x72, 0x65, 0x74, 0x75, 0x72, 0x6e, 0x20, 0x76, 0x65, 0x63, 0x34, 0x28, 
0x30, 0x2e, 0x30, 0x29, 0x3b, 0x0a, 0x00, 0x2a, 0x6d, 0x61, 0x78, 0x28, 0x00, 0x2e, 0x79, 0x2c, 0x00, 0x2e, 0x78, 0x2c, 
0x00, 0x75, 0x6e, 0x69, 0x66, 0x6f, 0x72, 0x6d, 0x20, 0x6d, 0x65, 0x64, 0x69, 0x75, 0x6d, 0x70, 0x20, 0x73, 0x61, 0x6d, 
0x70, 0x6c, 0x65, 0x72, 0x32, 0x44, 0x20, 0x6d, 0x61, 0x74, 0x65, 0x72, 0x69, 0x61, 0x6c, 0x50, 0x61, 0x72, 0x61, 0x6d, 
0x73, 0x5f, 0x73, 0x69, 0x6c, 0x68, 0x6f, 0x75, 0x65, 0x74, 0x74, 0x65, 0x3b, 0x0a, 0x00, 0x75, 0x6e, 0x69, 0x66, 0x6f, 
0x72, 0x6d, 0x20, 0x6d, 0x65, 0x64, 0x69, 0x75, 0x6d, 0x70, 0x20, 0x73, 0x61, 0x6d, 0x70, 0x6c, 0x65, 0x72, 0x32, 0x44, 
0x20, 0x6d, 0x61, 0x74, 0x65, 0x72, 0x69, 0x61, 0x6c, 0x50, 0x61, 0x72, 0x61, 0x6d, 0x73, 0x5f, 0x6d, 0x61, 0x69, 0x6e, 
0x53, 0x63, 0x65, 0x6e, 0x65, 0x3b, 0x0a, 0x00, 0x69, 0x6e, 0x20, 0x68, 0x69, 0x67, 0x68, 0x70, 0x20, 0x76, 0x65, 0x63, 
0x34, 0x20, 0x76, 0x61, 0x72, 0x69, 0x61, 0x62, 0x6c, 0x65, 0x5f, 0x73, 0x63, 0x72, 0x65, 0x65, 0x6e, 0x55, 0x56, 0x3b, 
0x0a, 0x00, 0x68, 0x69, 0x67, 0x68, 0x70, 0x20, 0x76, 0x65, 0x63, 0x34, 0x20, 0x00, 0x3d, 0x76, 0x61, 0x72, 0x69, 0x61, 
0x62, 0x6c, 0x65, 0x5f, 0x73, 0x63, 0x72, 0x65, 0x65, 0x6e, 0x55, 0x56, 0x2e, 0x78, 0x79, 0x3b, 0x0a, 0x00, 0x2c, 0x66, 
0x72, 0x61, 0x6d, 0x65, 0x55, 0x6e, 0x69, 0x66, 0x6f, 0x72, 0x6d, 0x73, 0x2e, 0x72, 0x29, 0x3b, 0x0a, 0x00, 0x3d, 0x6d, 
0x69, 0x78, 0x28, 0x74, 0x65, 0x78, 0x74, 0x75, 0x72, 0x65, 0x28, 0x6d, 0x61, 0x74, 0x65, 0x72, 0x69, 0x61, 0x6c, 0x50, 
0x61, 0x72, 0x61, 0x6d, 0x73, 0x5f, 0x6d, 0x61, 0x69, 0x6e, 0x53, 0x63, 0x65, 0x6e, 0x65, 0x2c, 0x00, 0x2c, 0x66, 0x72, 
0x61, 0x6d, 0x65, 0x55, 0x6e, 0x69, 0x66, 0x6f, 0x72, 0x6d, 0x73, 0x2e, 0x72, 0x29, 0x2e, 0x78, 0x79, 0x7a, 0x2c, 0x6d, 
0x61, 0x74, 0x65, 0x72, 0x69, 0x61, 0x6c, 0x50, 0x61, 0x72, 0x61, 0x6d, 0x73, 0x2e, 0x62, 0x2c, 0x76, 0x65, 0x63, 0x33, 
0x28, 0x28, 0x31, 0x2e, 0x30, 0x2d, 0x00, 0x75, 0x6e, 0x69, 0x66, 0x6f, 0x72, 0x6d, 0x20, 0x73, 0x61, 0x6d, 0x70, 0x6c, 
0x65, 0x72, 0x32, 0x44, 0x20, 0x6d, 0x61, 0x74, 0x65, 0x72, 0x69, 0x61, 0x6c, 0x50, 0x61, 0x72, 0x61, 0x6d, 0x73, 0x5f, 
0x73, 0x69, 0x6c, 0x68, 0x6f, 0x75, 0x65, 0x74, 0x74, 0x65, 0x3b, 0x0a, 0x00, 0x75, 0x6e, 0x69, 0x66, 0x6f, 0x72, 0x6d, 
0x20, 0x73, 0x61, 0x6d, 0x70, 0x6c, 0x65, 0x72, 0x32, 0x44, 0x20, 0x6d, 0x61, 0x74, 0x65, 0x72, 0x69, 0x61, 0x6c, 0x50, 
0x61, 0x72, 0x61, 0x6d, 0x73, 0x5f, 0x6d, 0x61, 0x69, 0x6e, 0x53, 0x63, 0x65, 0x6e, 0x65, 0x3b, 0x0a, 0x00, 0x6c, 0x61, 
0x79, 0x6f, 0x75, 0x74, 0x28, 0x6c, 0x6f, 0x63, 0x61, 0x74, 0x69, 0x6f, 0x6e, 0x3d, 0x30, 0x29, 0x20, 0x69, 0x6e, 0x20, 
0x76, 0x65, 0x63, 0x34, 0x20, 0x76, 0x61, 0x72, 0x69, 0x61, 0x62, 0x6c, 0x65, 0x5f, 0x73, 0x63, 0x72, 0x65, 0x65, 0x6e, 
0x55, 0x56, 0x3b, 0x0a, 0x00, 0x3d, 0x74, 0x65, 0x78, 0x74, 0x75, 0x72, 0x65, 0x28, 0x6d, 0x61, 0x74, 0x65, 0x72, 0x69, 
0x61, 0x6c, 0x50, 0x61, 0x72, 0x61, 0x6d, 0x73, 0x5f, 0x73, 0x69, 0x6c, 0x68, 0x6f, 0x75, 0x65, 0x74, 0x74, 0x65, 0x2c, 
0x76, 0x61, 0x72, 0x69, 0x61, 0x62, 0x6c, 0x65, 0x5f, 0x73, 0x63, 0x72, 0x65, 0x65, 0x6e, 0x55, 0x56, 0x2e, 0x78, 0x79, 
0x2c, 0x66, 0x72, 0x61, 0x6d, 0x65, 0x55, 0x6e, 0x69, 0x66, 0x6f, 0x72, 0x6d, 0x73, 0x2e, 0x72, 0x29, 0x3b, 0x0a, 0x00, 
0x3d, 0x6d, 0x69, 0x78, 0x28, 0x74, 0x65, 0x78, 0x74, 0x75, 0x72, 0x65, 0x28, 0x6d, 0x61, 0x74, 0x65, 0x72, 0x69, 0x61, 
0x6c, 0x50, 0x61, 0x72, 0x61, 0x6d, 0x73, 0x5f, 0x6d, 0x61, 0x69, 0x6e, 0x53, 0x63, 0x65, 0x6e, 0x65, 0x2c, 0x76, 0x61, 
0x72, 0x69, 0x61, 0x62, 0x6c, 0x65, 0x5f, 0x73, 0x63, 0x72, 0x65, 0x65, 0x6e, 0x55, 0x56, 0x2e, 0x78, 0x79, 0x2c, 0x66, 
0x72, 0x61, 0x6d, 0x65, 0x55, 0x6e, 0x69, 0x66, 0x6f, 0x72, 0x6d, 0x73, 0x2e, 0x72, 0x29, 0x2e, 0x78, 0x79, 0x7a, 0x2c, 
0x6d, 0x61, 0x74, 0x65, 0x72, 0x69, 0x61, 0x6c, 0x50, 0x61, 0x72, 0x61, 0x6d, 0x73, 0x2e, 0x62, 0x2c, 0x76, 0x65, 0x63, 
0x33, 0x28, 0x28, 0x31, 0x2e, 0x30, 0x2d, 0x00, 0x3d, 0x6c, 0x65, 0x6e, 0x67, 0x74, 0x68, 0x28, 0x76, 0x69, 0x65, 0x77, 
0x29, 0x3b, 0x0a, 0x00, 0x3c, 0x66, 0x72, 0x61, 0x6d, 0x65, 0x55, 0x6e, 0x69, 0x66, 0x6f, 0x72, 0x6d, 0x73, 0x2e, 0x67, 
0x7a, 0x7a, 0x29, 0x0a, 0x00, 0x3e, 0x66, 0x72, 0x61, 0x6d, 0x65, 0x55, 0x6e, 0x69, 0x66, 0x6f, 0x72, 0x6d, 0x73, 0x2e, 
0x6b, 0x7a, 0x7a, 0x29, 0x0a, 0x00, 0x3d, 0x66, 0x72, 0x61, 0x6d, 0x65, 0x55, 0x6e, 0x69, 0x66, 0x6f, 0x72, 0x6d, 0x73, 
0x2e, 0x6a, 0x7a, 0x7a, 0x2a, 0x76, 0x69, 0x65, 0x77, 0x2e, 0x79, 0x3b, 0x0a, 0x00, 0x29, 0x3e, 0x30, 0x2e, 0x30, 0x30, 
0x31, 0x32, 0x35, 0x29, 0x0a, 0x00, 0x3d, 0x28, 0x66, 0x72, 0x61, 0x6d, 0x65, 0x55, 0x6e, 0x69, 0x66, 0x6f, 0x72, 0x6d, 
0x73, 0x2e, 0x66, 0x7a, 0x7a, 0x2e, 0x7a, 0x2d, 0x28, 0x66, 0x72, 0x61, 0x6d, 0x65, 0x55, 0x6e, 0x69, 0x66, 0x6f, 0x72, 
0x6d, 0x73, 0x2e, 0x66, 0x7a, 0x7a, 0x2e, 0x78, 0x2a, 0x65, 0x78, 0x70, 0x28, 0x66, 0x72, 0x61, 0x6d, 0x65, 0x55, 0x6e, 
0x69, 0x66, 0x6f, 0x72, 0x6d, 0x73, 0x2e, 0x66, 0x7a, 0x7a, 0x2e, 0x79, 0x2d, 0x00, 0x29, 0x29, 0x29, 0x2f, 0x00, 0x3d, 
0x66, 0x72, 0x61, 0x6d, 0x65, 0x55, 0x6e, 0x69, 0x66, 0x6f, 0x72, 0x6d, 0x73, 0x2e, 0x66, 0x7a, 0x7a, 0x2e, 0x7a, 0x3b, 
0x0a, 0x00, 0x3d, 0x65, 0x78, 0x70, 0x28, 0x2d, 0x28, 0x00, 0x69, 0x66, 0x20, 0x28, 0x66, 0x72, 0x61, 0x6d, 0x65, 0x55, 
0x6e, 0x69, 0x66, 0x6f, 0x72, 0x6d, 0x73, 0x2e, 0x6d, 0x7a, 0x7a, 0x3e, 0x30, 0x2e, 0x30, 0x29, 0x0a, 0x00, 0x3d, 0x75, 
0x6e, 0x70, 0x61, 0x63, 0x6b, 0x48, 0x61, 0x6c, 0x66, 0x32, 0x78, 0x31, 0x36, 0x28, 0x66, 0x72, 0x61, 0x6d, 0x65, 0x55, 
0x6e, 0x69, 0x66, 0x6f, 0x72, 0x6d, 0x73, 0x2e, 0x69, 0x7a, 0x7a, 0x29, 0x3b, 0x0a, 0x00, 0x3d, 0x66, 0x72, 0x61, 0x6d, 
0x65, 0x55, 0x6e, 0x69, 0x66, 0x6f, 0x72, 0x6d, 0x73, 0x2e, 0x6c, 0x7a, 0x7a, 0x2a, 0x74, 0x65, 0x78, 0x74, 0x75, 0x72, 
0x65, 0x4c, 0x6f, 0x64, 0x28, 0x66, 0x6f, 0x67, 0x43, 0x6f, 0x6c, 0x6f, 0x72, 0x54, 0x65, 0x78, 0x74, 0x75, 0x72, 0x65, 
0x2c, 0x74, 0x72, 0x61, 0x6e, 0x73, 0x70, 0x6f, 0x73, 0x65, 0x28, 0x6d, 0x61, 0x74, 0x33, 0x28, 0x66, 0x72, 0x61, 0x6d, 
0x65, 0x55, 0x6e, 0x69, 0x66, 0x6f, 0x72, 0x6d, 0x73, 0x2e, 0x69, 0x5b, 0x30, 0x5d, 0x2e, 0x78, 0x79, 0x7a, 0x2c, 0x66, 
0x72, 0x61, 0x6d, 0x65, 0x55, 0x6e, 0x69, 0x66, 0x6f, 0x72, 0x6d, 0x73, 0x2e, 0x69, 0x5b, 0x31, 0x5d, 0x2e, 0x78, 0x79, 
0x7a, 0x2c, 0x66, 0x72, 0x61, 0x6d, 0x65, 0x55, 0x6e, 0x69, 0x66, 0x6f, 0x72, 0x6d, 0x73, 0x2e, 0x69, 0x5b, 0x32, 0x5d, 
0x2e, 0x78, 0x79, 0x7a, 0x29, 0x29, 0x2a, 0x76, 0x69, 0x65, 0x77, 0x2c, 0x6d, 0x69, 0x78, 0x28, 0x00, 0x3d, 0x66, 0x72, 
0x61, 0x6d, 0x65, 0x55, 0x6e, 0x69, 0x66, 0x6f, 0x72, 0x6d, 0x73, 0x2e, 0x6c, 0x7a, 0x7a, 0x3b, 0x0a, 0x00, 0x2a, 0x28, 
0x66, 0x72, 0x61, 0x6d, 0x65, 0x55, 0x6e, 0x69, 0x66, 0x6f, 0x72, 0x6d, 0x73, 0x2e, 0x6b, 0x7a, 0x2a, 0x00, 0x69, 0x66, 
0x20, 0x28, 0x66, 0x72, 0x61, 0x6d, 0x65, 0x55, 0x6e, 0x69, 0x66, 0x6f, 0x72, 0x6d, 0x73, 0x2e, 0x6f, 0x7a, 0x7a, 0x3e, 
0x30, 0x2e, 0x30, 0x29, 0x0a, 0x00, 0x72, 0x65, 0x74, 0x75, 0x72, 0x6e, 0x20, 0x76, 0x65, 0x63, 0x34, 0x28, 0x00, 0x3d, 
0x66, 0x6f, 0x67, 0x28, 0x70, 0x61, 0x72, 0x61, 0x6d, 0x2c, 0x73, 0x61, 0x6d, 0x70, 0x6c, 0x65, 0x72, 0x30, 0x5f, 0x66, 
0x6f, 0x67, 0x29, 0x3b, 0x0a, 0x00, 0x2e, 0x78, 0x79, 0x7a, 0x2a, 0x66, 0x72, 0x61, 0x67, 0x43, 0x6f, 0x6c, 0x6f, 0x72, 
0x2e, 0x77, 0x3b, 0x0a, 0x00, 0x3d, 0x66, 0x72, 0x61, 0x67, 0x43, 0x6f, 0x6c, 0x6f, 0x72, 0x3b, 0x0a, 0x00, 0x2e, 0x78, 
0x79, 0x7a, 0x2a, 0x28, 0x31, 0x2e, 0x30, 0x2d, 0x00, 0x2e, 0x77, 0x29, 0x29, 0x2b, 0x00, 0x66, 0x72, 0x61, 0x67, 0x43, 
0x6f, 0x6c, 0x6f, 0x72, 0x2e, 0x78, 0x3d, 0x00, 0x66, 0x72, 0x61, 0x67, 0x43, 0x6f, 0x6c, 0x6f, 0x72, 0x2e, 0x79, 0x3d, 
0x00, 0x66, 0x72, 0x61, 0x67, 0x43, 0x6f, 0x6c, 0x6f, 0x72, 0x2e, 0x7a, 0x3d, 0x00, 0x6f, 0x75, 0x74, 0x50, 0x69, 0x63, 
0x6b, 0x69, 0x6e, 0x67, 0x2e, 0x78, 0x3d, 0x75, 0x69, 0x6e, 0x74, 0x28, 0x6f, 0x62, 0x6a, 0x65, 0x63, 0x74, 0x55, 0x6e, 
0x69, 0x66, 0x6f, 0x72, 0x6d, 0x73, 0x2e, 0x61, 0x5b, 0x69, 0x6e, 0x73, 0x74, 0x61, 0x6e, 0x63, 0x65, 0x5f, 0x69, 0x6e, 
0x64, 0x65, 0x78, 0x5d, 0x2e, 0x6f, 0x62, 0x6a, 0x65, 0x63, 0x74, 0x49, 0x64, 0x29, 0x3b, 0x0a, 0x00, 0x6f, 0x75, 0x74, 
0x50, 0x69, 0x63, 0x6b, 0x69, 0x6e, 0x67, 0x2e, 0x79, 0x3d, 0x66, 0x6c, 0x6f, 0x61, 0x74, 0x42, 0x69, 0x74, 0x73, 0x54, 
0x6f, 0x55, 0x69, 0x6e, 0x74, 0x28, 0x76, 0x65, 0x72, 0x74, 0x65, 0x78, 0x5f, 0x70, 0x6f, 0x73, 0x69, 0x74, 0x69, 0x6f, 
0x6e, 0x2e, 0x7a, 0x2f, 0x76, 0x65, 0x72, 0x74, 0x65, 0x78, 0x5f, 0x70, 0x6f, 0x73, 0x69, 0x74, 0x69, 0x6f, 0x6e, 0x2e, 
0x77, 0x29, 0x3b, 0x0a, 0x00, 0x3d, 0x65, 0x78, 0x70, 0x28, 0x66, 0x72, 0x61, 0x6d, 0x65, 0x55, 0x6e, 0x69, 0x66, 0x6f, 
0x72, 0x6d, 0x73, 0x2e, 0x62, 0x7a, 0x7a, 0x2a, 0x76, 0x65, 0x72, 0x74, 0x65, 0x78, 0x5f, 0x77, 0x6f, 0x72, 0x6c, 0x64, 
0x50, 0x6f, 0x73, 0x69, 0x74, 0x69, 0x6f, 0x6e, 0x2e, 0x77, 0x29, 0x3b, 0x0a, 0x00, 0x3d, 0x76, 0x65, 0x63, 0x32, 0x28, 
0x00, 0x2c, 0x28, 0x2d, 0x31, 0x2e, 0x30, 0x29, 0x2f, 0x00, 0x3d, 0x64, 0x46, 0x64, 0x78, 0x28, 0x76, 0x65, 0x72, 0x74, 
0x65, 0x78, 0x5f, 0x77, 0x6f, 0x72, 0x6c, 0x64, 0x50, 0x6f, 0x73, 0x69, 0x74, 0x69, 0x6f, 0x6e, 0x2e, 0x77, 0x29, 0x3b, 
0x0a, 0x00, 0x3d, 0x64, 0x46, 0x64, 0x79, 0x28, 0x76, 0x65, 0x72, 0x74, 0x65, 0x78, 0x5f, 0x77, 0x6f, 0x72, 0x6c, 0x64, 
0x50, 0x6f, 0x73, 0x69, 0x74, 0x69, 0x6f, 0x6e, 0x2e, 0x77, 0x29, 0x3b, 0x0a, 0x00, 0x3d, 0x6d, 0x69, 0x6e, 0x28, 0x00, 
0x2b, 0x28, 0x28, 0x00, 0x2a, 0x28, 0x66, 0x72, 0x61, 0x6d, 0x65, 0x55, 0x6e, 0x69, 0x66, 0x6f, 0x72, 0x6d, 0x73, 0x2e, 
0x62, 0x7a, 0x7a, 0x2a, 0x66, 0x72, 0x61, 0x6d, 0x65, 0x55, 0x6e, 0x69, 0x66, 0x6f, 0x72, 0x6d, 0x73, 0x2e, 0x62, 0x7a, 
0x7a, 0x29, 0x29, 0x2a, 0x28, 0x30, 0x2e, 0x32, 0x35, 0x2a, 0x28, 0x28, 0x00, 0x29, 0x2b, 0x28, 0x00, 0x29, 0x29, 0x29, 
0x29, 0x2c, 0x76, 0x65, 0x63, 0x32, 0x28, 0x66, 0x72, 0x61, 0x6d, 0x65, 0x55, 0x6e, 0x69, 0x66, 0x6f, 0x72, 0x6d, 0x73, 
0x2e, 0x63, 0x7a, 0x7a, 0x29, 0x29, 0x3b, 0x0a, 0x00, 0x66, 0x72, 0x61, 0x67, 0x43, 0x6f, 0x6c, 0x6f, 0x72, 0x3d, 0x76, 
0x65, 0x63, 0x34, 0x28, 0x00, 0x75, 0x6e, 0x69, 0x66, 0x6f, 0x72, 0x6d, 0x20, 0x6d, 0x65, 0x64, 0x69, 0x75, 0x6d, 0x70, 
0x20, 0x73, 0x61, 0x6d, 0x70, 0x6c, 0x65, 0x72, 0x43, 0x75, 0x62, 0x65, 0x20, 0x73, 0x61, 0x6d, 0x70, 0x6c, 0x65, 0x72, 
0x30, 0x5f, 0x66, 0x6f, 0x67, 0x3b, 0x0a, 0x00, 0x69, 0x6e, 0x20, 0x68, 0x69, 0x67, 0x68, 0x70, 0x20, 0x76, 0x65, 0x63, 
0x34, 0x20, 0x76, 0x65, 0x72, 0x74, 0x65, 0x78, 0x5f, 0x77, 0x6f, 0x72, 0x6c, 0x64, 0x50, 0x6f, 0x73, 0x69, 0x74, 0x69, 
0x6f, 0x6e, 0x3b, 0x0a, 0x00, 0x76, 0x65, 0x63, 0x34, 0x20, 0x66, 0x6f, 0x67, 0x28, 0x68, 0x69, 0x67, 0x68, 0x70, 0x20, 
0x76, 0x65, 0x63, 0x33, 0x20, 0x76, 0x69, 0x65, 0x77, 0x2c, 0x6d, 0x65, 0x64, 0x69, 0x75, 0x6d, 0x70, 0x20, 0x73, 0x61, 
0x6d, 0x70, 0x6c, 0x65, 0x72, 0x43, 0x75, 0x62, 0x65, 0x20, 0x66, 0x6f, 0x67, 0x43, 0x6f, 0x6c, 0x6f, 0x72, 0x54, 0x65, 
0x78, 0x74, 0x75, 0x72, 0x65, 0x29, 0x0a, 0x00, 0x2d, 0x66, 0x72, 0x61, 0x6d, 0x65, 0x55, 0x6e, 0x69, 0x66, 0x6f, 0x72, 
0x6d, 0x73, 0x2e, 0x67, 0x7a, 0x7a, 0x2c, 0x30, 0x2e, 0x30, 0x29, 0x29, 0x29, 0x3b, 0x0a, 0x00, 0x3d, 0x6d, 0x69, 0x6e, 
0x28, 0x31, 0x2e, 0x30, 0x2d, 0x00, 0x2c, 0x66, 0x72, 0x61, 0x6d, 0x65, 0x55, 0x6e, 0x69, 0x66, 0x6f, 0x72, 0x6d, 0x73, 
0x2e, 0x68, 0x7a, 0x7a, 0x29, 0x3b, 0x0a, 0x00, 0x2a, 0x66, 0x72, 0x61, 0x6d, 0x65, 0x55, 0x6e, 0x69, 0x66, 0x6f, 0x72, 
0x6d, 0x73, 0x2e, 0x70, 0x7a, 0x7a, 0x29, 0x2d, 0x66, 0x72, 0x61, 0x6d, 0x65, 0x55, 0x6e, 0x69, 0x66, 0x6f, 0x72, 0x6d, 
0x73, 0x2e, 0x71, 0x7a, 0x7a, 0x3b, 0x0a, 0x00, 0x2e, 0x78, 0x2c, 0x63, 0x6c, 0x61, 0x6d, 0x70, 0x28, 0x00, 0x2c, 0x30, 
0x2e, 0x30, 0x2c, 0x31, 0x2e, 0x30, 0x29, 0x29, 0x29, 0x2e, 0x78, 0x79, 0x7a, 0x3b, 0x0a, 0x00, 0x2d, 0x66, 0x72, 0x61, 
0x6d, 0x65, 0x55, 0x6e, 0x69, 0x66, 0x6f, 0x72, 0x6d, 0x73, 0x2e, 0x6e, 0x7a, 0x7a, 0x2c, 0x30, 0x2e, 0x30, 0x29, 0x29, 
0x29, 0x3b, 0x0a, 0x00, 0x3d, 0x6d, 0x61, 0x78, 0x28, 0x64, 0x6f, 0x74, 0x28, 0x6e, 0x6f, 0x72, 0x6d, 0x61, 0x6c, 0x69, 
0x7a, 0x65, 0x28, 0x76, 0x69, 0x65, 0x77, 0x29, 0x2c, 0x66, 0x72, 0x61, 0x6d, 0x65, 0x55, 0x6e, 0x69, 0x66, 0x6f, 0x72, 
0x6d, 0x73, 0x2e, 0x6e, 0x7a, 0x29, 0x2c, 0x30, 0x2e, 0x30, 0x29, 0x3b, 0x0a, 0x00, 0x2b, 0x28, 0x28, 0x66, 0x72, 0x61, 
0x6d, 0x65, 0x55, 0x6e, 0x69, 0x66, 0x6f, 0x72, 0x6d, 0x73, 0x2e, 0x70, 0x7a, 0x2e, 0x78, 0x79, 0x7a, 0x2a, 0x66, 0x72, 
0x61, 0x6d, 0x65, 0x55, 0x6e, 0x69, 0x66, 0x6f, 0x72, 0x6d, 0x73, 0x2e, 0x70, 0x7a, 0x2e, 0x77, 0x29, 0x2a, 0x28, 0x70, 
0x6f, 0x77, 0x28, 0x00, 0x2c, 0x66, 0x72, 0x61, 0x6d, 0x65, 0x55, 0x6e, 0x69, 0x66, 0x6f, 0x72, 0x6d, 0x73, 0x2e, 0x6f, 
0x7a, 0x7a, 0x29, 0x2a, 0x28, 0x31, 0x2e, 0x30, 0x2d, 0x00, 0x68, 0x69, 0x67, 0x68, 0x70, 0x20, 0x76, 0x65, 0x63, 0x33, 
0x20, 0x70, 0x61, 0x72, 0x61, 0x6d, 0x3d, 0x66, 0x72, 0x61, 0x6d, 0x65, 0x55, 0x6e, 0x69, 0x66, 0x6f, 0x72, 0x6d, 0x73, 
0x2e, 0x72, 0x7a, 0x7a, 0x2a, 0x28, 0x76, 0x65, 0x72, 0x74, 0x65, 0x78, 0x5f, 0x77, 0x6f, 0x72, 0x6c, 0x64, 0x50, 0x6f, 
0x73, 0x69, 0x74, 0x69, 0x6f, 0x6e, 0x2e, 0x78, 0x79, 0x7a, 0x2d, 0x66, 0x72, 0x61, 0x6d, 0x65, 0x55, 0x6e, 0x69, 0x66, 
0x6f, 0x72, 0x6d, 0x73, 0x2e, 0x62, 0x5b, 0x33, 0x5d, 0x2e, 0x78, 0x79, 0x7a, 0x29, 0x3b, 0x0a, 0x00, 0x68, 0x69, 0x67, 
0x68, 0x70, 0x20, 0x6d, 0x61, 0x74, 0x34, 0x20, 0x77, 0x6f, 0x72, 0x6c, 0x64, 0x46, 0x72, 0x6f, 0x6d, 0x4d, 0x6f, 0x64, 
0x65, 0x6c, 0x4d, 0x61, 0x74, 0x72, 0x69, 0x78, 0x3b, 0x0a, 0x00, 0x68, 0x69, 0x67, 0x68, 0x70, 0x20, 0x6d, 0x61, 0x74, 
0x33, 0x20, 0x77, 0x6f, 0x72, 0x6c, 0x64, 0x46, 0x72, 0x6f, 0x6d, 0x4d, 0x6f, 0x64, 0x65, 0x6c, 0x4e, 0x6f, 0x72, 0x6d, 
0x61, 0x6c, 0x4d, 0x61, 0x74, 0x72, 0x69, 0x78, 0x3b, 0x0a, 0x00, 0x68, 0x69, 0x67, 0x68, 0x70, 0x20, 0x69, 0x6e, 0x74, 
0x20, 0x6d, 0x6f, 0x72, 0x70, 0x68, 0x54, 0x61, 0x72, 0x67, 0x65, 0x74, 0x43, 0x6f, 0x75, 0x6e, 0x74, 0x3b, 0x0a, 0x00, 
0x68, 0x69, 0x67, 0x68, 0x70, 0x20, 0x69, 0x6e, 0x74, 0x20, 0x66, 0x6c, 0x61, 0x67, 0x73, 0x43, 0x68, 0x61, 0x6e, 0x6e, 
0x65, 0x6c, 0x73, 0x3b, 0x0a, 0x00, 0x68, 0x69, 0x67, 0x68, 0x70, 0x20, 0x69, 0x6e, 0x74, 0x20, 0x6f, 0x62, 0x6a, 0x65, 
0x63, 0x74, 0x49, 0x64, 0x3b, 0x0a, 0x00, 0x68, 0x69, 0x67, 0x68, 0x70, 0x20, 0x66, 0x6c, 0x6f, 0x61, 0x74, 0x20, 0x75, 
0x73, 0x65, 0x72, 0x44, 0x61, 0x74, 0x61, 0x3b, 0x0a, 0x00, 0x68, 0x69, 0x67, 0x68, 0x70, 0x20, 0x76, 0x65, 0x63, 0x34, 
0x20, 0x72, 0x65, 0x73, 0x65, 0x72, 0x76, 0x65, 0x64, 0x5b, 0x38, 0x5d, 0x3b, 0x0a, 0x00, 0x66, 0x6c, 0x61, 0x74, 0x20, 
0x69, 0x6e, 0x20, 0x68, 0x69, 0x67, 0x68, 0x70, 0x20, 0x69, 0x6e, 0x74, 0x20, 0x69, 0x6e, 0x73, 0x74, 0x61, 0x6e, 0x63, 
0x65, 0x5f, 0x69, 0x6e, 0x64, 0x65, 0x78, 0x3b, 0x0a, 0x00, 0x6c, 0x61, 0x79, 0x6f, 0x75, 0x74, 0x28, 0x6c, 0x6f, 0x63, 
0x61, 0x74, 0x69, 0x6f, 0x6e, 0x3d, 0x30, 0x29, 0x20, 0x6f, 0x75, 0x74, 0x20, 0x68, 0x69, 0x67, 0x68, 0x70, 0x20, 0x75, 
0x76, 0x65, 0x63, 0x32, 0x20, 0x6f, 0x75, 0x74, 0x50, 0x69, 0x63, 0x6b, 0x69, 0x6e, 0x67, 0x3b, 0x0a, 0x00, 0x69, 0x6e, 
0x20, 0x68, 0x69, 0x67, 0x68, 0x70, 0x20, 0x76, 0x65, 0x63, 0x34, 0x20, 0x76, 0x65, 0x72, 0x74, 0x65, 0x78, 0x5f, 0x70, 
0x6f, 0x73, 0x69, 0x74, 0x69, 0x6f, 0x6e, 0x3b, 0x0a, 0x00, 0x63, 0x65, 0x6e, 0x74, 0x72, 0x6f, 0x69, 0x64, 0x20, 0x69, 
0x6e, 0x20, 0x68, 0x69, 0x67, 0x68, 0x70, 0x20, 0x76, 0x65, 0x63, 0x34, 0x20, 0x76, 0x65, 0x72, 0x74, 0x65, 0x78, 0x5f, 
0x77, 0x6f, 0x72, 0x6c, 0x64, 0x50, 0x6f, 0x73, 0x69, 0x74, 0x69, 0x6f, 0x6e, 0x3b, 0x0a, 0x00, 0x6c, 0x61, 0x79, 0x6f, 
0x75, 0x74, 0x28, 0x6c, 0x6f, 0x63, 0x61, 0x74, 0x69, 0x6f, 0x6e, 0x3d, 0x30, 0x29, 0x20, 0x6f, 0x75, 0x74, 0x20, 0x68, 
0x69, 0x67, 0x68, 0x70, 0x20, 0x76, 0x65, 0x63, 0x34, 0x20, 0x66, 0x72, 0x61, 0x67, 0x43, 0x6f, 0x6c, 0x6f, 0x72, 0x3b, 
0x0a, 0x00, 0x75, 0x6e, 0x69, 0x66, 0x6f, 0x72, 0x6d, 0x20, 0x73, 0x61, 0x6d, 0x70, 0x6c, 0x65, 0x72, 0x43, 0x75, 0x62, 
0x65, 0x20, 0x73, 0x61, 0x6d, 0x70, 0x6c, 0x65, 0x72, 0x30, 0x5f, 0x66, 0x6f, 0x67, 0x3b, 0x0a, 0x00, 0x6c, 0x61, 0x79, 
0x6f, 0x75, 0x74, 0x28, 0x6c, 0x6f, 0x63, 0x61, 0x74, 0x69, 0x6f, 0x6e, 0x3d, 0x36, 0x29, 0x20, 0x69, 0x6e, 0x20, 0x76, 
0x65, 0x63, 0x34, 0x20, 0x76, 0x65, 0x72, 0x74, 0x65, 0x78, 0x5f, 0x77, 0x6f, 0x72, 0x6c, 0x64, 0x50, 0x6f, 0x73, 0x69, 
0x74, 0x69, 0x6f, 0x6e, 0x3b, 0x0a, 0x00, 0x76, 0x65, 0x63, 0x34, 0x20, 0x66, 0x6f, 0x67, 0x28, 0x76, 0x65, 0x63, 0x33, 
0x20, 0x76, 0x69, 0x65, 0x77, 0x2c, 0x73, 0x61, 0x6d, 0x70, 0x6c, 0x65, 0x72, 0x43, 0x75, 0x62, 0x65, 0x20, 0x66, 0x6f, 
0x67, 0x43, 0x6f, 0x6c, 0x6f, 0x72, 0x54, 0x65, 0x78, 0x74, 0x75, 0x72, 0x65, 0x29, 0x0a, 0x00, 0x3d, 0x6d, 0x69, 0x6e, 
0x28, 0x31, 0x2e, 0x30, 0x2d, 0x65, 0x78, 0x70, 0x28, 0x2d, 0x28, 0x00, 0x2d, 0x66, 0x72, 0x61, 0x6d, 0x65, 0x55, 0x6e, 
0x69, 0x66, 0x6f, 0x72, 0x6d, 0x73, 0x2e, 0x67, 0x7a, 0x7a, 0x2c, 0x30, 0x2e, 0x30, 0x29, 0x29, 0x29, 0x2c, 0x66, 0x72, 
0x61, 0x6d, 0x65, 0x55, 0x6e, 0x69, 0x66, 0x6f, 0x72, 0x6d, 0x73, 0x2e, 0x68, 0x7a, 0x7a, 0x29, 0x3b, 0x0a, 0x00, 0x2e, 
0x78, 0x2c, 0x63, 0x6c, 0x61, 0x6d, 0x70, 0x28, 0x28, 0x00, 0x2a, 0x66, 0x72, 0x61, 0x6d, 0x65, 0x55, 0x6e, 0x69, 0x66, 
0x6f, 0x72, 0x6d, 0x73, 0x2e, 0x70, 0x7a, 0x7a, 0x29, 0x2d, 0x66, 0x72, 0x61, 0x6d, 0x65, 0x55, 0x6e, 0x69, 0x66, 0x6f, 
0x72, 0x6d, 0x73, 0x2e, 0x71, 0x7a, 0x7a, 0x2c, 0x30, 0x2e, 0x30, 0x2c, 0x31, 0x2e, 0x30, 0x29, 0x29, 0x29, 0x2e, 0x78, 
0x79, 0x7a, 0x3b, 0x0a, 0x00, 0x2b, 0x28, 0x28, 0x66, 0x72, 0x61, 0x6d, 0x65, 0x55, 0x6e, 0x69, 0x66, 0x6f, 0x72, 0x6d, 
0x73, 0x2e, 0x70, 0x7a, 0x2e, 0x78, 0x79, 0x7a, 0x2a, 0x66, 0x72, 0x61, 0x6d, 0x65, 0x55, 0x6e, 0x69, 0x66, 0x6f, 0x72, 
0x6d, 0x73, 0x2e, 0x70, 0x7a, 0x2e, 0x77, 0x29, 0x2a, 0x28, 0x70, 0x6f, 0x77, 0x28, 0x6d, 0x61, 0x78, 0x28, 0x64, 0x6f, 
0x74, 0x28, 0x6e, 0x6f, 0x72, 0x6d, 0x61, 0x6c, 0x69, 0x7a, 0x65, 0x28, 0x76, 0x69, 0x65, 0x77, 0x29, 0x2c, 0x66, 0x72, 
0x61, 0x6d, 0x65, 0x55, 0x6e, 0x69, 0x66, 0x6f, 0x72, 0x6d, 0x73, 0x2e, 0x6e, 0x7a, 0x29, 0x2c, 0x30, 0x2e, 0x30, 0x29, 
0x2c, 0x66, 0x72, 0x61, 0x6d, 0x65, 0x55, 0x6e, 0x69, 0x66, 0x6f, 0x72, 0x6d, 0x73, 0x2e, 0x6f, 0x7a, 0x7a, 0x29, 0x2a, 
0x28, 0x31, 0x2e, 0x30, 0x2d, 0x65, 0x78, 0x70, 0x28, 0x2d, 0x28, 0x00, 0x2d, 0x66, 0x72, 0x61, 0x6d, 0x65, 0x55, 0x6e, 
0x69, 0x66, 0x6f, 0x72, 0x6d, 0x73, 0x2e, 0x6e, 0x7a, 0x7a, 0x2c, 0x30, 0x2e, 0x30, 0x29, 0x29, 0x29, 0x29, 0x29, 0x29, 
0x3b, 0x0a, 0x00, 0x76, 0x65, 0x63, 0x33, 0x20, 0x70, 0x61, 0x72, 0x61, 0x6d, 0x3d, 0x66, 0x72, 0x61, 0x6d, 0x65, 0x55, 
0x6e, 0x69, 0x66, 0x6f, 0x72, 0x6d, 0x73, 0x2e, 0x72, 0x7a, 0x7a, 0x2a, 0x28, 0x76, 0x65, 0x72, 0x74, 0x65, 0x78, 0x5f, 
0x77, 0x6f, 0x72, 0x6c, 0x64, 0x50, 0x6f, 0x73, 0x69, 0x74, 0x69, 0x6f, 0x6e, 0x2e, 0x78, 0x79, 0x7a, 0x2d, 0x66, 0x72, 
0x61, 0x6d, 0x65, 0x55, 0x6e, 0x69, 0x66, 0x6f, 0x72, 0x6d, 0x73, 0x2e, 0x62, 0x5b, 0x33, 0x5d, 0x2e, 0x78, 0x79, 0x7a, 
0x29, 0x3b, 0x0a, 0x00, 0x6c, 0x61, 0x79, 0x6f, 0x75, 0x74, 0x28, 0x6c, 0x6f, 0x63, 0x61, 0x74, 0x69, 0x6f, 0x6e, 0x3d, 
0x31, 0x30, 0x29, 0x20, 0x66, 0x6c, 0x61, 0x74, 0x20, 0x69, 0x6e, 0x20, 0x69, 0x6e, 0x74, 0x20, 0x69, 0x6e, 0x73, 0x74, 
0x61, 0x6e, 0x63, 0x65, 0x5f, 0x69, 0x6e, 0x64, 0x65, 0x78, 0x3b, 0x0a, 0x00, 0x6c, 0x61, 0x79, 0x6f, 0x75, 0x74, 0x28, 
0x6c, 0x6f, 0x63, 0x61, 0x74, 0x69, 0x6f, 0x6e, 0x3d, 0x30, 0x29, 0x20, 0x6f, 0x75, 0x74, 0x20, 0x75, 0x76, 0x65, 0x63, 
0x32, 0x20, 0x6f, 0x75, 0x74, 0x50, 0x69, 0x63, 0x6b, 0x69, 0x6e, 0x67, 0x3b, 0x0a, 0x00, 0x6c, 0x61, 0x79, 0x6f, 0x75, 
0x74, 0x28, 0x6c, 0x6f, 0x63, 0x61, 0x74, 0x69, 0x6f, 0x6e, 0x3d, 0x39, 0x29, 0x20, 0x69, 0x6e, 0x20, 0x76, 0x65, 0x63, 
0x34, 0x20, 0x76, 0x65, 0x72, 0x74, 0x65, 0x78, 0x5f, 0x70, 0x6f, 0x73, 0x69, 0x74, 0x69, 0x6f, 0x6e, 0x3b, 0x0a, 0x00, 
0x6c, 0x61, 0x79, 0x6f, 0x75, 0x74, 0x28, 0x6c, 0x6f, 0x63, 0x61, 0x74, 0x69, 0x6f, 0x6e, 0x3d, 0x36, 0x29, 0x20, 0x63, 
0x65, 0x6e, 0x74, 0x72, 0x6f, 0x69, 0x64, 0x20, 0x69, 0x6e, 0x20, 0x76, 0x65, 0x63, 0x34, 0x20, 0x76, 0x65, 0x72, 0x74, 
0x65, 0x78, 0x5f, 0x77, 0x6f, 0x72, 0x6c, 0x64, 0x50, 0x6f, 0x73, 0x69, 0x74, 0x69, 0x6f, 0x6e, 0x3b, 0x0a, 0x00, 0x4c, 
0x53, 0x4c, 0x47, 0x5f, 0x54, 0x41, 0x4d, 0xe6, 0x4b, 0x00, 0x00, 0x87, 0x00, 0xc7, 0x00, 0xb8, 0x00, 0x00, 0x00, 0x24, 
0x00, 0x00, 0x00, 0x00, 0x00, 0x00, 0x00, 0x01, 0x00, 0x00, 0x0c, 0x01, 0x00, 0x00, 0x01, 0x00, 0x01, 0x6d, 0x02, 0x00, 
0x00, 0x01, 0x02, 0x00, 0x0d, 0x05, 0x00, 0x00, 0x01, 0x08, 0x00, 0xa0, 0x06, 0x00, 0x00, 0x01, 0x0a, 0x00, 0x3d, 0x0c, 
0x00, 0x00, 0x01, 0x10, 0x00, 0x0c, 0x01, 0x00, 0x00, 0x01, 0x10, 0x01, 0x60, 0x12, 0x00, 0x00, 0x01, 0x12, 0x00, 0x0d, 
0x05, 0x00, 0x00, 0x01, 0x18, 0x00, 0xa0, 0x06, 0x00, 0x00, 0x01, 0x1a, 0x00, 0x3d, 0x0c, 0x00, 0x00, 0x01, 0x20, 0x01, 
0x7a, 0x12, 0x00, 0x00, 0x01, 0x30, 0x01, 0x8e, 0x16, 0x00, 0x00, 0x01, 0x50, 0x00, 0xcb, 0x16, 0x00, 0x00, 0x01, 0x50, 
0x01, 0x3d, 0x18, 0x00, 0x00, 0x01, 0x52, 0x00, 0x1a, 0x19, 0x00, 0x00, 0x01, 0x58, 0x00, 0xc8, 0x1a, 0x00, 0x00, 0x01, 
0x5a, 0x00, 0x83, 0x20, 0x00, 0x00, 0x01, 0x70, 0x01, 0x6d, 0x02, 0x00, 0x00, 0x02, 0x00, 0x00, 0xcd, 0x26, 0x00, 0x00, 
0x02, 0x00, 0x01, 0x24, 0x28, 0x00, 0x00, 0x02, 0x02, 0x00, 0x86, 0x2a, 0x00, 0x00, 0x02, 0x08, 0x00, 0x4f, 0x2c, 0x00, 
0x00, 0x02, 0x0a, 0x00, 0xe2, 0x31, 0x00, 0x00, 0x02, 0x10, 0x00, 0xcd, 0x26, 0x00, 0x00, 0x02, 0x10, 0x01, 0x07, 0x38, 
0x00, 0x00, 0x02, 0x12, 0x00, 0x86, 0x2a, 0x00, 0x00, 0x02, 0x18, 0x00, 0x4f, 0x2c, 0x00, 0x00, 0x02, 0x1a, 0x00, 0xe2, 
0x31, 0x00, 0x00, 0x02, 0x20, 0x01, 0x20, 0x38, 0x00, 0x00, 0x02, 0x30, 0x01, 0xa0, 0x3b, 0x00, 0x00, 0x02, 0x50, 0x00, 
0xd5, 0x3b, 0x00, 0x00, 0x02, 0x50, 0x01, 0x3d, 0x3d, 0x00, 0x00, 0x02, 0x52, 0x00, 0x18, 0x3e, 0x00, 0x00, 0x02, 0x58, 
0x00, 0xf2, 0x3f, 0x00, 0x00, 0x02, 0x5a, 0x00, 0xa3, 0x45, 0x00, 0x00, 0x02, 0x70, 0x01, 0x24, 0x28, 0x00, 0x00, 0x8d, 
0x0a, 0x00, 0x00, 0xe6, 0x00, 0x00, 0x00, 0x0f, 0x00, 0x00, 0x00, 0xe6, 0x00, 0x00, 0x00, 0x58, 0x00, 0x00, 0x00, 0x75, 
0xa2, 0x02, 0xa3, 0xa4, 0x0d, 0xa5, 0xa6, 0x11, 0xa7, 0x16, 0x02, 0x19, 0x1a, 0x1b, 0x1c, 0x1d, 0x1e, 0x1f, 0x20, 0x21, 
0x22, 0x23, 0x24, 0x25, 0x26, 0x27, 0x28, 0x29, 0xcb, 0xcc, 0xcd, 0x2a, 0x2b, 0x2c, 0x2d, 0xce, 0xcf, 0xd0, 0xd1, 0xd2, 
0xd3, 0xd4, 0xd5, 0xd6, 0xd7, 0xd8, 0xd9, 0xda, 0xdb, 0xdc, 0x2e, 0xdd, 0xde, 0xdf, 0x2f, 0xe0, 0xe1, 0x30, 0xe2, 0xe3, 
0x31, 0xe4, 0xe5, 0x32, 0xe6, 0x33, 0xe7, 0xe8, 0x34, 0x35, 0xe9, 0x36, 0x37, 0x38, 0xea, 0xeb, 0x39, 0xec, 0x3a, 0x3b, 
0x3c, 0x3d, 0x3e, 0x3f, 0x40, 0xed, 0xee, 0xef, 0xf0, 0x41, 0xf0, 0xf0, 0xf0, 0xf0, 0x42, 0xf0, 0xf0, 0xf0, 0xf0, 0xf0, 
0xf0, 0x17, 0xa8, 0xf0, 0xf0, 0xf0, 0xf0, 0x14, 0x02, 0xa9, 0x02, 0xaa, 0x03, 0x06, 0x02, 0xab, 0x03, 0x04, 0xfe, 0x8c, 
0x04, 0xfe, 0x01, 0xfe, 0x00, 0xfe, 0x8e, 0xfe, 0x92, 0x04, 0xfe, 0xac, 0xfe, 0x00, 0x07, 0xfe, 0x01, 0xfe, 0xad, 0x04, 
0xfe, 0x00, 0x44, 0xfe, 0xae, 0x02, 0x04, 0xfe, 0x01, 0xfe, 0x00, 0xfe, 0xaf, 0xfe, 0xb0, 0xfe, 0x01, 0xfe, 0x00, 0x03, 
0x06, 0x02, 0xfe, 0x01, 0xfe, 0x00, 0x03, 0x90, 0xfe, 0xb1, 0xfe, 0xb2, 0xfe, 0x93, 0x04, 0xfe, 0x01, 0xfe, 0x91, 0x12, 
0xfe, 0x43, 0xfe, 0xb3, 0xfe, 0x0b, 0xfe, 0x08, 0xfe, 0x0e, 0xfe, 0x09, 0x90, 0xfe, 0xb4, 0xfe, 0x05, 0xfe, 0xb5, 0xb6, 
0xfe, 0x91, 0x0a, 0xfe, 0x01, 0xfe, 0xca, 0xb7, 0xfe, 0x08, 0xb8, 0xfe, 0x09, 0xb9, 0xfe, 0x10, 0xba, 0xfe, 0x00, 0xfe, 
0x8e, 0xfe, 0xbb, 0xfe, 0xbc, 0xbd, 0xfe, 0x00, 0x03, 0x00, 0x01, 0x02, 0x03, 0x04, 0x05, 0x06, 0x07, 0x08, 0x09, 0x0a, 
0x0b, 0x0c, 0x47, 0x0d, 0xc8, 0x62, 0xb8, 0x51, 0xc8, 0x62, 0xb8, 0x51, 0xc8, 0x62, 0xde, 0x7a, 0xb8, 0x51, 0xbb, 0x6e, 
0xde, 0x7a, 0xe5, 0x8f, 0xbb, 0x6e, 0xda, 0x49, 0xde, 0x7a, 0xda, 0x49, 0xbb, 0x6e, 0xe5, 0x8f, 0xda, 0x49, 0xe5, 0x8f, 
0xde, 0x7a, 0x81, 0x71, 0xe5, 0x8f, 0xe5, 0x8f, 0xf9, 0x75, 0x81, 0x71, 0xf4, 0xac, 0xc8, 0x62, 0xf9, 0x75, 0xf4, 0xac, 
0xf9, 0x75, 0xf4, 0xac, 0xbb, 0x47, 0xf9, 0x75, 0x81, 0x71, 0xbb, 0x47, 0x9f, 0x96, 0xbb, 0x47, 0x9f, 0x96, 0x9f, 0x96, 
0x9f, 0x96, 0xb8, 0x51, 0xb8, 0x51, 0xb8, 0x51, 0xb8, 0x51, 0xb8, 0x51, 0xdf, 0x0e, 0x00, 0x00, 0xa5, 0x01, 0x00, 0x00, 
0x00, 0x00, 0x00, 0x00, 0xa5, 0x01, 0x00, 0x00, 0xe7, 0x00, 0x00, 0x00, 0x75, 0x95, 0x96, 0x97, 0x02, 0x98, 0x99, 0x9a, 
0x9b, 0x9c, 0x9d, 0x0d, 0x04, 0xfe, 0x00, 0x07, 0xfe, 0x00, 0x0a, 0xfe, 0x00, 0x0a, 0xfe, 0x00, 0x07, 0xfe, 0x00, 0x16, 
0x02, 0xb7, 0xb8, 0xb9, 0xba, 0xbb, 0xbc, 0xbd, 0xbe, 0xbf, 0xc0, 0xc1, 0xc2, 0xc3, 0xc4, 0xc5, 0xc6, 0xc7, 0x45, 0x46, 
0x47, 0xc8, 0xc9, 0xca, 0xcb, 0x48, 0x49, 0x4a, 0x4b, 0x4c, 0x4d, 0x4e, 0x4f, 0x50, 0x51, 0x52, 0x53, 0x54, 0x55, 0x56, 
0xcc, 0x57, 0x58, 0x59, 0xcd, 0x5a, 0x5b, 0xce, 0x5c, 0x5d, 0xcf, 0x5e, 0x5f, 0xd0, 0x60, 0xd1, 0x61, 0x62, 0xd2, 0xd3, 
0x63, 0xd4, 0xd5, 0xd6, 0x64, 0x65, 0xd7, 0x66, 0xd8, 0xd9, 0xda, 0xdb, 0xdc, 0xdd, 0xde, 0x67, 0x68, 0x69, 0x6a, 0xdf, 
0x6b, 0x6c, 0x6d, 0x6e, 0xe0, 0x6f, 0x70, 0x71, 0x72, 0x73, 0x74, 0x17, 0x9e, 0x02, 0x9f, 0xa0, 0xa1, 0xa2, 0xa3, 0xe5, 
0xe6, 0xe7, 0x92, 0x14, 0x02, 0xe8, 0xfe, 0xa4, 0xfe, 0x05, 0xfe, 0x05, 0xfe, 0x05, 0xfe, 0x8c, 0x93, 0xfe, 0xe9, 0x12, 
0x88, 0xfe, 0x01, 0xfe, 0x00, 0x04, 0xfe, 0x89, 0xfe, 0xea, 0x07, 0xfe, 0x01, 0xfe, 0x08, 0x12, 0xfe, 0xa5, 0x07, 0xfe, 
0x01, 0xfe, 0x08, 0x07, 0xfe, 0x8d, 0xfe, 0x00, 0x04, 0xfe, 0x89, 0x88, 0xfe, 0x8a, 0xfe, 0x8e, 0x07, 0xfe, 0x01, 0xfe, 
0x08, 0x04, 0xfe, 0x89, 0x88, 0xfe, 0x8a, 0xfe, 0x8e, 0x07, 0xfe, 0x01, 0xfe, 0x08, 0x07, 0xfe, 0x01, 0xfe, 0x09, 0x04, 
0xfe, 0x89, 0x88, 0xfe, 0xa6, 0xfe, 0x87, 0x07, 0xfe, 0x01, 0xfe, 0x08, 0x07, 0xfe, 0x8d, 0xfe, 0x00, 0x04, 0xfe, 0x89, 
0x88, 0xfe, 0xa6, 0xfe, 0x87, 0x07, 0xfe, 0x01, 0xfe, 0x08, 0x04, 0xfe, 0x89, 0x88, 0xfe, 0x8a, 0xfe, 0x05, 0xfe, 0x87, 
0x07, 0xfe, 0x01, 0xfe, 0x08, 0x04, 0xfe, 0x89, 0x88, 0xfe, 0x8a, 0xfe, 0x05, 0xfe, 0x87, 0x07, 0xfe, 0x01, 0xfe, 0x08, 
0x04, 0xfe, 0x89, 0x88, 0xfe, 0x8a, 0xfe, 0x05, 0xfe, 0x87, 0x07, 0xfe, 0x01, 0xfe, 0x08, 0x04, 0xfe, 0x89, 0x88, 0xfe, 
0x8a, 0xfe, 0x05, 0xfe, 0x87, 0x07, 0xfe, 0x01, 0xfe, 0x08, 0x07, 0xfe, 0xa7, 0xfe, 0x05, 0xfe, 0x8f, 0xfe, 0x05, 0xfe, 
0xa8, 0xfe, 0x05, 0xfe, 0x8f, 0xfe, 0x05, 0xfe, 0x94, 0x04, 0xfe, 0x00, 0xa9, 0x02, 0x04, 0xfe, 0x01, 0xfe, 0x00, 0xfe, 
0xaa, 0xfe, 0xab, 0xfe, 0xac, 0xfe, 0xad, 0xfe, 0x15, 0xfe, 0x05, 0xfe, 0xae, 0xfe, 0x05, 0xfe, 0x90, 0xfe, 0x05, 0xfe, 
0xaf, 0xfe, 0x05, 0xfe, 0x90, 0xfe, 0x05, 0xfe, 0xb0, 0xfe, 0x01, 0xfe, 0x00, 0x03, 0x06, 0x02, 0x0a, 0xfe, 0xeb, 0xfe, 
0xec, 0xfe, 0x15, 0xfe, 0xb1, 0x04, 0xfe, 0x01, 0xfe, 0x00, 0xfe, 0x0b, 0xfe, 0x08, 0xfe, 0x0e, 0xfe, 0x09, 0xfe, 0x0f, 
0xfe, 0x10, 0xfe, 0xb2, 0xfe, 0x01, 0xfe, 0x00, 0x03, 0xb3, 0xfe, 0x05, 0xfe, 0x05, 0xfe, 0x05, 0xfe, 0x05, 0xfe, 0x05, 
0xfe, 0xb4, 0xfe, 0x05, 0xfe, 0x05, 0xfe, 0x05, 0xfe, 0x05, 0xfe, 0x8c, 0x03, 0x02, 0x03, 0x04, 0x05, 0x06, 0xb3, 0x3f, 
0x06, 0x06, 0x06, 0x05, 0xbe, 0x9e, 0xbe, 0x9e, 0xbe, 0x9e, 0xc0, 0x32, 0xbe, 0x9e, 0xe7, 0x59, 0xc0, 0x32, 0xc3, 0x61, 
0xd6, 0x91, 0xc3, 0x61, 0x9d, 0xb1, 0xd6, 0x91, 0xb6, 0x56, 0xbe, 0x9e, 0x9d, 0xb1, 0xaf, 0xad, 0xb6, 0x56, 0xb7, 0x56, 
0xbe, 0x9e, 0xd6, 0x91, 0xc2, 0xad, 0xb7, 0x56, 0x82, 0xa0, 0xc3, 0x61, 0xb8, 0x56, 0xbe, 0x9e, 0x82, 0xa0, 0xac, 0xb4, 
0xb8, 0x56, 0xc0, 0xc3, 0x82, 0xa0, 0xb9, 0x56, 0xbe, 0x9e, 0xc0, 0xc3, 0xb0, 0xad, 0xb9, 0x56, 0xba, 0x56, 0xbe, 0x9e, 
0x9d, 0xb1, 0x82, 0xa0, 0xb1, 0xad, 0xba, 0x56, 0xbb, 0x56, 0xbe, 0x9e, 0xd6, 0x91, 0x82, 0xa0, 0xb2, 0xad, 0xbb, 0x56, 
0xbc, 0x56, 0xbe, 0x9e, 0x9d, 0xb1, 0xc0, 0xc3, 0xb3, 0xad, 0xbc, 0x56, 0xbb, 0x4f, 0xbe, 0x9e, 0xd6, 0x91, 0xc0, 0xc3, 
0xc0, 0x65, 0xbb, 0x4f, 0xae, 0x55, 0xaf, 0xad, 0xc2, 0xad, 0xac, 0xb4, 0xb0, 0xad, 0xb1, 0xad, 0xb2, 0xad, 0xb3, 0xad, 
0xc0, 0x65, 0xfd, 0x88, 0xb9, 0x38, 0xb3, 0x3f, 0xb9, 0x38, 0xb9, 0x38, 0xb9, 0x38, 0xb9, 0x38, 0xe7, 0x59, 0xae, 0x55, 
0xe7, 0x59, 0xaf, 0xad, 0xc2, 0xad, 0xac, 0xb4, 0xb0, 0xad, 0xb1, 0xad, 0xb2, 0xad, 0xb3, 0xad, 0xc0, 0x65, 0xfd, 0x88, 
0xb9, 0x38, 0xbe, 0xb5, 0xbe, 0x9e, 0xe7, 0x59, 0xae, 0x55, 0x89, 0x7c, 0xb3, 0x3f, 0x89, 0x7c, 0xbe, 0xb5, 0x89, 0x7c, 
0xbe, 0xb5, 0x89, 0x7c, 0xbe, 0xb5, 0x89, 0x7c, 0xfd, 0x88, 0x89, 0x7c, 0xfd, 0x88, 0x02, 0x03, 0x03, 0x03, 0x04, 0x02, 
0x03, 0x03, 0x03, 0x04, 0x42, 0x0c, 0x00, 0x00, 0x1e, 0x01, 0x00, 0x00, 0x1f, 0x00, 0x00, 0x00, 0x1e, 0x01, 0x00, 0x00, 
0x42, 0x00, 0x00, 0x00, 0x75, 0xf0, 0xa2, 0x02, 0xa3, 0xa4, 0x0d, 0xa5, 0xa6, 0x11, 0xa7, 0xf0, 0xf0, 0x11, 0xf0, 0x16, 
0x02, 0x19, 0x1a, 0x1b, 0x1c, 0x1d, 0x1e, 0x1f, 0x20, 0x21, 0x22, 0x23, 0x24, 0x25, 0x26, 0x27, 0x28, 0x29, 0xcb, 0xcc, 
0xcd, 0x2a, 0x2b, 0x2c, 0x2d, 0xce, 0xcf, 0xd0, 0xd1, 0xd2, 0xd3, 0xd4, 0xd5, 0xd6, 0xd7, 0xd8, 0xd9, 0xda, 0xdb, 0xdc, 
0x2e, 0xdd, 0xde, 0xdf, 0x2f, 0xe0, 0xe1, 0x30, 0xe2, 0xe3, 0x31, 0xe4, 0xe5, 0x32, 0xe6, 0x33, 0xe7, 0xe8, 0x34, 0x35, 
0xe9, 0x36, 0x37, 0x38, 0xea, 0xeb, 0x39, 0xec, 0x3a, 0x3b, 0x3c, 0x3d, 0x3e, 0x3f, 0x40, 0xed, 0xee, 0xef, 0xf0, 0x41, 
0xf0, 0xf0, 0xf0, 0xf0, 0x42, 0xf0, 0xf0, 0xf0, 0xf0, 0xf0, 0xf0, 0x17, 0xa8, 0xf0, 0xf0, 0xf0, 0xf0, 0x14, 0x02, 0xa9, 
0x02, 0xaa, 0x03, 0x06, 0x02, 0xab, 0x03, 0x04, 0xfe, 0x8c, 0x04, 0xfe, 0x01, 0xfe, 0x00, 0xfe, 0x8e, 0xfe, 0x92, 0x04, 
0xfe, 0xac, 0xfe, 0x00, 0x07, 0xfe, 0x01, 0xfe, 0xad, 0x04, 0xfe, 0x00, 0x44, 0xfe, 0xae, 0x02, 0x04, 0xfe, 0x01, 0xfe, 
0x00, 0xfe, 0xaf, 0xfe, 0xb0, 0xfe, 0x01, 0xfe, 0x00, 0x03, 0x06, 0x02, 0xfe, 0x01, 0xfe, 0x00, 0x03, 0x90, 0xfe, 0xb1, 
0xfe, 0xb2, 0xfe, 0x93, 0x04, 0xfe, 0x01, 0xfe, 0x91, 0x12, 0xfe, 0x43, 0xfe, 0xb3, 0xfe, 0x0b, 0xfe, 0x08, 0xfe, 0x0e, 
0xfe, 0x09, 0x90, 0xfe, 0xb4, 0xfe, 0x05, 0xfe, 0xb5, 0xb6, 0xfe, 0x91, 0x0a, 0xfe, 0x01, 0xfe, 0xca, 0xb7, 0xfe, 0x08, 
0xb8, 0xfe, 0x09, 0xb9, 0xfe, 0x10, 0xba, 0xfe, 0x00, 0x8f, 0xfe, 0xf0, 0x07, 0xfe, 0xf0, 0x07, 0xfe, 0xf0, 0xfe, 0x00, 
0x07, 0xfe, 0x01, 0xfe, 0xbe, 0xfe, 0x18, 0xfe, 0x0b, 0xfe, 0xf0, 0xfe, 0x18, 0xfe, 0x0b, 0xfe, 0xf0, 0xfe, 0xf0, 0xfe, 
0x15, 0xfe, 0xbf, 0xf0, 0xfe, 0xf0, 0xfe, 0x15, 0xfe, 0xbf, 0xf0, 0xfe, 0xf0, 0xfe, 0xbe, 0xfe, 0xf0, 0xfe, 0x93, 0xfe, 
0x8e, 0xfe, 0xbb, 0xfe, 0xbc, 0xbd, 0xfe, 0x00, 0xf0, 0x03, 0x4a, 0x0e, 0x0f, 0x10, 0x00, 0x01, 0x02, 0x03, 0x04, 0x05, 
0x06, 0x07, 0x08, 0x09, 0x0a, 0x0b, 0x0c, 0x47, 0x0d, 0x11, 0x12, 0x13, 0x14, 0x15, 0x16, 0x17, 0x18, 0x19, 0x1a, 0x1b, 
0x4b, 0x4e, 0x52, 0x4e, 0x52, 0x4e, 0x53, 0x52, 0x54, 0x53, 0x5c, 0x54, 0x5b, 0x53, 0x5b, 0x54, 0x5c, 0x5b, 0x5c, 0x53, 
0x60, 0x5c, 0x5c, 0x61, 0x60, 0x65, 0x4e, 0x61, 0x65, 0x61, 0x65, 0x6a, 0x61, 0x60, 0x6a, 0x6d, 0x6a, 0x6d, 0x6d, 0x6d, 
0x52, 0x75, 0x76, 0x77, 0x76, 0x7b, 0x77, 0x75, 0x52, 0x52, 0x76, 0x52, 0x52, 0x77, 0x7b, 0x52, 0x52, 0x7b, 0x52, 0x52, 
0x77, 0x75, 0x52, 0x52, 0x52, 0x52, 0x52, 0xec, 0x1d, 0x00, 0x00, 0x41, 0x03, 0x00, 0x00, 0x3b, 0x00, 0x00, 0x00, 0x41, 
0x03, 0x00, 0x00, 0x0d, 0x02, 0x00, 0x00, 0x75, 0xa2, 0x02, 0xa3, 0xa4, 0x0d, 0x78, 0x02, 0x80, 0x81, 0x82, 0x83, 0x84, 
0x85, 0x86, 0x0d, 0x79, 0x7a, 0x11, 0x7b, 0xf0, 0x02, 0xf0, 0xf0, 0xf0, 0x0d, 0xf0, 0x02, 0xf0, 0x0d, 0xa5, 0xa6, 0x11, 
0xa7, 0x04, 0xfe, 0x00, 0x7c, 0x02, 0x7d, 0x7e, 0x16, 0x02, 0x19, 0x1a, 0x1b, 0x1c, 0x1d, 0x1e, 0x1f, 0x20, 0x21, 0x22, 
0x23, 0x24, 0x25, 0x26, 0x27, 0x28, 0x29, 0xcb, 0xcc, 0xcd, 0x2a, 0x2b, 0x2c, 0x2d, 0xce, 0xcf, 0xd0, 0xd1, 0xd2, 0xd3, 
0xd4, 0xd5, 0xd6, 0xd7, 0xd8, 0xd9, 0xda, 0xdb, 0xdc, 0x2e, 0xdd, 0xde, 0xdf, 0x2f, 0xe0, 0xe1, 0x30, 0xe2, 0xe3, 0x31, 
0xe4, 0xe5, 0x32, 0xe6, 0x33, 0xe7, 0xe8, 0x34, 0x35, 0xe9, 0x36, 0x37, 0x38, 0xea, 0xeb, 0x39, 0xec, 0x3a, 0x3b, 0x3c, 
0x3d, 0x3e, 0x3f, 0x40, 0xed, 0xee, 0xef, 0xf0, 0x41, 0xf0, 0xf0, 0xf0, 0xf0, 0x42, 0xf0, 0xf0, 0xf0, 0xf0, 0xf0, 0xf0, 
0x17, 0xf0, 0x02, 0xf0, 0xf0, 0xf0, 0x02, 0xf0, 0xf0, 0xf0, 0xf0, 0xf0, 0xa8, 0xf0, 0xf0, 0xf0, 0xf0, 0xf0, 0xf0, 0xf0, 
0x02, 0xf0, 0x02, 0x88, 0xfe, 0xc0, 0x88, 0xfe, 0xc1, 0x88, 0xfe, 0xc2, 0x88, 0xfe, 0xf0, 0xf0, 0xfe, 0x89, 0xfe, 0x8a, 
0xfe, 0x8b, 0xfe, 0xc3, 0xfe, 0x89, 0xfe, 0x8a, 0xfe, 0x8b, 0xfe, 0xc4, 0xfe, 0x89, 0xfe, 0x8a, 0xfe, 0x8b, 0xfe, 0xf0, 
0xfe, 0x89, 0xfe, 0x8a, 0xfe, 0x8b, 0xfe, 0xf0, 0xf0, 0x03, 0x88, 0xfe, 0xc0, 0x88, 0xfe, 0xc1, 0x88, 0xfe, 0xc2, 0xc5, 
0xfe, 0xf0, 0xc5, 0xfe, 0x01, 0xfe, 0xf0, 0x0a, 0xfe, 0x00, 0xfe, 0xf0, 0xfe, 0x89, 0xfe, 0x8a, 0xfe, 0x8b, 0xfe, 0xc3, 
0xfe, 0x89, 0xfe, 0x8a, 0xfe, 0x8b, 0xfe, 0xc4, 0xfe, 0x89, 0xfe, 0x8a, 0xfe, 0x8b, 0xfe, 0xf0, 0xf0, 0xfe, 0x01, 0xfe, 
0xf0, 0xfe, 0xf0, 0xfe, 0xf0, 0x02, 0x12, 0xfe, 0xf0, 0xfe, 0xf0, 0xfe, 0xf0, 0x88, 0xfe, 0xf0, 0xfe, 0xf0, 0xfe, 0xf0, 
0xfe, 0x89, 0xfe, 0x8a, 0xfe, 0x8b, 0xfe, 0xf0, 0xfe, 0x7f, 0xfe, 0xf0, 0xf0, 0x03, 0xf0, 0xfe, 0x00, 0x03, 0x14, 0x02, 
0xa9, 0x02, 0xaa, 0x03, 0x06, 0x02, 0xab, 0x03, 0xc6, 0xfe, 0xf0, 0x04, 0xfe, 0x00, 0x0c, 0xfe, 0x8d, 0x02, 0x8f, 0xfe, 
0x94, 0x87, 0xfe, 0x00, 0x04, 0xfe, 0x00, 0xfe, 0x95, 0xfe, 0x96, 0xfe, 0x97, 0xfe, 0x8c, 0x87, 0xfe, 0x00, 0x04, 0xfe, 
0x00, 0x98, 0xfe, 0x99, 0xfe, 0xc7, 0xfe, 0x01, 0xfe, 0x05, 0xfe, 0x01, 0xfe, 0x05, 0xfe, 0x9a, 0x02, 0x9b, 0xfe, 0x9c, 
0x02, 0x87, 0xfe, 0x01, 0xfe, 0x00, 0xfe, 0x0f, 0xfe, 0x00, 0xfe, 0x01, 0xfe, 0x00, 0xfe, 0x01, 0xfe, 0x9d, 0xfe, 0x9e, 
0xfe, 0x9f, 0x03, 0x06, 0x02, 0xfe, 0x01, 0xfe, 0x00, 0xfe, 0x01, 0xfe, 0x00, 0x03, 0x03, 0xfe, 0x01, 0xfe, 0x00, 0x03, 
0x06, 0x02, 0xfe, 0x8c, 0x03, 0xc6, 0xfe, 0xf0, 0x04, 0xfe, 0x00, 0x0c, 0xfe, 0x8d, 0x02, 0x0a, 0xfe, 0x01, 0xfe, 0x13, 
0xa0, 0xfe, 0xa1, 0x04, 0xfe, 0x01, 0xfe, 0x00, 0xfe, 0x0b, 0xfe, 0x08, 0xfe, 0x0e, 0xfe, 0x09, 0xfe, 0x0f, 0xfe, 0x10, 
0xfe, 0x01, 0xfe, 0x00, 0x03, 0x06, 0x02, 0xfe, 0x01, 0xfe, 0x00, 0x03, 0x04, 0xfe, 0x01, 0xfe, 0x00, 0xfe, 0x8e, 0xfe, 
0x92, 0x04, 0xfe, 0xac, 0xfe, 0x00, 0x07, 0xfe, 0x01, 0xfe, 0xad, 0x04, 0xfe, 0x00, 0x44, 0xfe, 0xae, 0x02, 0x04, 0xfe, 
0x01, 0xfe, 0x00, 0xfe, 0xaf, 0xfe, 0xb0, 0xfe, 0x01, 0xfe, 0x00, 0x03, 0x06, 0x02, 0xfe, 0x01, 0xfe, 0x00, 0x03, 0x90, 
0xfe, 0xb1, 0xfe, 0xb2, 0xfe, 0x93, 0x04, 0xfe, 0x01, 0xfe, 0x91, 0x04, 0xfe, 0x00, 0x0c, 0xfe, 0x8d, 0x02, 0x8f, 0xfe, 
0x94, 0x87, 0xfe, 0x00, 0x04, 0xfe, 0x00, 0xfe, 0x95, 0xfe, 0x96, 0xfe, 0x97, 0xfe, 0x8c, 0x87, 0xfe, 0x00, 0x04, 0xfe, 
0x00, 0x98, 0xfe, 0x99, 0xfe, 0xc7, 0xfe, 0x01, 0xfe, 0x05, 0xfe, 0x01, 0xfe, 0x05, 0xfe, 0x9a, 0x02, 0x9b, 0xfe, 0x9c, 
0x02, 0x87, 0xfe, 0x01, 0xfe, 0x00, 0xfe, 0x0f, 0xfe, 0x00, 0xfe, 0x01, 0xfe, 0x00, 0xfe, 0x01, 0xfe, 0x9d, 0xfe, 0x9e, 
0xfe, 0x9f, 0x03, 0x06, 0x02, 0xfe, 0x01, 0xfe, 0x00, 0xfe, 0x01, 0xfe, 0x00, 0x03, 0x03, 0xfe, 0x01, 0xfe, 0x00, 0x03, 
0x06, 0x02, 0xfe, 0x8c, 0x03, 0x04, 0xfe, 0x00, 0x0c, 0xfe, 0x8d, 0x02, 0x0a, 0xfe, 0x01, 0xfe, 0x13, 0xa0, 0xfe, 0xa1, 
0x04, 0xfe, 0x00, 0xfe, 0x0b, 0xfe, 0x08, 0xfe, 0x0e, 0xfe, 0x09, 0xfe, 0x01, 0xfe, 0x00, 0x03, 0x06, 0x02, 0xfe, 0x01, 
0xfe, 0x00, 0x03, 0x12, 0xfe, 0x43, 0xfe, 0xb3, 0xfe, 0x0b, 0xfe, 0x08, 0xfe, 0x0e, 0xfe, 0x09, 0x90, 0xfe, 0xb4, 0xfe, 
0x05, 0xfe, 0xb5, 0xb6, 0xfe, 0x91, 0x0a, 0xfe, 0x01, 0xfe, 0xca, 0xb7, 0xfe, 0x08, 0xb8, 0xfe, 0x09, 0xb9, 0xfe, 0x10, 
0x04, 0xfe, 0x00, 0x0c, 0xfe, 0x8d, 0x02, 0x8f, 0xfe, 0x94, 0x87, 0xfe, 0x00, 0x04, 0xfe, 0x00, 0xfe, 0x95, 0xfe, 0x96, 
0xfe, 0x97, 0xfe, 0x8c, 0x87, 0xfe, 0x00, 0x04, 0xfe, 0x00, 0x98, 0xfe, 0x99, 0xfe, 0xc7, 0xfe, 0x01, 0xfe, 0x05, 0xfe, 
0x01, 0xfe, 0x05, 0xfe, 0x9a, 0x02, 0x9b, 0xfe, 0x9c, 0x02, 0x87, 0xfe, 0x01, 0xfe, 0x00, 0xfe, 0x0f, 0xfe, 0x00, 0xfe, 
0x01, 0xfe, 0x00, 0xfe, 0x01, 0xfe, 0x9d, 0xfe, 0x9e, 0xfe, 0x9f, 0x03, 0x06, 0x02, 0xfe, 0x01, 0xfe, 0x00, 0xfe, 0x01, 
0xfe, 0x00, 0x03, 0x03, 0xfe, 0x01, 0xfe, 0x00, 0x03, 0x06, 0x02, 0xfe, 0x8c, 0x03, 0x04, 0xfe, 0x00, 0x0c, 0xfe, 0x8d, 
0x02, 0x0a, 0xfe, 0x01, 0xfe, 0x13, 0xa0, 0xfe, 0xa1, 0x04, 0xfe, 0x01, 0xfe, 0x00, 0xfe, 0x0b, 0xfe, 0x08, 0xfe, 0x0e, 
0xfe, 0x09, 0xfe, 0x0f, 0xfe, 0x10, 0xfe, 0x01, 0xfe, 0x00, 0x03, 0x06, 0x02, 0xfe, 0x01, 0xfe, 0x00, 0x03, 0x04, 0xfe, 
0x01, 0xfe, 0x00, 0xfe, 0x8e, 0xfe, 0x92, 0xba, 0xfe, 0x00, 0xfe, 0x8e, 0xfe, 0xbb, 0xfe, 0xbc, 0xbd, 0xfe, 0x00, 0x03, 
0x1c, 0x1d, 0x1e, 0x1f, 0x20, 0x21, 0x00, 0x01, 0x02, 0x03, 0x04, 0x05, 0x06, 0x07, 0x08, 0x09, 0x0a, 0x22, 0x23, 0x24, 
0x25, 0x4c, 0x26, 0x4d, 0x27, 0x4e, 0x28, 0x29, 0x0b, 0x0c, 0x47, 0x0d, 0x2a, 0x2b, 0x2c, 0x2d, 0x2e, 0x2f, 0x30, 0x31, 
0x32, 0x33, 0x34, 0x35, 0x36, 0x37, 0x38, 0x39, 0x3a, 0x3b, 0x3c, 0x3d, 0x3e, 0x3f, 0x40, 0x41, 0x42, 0x4f, 0x50, 0x02, 
0xf1, 0x5f, 0xf2, 0x5f, 0xf3, 0x5f, 0xf4, 0x5f, 0xf1, 0x5f, 0xf1, 0x5f, 0xf1, 0x5f, 0xf1, 0x5f, 0xf2, 0x5f, 0xf2, 0x5f, 
0xf2, 0x5f, 0xf2, 0x5f, 0xf3, 0x5f, 0xf3, 0x5f, 0xf3, 0x5f, 0xf3, 0x5f, 0xf4, 0x5f, 0xf4, 0x5f, 0xf4, 0x5f, 0xf4, 0x5f, 
0xf5, 0x5f, 0xf6, 0x5f, 0xf7, 0x5f, 0xc1, 0xb4, 0xd0, 0x9e, 0xc1, 0xb4, 0xae, 0x40, 0xae, 0x40, 0xf5, 0x5f, 0xf5, 0x5f, 
0xf5, 0x5f, 0xf5, 0x5f, 0xf6, 0x5f, 0xf6, 0x5f, 0xf6, 0x5f, 0xf6, 0x5f, 0xf7, 0x5f, 0xf7, 0x5f, 0xf7, 0x5f, 0xf7, 0x5f, 
0xe2, 0xc0, 0xc1, 0xb4, 0xe2, 0xc0, 0xd0, 0x9e, 0xab, 0x8f, 0xe2, 0xc0, 0xe2, 0xc0, 0xf8, 0x5f, 0xab, 0x8f, 0xae, 0x40, 
0xf8, 0x5f, 0xf8, 0x5f, 0xf8, 0x5f, 0xf8, 0x5f, 0xab, 0x8f, 0xe2, 0xc0, 0xae, 0x40, 0xe3, 0x51, 0xbf, 0x8a, 0xe3, 0x51, 
0xa2, 0x97, 0xa7, 0x57, 0xfc, 0x65, 0xa7, 0x57, 0xa2, 0x97, 0xa2, 0x97, 0xfc, 0x65, 0xf3, 0x57, 0x8d, 0x6b, 0xb9, 0x3d, 
0xb9, 0x3d, 0xa7, 0x57, 0xf3, 0x57, 0xfc, 0x65, 0x8d, 0x6b, 0xb9, 0x3d, 0xb9, 0x3d, 0xa3, 0x66, 0xa7, 0x57, 0xa3, 0x66, 
0xb9, 0x3d, 0xf3, 0x57, 0xa3, 0x66, 0x8d, 0x6b, 0xfc, 0x65, 0xa3, 0x66, 0xb9, 0x3d, 0xf3, 0x57, 0xa7, 0x57, 0x8d, 0x6b, 
0xfc, 0x65, 0xbf, 0x8a, 0xfc, 0x65, 0xbf, 0x8a, 0xd5, 0x85, 0xac, 0x8f, 0xd5, 0x85, 0x8e, 0xb9, 0xbf, 0x8a, 0x8e, 0xb9, 
0xed, 0x77, 0xbf, 0x8a, 0xed, 0x77, 0x8e, 0xb9, 0xed, 0x77, 0x8e, 0xb9, 0xed, 0x77, 0x8e, 0xb9, 0xac, 0x8f, 0xed, 0x77, 
0xac, 0x8f, 0xbf, 0x8a, 0xb8, 0x51, 0xac, 0x8f, 0xb8, 0x51, 0xac, 0x8f, 0xde, 0x7a, 0xb8, 0x51, 0xbb, 0x6e, 0xde, 0x7a, 
0xe5, 0x8f, 0xbb, 0x6e, 0xda, 0x49, 0xde, 0x7a, 0xda, 0x49, 0xbb, 0x6e, 0xe5, 0x8f, 0xda, 0x49, 0xe5, 0x8f, 0xde, 0x7a, 
0x81, 0x71, 0xe5, 0x8f, 0xe5, 0x8f, 0xf1, 0x8e, 0x81, 0x71, 0xac, 0x55, 0xe3, 0x51, 0xa3, 0x97, 0xa8, 0x57, 0xfd, 0x65, 
0xa8, 0x57, 0xa3, 0x97, 0xa3, 0x97, 0xfd, 0x65, 0xf4, 0x57, 0x8e, 0x6b, 0xba, 0x3d, 0xba, 0x3d, 0xa8, 0x57, 0xf4, 0x57, 
0xfd, 0x65, 0x8e, 0x6b, 0xba, 0x3d, 0xba, 0x3d, 0xa4, 0x66, 0xa8, 0x57, 0xa4, 0x66, 0xba, 0x3d, 0xf4, 0x57, 0xa4, 0x66, 
0x8e, 0x6b, 0xfd, 0x65, 0xa4, 0x66, 0xba, 0x3d, 0xf4, 0x57, 0xa8, 0x57, 0x8e, 0x6b, 0xfd, 0x65, 0xac, 0x55, 0xfd, 0x65, 
0xac, 0x55, 0xb1, 0x93, 0xd5, 0x85, 0xfa, 0x31, 0xac, 0x55, 0xfa, 0x31, 0xee, 0x77, 0xee, 0x77, 0xfa, 0x31, 0xee, 0x77, 
0xfa, 0x31, 0xb1, 0x93, 0xee, 0x77, 0xb1, 0x93, 0xac, 0x55, 0xf4, 0xac, 0xb1, 0x93, 0xf1, 0x8e, 0xf4, 0xac, 0xf1, 0x8e, 
0xf4, 0xac, 0xbb, 0x47, 0xf1, 0x8e, 0x81, 0x71, 0xbb, 0x47, 0x9f, 0x96, 0xbb, 0x47, 0x9f, 0x96, 0x9f, 0x96, 0x9f, 0x96, 
0xad, 0x55, 0xe3, 0x51, 0xa4, 0x97, 0xa9, 0x57, 0xfe, 0x65, 0xa9, 0x57, 0xa4, 0x97, 0xa4, 0x97, 0xfe, 0x65, 0xf5, 0x57, 
0x8f, 0x6b, 0xbb, 0x3d, 0xbb, 0x3d, 0xa9, 0x57, 0xf5, 0x57, 0xfe, 0x65, 0x8f, 0x6b, 0xbb, 0x3d, 0xbb, 0x3d, 0xa5, 0x66, 
0xa9, 0x57, 0xa5, 0x66, 0xbb, 0x3d, 0xf5, 0x57, 0xa5, 0x66, 0x8f, 0x6b, 0xfe, 0x65, 0xa5, 0x66, 0xbb, 0x3d, 0xf5, 0x57, 
0xa9, 0x57, 0x8f, 0x6b, 0xfe, 0x65, 0xad, 0x55, 0xfe, 0x65, 0xad, 0x55, 0xad, 0x8f, 0xd5, 0x85, 0xc9, 0x8f, 0xad, 0x55, 
0xc9, 0x8f, 0xef, 0x77, 0xad, 0x55, 0xef, 0x77, 0xc9, 0x8f, 0xef, 0x77, 0xc9, 0x8f, 0xef, 0x77, 0xc9, 0x8f, 0xad, 0x8f, 
0xef, 0x77, 0xad, 0x8f, 0xad, 0x55, 0xcf, 0xc1, 0xad, 0x8f, 0xcf, 0xc1, 0xad, 0x8f, 0xcf, 0xc1, 0xcf, 0xc1, 0xcf, 0xc1, 
0xcf, 0xc1, 0xcf, 0xc1, 0x1d, 0x1e, 0x00, 0x00, 0x88, 0x03, 0x00, 0x00, 0x4e, 0x00, 0x00, 0x00, 0x88, 0x03, 0x00, 0x00, 
0x39, 0x02, 0x00, 0x00, 0x75, 0xf0, 0xa2, 0x02, 0xa3, 0xa4, 0x0d, 0x78, 0x02, 0x80, 0x81, 0x82, 0x83, 0x84, 0x85, 0x86, 
0x0d, 0x79, 0x7a, 0x11, 0x7b, 0xf0, 0x02, 0xf0, 0xf0, 0xf0, 0x0d, 0xf0, 0x02, 0xf0, 0x0d, 0xa5, 0xa6, 0x11, 0xa7, 0xf0, 
0xf0, 0x11, 0xf0, 0x04, 0xfe, 0x00, 0x7c, 0x02, 0x7d, 0x7e, 0x16, 0x02, 0x19, 0x1a, 0x1b, 0x1c, 0x1d, 0x1e, 0x1f, 0x20, 
0x21, 0x22, 0x23, 0x24, 0x25, 0x26, 0x27, 0x28, 0x29, 0xcb, 0xcc, 0xcd, 0x2a, 0x2b, 0x2c, 0x2d, 0xce, 0xcf, 0xd0, 0xd1, 
0xd2, 0xd3, 0xd4, 0xd5, 0xd6, 0xd7, 0xd8, 0xd9, 0xda, 0xdb, 0xdc, 0x2e, 0xdd, 0xde, 0xdf, 0x2f, 0xe0, 0xe1, 0x30, 0xe2, 
0xe3, 0x31, 0xe4, 0xe5, 0x32, 0xe6, 0x33, 0xe7, 0xe8, 0x34, 0x35, 0xe9, 0x36, 0x37, 0x38, 0xea, 0xeb, 0x39, 0xec, 0x3a, 
0x3b, 0x3c, 0x3d, 0x3e, 0x3f, 0x40, 0xed, 0xee, 0xef, 0xf0, 0x41, 0xf0, 0xf0, 0xf0, 0xf0, 0x42, 0xf0, 0xf0, 0xf0, 0xf0, 
0xf0, 0xf0, 0x17, 0xf0, 0x02, 0xf0, 0xf0, 0xf0, 0x02, 0xf0, 0xf0, 0xf0, 0xf0, 0xf0, 0xa8, 0xf0, 0xf0, 0xf0, 0xf0, 0xf0, 
0xf0, 0xf0, 0x02, 0xf0, 0x02, 0x88, 0xfe, 0xc0, 0x88, 0xfe, 0xc1, 0x88, 0xfe, 0xc2, 0x88, 0xfe, 0xf0, 0xf0, 0xfe, 0x89, 
0xfe, 0x8a, 0xfe, 0x8b, 0xfe, 0xc3, 0xfe, 0x89, 0xfe, 0x8a, 0xfe, 0x8b, 0xfe, 0xc4, 0xfe, 0x89, 0xfe, 0x8a, 0xfe, 0x8b, 
0xfe, 0xf0, 0xfe, 0x89, 0xfe, 0x8a, 0xfe, 0x8b, 0xfe, 0xf0, 0xf0, 0x03, 0x88, 0xfe, 0xc0, 0x88, 0xfe, 0xc1, 0x88, 0xfe, 
0xc2, 0xc5, 0xfe, 0xf0, 0xc5, 0xfe, 0x01, 0xfe, 0xf0, 0x0a, 0xfe, 0x00, 0xfe, 0xf0, 0xfe, 0x89, 0xfe, 0x8a, 0xfe, 0x8b, 
0xfe, 0xc3, 0xfe, 0x89, 0xfe, 0x8a, 0xfe, 0x8b, 0xfe, 0xc4, 0xfe, 0x89, 0xfe, 0x8a, 0xfe, 0x8b, 0xfe, 0xf0, 0xf0, 0xfe, 
0x01, 0xfe, 0xf0, 0xfe, 0xf0, 0xfe, 0xf0, 0x02, 0x12, 0xfe, 0xf0, 0xfe, 0xf0, 0xfe, 0xf0, 0x88, 0xfe, 0xf0, 0xfe, 0xf0, 
0xfe, 0xf0, 0xfe, 0x89, 0xfe, 0x8a, 0xfe, 0x8b, 0xfe, 0xf0, 0xfe, 0x7f, 0xfe, 0xf0, 0xf0, 0x03, 0xf0, 0xfe, 0x00, 0x03, 
0x14, 0x02, 0xa9, 0x02, 0xaa, 0x03, 0x06, 0x02, 0xab, 0x03, 0x8f, 0xfe, 0xf0, 0xc6, 0xfe, 0xf0, 0xfe, 0xf0, 0x04, 0xfe, 
0x00, 0x0c, 0xfe, 0x8d, 0x02, 0x8f, 0xfe, 0x94, 0x87, 0xfe, 0x00, 0x04, 0xfe, 0x00, 0xfe, 0x95, 0xfe, 0x96, 0xfe, 0x97, 
0xfe, 0x8c, 0x87, 0xfe, 0x00, 0x04, 0xfe, 0x00, 0x98, 0xfe, 0x99, 0xfe, 0xc8, 0xfe, 0xc9, 0xfe, 0x01, 0xfe, 0x05, 0xfe, 
0x01, 0xfe, 0x05, 0xfe, 0x9a, 0x02, 0x9b, 0xfe, 0x9c, 0x02, 0x87, 0xfe, 0x01, 0xfe, 0x00, 0xfe, 0x0f, 0xfe, 0x00, 0xfe, 
0x01, 0xfe, 0x00, 0xfe, 0x01, 0xfe, 0x9d, 0xfe, 0x9e, 0xfe, 0x9f, 0x03, 0x06, 0x02, 0xfe, 0x01, 0xfe, 0x00, 0xfe, 0x01, 
0xfe, 0x00, 0x03, 0x03, 0xfe, 0x01, 0xfe, 0x00, 0x03, 0x06, 0x02, 0xfe, 0x8c, 0x03, 0xc6, 0xfe, 0xf0, 0xfe, 0xf0, 0x04, 
0xfe, 0x00, 0x0c, 0xfe, 0x8d, 0x02, 0x0a, 0xfe, 0x01, 0xfe, 0x13, 0xa0, 0xfe, 0xa1, 0x04, 0xfe, 0x01, 0xfe, 0x00, 0xfe, 
0x0b, 0xfe, 0x08, 0xfe, 0x0e, 0xfe, 0x09, 0xfe, 0x0f, 0xfe, 0x10, 0xfe, 0x01, 0xfe, 0x00, 0x03, 0x06, 0x02, 0xfe, 0x01, 
0xfe, 0x00, 0x03, 0x04, 0xfe, 0x01, 0xfe, 0x00, 0xfe, 0x8e, 0xfe, 0x92, 0x04, 0xfe, 0xac, 0xfe, 0x00, 0x07, 0xfe, 0x01, 
0xfe, 0xad, 0x04, 0xfe, 0x00, 0x44, 0xfe, 0xae, 0x02, 0x04, 0xfe, 0x01, 0xfe, 0x00, 0xfe, 0xaf, 0xfe, 0xb0, 0xfe, 0x01, 
0xfe, 0x00, 0x03, 0x06, 0x02, 0xfe, 0x01, 0xfe, 0x00, 0x03, 0x90, 0xfe, 0xb1, 0xfe, 0xb2, 0xfe, 0x93, 0x04, 0xfe, 0x01, 
0xfe, 0x91, 0x04, 0xfe, 0x00, 0x0c, 0xfe, 0x8d, 0x02, 0x8f, 0xfe, 0x94, 0x87, 0xfe, 0x00, 0x04, 0xfe, 0x00, 0xfe, 0x95, 
0xfe, 0x96, 0xfe, 0x97, 0xfe, 0x8c, 0x87, 0xfe, 0x00, 0x04, 0xfe, 0x00, 0x98, 0xfe, 0x99, 0xfe, 0xc8, 0xfe, 0xc9, 0xfe, 
0x01, 0xfe, 0x05, 0xfe, 0x01, 0xfe, 0x05, 0xfe, 0x9a, 0x02, 0x9b, 0xfe, 0x9c, 0x02, 0x87, 0xfe, 0x01, 0xfe, 0x00, 0xfe, 
0x0f, 0xfe, 0x00, 0xfe, 0x01, 0xfe, 0x00, 0xfe, 0x01, 0xfe, 0x9d, 0xfe, 0x9e, 0xfe, 0x9f, 0x03, 0x06, 0x02, 0xfe, 0x01, 
0xfe, 0x00, 0xfe, 0x01, 0xfe, 0x00, 0x03, 0x03, 0xfe, 0x01, 0xfe, 0x00, 0x03, 0x06, 0x02, 0xfe, 0x8c, 0x03, 0x04, 0xfe, 
0x00, 0x0c, 0xfe, 0x8d, 0x02, 0x0a, 0xfe, 0x01, 0xfe, 0x13, 0xa0, 0xfe, 0xa1, 0x04, 0xfe, 0x00, 0xfe, 0x0b, 0xfe, 0x08, 
0xfe, 0x0e, 0xfe, 0x09, 0xfe, 0x01, 0xfe, 0x00, 0x03, 0x06, 0x02, 0xfe, 0x01, 0xfe, 0x00, 0x03, 0x12, 0xfe, 0x43, 0xfe, 
0xb3, 0xfe, 0x0b, 0xfe, 0x08, 0xfe, 0x0e, 0xfe, 0x09, 0x90, 0xfe, 0xb4, 0xfe, 0x05, 0xfe, 0xb5, 0xb6, 0xfe, 0x91, 0x0a, 
0xfe, 0x01, 0xfe, 0xca, 0xb7, 0xfe, 0x08, 0xb8, 0xfe, 0x09, 0xb9, 0xfe, 0x10, 0x04, 0xfe, 0x00, 0x0c, 0xfe, 0x8d, 0x02, 
0x8f, 0xfe, 0x94, 0x87, 0xfe, 0x00, 0x04, 0xfe, 0x00, 0xfe, 0x95, 0xfe, 0x96, 0xfe, 0x97, 0xfe, 0x8c, 0x87, 0xfe, 0x00, 
0x04, 0xfe, 0x00, 0x98, 0xfe, 0x99, 0xfe, 0xc8, 0xfe, 0xc9, 0xfe, 0x01, 0xfe, 0x05, 0xfe, 0x01, 0xfe, 0x05, 0xfe, 0x9a, 
0x02, 0x9b, 0xfe, 0x9c, 0x02, 0x87, 0xfe, 0x01, 0xfe, 0x00, 0xfe, 0x0f, 0xfe, 0x00, 0xfe, 0x01, 0xfe, 0x00, 0xfe, 0x01, 
0xfe, 0x9d, 0xfe, 0x9e, 0xfe, 0x9f, 0x03, 0x06, 0x02, 0xfe, 0x01, 0xfe, 0x00, 0xfe, 0x01, 0xfe, 0x00, 0x03, 0x03, 0xfe, 
0x01, 0xfe, 0x00, 0x03, 0x06, 0x02, 0xfe, 0x8c, 0x03, 0x04, 0xfe, 0x00, 0x0c, 0xfe, 0x8d, 0x02, 0x0a, 0xfe, 0x01, 0xfe, 
0x13, 0xa0, 0xfe, 0xa1, 0x04, 0xfe, 0x01, 0xfe, 0x00, 0xfe, 0x0b, 0xfe, 0x08, 0xfe, 0x0e, 0xfe, 0x09, 0xfe, 0x0f, 0xfe, 
0x10, 0xfe, 0x01, 0xfe, 0x00, 0x03, 0x06, 0x02, 0xfe, 0x01, 0xfe, 0x00, 0x03, 0x04, 0xfe, 0x01, 0xfe, 0x00, 0xfe, 0x8e, 
0xfe, 0x92, 0xba, 0xfe, 0x00, 0x8f, 0xfe, 0xf0, 0x07, 0xfe, 0xf0, 0x07, 0xfe, 0xf0, 0xfe, 0x00, 0x07, 0xfe, 0x01, 0xfe, 
0xbe, 0xfe, 0x18, 0xfe, 0x0b, 0xfe, 0xf0, 0xfe, 0x18, 0xfe, 0x0b, 0xfe, 0xf0, 0xfe, 0xf0, 0xfe, 0x15, 0xfe, 0xbf, 0xf0, 
0xfe, 0xf0, 0xfe, 0x15, 0xfe, 0xbf, 0xf0, 0xfe, 0xf0, 0xfe, 0xbe, 0xfe, 0xf0, 0xfe, 0x93, 0xfe, 0x8e, 0xfe, 0xbb, 0xfe, 
0xbc, 0xbd, 0xfe, 0x00, 0xf0, 0xfe, 0x00, 0x03, 0x4a, 0x1c, 0x1d, 0x1e, 0x1f, 0x20, 0x21, 0x0e, 0x0f, 0x10, 0x00, 0x01, 
0x02, 0x03, 0x04, 0x05, 0x06, 0x07, 0x08, 0x09, 0x0a, 0x22, 0x23, 0x24, 0x25, 0x4c, 0x26, 0x4d, 0x27, 0x4e, 0x28, 0x29, 
0x0b, 0x0c, 0x47, 0x0d, 0x2a, 0x2b, 0x2c, 0x2d, 0x2e, 0x2f, 0x30, 0x31, 0x32, 0x33, 0x34, 0x35, 0x36, 0x37, 0x38, 0x39, 
0x3a, 0x3b, 0x3c, 0x3d, 0x3e, 0x3f, 0x40, 0x41, 0x42, 0x51, 0x43, 0x52, 0x43, 0x53, 0x11, 0x12, 0x13, 0x14, 0x15, 0x16, 
0x17, 0x18, 0x19, 0x1a, 0x1b, 0x54, 0x7b, 0xf6, 0x02, 0x8a, 0x03, 0x9f, 0x03, 0xb3, 0x03, 0xf6, 0x02, 0xf6, 0x02, 0xf6, 
0x02, 0xf6, 0x02, 0x8a, 0x03, 0x8a, 0x03, 0x8a, 0x03, 0x8a, 0x03, 0x9f, 0x03, 0x9f, 0x03, 0x9f, 0x03, 0x9f, 0x03, 0xb3, 
0x03, 0xb3, 0x03, 0xb3, 0x03, 0xb3, 0x03, 0xc8, 0x03, 0xdc, 0x03, 0xf1, 0x03, 0x83, 0x04, 0x86, 0x04, 0x83, 0x04, 0x88, 
0x04, 0x88, 0x04, 0xc8, 0x03, 0xc8, 0x03, 0xc8, 0x03, 0xc8, 0x03, 0xdc, 0x03, 0xdc, 0x03, 0xdc, 0x03, 0xdc, 0x03, 0xf1, 
0x03, 0xf1, 0x03, 0xf1, 0x03, 0xf1, 0x03, 0x8b, 0x04, 0x83, 0x04, 0x8b, 0x04, 0x86, 0x04, 0x97, 0x04, 0x8b, 0x04, 0x8b, 
0x04, 0x9d, 0x04, 0x97, 0x04, 0x88, 0x04, 0x9d, 0x04, 0x9d, 0x04, 0x9d, 0x04, 0x9d, 0x04, 0x97, 0x04, 0x8b, 0x04, 0x88, 
0x04, 0x88, 0x01, 0x91, 0x01, 0x88, 0x01, 0xb0, 0x01, 0x91, 0x01, 0x97, 0x01, 0x9c, 0x01, 0x9f, 0x01, 0x9c, 0x01, 0x97, 
0x01, 0x97, 0x01, 0x9f, 0x01, 0x9d, 0x01, 0xa0, 0x01, 0xa1, 0x01, 0xa1, 0x01, 0x88, 0x01, 0x9c, 0x01, 0x9d, 0x01, 0x9f, 
0x01, 0xa0, 0x01, 0xa1, 0x01, 0xa1, 0x01, 0xaa, 0x01, 0x9c, 0x01, 0xaa, 0x01, 0xa1, 0x01, 0x9d, 0x01, 0xaa, 0x01, 0xa0, 
0x01, 0x9f, 0x01, 0xaa, 0x01, 0xa1, 0x01, 0x9d, 0x01, 0x9c, 0x01, 0xa0, 0x01, 0x9f, 0x01, 0xb0, 0x01, 0x9f, 0x01, 0xb0, 
0x01, 0xb2, 0x01, 0x88, 0x01, 0xc0, 0x01, 0xb2, 0x01, 0x7f, 0xb0, 0x01, 0x7f, 0xbb, 0x01, 0xb0, 0x01, 0xbb, 0x01, 0x7f, 
0xbb, 0x01, 0x7f, 0xbb, 0x01, 0x7f, 0xc0, 0x01, 0xbb, 0x01, 0xc0, 0x01, 0xb0, 0x01, 0xc4, 0x01, 0xc0, 0x01, 0xc4, 0x01, 
0xc0, 0x01, 0xc5, 0x01, 0xc4, 0x01, 0xc6, 0x01, 0xc5, 0x01, 0xce, 0x01, 0xc6, 0x01, 0xcd, 0x01, 0xc5, 0x01, 0xcd, 0x01, 
0xc6, 0x01, 0xce, 0x01, 0xcd, 0x01, 0xce, 0x01, 0xc5, 0x01, 0xd2, 0x01, 0xce, 0x01, 0xce, 0x01, 0xd3, 0x01, 0xd2, 0x01, 
0xf3, 0x01, 0x91, 0x01, 0xda, 0x01, 0xdf, 0x01, 0xe2, 0x01, 0xdf, 0x01, 0xda, 0x01, 0xda, 0x01, 0xe2, 0x01, 0xe0, 0x01, 
0xe3, 0x01, 0xe4, 0x01, 0xe4, 0x01, 0x88, 0x01, 0xdf, 0x01, 0xe0, 0x01, 0xe2, 0x01, 0xe3, 0x01, 0xe4, 0x01, 0xe4, 0x01, 
0xed, 0x01, 0xdf, 0x01, 0xed, 0x01, 0xe4, 0x01, 0xe0, 0x01, 0xed, 0x01, 0xe3, 0x01, 0xe2, 0x01, 0xed, 0x01, 0xe4, 0x01, 
0xe0, 0x01, 0xdf, 0x01, 0xe3, 0x01, 0xe2, 0x01, 0xf3, 0x01, 0xe2, 0x01, 0xf3, 0x01, 0xff, 0x01, 0xb2, 0x01, 0x7e, 0xf3, 
0x01, 0x7e, 0xfc, 0x01, 0xfc, 0x01, 0x7e, 0xfc, 0x01, 0x7e, 0xff, 0x01, 0xfc, 0x01, 0xff, 0x01, 0xf3, 0x01, 0x82, 0x02, 
0xff, 0x01, 0xd3, 0x01, 0x82, 0x02, 0xd3, 0x01, 0x82, 0x02, 0x87, 0x02, 0xd3, 0x01, 0xd2, 0x01, 0x87, 0x02, 0x8a, 0x02, 
0x87, 0x02, 0x8a, 0x02, 0x8a, 0x02, 0x8a, 0x02, 0xaf, 0x02, 0x91, 0x01, 0x96, 0x02, 0x9b, 0x02, 0x9e, 0x02, 0x9b, 0x02, 
0x96, 0x02, 0x96, 0x02, 0x9e, 0x02, 0x9c, 0x02, 0x9f, 0x02, 0xa0, 0x02, 0xa0, 0x02, 0x88, 0x01, 0x9b, 0x02, 0x9c, 0x02, 
0x9e, 0x02, 0x9f, 0x02, 0xa0, 0x02, 0xa0, 0x02, 0xa9, 0x02, 0x9b, 0x02, 0xa9, 0x02, 0xa0, 0x02, 0x9c, 0x02, 0xa9, 0x02, 
0x9f, 0x02, 0x9e, 0x02, 0xa9, 0x02, 0xa0, 0x02, 0x9c, 0x02, 0x9b, 0x02, 0x9f, 0x02, 0x9e, 0x02, 0xaf, 0x02, 0x9e, 0x02, 
0xaf, 0x02, 0xbd, 0x02, 0xb2, 0x01, 0x7d, 0xaf, 0x02, 0x7d, 0xb8, 0x02, 0xaf, 0x02, 0xb8, 0x02, 0x7d, 0xb8, 0x02, 0x7d, 
0xb8, 0x02, 0x7d, 0xbd, 0x02, 0xb8, 0x02, 0xbd, 0x02, 0xaf, 0x02, 0xc1, 0x02, 0xbd, 0x02, 0xc1, 0x02, 0xbd, 0x02, 0xc1, 
0x02, 0xc3, 0x02, 0xc4, 0x02, 0xc5, 0x02, 0xc4, 0x02, 0xc9, 0x02, 0xc5, 0x02, 0xc3, 0x02, 0xc1, 0x02, 0xc1, 0x02, 0xc4, 
0x02, 0xc1, 0x02, 0xc1, 0x02, 0xc5, 0x02, 0xc9, 0x02, 0xc1, 0x02, 0xc1, 0x02, 0xc9, 0x02, 0xc1, 0x02, 0xc1, 0x02, 0xc5, 
0x02, 0xc3, 0x02, 0xc1, 0x02, 0xc1, 0x02, 0xc1, 0x02, 0xc1, 0x02, 0xc1, 0x02, 0x88, 0x01, 0x51, 0x00, 0x00, 0x00, 0x06, 
0x00, 0x00, 0x00, 0x00, 0x00, 0x00, 0x00, 0x06, 0x00, 0x00, 0x00, 0x00, 0x00, 0x00, 0x00, 0x75, 0x95, 0x96, 0x14, 0x02, 
0x03, 0x35, 0x16, 0x00, 0x00, 0x6c, 0x02, 0x00, 0x00, 0x27, 0x00, 0x00, 0x00, 0x6c, 0x02, 0x00, 0x00, 0x6d, 0x01, 0x00, 
0x00, 0x75, 0x95, 0x96, 0x97, 0x02, 0x98, 0x99, 0x9a, 0x9b, 0x9c, 0x9d, 0x0d, 0x04, 0xfe, 0x00, 0x07, 0xfe, 0x00, 0x0a, 
0xfe, 0x00, 0x0a, 0xfe, 0x00, 0x07, 0xfe, 0x00, 0x16, 0x02, 0xb7, 0xb8, 0xb9, 0xba, 0xbb, 0xbc, 0xbd, 0xbe, 0xbf, 0xc0, 
0xc1, 0xc2, 0xc3, 0xc4, 0xc5, 0xc6, 0xc7, 0x45, 0x46, 0x47, 0xc8, 0xc9, 0xca, 0xcb, 0x48, 0x49, 0x4a, 0x4b, 0x4c, 0x4d, 
0x4e, 0x4f, 0x50, 0x51, 0x52, 0x53, 0x54, 0x55, 0x56, 0xcc, 0x57, 0x58, 0x59, 0xcd, 0x5a, 0x5b, 0xce, 0x5c, 0x5d, 0xcf, 
0x5e, 0x5f, 0xd0, 0x60, 0xd1, 0x61, 0x62, 0xd2, 0xd3, 0x63, 0xd4, 0xd5, 0xd6, 0x64, 0x65, 0xd7, 0x66, 0xd8, 0xd9, 0xda, 
0xdb, 0xdc, 0xdd, 0xde, 0x67, 0x68, 0x69, 0x6a, 0xdf, 0x6b, 0x6c, 0x6d, 0x6e, 0xe0, 0x6f, 0x70, 0x71, 0x72, 0x73, 0x74, 
0x17, 0x9e, 0x02, 0x9f, 0xa0, 0xa1, 0xa2, 0xa3, 0xe5, 0xe6, 0xf0, 0xf0, 0xe7, 0x92, 0xf0, 0x02, 0x91, 0xfe, 0xf0, 0x0c, 
0xfe, 0xf0, 0x02, 0xe1, 0x03, 0x0c, 0xfe, 0xf0, 0x02, 0xe1, 0x03, 0x91, 0xfe, 0xf0, 0x91, 0xfe, 0x00, 0x44, 0xfe, 0xf0, 
0x02, 0xfe, 0xf0, 0xfe, 0xf0, 0xfe, 0x00, 0x03, 0x06, 0x02, 0xfe, 0xf0, 0x03, 0x91, 0xfe, 0xf0, 0xfe, 0xe2, 0xfe, 0xf0, 
0x07, 0x88, 0xfe, 0x01, 0xfe, 0x00, 0x07, 0xfe, 0xf0, 0x88, 0xfe, 0xf0, 0x0a, 0xfe, 0x00, 0xf0, 0x02, 0x91, 0xfe, 0x43, 
0xfe, 0xf0, 0x07, 0x88, 0xfe, 0x01, 0xfe, 0x00, 0x93, 0xfe, 0xf0, 0xfe, 0xf0, 0xfe, 0xe3, 0xfe, 0xf0, 0x88, 0xfe, 0xf0, 
0x03, 0x06, 0x02, 0xfe, 0xf0, 0x03, 0x0a, 0xfe, 0x01, 0xfe, 0xf0, 0xfe, 0x18, 0x0a, 0xfe, 0x00, 0xf0, 0x02, 0x91, 0xfe, 
0xf0, 0xfe, 0xe2, 0xfe, 0xf0, 0x07, 0x88, 0xfe, 0x01, 0xfe, 0x00, 0x91, 0xfe, 0xf0, 0x07, 0x88, 0xfe, 0x01, 0xfe, 0x00, 
0xfe, 0x01, 0xfe, 0xf0, 0x88, 0xfe, 0xf0, 0x88, 0xfe, 0x94, 0x03, 0x06, 0x02, 0xfe, 0x01, 0xfe, 0x00, 0x03, 0xf0, 0xfe, 
0x05, 0xfe, 0x18, 0x03, 0x14, 0x02, 0xe8, 0xfe, 0xa4, 0xfe, 0x05, 0xfe, 0x05, 0xfe, 0x05, 0xfe, 0x8c, 0x93, 0xfe, 0xe9, 
0x12, 0x88, 0xfe, 0x01, 0xfe, 0x00, 0x04, 0xfe, 0x89, 0xfe, 0xea, 0x07, 0xfe, 0x01, 0xfe, 0x08, 0x12, 0xfe, 0xa5, 0x07, 
0xfe, 0x01, 0xfe, 0x08, 0x07, 0xfe, 0x8d, 0xfe, 0x00, 0x04, 0xfe, 0x89, 0x88, 0xfe, 0x8a, 0xfe, 0x8e, 0x07, 0xfe, 0x01, 
0xfe, 0x08, 0x04, 0xfe, 0x89, 0x88, 0xfe, 0x8a, 0xfe, 0x8e, 0x07, 0xfe, 0x01, 0xfe, 0x08, 0x07, 0xfe, 0x01, 0xfe, 0x09, 
0x04, 0xfe, 0x89, 0x88, 0xfe, 0xa6, 0xfe, 0x87, 0x07, 0xfe, 0x01, 0xfe, 0x08, 0x07, 0xfe, 0x8d, 0xfe, 0x00, 0x04, 0xfe, 
0x89, 0x88, 0xfe, 0xa6, 0xfe, 0x87, 0x07, 0xfe, 0x01, 0xfe, 0x08, 0x04, 0xfe, 0x89, 0x88, 0xfe, 0x8a, 0xfe, 0x05, 0xfe, 
0x87, 0x07, 0xfe, 0x01, 0xfe, 0x08, 0x04, 0xfe, 0x89, 0x88, 0xfe, 0x8a, 0xfe, 0x05, 0xfe, 0x87, 0x07, 0xfe, 0x01, 0xfe, 
0x08, 0x04, 0xfe, 0x89, 0x88, 0xfe, 0x8a, 0xfe, 0x05, 0xfe, 0x87, 0x07, 0xfe, 0x01, 0xfe, 0x08, 0x04, 0xfe, 0x89, 0x88, 
0xfe, 0x8a, 0xfe, 0x05, 0xfe, 0x87, 0x07, 0xfe, 0x01, 0xfe, 0x08, 0x07, 0xfe, 0xa7, 0xfe, 0x05, 0xfe, 0x8f, 0xfe, 0x05, 
0xfe, 0xa8, 0xfe, 0x05, 0xfe, 0x8f, 0xfe, 0x05, 0xfe, 0x94, 0x04, 0xfe, 0x00, 0xa9, 0x02, 0x04, 0xfe, 0x01, 0xfe, 0x00, 
0xfe, 0xaa, 0xfe, 0xab, 0xfe, 0xac, 0xfe, 0xad, 0xfe, 0x15, 0xfe, 0x05, 0xfe, 0xae, 0xfe, 0x05, 0xfe, 0x90, 0xfe, 0x05, 
0xfe, 0xaf, 0xfe, 0x05, 0xfe, 0x90, 0xfe, 0x05, 0xfe, 0xb0, 0xfe, 0x01, 0xfe, 0x00, 0x03, 0x06, 0x02, 0x0a, 0xfe, 0xeb, 
0xfe, 0xec, 0xfe, 0x15, 0xfe, 0xb1, 0x04, 0xfe, 0x01, 0xfe, 0x00, 0xfe, 0x0b, 0xfe, 0x08, 0xfe, 0x0e, 0xfe, 0x09, 0xfe, 
0x0f, 0xfe, 0x10, 0xfe, 0xb2, 0xfe, 0x01, 0xfe, 0x00, 0x03, 0xb3, 0xfe, 0x05, 0xfe, 0x05, 0xfe, 0x05, 0xfe, 0x05, 0xfe, 
0x05, 0xfe, 0xb4, 0xfe, 0x05, 0xfe, 0x05, 0xfe, 0x05, 0xfe, 0x05, 0xfe, 0x8c, 0xf0, 0x04, 0xfe, 0xf0, 0x0a, 0xfe, 0x01, 
0xfe, 0xf0, 0x04, 0xfe, 0x01, 0xfe, 0x00, 0xfe, 0x0b, 0xfe, 0x08, 0xfe, 0x0e, 0xfe, 0x09, 0xfe, 0x0f, 0xfe, 0x10, 0x04, 
0xfe, 0xf0, 0x0a, 0xfe, 0x43, 0xfe, 0xf0, 0xfe, 0xf0, 0xfe, 0x13, 0xf0, 0xfe, 0x08, 0xf0, 0xfe, 0x09, 0xf0, 0xfe, 0x10, 
0x03, 0x27, 0x28, 0x29, 0x02, 0x03, 0x04, 0x05, 0x06, 0x07, 0x08, 0x09, 0x0a, 0x2a, 0x2b, 0x2c, 0x0b, 0x2d, 0x0c, 0x0d, 
0x2e, 0x2f, 0x0e, 0x0f, 0x10, 0x0a, 0x30, 0x31, 0x32, 0x33, 0x11, 0x34, 0x12, 0x13, 0x14, 0x15, 0x16, 0x17, 0x18, 0x19, 
0x02, 0x03, 0x04, 0x05, 0x06, 0xb5, 0x3a, 0xb5, 0x3a, 0xb5, 0x3a, 0xbd, 0x35, 0xb1, 0x36, 0xbd, 0x35, 0xb1, 0x36, 0xbd, 
0x35, 0xbd, 0x35, 0xb1, 0x36, 0xa9, 0x3c, 0xb1, 0x36, 0xb5, 0x3a, 0xa9, 0x3c, 0xa9, 0x3c, 0xf7, 0xb5, 0xa9, 0x3c, 0xc6, 
0x96, 0xc4, 0xc1, 0xb5, 0x3a, 0xc4, 0xc1, 0xc4, 0xc1, 0xfb, 0x3c, 0xc6, 0x96, 0xfb, 0x3c, 0xfb, 0x3c, 0xc4, 0xc1, 0xc6, 
0x96, 0xfc, 0x9b, 0xc6, 0x96, 0xf7, 0xb5, 0xf2, 0x83, 0xf7, 0x94, 0xb1, 0x36, 0xb5, 0x3a, 0xf7, 0x94, 0xf7, 0x94, 0x87, 
0xa6, 0x87, 0xa6, 0x87, 0xa6, 0xf2, 0x83, 0xfc, 0x9b, 0x87, 0xa6, 0xf7, 0x94, 0xf2, 0x83, 0xfc, 0x9b, 0xf2, 0x83, 0xf7, 
0xb5, 0xf6, 0x4b, 0x06, 0x06, 0x06, 0x05, 0xbe, 0x9e, 0xbe, 0x9e, 0xbe, 0x9e, 0xc0, 0x32, 0xbe, 0x9e, 0xe7, 0x59, 0xc0, 
0x32, 0xc3, 0x61, 0xd6, 0x91, 0xc3, 0x61, 0x9d, 0xb1, 0xd6, 0x91, 0xb6, 0x56, 0xbe, 0x9e, 0x9d, 0xb1, 0xaf, 0xad, 0xb6, 
0x56, 0xb7, 0x56, 0xbe, 0x9e, 0xd6, 0x91, 0xc2, 0xad, 0xb7, 0x56, 0x82, 0xa0, 0xc3, 0x61, 0xb8, 0x56, 0xbe, 0x9e, 0x82, 
0xa0, 0xac, 0xb4, 0xb8, 0x56, 0xc0, 0xc3, 0x82, 0xa0, 0xb9, 0x56, 0xbe, 0x9e, 0xc0, 0xc3, 0xb0, 0xad, 0xb9, 0x56, 0xba, 
0x56, 0xbe, 0x9e, 0x9d, 0xb1, 0x82, 0xa0, 0xb1, 0xad, 0xba, 0x56, 0xbb, 0x56, 0xbe, 0x9e, 0xd6, 0x91, 0x82, 0xa0, 0xb2, 
0xad, 0xbb, 0x56, 0xbc, 0x56, 0xbe, 0x9e, 0x9d, 0xb1, 0xc0, 0xc3, 0xb3, 0xad, 0xbc, 0x56, 0xbb, 0x4f, 0xbe, 0x9e, 0xd6, 
0x91, 0xc0, 0xc3, 0xc0, 0x65, 0xbb, 0x4f, 0xae, 0x55, 0xaf, 0xad, 0xc2, 0xad, 0xac, 0xb4, 0xb0, 0xad, 0xb1, 0xad, 0xb2, 
0xad, 0xb3, 0xad, 0xc0, 0x65, 0xfd, 0x88, 0xb9, 0x38, 0xf6, 0x4b, 0xb9, 0x38, 0xb9, 0x38, 0xb9, 0x38, 0xb9, 0x38, 0xe7, 
0x59, 0xae, 0x55, 0xe7, 0x59, 0xaf, 0xad, 0xc2, 0xad, 0xac, 0xb4, 0xb0, 0xad, 0xb1, 0xad, 0xb2, 0xad, 0xb3, 0xad, 0xc0, 
0x65, 0xfd, 0x88, 0xb9, 0x38, 0xbe, 0xb5, 0xbe, 0x9e, 0xe7, 0x59, 0xae, 0x55, 0x89, 0x7c, 0xf6, 0x4b, 0x89, 0x7c, 0xbe, 
0xb5, 0x89, 0x7c, 0xbe, 0xb5, 0x89, 0x7c, 0xbe, 0xb5, 0x89, 0x7c, 0xfd, 0x88, 0x89, 0x7c, 0xfd, 0x88, 0x02, 0x03, 0x03, 
0x03, 0x04, 0x02, 0x03, 0x03, 0x03, 0x04, 0x8d, 0xa6, 0x89, 0x9d, 0x8d, 0xa6, 0xb8, 0x34, 0x8d, 0xa6, 0xb8, 0x34, 0x89, 
0x9d, 0xb8, 0x34, 0x89, 0x9d, 0xb8, 0x34, 0x89, 0x9d, 0xe9, 0x94, 0xa4, 0x31, 0xe9, 0x94, 0xb8, 0x34, 0xb8, 0x34, 0xa4, 
0x31, 0xa4, 0x31, 0xa4, 0x31, 0x0c, 0x03, 0x00, 0x00, 0x1d, 0x00, 0x00, 0x00, 0x0c, 0x00, 0x00, 0x00, 0x1d, 0x00, 0x00, 
0x00, 0x00, 0x00, 0x00, 0x00, 0x75, 0x95, 0x96, 0x78, 0x02, 0xf0, 0xf0, 0xf0, 0xf0, 0xf0, 0xf0, 0xf0, 0x0d, 0x79, 0x7a, 
0x11, 0x7b, 0x7c, 0x02, 0x7d, 0x7e, 0xf0, 0xf0, 0xf0, 0x14, 0x02, 0xf0, 0xf0, 0x03, 0x35, 0x36, 0x37, 0x38, 0x39, 0x3a, 
0x3b, 0x3c, 0x3d, 0x3e, 0x1a, 0x1b, 0x0b, 0x0b, 0x00, 0x00, 0xee, 0x00, 0x00, 0x00, 0x12, 0x00, 0x00, 0x00, 0xee, 0x00, 
0x00, 0x00, 0x5e, 0x00, 0x00, 0x00, 0x75, 0xa2, 0x02, 0xa3, 0xa4, 0x0d, 0xa5, 0xa6, 0x11, 0xa7, 0x16, 0x02, 0x19, 0x1a, 
0x1b, 0x1c, 0x1d, 0x1e, 0x1f, 0x20, 0x21, 0x22, 0x23, 0x24, 0x25, 0x26, 0x27, 0x28, 0x29, 0xcb, 0xcc, 0xcd, 0x2a, 0x2b, 
0x2c, 0x2d, 0xce, 0xcf, 0xd0, 0xd1, 0xd2, 0xd3, 0xd4, 0xd5, 0xd6, 0xd7, 0xd8, 0xd9, 0xda, 0xdb, 0xdc, 0x2e, 0xdd, 0xde, 
0xdf, 0x2f, 0xe0, 0xe1, 0x30, 0xe2, 0xe3, 0x31, 0xe4, 0xe5, 0x32, 0xe6, 0x33, 0xe7, 0xe8, 0x34, 0x35, 0xe9, 0x36, 0x37, 
0x38, 0xea, 0xeb, 0x39, 0xec, 0x3a, 0x3b, 0x3c, 0x3d, 0x3e, 0x3f, 0x40, 0xed, 0xee, 0xef, 0xf0, 0x41, 0xf0, 0xf0, 0xf0, 
0xf0, 0x42, 0xf0, 0xf0, 0xf0, 0xf0, 0xf0, 0xf0, 0x17, 0xa8, 0xf0, 0xf0, 0xf0, 0xf0, 0x14, 0x02, 0xa9, 0x02, 0xaa, 0x03, 
0x06, 0x02, 0xab, 0x03, 0x04, 0xfe, 0x8c, 0x04, 0xfe, 0x01, 0xfe, 0x00, 0xfe, 0x8e, 0xfe, 0x92, 0x04, 0xfe, 0xac, 0xfe, 
0x00, 0x07, 0xfe, 0x01, 0xfe, 0xad, 0x04, 0xfe, 0x00, 0x44, 0xfe, 0xae, 0x02, 0x04, 0xfe, 0x01, 0xfe, 0x00, 0xfe, 0xaf, 
0xfe, 0xb0, 0xfe, 0x01, 0xfe, 0x00, 0x03, 0x06, 0x02, 0xfe, 0x01, 0xfe, 0x00, 0x03, 0x90, 0xfe, 0xb1, 0xfe, 0xb2, 0xfe, 
0x93, 0x04, 0xfe, 0x01, 0xfe, 0x91, 0x12, 0xfe, 0x43, 0xfe, 0xb3, 0xfe, 0x0b, 0xfe, 0x08, 0xfe, 0x0e, 0xfe, 0x09, 0x90, 
0xfe, 0xb4, 0xfe, 0x05, 0xfe, 0xb5, 0x04, 0xfe, 0x01, 0xfe, 0xf0, 0xb6, 0xfe, 0x91, 0x0a, 0xfe, 0x01, 0xfe, 0x13, 0xb7, 
0xfe, 0x08, 0xb8, 0xfe, 0x09, 0xb9, 0xfe, 0x10, 0xf0, 0xfe, 0xf0, 0xba, 0xfe, 0x00, 0xfe, 0x8e, 0xfe, 0xbb, 0xfe, 0xbc, 
0xbd, 0xfe, 0x00, 0x03, 0x00, 0x01, 0x02, 0x03, 0x04, 0x05, 0x06, 0x07, 0x08, 0x09, 0x0a, 0x0b, 0x0c, 0x58, 0x0d, 0x48, 
0x59, 0x5a, 0xc8, 0x62, 0xb8, 0x51, 0xc8, 0x62, 0xb8, 0x51, 0xc8, 0x62, 0xde, 0x7a, 0xb8, 0x51, 0xbb, 0x6e, 0xde, 0x7a, 
0xe5, 0x8f, 0xbb, 0x6e, 0xda, 0x49, 0xde, 0x7a, 0xda, 0x49, 0xbb, 0x6e, 0xe5, 0x8f, 0xda, 0x49, 0xe5, 0x8f, 0xde, 0x7a, 
0x81, 0x71, 0xe5, 0x8f, 0xe5, 0x8f, 0xf9, 0x75, 0x81, 0x71, 0xf4, 0xac, 0xc8, 0x62, 0xf9, 0x75, 0xf4, 0xac, 0xf9, 0x75, 
0xf4, 0xac, 0xbb, 0x47, 0xf9, 0x75, 0x81, 0x71, 0xda, 0x35, 0xbb, 0x47, 0xbb, 0x47, 0x9f, 0x96, 0xda, 0x35, 0x9f, 0x96, 
0x9f, 0x96, 0x9f, 0x96, 0xda, 0x35, 0xb8, 0x51, 0xb8, 0x51, 0xb8, 0x51, 0xb8, 0x51, 0xb8, 0x51, 0x02, 0x07, 0x00, 0x00, 
0x94, 0x00, 0x00, 0x00, 0x0d, 0x00, 0x00, 0x00, 0x94, 0x00, 0x00, 0x00, 0x28, 0x00, 0x00, 0x00, 0x75, 0x95, 0x96, 0x16, 
0x02, 0xb7, 0xb8, 0xb9, 0xba, 0xbb, 0xbc, 0xbd, 0xbe, 0xbf, 0xc0, 0xc1, 0xc2, 0xc3, 0xc4, 0xc5, 0xc6, 0xc7, 0x45, 0x46, 
0x47, 0xc8, 0xc9, 0xca, 0xcb, 0x48, 0x49, 0x4a, 0x4b, 0x4c, 0x4d, 0x4e, 0x4f, 0x50, 0x51, 0x52, 0x53, 0x54, 0x55, 0x56, 
0xcc, 0x57, 0x58, 0x59, 0xcd, 0x5a, 0x5b, 0xce, 0x5c, 0x5d, 0xcf, 0x5e, 0x5f, 0xd0, 0x60, 0xd1, 0x61, 0x62, 0xd2, 0xd3, 
0x63, 0xd4, 0xd5, 0xd6, 0x64, 0x65, 0xd7, 0x66, 0xd8, 0xd9, 0xda, 0xdb, 0xdc, 0xdd, 0xde, 0x67, 0x68, 0x69, 0x6a, 0xdf, 
0x6b, 0x6c, 0x6d, 0x6e, 0xe0, 0x6f, 0x70, 0x71, 0x72, 0x73, 0x74, 0x17, 0xf0, 0xf0, 0x14, 0x02, 0x91, 0xfe, 0xf0, 0x93, 
0xfe, 0xf0, 0xfe, 0xf0, 0xfe, 0x18, 0x93, 0xfe, 0x01, 0xfe, 0xb5, 0xfe, 0x00, 0x91, 0xfe, 0xf0, 0x91, 0xfe, 0xf0, 0x93, 
0xfe, 0xf0, 0xfe, 0xf0, 0xfe, 0xf0, 0xfe, 0xb5, 0xfe, 0xf0, 0xfe, 0xb5, 0xfe, 0xf0, 0xf0, 0xfe, 0xe4, 0xfe, 0xe4, 0xfe, 
0xe3, 0xfe, 0x7f, 0x03, 0x3f, 0x40, 0x1c, 0x1d, 0x1e, 0x1f, 0x20, 0x21, 0x22, 0x23, 0x24, 0x25, 0x26, 0xed, 0xc2, 0xbc, 
0x34, 0xed, 0xc2, 0xed, 0xc2, 0xb3, 0xb0, 0xbc, 0x34, 0xbc, 0x34, 0xb7, 0xb5, 0x95, 0x45, 0xeb, 0xb1, 0xb3, 0xb0, 0xb3, 
0xb0, 0xb7, 0xb5, 0xb7, 0xb5, 0x95, 0x45, 0x95, 0x45, 0xbc, 0x34, 0xeb, 0xb1, 0xbc, 0x34, 0xeb, 0xb1, 0xc1, 0x0c, 0x00, 
0x00, 0x26, 0x01, 0x00, 0x00, 0x22, 0x00, 0x00, 0x00, 0x26, 0x01, 0x00, 0x00, 0x52, 0x00, 0x00, 0x00, 0x75, 0xf0, 0xa2, 
0x02, 0xa3, 0xa4, 0x0d, 0xa5, 0xa6, 0x11, 0xa7, 0xf0, 0xf0, 0x11, 0xf0, 0x16, 0x02, 0x19, 0x1a, 0x1b, 0x1c, 0x1d, 0x1e, 
0x1f, 0x20, 0x21, 0x22, 0x23, 0x24, 0x25, 0x26, 0x27, 0x28, 0x29, 0xcb, 0xcc, 0xcd, 0x2a, 0x2b, 0x2c, 0x2d, 0xce, 0xcf, 
0xd0, 0xd1, 0xd2, 0xd3, 0xd4, 0xd5, 0xd6, 0xd7, 0xd8, 0xd9, 0xda, 0xdb, 0xdc, 0x2e, 0xdd, 0xde, 0xdf, 0x2f, 0xe0, 0xe1, 
0x30, 0xe2, 0xe3, 0x31, 0xe4, 0xe5, 0x32, 0xe6, 0x33, 0xe7, 0xe8, 0x34, 0x35, 0xe9, 0x36, 0x37, 0x38, 0xea, 0xeb, 0x39, 
0xec, 0x3a, 0x3b, 0x3c, 0x3d, 0x3e, 0x3f, 0x40, 0xed, 0xee, 0xef, 0xf0, 0x41, 0xf0, 0xf0, 0xf0, 0xf0, 0x42, 0xf0, 0xf0, 
0xf0, 0xf0, 0xf0, 0xf0, 0x17, 0xa8, 0xf0, 0xf0, 0xf0, 0xf0, 0x14, 0x02, 0xa9, 0x02, 0xaa, 0x03, 0x06, 0x02, 0xab, 0x03, 
0x04, 0xfe, 0x8c, 0x04, 0xfe, 0x01, 0xfe, 0x00, 0xfe, 0x8e, 0xfe, 0x92, 0x04, 0xfe, 0xac, 0xfe, 0x00, 0x07, 0xfe, 0x01, 
0xfe, 0xad, 0x04, 0xfe, 0x00, 0x44, 0xfe, 0xae, 0x02, 0x04, 0xfe, 0x01, 0xfe, 0x00, 0xfe, 0xaf, 0xfe, 0xb0, 0xfe, 0x01, 
0xfe, 0x00, 0x03, 0x06, 0x02, 0xfe, 0x01, 0xfe, 0x00, 0x03, 0x90, 0xfe, 0xb1, 0xfe, 0xb2, 0xfe, 0x93, 0x04, 0xfe, 0x01, 
0xfe, 0x91, 0x12, 0xfe, 0x43, 0xfe, 0xb3, 0xfe, 0x0b, 0xfe, 0x08, 0xfe, 0x0e, 0xfe, 0x09, 0x90, 0xfe, 0xb4, 0xfe, 0x05, 
0xfe, 0xb5, 0x04, 0xfe, 0x01, 0xfe, 0xf0, 0xb6, 0xfe, 0x91, 0x0a, 0xfe, 0x01, 0xfe, 0x13, 0xb7, 0xfe, 0x08, 0xb8, 0xfe, 
0x09, 0xb9, 0xfe, 0x10, 0xf0, 0xfe, 0xf0, 0xba, 0xfe, 0x00, 0x8f, 0xfe, 0xf0, 0x07, 0xfe, 0xf0, 0x07, 0xfe, 0xf0, 0xfe, 
0x00, 0x07, 0xfe, 0x01, 0xfe, 0xbe, 0xfe, 0x18, 0xfe, 0x0b, 0xfe, 0xf0, 0xfe, 0x18, 0xfe, 0x0b, 0xfe, 0xf0, 0xfe, 0xf0, 
0xfe, 0x15, 0xfe, 0xbf, 0xf0, 0xfe, 0xf0, 0xfe, 0x15, 0xfe, 0xbf, 0xf0, 0xfe, 0xf0, 0xfe, 0xbe, 0xfe, 0xf0, 0xfe, 0x93, 
0xfe, 0x8e, 0xfe, 0xbb, 0xfe, 0xbc, 0xbd, 0xfe, 0x00, 0xf0, 0x03, 0x4a, 0x0e, 0x0f, 0x10, 0x00, 0x01, 0x02, 0x03, 0x04, 
0x05, 0x06, 0x07, 0x08, 0x09, 0x0a, 0x0b, 0x0c, 0x58, 0x0d, 0x48, 0x59, 0x5a, 0x11, 0x12, 0x13, 0x14, 0x15, 0x16, 0x17, 
0x18, 0x19, 0x1a, 0x1b, 0x4b, 0x51, 0x55, 0x51, 0x55, 0x51, 0x56, 0x55, 0x57, 0x56, 0x5f, 0x57, 0x5e, 0x56, 0x5e, 0x57, 
0x5f, 0x5e, 0x5f, 0x56, 0x63, 0x5f, 0x5f, 0x64, 0x63, 0x68, 0x51, 0x64, 0x68, 0x64, 0x68, 0x6d, 0x64, 0x63, 0x6f, 0x6d, 
0x6d, 0x70, 0x6f, 0x70, 0x70, 0x70, 0x6f, 0x55, 0x86, 0x01, 0x87, 0x01, 0x88, 0x01, 0x87, 0x01, 0x8c, 0x01, 0x88, 0x01, 
0x86, 0x01, 0x55, 0x55, 0x87, 0x01, 0x55, 0x55, 0x88, 0x01, 0x8c, 0x01, 0x55, 0x55, 0x8c, 0x01, 0x55, 0x55, 0x88, 0x01, 
0x86, 0x01, 0x55, 0x55, 0x55, 0x55, 0x55, 0xad, 0x1e, 0x00, 0x00, 0x50, 0x03, 0x00, 0x00, 0x3e, 0x00, 0x00, 0x00, 0x50, 
0x03, 0x00, 0x00, 0x19, 0x02, 0x00, 0x00, 0x75, 0xa2, 0x02, 0xa3, 0xa4, 0x0d, 0x78, 0x02, 0x80, 0x81, 0x82, 0x83, 0x84, 
0x85, 0x86, 0x0d, 0x79, 0x7a, 0x11, 0x7b, 0xf0, 0x02, 0xf0, 0xf0, 0xf0, 0x0d, 0xf0, 0x02, 0xf0, 0x0d, 0xa5, 0xa6, 0x11, 
0xa7, 0x04, 0xfe, 0x00, 0x7c, 0x02, 0x7d, 0x7e, 0x16, 0x02, 0x19, 0x1a, 0x1b, 0x1c, 0x1d, 0x1e, 0x1f, 0x20, 0x21, 0x22, 
0x23, 0x24, 0x25, 0x26, 0x27, 0x28, 0x29, 0xcb, 0xcc, 0xcd, 0x2a, 0x2b, 0x2c, 0x2d, 0xce, 0xcf, 0xd0, 0xd1, 0xd2, 0xd3, 
0xd4, 0xd5, 0xd6, 0xd7, 0xd8, 0xd9, 0xda, 0xdb, 0xdc, 0x2e, 0xdd, 0xde, 0xdf, 0x2f, 0xe0, 0xe1, 0x30, 0xe2, 0xe3, 0x31, 
0xe4, 0xe5, 0x32, 0xe6, 0x33, 0xe7, 0xe8, 0x34, 0x35, 0xe9, 0x36, 0x37, 0x38, 0xea, 0xeb, 0x39, 0xec, 0x3a, 0x3b, 0x3c, 
0x3d, 0x3e, 0x3f, 0x40, 0xed, 0xee, 0xef, 0xf0, 0x41, 0xf0, 0xf0, 0xf0, 0xf0, 0x42, 0xf0, 0xf0, 0xf0, 0xf0, 0xf0, 0xf0, 
0x17, 0xf0, 0x02, 0xf0, 0xf0, 0xf0, 0x02, 0xf0, 0xf0, 0xf0, 0xf0, 0xf0, 0xa8, 0xf0, 0xf0, 0xf0, 0xf0, 0xf0, 0xf0, 0xf0, 
0x02, 0xf0, 0x02, 0x88, 0xfe, 0xc0, 0x88, 0xfe, 0xc1, 0x88, 0xfe, 0xc2, 0x88, 0xfe, 0xf0, 0xf0, 0xfe, 0x89, 0xfe, 0x8a, 
0xfe, 0x8b, 0xfe, 0xc3, 0xfe, 0x89, 0xfe, 0x8a, 0xfe, 0x8b, 0xfe, 0xc4, 0xfe, 0x89, 0xfe, 0x8a, 0xfe, 0x8b, 0xfe, 0xf0, 
0xfe, 0x89, 0xfe, 0x8a, 0xfe, 0x8b, 0xfe, 0xf0, 0xf0, 0x03, 0x88, 0xfe, 0xc0, 0x88, 0xfe, 0xc1, 0x88, 0xfe, 0xc2, 0xc5, 
0xfe, 0xf0, 0xc5, 0xfe, 0x01, 0xfe, 0xf0, 0x0a, 0xfe, 0x00, 0xfe, 0xf0, 0xfe, 0x89, 0xfe, 0x8a, 0xfe, 0x8b, 0xfe, 0xc3, 
0xfe, 0x89, 0xfe, 0x8a, 0xfe, 0x8b, 0xfe, 0xc4, 0xfe, 0x89, 0xfe, 0x8a, 0xfe, 0x8b, 0xfe, 0xf0, 0xf0, 0xfe, 0x01, 0xfe, 
0xf0, 0xfe, 0xf0, 0xfe, 0xf0, 0x02, 0x12, 0xfe, 0xf0, 0xfe, 0xf0, 0xfe, 0xf0, 0x88, 0xfe, 0xf0, 0xfe, 0xf0, 0xfe, 0xf0, 
0xfe, 0x89, 0xfe, 0x8a, 0xfe, 0x8b, 0xfe, 0xf0, 0xfe, 0x7f, 0xfe, 0xf0, 0xf0, 0x03, 0xf0, 0xfe, 0x00, 0x03, 0x14, 0x02, 
0xa9, 0x02, 0xaa, 0x03, 0x06, 0x02, 0xab, 0x03, 0xc6, 0xfe, 0xf0, 0x04, 0xfe, 0x00, 0x0c, 0xfe, 0x8d, 0x02, 0x8f, 0xfe, 
0x94, 0x87, 0xfe, 0x00, 0x04, 0xfe, 0x00, 0xfe, 0x95, 0xfe, 0x96, 0xfe, 0x97, 0xfe, 0x8c, 0x87, 0xfe, 0x00, 0x04, 0xfe, 
0x00, 0x98, 0xfe, 0x99, 0xfe, 0xc7, 0xfe, 0x01, 0xfe, 0x05, 0xfe, 0x01, 0xfe, 0x05, 0xfe, 0x9a, 0x02, 0x9b, 0xfe, 0x9c, 
0x02, 0x87, 0xfe, 0x01, 0xfe, 0x00, 0xfe, 0x0f, 0xfe, 0x00, 0xfe, 0x01, 0xfe, 0x00, 0xfe, 0x01, 0xfe, 0x9d, 0xfe, 0x9e, 
0xfe, 0x9f, 0x03, 0x06, 0x02, 0xfe, 0x01, 0xfe, 0x00, 0xfe, 0x01, 0xfe, 0x00, 0x03, 0x03, 0xfe, 0x01, 0xfe, 0x00, 0x03, 
0x06, 0x02, 0xfe, 0x8c, 0x03, 0xc6, 0xfe, 0xf0, 0x04, 0xfe, 0x00, 0x0c, 0xfe, 0x8d, 0x02, 0x0a, 0xfe, 0x01, 0xfe, 0x13, 
0xa0, 0xfe, 0xa1, 0x04, 0xfe, 0x01, 0xfe, 0x00, 0xfe, 0x0b, 0xfe, 0x08, 0xfe, 0x0e, 0xfe, 0x09, 0xfe, 0x0f, 0xfe, 0x10, 
0xfe, 0x01, 0xfe, 0x00, 0x03, 0x06, 0x02, 0xfe, 0x01, 0xfe, 0x00, 0x03, 0x04, 0xfe, 0x01, 0xfe, 0x00, 0xfe, 0x8e, 0xfe, 
0x92, 0x04, 0xfe, 0xac, 0xfe, 0x00, 0x07, 0xfe, 0x01, 0xfe, 0xad, 0x04, 0xfe, 0x00, 0x44, 0xfe, 0xae, 0x02, 0x04, 0xfe, 
0x01, 0xfe, 0x00, 0xfe, 0xaf, 0xfe, 0xb0, 0xfe, 0x01, 0xfe, 0x00, 0x03, 0x06, 0x02, 0xfe, 0x01, 0xfe, 0x00, 0x03, 0x90, 
0xfe, 0xb1, 0xfe, 0xb2, 0xfe, 0x93, 0x04, 0xfe, 0x01, 0xfe, 0x91, 0x04, 0xfe, 0x00, 0x0c, 0xfe, 0x8d, 0x02, 0x8f, 0xfe, 
0x94, 0x87, 0xfe, 0x00, 0x04, 0xfe, 0x00, 0xfe, 0x95, 0xfe, 0x96, 0xfe, 0x97, 0xfe, 0x8c, 0x87, 0xfe, 0x00, 0x04, 0xfe, 
0x00, 0x98, 0xfe, 0x99, 0xfe, 0xc7, 0xfe, 0x01, 0xfe, 0x05, 0xfe, 0x01, 0xfe, 0x05, 0xfe, 0x9a, 0x02, 0x9b, 0xfe, 0x9c, 
0x02, 0x87, 0xfe, 0x01, 0xfe, 0x00, 0xfe, 0x0f, 0xfe, 0x00, 0xfe, 0x01, 0xfe, 0x00, 0xfe, 0x01, 0xfe, 0x9d, 0xfe, 0x9e, 
0xfe, 0x9f, 0x03, 0x06, 0x02, 0xfe, 0x01, 0xfe, 0x00, 0xfe, 0x01, 0xfe, 0x00, 0x03, 0x03, 0xfe, 0x01, 0xfe, 0x00, 0x03, 
0x06, 0x02, 0xfe, 0x8c, 0x03, 0x04, 0xfe, 0x00, 0x0c, 0xfe, 0x8d, 0x02, 0x0a, 0xfe, 0x01, 0xfe, 0x13, 0xa0, 0xfe, 0xa1, 
0x04, 0xfe, 0x00, 0xfe, 0x0b, 0xfe, 0x08, 0xfe, 0x0e, 0xfe, 0x09, 0xfe, 0x01, 0xfe, 0x00, 0x03, 0x06, 0x02, 0xfe, 0x01, 
0xfe, 0x00, 0x03, 0x12, 0xfe, 0x43, 0xfe, 0xb3, 0xfe, 0x0b, 0xfe, 0x08, 0xfe, 0x0e, 0xfe, 0x09, 0x90, 0xfe, 0xb4, 0xfe, 
0x05, 0xfe, 0xb5, 0x04, 0xfe, 0x01, 0xfe, 0x91, 0x04, 0xfe, 0x01, 0xfe, 0xf0, 0xb6, 0xfe, 0x00, 0x0a, 0xfe, 0x01, 0xfe, 
0x13, 0xb7, 0xfe, 0x08, 0xb8, 0xfe, 0x09, 0xb9, 0xfe, 0x10, 0x04, 0xfe, 0x00, 0x0c, 0xfe, 0x8d, 0x02, 0x8f, 0xfe, 0x94, 
0x87, 0xfe, 0x00, 0x04, 0xfe, 0x00, 0xfe, 0x95, 0xfe, 0x96, 0xfe, 0x97, 0xfe, 0x8c, 0x87, 0xfe, 0x00, 0x04, 0xfe, 0x00, 
0x98, 0xfe, 0x99, 0xfe, 0xc7, 0xfe, 0x01, 0xfe, 0x05, 0xfe, 0x01, 0xfe, 0x05, 0xfe, 0x9a, 0x02, 0x9b, 0xfe, 0x9c, 0x02, 
0x87, 0xfe, 0x01, 0xfe, 0x00, 0xfe, 0x0f, 0xfe, 0x00, 0xfe, 0x01, 0xfe, 0x00, 0xfe, 0x01, 0xfe, 0x9d, 0xfe, 0x9e, 0xfe, 
0x9f, 0x03, 0x06, 0x02, 0xfe, 0x01, 0xfe, 0x00, 0xfe, 0x01, 0xfe, 0x00, 0x03, 0x03, 0xfe, 0x01, 0xfe, 0x00, 0x03, 0x06, 
0x02, 0xfe, 0x8c, 0x03, 0x04, 0xfe, 0x00, 0x0c, 0xfe, 0x8d, 0x02, 0x0a, 0xfe, 0x01, 0xfe, 0x13, 0xa0, 0xfe, 0xa1, 0x04, 
0xfe, 0x01, 0xfe, 0x00, 0xfe, 0x0b, 0xfe, 0x08, 0xfe, 0x0e, 0xfe, 0x09, 0xfe, 0x0f, 0xfe, 0x10, 0xfe, 0x01, 0xfe, 0x00, 
0x03, 0x06, 0x02, 0xfe, 0x01, 0xfe, 0x00, 0x03, 0x04, 0xfe, 0x01, 0xfe, 0x00, 0xfe, 0x8e, 0xfe, 0x92, 0xf0, 0xfe, 0x05, 
0xfe, 0xf0, 0xba, 0xfe, 0x00, 0xfe, 0x8e, 0xfe, 0xbb, 0xfe, 0xbc, 0xbd, 0xfe, 0x00, 0x03, 0x1c, 0x1d, 0x1e, 0x1f, 0x20, 
0x21, 0x00, 0x01, 0x02, 0x03, 0x04, 0x05, 0x06, 0x07, 0x08, 0x09, 0x0a, 0x22, 0x23, 0x24, 0x25, 0x4c, 0x26, 0x4d, 0x27, 
0x4e, 0x28, 0x29, 0x0b, 0x0c, 0x58, 0x0d, 0x2a, 0x2b, 0x2c, 0x2d, 0x2e, 0x2f, 0x30, 0x31, 0x32, 0x33, 0x34, 0x35, 0x36, 
0x37, 0x38, 0x39, 0x3a, 0x3b, 0x3c, 0x3d, 0x3e, 0x3f, 0x40, 0x41, 0x42, 0x4f, 0x50, 0x48, 0x5b, 0x5c, 0x02, 0xc8, 0x50, 
0xc9, 0x50, 0xca, 0x50, 0xcb, 0x50, 0xc8, 0x50, 0xc8, 0x50, 0xc8, 0x50, 0xc8, 0x50, 0xc9, 0x50, 0xc9, 0x50, 0xc9, 0x50, 
0xc9, 0x50, 0xca, 0x50, 0xca, 0x50, 0xca, 0x50, 0xca, 0x50, 0xcb, 0x50, 0xcb, 0x50, 0xcb, 0x50, 0xcb, 0x50, 0xcc, 0x50, 
0xcd, 0x50, 0xce, 0x50, 0x98, 0xa5, 0xe0, 0xc1, 0x98, 0xa5, 0xbe, 0x63, 0xbe, 0x63, 0xcc, 0x50, 0xcc, 0x50, 0xcc, 0x50, 
0xcc, 0x50, 0xcd, 0x50, 0xcd, 0x50, 0xcd, 0x50, 0xcd, 0x50, 0xce, 0x50, 0xce, 0x50, 0xce, 0x50, 0xce, 0x50, 0xf3, 0x4e, 
0x98, 0xa5, 0xf3, 0x4e, 0xe0, 0xc1, 0x82, 0x80, 0xf3, 0x4e, 0xf3, 0x4e, 0xcf, 0x50, 0x82, 0x80, 0xbe, 0x63, 0xcf, 0x50, 
0xcf, 0x50, 0xcf, 0x50, 0xcf, 0x50, 0x82, 0x80, 0xf3, 0x4e, 0xbe, 0x63, 0xe3, 0x51, 0xbf, 0x8a, 0xe3, 0x51, 0xa2, 0x97, 
0xa7, 0x57, 0xfc, 0x65, 0xa7, 0x57, 0xa2, 0x97, 0xa2, 0x97, 0xfc, 0x65, 0xf3, 0x57, 0x8d, 0x6b, 0xb9, 0x3d, 0xb9, 0x3d, 
0xa7, 0x57, 0xf3, 0x57, 0xfc, 0x65, 0x8d, 0x6b, 0xb9, 0x3d, 0xb9, 0x3d, 0xa3, 0x66, 0xa7, 0x57, 0xa3, 0x66, 0xb9, 0x3d, 
0xf3, 0x57, 0xa3, 0x66, 0x8d, 0x6b, 0xfc, 0x65, 0xa3, 0x66, 0xb9, 0x3d, 0xf3, 0x57, 0xa7, 0x57, 0x8d, 0x6b, 0xfc, 0x65, 
0xbf, 0x8a, 0xfc, 0x65, 0xbf, 0x8a, 0xd5, 0x85, 0xac, 0x8f, 0xd5, 0x85, 0x8e, 0xb9, 0xbf, 0x8a, 0x8e, 0xb9, 0xed, 0x77, 
0xbf, 0x8a, 0xed, 0x77, 0x8e, 0xb9, 0xed, 0x77, 0x8e, 0xb9, 0xed, 0x77, 0x8e, 0xb9, 0xac, 0x8f, 0xed, 0x77, 0xac, 0x8f, 
0xbf, 0x8a, 0xb8, 0x51, 0xac, 0x8f, 0xb8, 0x51, 0xac, 0x8f, 0xde, 0x7a, 0xb8, 0x51, 0xbb, 0x6e, 0xde, 0x7a, 0xe5, 0x8f, 
0xbb, 0x6e, 0xda, 0x49, 0xde, 0x7a, 0xda, 0x49, 0xbb, 0x6e, 0xe5, 0x8f, 0xda, 0x49, 0xe5, 0x8f, 0xde, 0x7a, 0x81, 0x71, 
0xe5, 0x8f, 0xe5, 0x8f, 0xf1, 0x8e, 0x81, 0x71, 0xac, 0x55, 0xe3, 0x51, 0xa3, 0x97, 0xa8, 0x57, 0xfd, 0x65, 0xa8, 0x57, 
0xa3, 0x97, 0xa3, 0x97, 0xfd, 0x65, 0xf4, 0x57, 0x8e, 0x6b, 0xba, 0x3d, 0xba, 0x3d, 0xa8, 0x57, 0xf4, 0x57, 0xfd, 0x65, 
0x8e, 0x6b, 0xba, 0x3d, 0xba, 0x3d, 0xa4, 0x66, 0xa8, 0x57, 0xa4, 0x66, 0xba, 0x3d, 0xf4, 0x57, 0xa4, 0x66, 0x8e, 0x6b, 
0xfd, 0x65, 0xa4, 0x66, 0xba, 0x3d, 0xf4, 0x57, 0xa8, 0x57, 0x8e, 0x6b, 0xfd, 0x65, 0xac, 0x55, 0xfd, 0x65, 0xac, 0x55, 
0xb1, 0x93, 0xd5, 0x85, 0xfa, 0x31, 0xac, 0x55, 0xfa, 0x31, 0xee, 0x77, 0xee, 0x77, 0xfa, 0x31, 0xee, 0x77, 0xfa, 0x31, 
0xb1, 0x93, 0xee, 0x77, 0xb1, 0x93, 0xac, 0x55, 0xf4, 0xac, 0xb1, 0x93, 0xf1, 0x8e, 0xf4, 0xac, 0xf1, 0x8e, 0xf4, 0xac, 
0xbb, 0x47, 0xf1, 0x8e, 0x81, 0x71, 0x85, 0xbd, 0xbb, 0x47, 0xda, 0x35, 0xbb, 0x47, 0x85, 0xbd, 0x9f, 0x96, 0xda, 0x35, 
0x9f, 0x96, 0x9f, 0x96, 0x9f, 0x96, 0xad, 0x55, 0xe3, 0x51, 0xa4, 0x97, 0xa9, 0x57, 0xfe, 0x65, 0xa9, 0x57, 0xa4, 0x97, 
0xa4, 0x97, 0xfe, 0x65, 0xf5, 0x57, 0x8f, 0x6b, 0xbb, 0x3d, 0xbb, 0x3d, 0xa9, 0x57, 0xf5, 0x57, 0xfe, 0x65, 0x8f, 0x6b, 
0xbb, 0x3d, 0xbb, 0x3d, 0xa5, 0x66, 0xa9, 0x57, 0xa5, 0x66, 0xbb, 0x3d, 0xf5, 0x57, 0xa5, 0x66, 0x8f, 0x6b, 0xfe, 0x65, 
0xa5, 0x66, 0xbb, 0x3d, 0xf5, 0x57, 0xa9, 0x57, 0x8f, 0x6b, 0xfe, 0x65, 0xad, 0x55, 0xfe, 0x65, 0xad, 0x55, 0xad, 0x8f, 
0xd5, 0x85, 0xc9, 0x8f, 0xad, 0x55, 0xc9, 0x8f, 0xef, 0x77, 0xad, 0x55, 0xef, 0x77, 0xc9, 0x8f, 0xef, 0x77, 0xc9, 0x8f, 
0xef, 0x77, 0xc9, 0x8f, 0xad, 0x8f, 0xef, 0x77, 0xad, 0x8f, 0xad, 0x55, 0xcc, 0xba, 0xad, 0x8f, 0xcc, 0xba, 0xad, 0x8f, 
0x85, 0xbd, 0xda, 0x35, 0xcc, 0xba, 0xcc, 0xba, 0xcc, 0xba, 0xcc, 0xba, 0xcc, 0xba, 0xd1, 0x1e, 0x00, 0x00, 0x97, 0x03, 
0x00, 0x00, 0x51, 0x00, 0x00, 0x00, 0x97, 0x03, 0x00, 0x00, 0x4e, 0x02, 0x00, 0x00, 0x75, 0xf0, 0xa2, 0x02, 0xa3, 0xa4, 
0x0d, 0x78, 0x02, 0x80, 0x81, 0x82, 0x83, 0x84, 0x85, 0x86, 0x0d, 0x79, 0x7a, 0x11, 0x7b, 0xf0, 0x02, 0xf0, 0xf0, 0xf0, 
0x0d, 0xf0, 0x02, 0xf0, 0x0d, 0xa5, 0xa6, 0x11, 0xa7, 0xf0, 0xf0, 0x11, 0xf0, 0x04, 0xfe, 0x00, 0x7c, 0x02, 0x7d, 0x7e, 
0x16, 0x02, 0x19, 0x1a, 0x1b, 0x1c, 0x1d, 0x1e, 0x1f, 0x20, 0x21, 0x22, 0x23, 0x24, 0x25, 0x26, 0x27, 0x28, 0x29, 0xcb, 
0xcc, 0xcd, 0x2a, 0x2b, 0x2c, 0x2d, 0xce, 0xcf, 0xd0, 0xd1, 0xd2, 0xd3, 0xd4, 0xd5, 0xd6, 0xd7, 0xd8, 0xd9, 0xda, 0xdb, 
0xdc, 0x2e, 0xdd, 0xde, 0xdf, 0x2f, 0xe0, 0xe1, 0x30, 0xe2, 0xe3, 0x31, 0xe4, 0xe5, 0x32, 0xe6, 0x33, 0xe7, 0xe8, 0x34, 
0x35, 0xe9, 0x36, 0x37, 0x38, 0xea, 0xeb, 0x39, 0xec, 0x3a, 0x3b, 0x3c, 0x3d, 0x3e, 0x3f, 0x40, 0xed, 0xee, 0xef, 0xf0, 
0x41, 0xf0, 0xf0, 0xf0, 0xf0, 0x42, 0xf0, 0xf0, 0xf0, 0xf0, 0xf0, 0xf0, 0x17, 0xf0, 0x02, 0xf0, 0xf0, 0xf0, 0x02, 0xf0, 
0xf0, 0xf0, 0xf0, 0xf0, 0xa8, 0xf0, 0xf0, 0xf0, 0xf0, 0xf0, 0xf0, 0xf0, 0x02, 0xf0, 0x02, 0x88, 0xfe, 0xc0, 0x88, 0xfe, 
0xc1, 0x88, 0xfe, 0xc2, 0x88, 0xfe, 0xf0, 0xf0, 0xfe, 0x89, 0xfe, 0x8a, 0xfe, 0x8b, 0xfe, 0xc3, 0xfe, 0x89, 0xfe, 0x8a, 
0xfe, 0x8b, 0xfe, 0xc4, 0xfe, 0x89, 0xfe, 0x8a, 0xfe, 0x8b, 0xfe, 0xf0, 0xfe, 0x89, 0xfe, 0x8a, 0xfe, 0x8b, 0xfe, 0xf0, 
0xf0, 0x03, 0x88, 0xfe, 0xc0, 0x88, 0xfe, 0xc1, 0x88, 0xfe, 0xc2, 0xc5, 0xfe, 0xf0, 0xc5, 0xfe, 0x01, 0xfe, 0xf0, 0x0a, 
0xfe, 0x00, 0xfe, 0xf0, 0xfe, 0x89, 0xfe, 0x8a, 0xfe, 0x8b, 0xfe, 0xc3, 0xfe, 0x89, 0xfe, 0x8a, 0xfe, 0x8b, 0xfe, 0xc4, 
0xfe, 0x89, 0xfe, 0x8a, 0xfe, 0x8b, 0xfe, 0xf0, 0xf0, 0xfe, 0x01, 0xfe, 0xf0, 0xfe, 0xf0, 0xfe, 0xf0, 0x02, 0x12, 0xfe, 
0xf0, 0xfe, 0xf0, 0xfe, 0xf0, 0x88, 0xfe, 0xf0, 0xfe, 0xf0, 0xfe, 0xf0, 0xfe, 0x89, 0xfe, 0x8a, 0xfe, 0x8b, 0xfe, 0xf0, 
0xfe, 0x7f, 0xfe, 0xf0, 0xf0, 0x03, 0xf0, 0xfe, 0x00, 0x03, 0x14, 0x02, 0xa9, 0x02, 0xaa, 0x03, 0x06, 0x02, 0xab, 0x03, 
0x8f, 0xfe, 0xf0, 0xc6, 0xfe, 0xf0, 0xfe, 0xf0, 0x04, 0xfe, 0x00, 0x0c, 0xfe, 0x8d, 0x02, 0x8f, 0xfe, 0x94, 0x87, 0xfe, 
0x00, 0x04, 0xfe, 0x00, 0xfe, 0x95, 0xfe, 0x96, 0xfe, 0x97, 0xfe, 0x8c, 0x87, 0xfe, 0x00, 0x04, 0xfe, 0x00, 0x98, 0xfe, 
0x99, 0xfe, 0xc8, 0xfe, 0xc9, 0xfe, 0x01, 0xfe, 0x05, 0xfe, 0x01, 0xfe, 0x05, 0xfe, 0x9a, 0x02, 0x9b, 0xfe, 0x9c, 0x02, 
0x87, 0xfe, 0x01, 0xfe, 0x00, 0xfe, 0x0f, 0xfe, 0x00, 0xfe, 0x01, 0xfe, 0x00, 0xfe, 0x01, 0xfe, 0x9d, 0xfe, 0x9e, 0xfe, 
0x9f, 0x03, 0x06, 0x02, 0xfe, 0x01, 0xfe, 0x00, 0xfe, 0x01, 0xfe, 0x00, 0x03, 0x03, 0xfe, 0x01, 0xfe, 0x00, 0x03, 0x06, 
0x02, 0xfe, 0x8c, 0x03, 0xc6, 0xfe, 0xf0, 0xfe, 0xf0, 0x04, 0xfe, 0x00, 0x0c, 0xfe, 0x8d, 0x02, 0x0a, 0xfe, 0x01, 0xfe, 
0x13, 0xa0, 0xfe, 0xa1, 0x04, 0xfe, 0x01, 0xfe, 0x00, 0xfe, 0x0b, 0xfe, 0x08, 0xfe, 0x0e, 0xfe, 0x09, 0xfe, 0x0f, 0xfe, 
0x10, 0xfe, 0x01, 0xfe, 0x00, 0x03, 0x06, 0x02, 0xfe, 0x01, 0xfe, 0x00, 0x03, 0x04, 0xfe, 0x01, 0xfe, 0x00, 0xfe, 0x8e, 
0xfe, 0x92, 0x04, 0xfe, 0xac, 0xfe, 0x00, 0x07, 0xfe, 0x01, 0xfe, 0xad, 0x04, 0xfe, 0x00, 0x44, 0xfe, 0xae, 0x02, 0x04, 
0xfe, 0x01, 0xfe, 0x00, 0xfe, 0xaf, 0xfe, 0xb0, 0xfe, 0x01, 0xfe, 0x00, 0x03, 0x06, 0x02, 0xfe, 0x01, 0xfe, 0x00, 0x03, 
0x90, 0xfe, 0xb1, 0xfe, 0xb2, 0xfe, 0x93, 0x04, 0xfe, 0x01, 0xfe, 0x91, 0x04, 0xfe, 0x00, 0x0c, 0xfe, 0x8d, 0x02, 0x8f, 
0xfe, 0x94, 0x87, 0xfe, 0x00, 0x04, 0xfe, 0x00, 0xfe, 0x95, 0xfe, 0x96, 0xfe, 0x97, 0xfe, 0x8c, 0x87, 0xfe, 0x00, 0x04, 
0xfe, 0x00, 0x98, 0xfe, 0x99, 0xfe, 0xc8, 0xfe, 0xc9, 0xfe, 0x01, 0xfe, 0x05, 0xfe, 0x01, 0xfe, 0x05, 0xfe, 0x9a, 0x02, 
0x9b, 0xfe, 0x9c, 0x02, 0x87, 0xfe, 0x01, 0xfe, 0x00, 0xfe, 0x0f, 0xfe, 0x00, 0xfe, 0x01, 0xfe, 0x00, 0xfe, 0x01, 0xfe, 
0x9d, 0xfe, 0x9e, 0xfe, 0x9f, 0x03, 0x06, 0x02, 0xfe, 0x01, 0xfe, 0x00, 0xfe, 0x01, 0xfe, 0x00, 0x03, 0x03, 0xfe, 0x01, 
0xfe, 0x00, 0x03, 0x06, 0x02, 0xfe, 0x8c, 0x03, 0x04, 0xfe, 0x00, 0x0c, 0xfe, 0x8d, 0x02, 0x0a, 0xfe, 0x01, 0xfe, 0x13, 
0xa0, 0xfe, 0xa1, 0x04, 0xfe, 0x00, 0xfe, 0x0b, 0xfe, 0x08, 0xfe, 0x0e, 0xfe, 0x09, 0xfe, 0x01, 0xfe, 0x00, 0x03, 0x06, 
0x02, 0xfe, 0x01, 0xfe, 0x00, 0x03, 0x12, 0xfe, 0x43, 0xfe, 0xb3, 0xfe, 0x0b, 0xfe, 0x08, 0xfe, 0x0e, 0xfe, 0x09, 0x90, 
0xfe, 0xb4, 0xfe, 0x05, 0xfe, 0xb5, 0x04, 0xfe, 0x01, 0xfe, 0x91, 0x04, 0xfe, 0x01, 0xfe, 0xf0, 0xb6, 0xfe, 0x00, 0x0a, 
0xfe, 0x01, 0xfe, 0x13, 0xb7, 0xfe, 0x08, 0xb8, 0xfe, 0x09, 0xb9, 0xfe, 0x10, 0x04, 0xfe, 0x00, 0x0c, 0xfe, 0x8d, 0x02, 
0x8f, 0xfe, 0x94, 0x87, 0xfe, 0x00, 0x04, 0xfe, 0x00, 0xfe, 0x95, 0xfe, 0x96, 0xfe, 0x97, 0xfe, 0x8c, 0x87, 0xfe, 0x00, 
0x04, 0xfe, 0x00, 0x98, 0xfe, 0x99, 0xfe, 0xc8, 0xfe, 0xc9, 0xfe, 0x01, 0xfe, 0x05, 0xfe, 0x01, 0xfe, 0x05, 0xfe, 0x9a, 
0x02, 0x9b, 0xfe, 0x9c, 0x02, 0x87, 0xfe, 0x01, 0xfe, 0x00, 0xfe, 0x0f, 0xfe, 0x00, 0xfe, 0x01, 0xfe, 0x00, 0xfe, 0x01, 
0xfe, 0x9d, 0xfe, 0x9e, 0xfe, 0x9f, 0x03, 0x06, 0x02, 0xfe, 0x01, 0xfe, 0x00, 0xfe, 0x01, 0xfe, 0x00, 0x03, 0x03, 0xfe, 
0x01, 0xfe, 0x00, 0x03, 0x06, 0x02, 0xfe, 0x8c, 0x03, 0x04, 0xfe, 0x00, 0x0c, 0xfe, 0x8d, 0x02, 0x0a, 0xfe, 0x01, 0xfe, 
0x13, 0xa0, 0xfe, 0xa1, 0x04, 0xfe, 0x01, 0xfe, 0x00, 0xfe, 0x0b, 0xfe, 0x08, 0xfe, 0x0e, 0xfe, 0x09, 0xfe, 0x0f, 0xfe, 
0x10, 0xfe, 0x01, 0xfe, 0x00, 0x03, 0x06, 0x02, 0xfe, 0x01, 0xfe, 0x00, 0x03, 0x04, 0xfe, 0x01, 0xfe, 0x00, 0xfe, 0x8e, 
0xfe, 0x92, 0xf0, 0xfe, 0x05, 0xfe, 0xf0, 0xba, 0xfe, 0x00, 0x8f, 0xfe, 0xf0, 0x07, 0xfe, 0xf0, 0x07, 0xfe, 0xf0, 0xfe, 
0x00, 0x07, 0xfe, 0x01, 0xfe, 0xbe, 0xfe, 0x18, 0xfe, 0x0b, 0xfe, 0xf0, 0xfe, 0x18, 0xfe, 0x0b, 0xfe, 0xf0, 0xfe, 0xf0, 
0xfe, 0x15, 0xfe, 0xbf, 0xf0, 0xfe, 0xf0, 0xfe, 0x15, 0xfe, 0xbf, 0xf0, 0xfe, 0xf0, 0xfe, 0xbe, 0xfe, 0xf0, 0xfe, 0x93, 
0xfe, 0x8e, 0xfe, 0xbb, 0xfe, 0xbc, 0xbd, 0xfe, 0x00, 0xf0, 0xfe, 0x00, 0x03, 0x4a, 0x1c, 0x1d, 0x1e, 0x1f, 0x20, 0x21, 
0x0e, 0x0f, 0x10, 0x00, 0x01, 0x02, 0x03, 0x04, 0x05, 0x06, 0x07, 0x08, 0x09, 0x0a, 0x22, 0x23, 0x24, 0x25, 0x4c, 0x26, 
0x4d, 0x27, 0x4e, 0x28, 0x29, 0x0b, 0x0c, 0x58, 0x0d, 0x2a, 0x2b, 0x2c, 0x2d, 0x2e, 0x2f, 0x30, 0x31, 0x32, 0x33, 0x34, 
0x35, 0x36, 0x37, 0x38, 0x39, 0x3a, 0x3b, 0x3c, 0x3d, 0x3e, 0x3f, 0x40, 0x41, 0x42, 0x51, 0x43, 0x52, 0x43, 0x53, 0x48, 
0x5b, 0x5c, 0x11, 0x12, 0x13, 0x14, 0x15, 0x16, 0x17, 0x18, 0x19, 0x1a, 0x1b, 0x54, 0x7d, 0x88, 0x03, 0x9c, 0x03, 0xb1, 
0x03, 0xc5, 0x03, 0x88, 0x03, 0x88, 0x03, 0x88, 0x03, 0x88, 0x03, 0x9c, 0x03, 0x9c, 0x03, 0x9c, 0x03, 0x9c, 0x03, 0xb1, 
0x03, 0xb1, 0x03, 0xb1, 0x03, 0xb1, 0x03, 0xc5, 0x03, 0xc5, 0x03, 0xc5, 0x03, 0xc5, 0x03, 0xda, 0x03, 0xee, 0x03, 0x83, 
0x04, 0x95, 0x04, 0x98, 0x04, 0x95, 0x04, 0x9a, 0x04, 0x9a, 0x04, 0xda, 0x03, 0xda, 0x03, 0xda, 0x03, 0xda, 0x03, 0xee, 
0x03, 0xee, 0x03, 0xee, 0x03, 0xee, 0x03, 0x83, 0x04, 0x83, 0x04, 0x83, 0x04, 0x83, 0x04, 0x9d, 0x04, 0x95, 0x04, 0x9d, 
0x04, 0x98, 0x04, 0xa9, 0x04, 0x9d, 0x04, 0x9d, 0x04, 0xaf, 0x04, 0xa9, 0x04, 0x9a, 0x04, 0xaf, 0x04, 0xaf, 0x04, 0xaf, 
0x04, 0xaf, 0x04, 0xa9, 0x04, 0x9d, 0x04, 0x9a, 0x04, 0x8a, 0x01, 0x93, 0x01, 0x8a, 0x01, 0xb2, 0x01, 0x93, 0x01, 0x99, 
0x01, 0x9e, 0x01, 0xa1, 0x01, 0x9e, 0x01, 0x99, 0x01, 0x99, 0x01, 0xa1, 0x01, 0x9f, 0x01, 0xa2, 0x01, 0xa3, 0x01, 0xa3, 
0x01, 0x8a, 0x01, 0x9e, 0x01, 0x9f, 0x01, 0xa1, 0x01, 0xa2, 0x01, 0xa3, 0x01, 0xa3, 0x01, 0xac, 0x01, 0x9e, 0x01, 0xac, 
0x01, 0xa3, 0x01, 0x9f, 0x01, 0xac, 0x01, 0xa2, 0x01, 0xa1, 0x01, 0xac, 0x01, 0xa3, 0x01, 0x9f, 0x01, 0x9e, 0x01, 0xa2, 
0x01, 0xa1, 0x01, 0xb2, 0x01, 0xa1, 0x01, 0xb2, 0x01, 0xb4, 0x01, 0x8a, 0x01, 0xc2, 0x01, 0xb4, 0x01, 0x81, 0x01, 0xb2, 
0x01, 0x81, 0x01, 0xbd, 0x01, 0xb2, 0x01, 0xbd, 0x01, 0x81, 0x01, 0xbd, 0x01, 0x81, 0x01, 0xbd, 0x01, 0x81, 0x01, 0xc2, 
0x01, 0xbd, 0x01, 0xc2, 0x01, 0xb2, 0x01, 0xc6, 0x01, 0xc2, 0x01, 0xc6, 0x01, 0xc2, 0x01, 0xc7, 0x01, 0xc6, 0x01, 0xc8, 
0x01, 0xc7, 0x01, 0xd0, 0x01, 0xc8, 0x01, 0xcf, 0x01, 0xc7, 0x01, 0xcf, 0x01, 0xc8, 0x01, 0xd0, 0x01, 0xcf, 0x01, 0xd0, 
0x01, 0xc7, 0x01, 0xd4, 0x01, 0xd0, 0x01, 0xd0, 0x01, 0xd5, 0x01, 0xd4, 0x01, 0xf5, 0x01, 0x93, 0x01, 0xdc, 0x01, 0xe1, 
0x01, 0xe4, 0x01, 0xe1, 0x01, 0xdc, 0x01, 0xdc, 0x01, 0xe4, 0x01, 0xe2, 0x01, 0xe5, 0x01, 0xe6, 0x01, 0xe6, 0x01, 0x8a, 
0x01, 0xe1, 0x01, 0xe2, 0x01, 0xe4, 0x01, 0xe5, 0x01, 0xe6, 0x01, 0xe6, 0x01, 0xef, 0x01, 0xe1, 0x01, 0xef, 0x01, 0xe6, 
0x01, 0xe2, 0x01, 0xef, 0x01, 0xe5, 0x01, 0xe4, 0x01, 0xef, 0x01, 0xe6, 0x01, 0xe2, 0x01, 0xe1, 0x01, 0xe5, 0x01, 0xe4, 
0x01, 0xf5, 0x01, 0xe4, 0x01, 0xf5, 0x01, 0x81, 0x02, 0xb4, 0x01, 0x80, 0x01, 0xf5, 0x01, 0x80, 0x01, 0xfe, 0x01, 0xfe, 
0x01, 0x80, 0x01, 0xfe, 0x01, 0x80, 0x01, 0x81, 0x02, 0xfe, 0x01, 0x81, 0x02, 0xf5, 0x01, 0x84, 0x02, 0x81, 0x02, 0xd5, 
0x01, 0x84, 0x02, 0xd5, 0x01, 0x84, 0x02, 0x89, 0x02, 0xd5, 0x01, 0xd4, 0x01, 0x8a, 0x02, 0x89, 0x02, 0x8b, 0x02, 0x89, 
0x02, 0x8a, 0x02, 0x8c, 0x02, 0x8b, 0x02, 0x8c, 0x02, 0x8c, 0x02, 0x8c, 0x02, 0xb1, 0x02, 0x93, 0x01, 0x98, 0x02, 0x9d, 
0x02, 0xa0, 0x02, 0x9d, 0x02, 0x98, 0x02, 0x98, 0x02, 0xa0, 0x02, 0x9e, 0x02, 0xa1, 0x02, 0xa2, 0x02, 0xa2, 0x02, 0x8a, 
0x01, 0x9d, 0x02, 0x9e, 0x02, 0xa0, 0x02, 0xa1, 0x02, 0xa2, 0x02, 0xa2, 0x02, 0xab, 0x02, 0x9d, 0x02, 0xab, 0x02, 0xa2, 
0x02, 0x9e, 0x02, 0xab, 0x02, 0xa1, 0x02, 0xa0, 0x02, 0xab, 0x02, 0xa2, 0x02, 0x9e, 0x02, 0x9d, 0x02, 0xa1, 0x02, 0xa0, 
0x02, 0xb1, 0x02, 0xa0, 0x02, 0xb1, 0x02, 0xbf, 0x02, 0xb4, 0x01, 0x7f, 0xb1, 0x02, 0x7f, 0xba, 0x02, 0xb1, 0x02, 0xba, 
0x02, 0x7f, 0xba, 0x02, 0x7f, 0xba, 0x02, 0x7f, 0xbf, 0x02, 0xba, 0x02, 0xbf, 0x02, 0xb1, 0x02, 0xc3, 0x02, 0xbf, 0x02, 
0xc3, 0x02, 0xbf, 0x02, 0x8a, 0x02, 0x8b, 0x02, 0xc3, 0x02, 0xd5, 0x02, 0xd6, 0x02, 0xd7, 0x02, 0xd6, 0x02, 0xdb, 0x02, 
0xd7, 0x02, 0xd5, 0x02, 0xc3, 0x02, 0xc3, 0x02, 0xd6, 0x02, 0xc3, 0x02, 0xc3, 0x02, 0xd7, 0x02, 0xdb, 0x02, 0xc3, 0x02, 
0xc3, 0x02, 0xdb, 0x02, 0xc3, 0x02, 0xc3, 0x02, 0xd7, 0x02, 0xd5, 0x02, 0xc3, 0x02, 0xc3, 0x02, 0xc3, 0x02, 0xc3, 0x02, 
0xc3, 0x02, 0x8a, 0x01, 0x8b, 0x09, 0x00, 0x00, 0xe7, 0x00, 0x00, 0x00, 0x04, 0x00, 0x00, 0x00, 0xe7, 0x00, 0x00, 0x00, 
0x58, 0x00, 0x00, 0x00, 0x76, 0x77, 0xa2, 0x02, 0xa3, 0xa4, 0x0d, 0xa5, 0xa6, 0x11, 0xa7, 0x16, 0x02, 0x19, 0x1a, 0x1b, 
0x1c, 0x1d, 0x1e, 0x1f, 0x20, 0x21, 0x22, 0x23, 0x24, 0x25, 0x26, 0x27, 0x28, 0x29, 0x45, 0x46, 0x47, 0x2a, 0x2b, 0x2c, 
0x2d, 0x48, 0x49, 0x4a, 0x4b, 0x4c, 0x4d, 0x4e, 0x4f, 0x50, 0x51, 0x52, 0x53, 0x54, 0x55, 0x56, 0x2e, 0x57, 0x58, 0x59, 
0x2f, 0x5a, 0x5b, 0x30, 0x5c, 0x5d, 0x31, 0x5e, 0x5f, 0x32, 0x60, 0x33, 0x61, 0x62, 0x34, 0x35, 0x63, 0x36, 0x37, 0x38, 
0x64, 0x65, 0x39, 0x66, 0x3a, 0x3b, 0x3c, 0x3d, 0x3e, 0x3f, 0x40, 0x67, 0x68, 0x69, 0x6a, 0x41, 0x6b, 0x6c, 0x6d, 0x6e, 
0x42, 0x6f, 0x70, 0x71, 0x72, 0x73, 0x74, 0x17, 0xa8, 0xf0, 0xf0, 0xf0, 0xf0, 0x14, 0x02, 0xa9, 0x02, 0xaa, 0x03, 0x06, 
0x02, 0xab, 0x03, 0x04, 0xfe, 0x8c, 0x04, 0xfe, 0x01, 0xfe, 0x00, 0xfe, 0x8e, 0xfe, 0x92, 0x04, 0xfe, 0xac, 0xfe, 0x00, 
0x07, 0xfe, 0x01, 0xfe, 0xad, 0x04, 0xfe, 0x00, 0x44, 0xfe, 0xae, 0x02, 0x04, 0xfe, 0x01, 0xfe, 0x00, 0xfe, 0xaf, 0xfe, 
0xb0, 0xfe, 0x01, 0xfe, 0x00, 0x03, 0x06, 0x02, 0xfe, 0x01, 0xfe, 0x00, 0x03, 0x90, 0xfe, 0xb1, 0xfe, 0xb2, 0xfe, 0x93, 
0x04, 0xfe, 0x01, 0xfe, 0x91, 0x12, 0xfe, 0x43, 0xfe, 0xb3, 0xfe, 0x0b, 0xfe, 0x08, 0xfe, 0x0e, 0xfe, 0x09, 0x90, 0xfe, 
0xb4, 0xfe, 0x05, 0xfe, 0xb5, 0xb6, 0xfe, 0x91, 0x0a, 0xfe, 0x01, 0xfe, 0xca, 0xb7, 0xfe, 0x08, 0xb8, 0xfe, 0x09, 0xb9, 
0xfe, 0x10, 0xba, 0xfe, 0x00, 0xfe, 0x8e, 0xfe, 0xbb, 0xfe, 0xbc, 0xbd, 0xfe, 0x00, 0x03, 0x44, 0x45, 0x49, 0x46, 0xc8, 
0x62, 0xb8, 0x51, 0xc8, 0x62, 0xb8, 0x51, 0xc8, 0x62, 0xde, 0x7a, 0xb8, 0x51, 0xbb, 0x6e, 0xde, 0x7a, 0xe5, 0x8f, 0xbb, 
0x6e, 0xda, 0x49, 0xde, 0x7a, 0xda, 0x49, 0xbb, 0x6e, 0xe5, 0x8f, 0xda, 0x49, 0xe5, 0x8f, 0xde, 0x7a, 0x81, 0x71, 0xe5, 
0x8f, 0xe5, 0x8f, 0xf9, 0x75, 0x81, 0x71, 0xf4, 0xac, 0xc8, 0x62, 0xf9, 0x75, 0xf4, 0xac, 0xf9, 0x75, 0xf4, 0xac, 0xbb, 
0x47, 0xf9, 0x75, 0x81, 0x71, 0xbb, 0x47, 0x9f, 0x96, 0xbb, 0x47, 0x9f, 0x96, 0x9f, 0x96, 0x9f, 0x96, 0xb8, 0x51, 0xb8, 
0x51, 0xb8, 0x51, 0xb8, 0x51, 0xb8, 0x51, 0xec, 0x0d, 0x00, 0x00, 0x7f, 0x01, 0x00, 0x00, 0x02, 0x00, 0x00, 0x00, 0x7f, 
0x01, 0x00, 0x00, 0xcd, 0x00, 0x00, 0x00, 0x76, 0x77, 0x97, 0x02, 0x98, 0x99, 0x9a, 0x9b, 0x9c, 0x9d, 0x0d, 0x04, 0xfe, 
0x00, 0x07, 0xfe, 0x00, 0x0a, 0xfe, 0x00, 0x0a, 0xfe, 0x00, 0x07, 0xfe, 0x00, 0x16, 0x02, 0x19, 0x1a, 0x1b, 0x1c, 0x1d, 
0x1e, 0x1f, 0x20, 0x21, 0x22, 0x23, 0x24, 0x25, 0x26, 0x27, 0x28, 0x29, 0x45, 0x46, 0x47, 0x2a, 0x2b, 0x2c, 0x2d, 0x48, 
0x49, 0x4a, 0x4b, 0x4c, 0x4d, 0x4e, 0x4f, 0x50, 0x51, 0x52, 0x53, 0x54, 0x55, 0x56, 0x2e, 0x57, 0x58, 0x59, 0x2f, 0x5a, 
0x5b, 0x30, 0x5c, 0x5d, 0x31, 0x5e, 0x5f, 0x32, 0x60, 0x33, 0x61, 0x62, 0x34, 0x35, 0x63, 0x36, 0x37, 0x38, 0x64, 0x65, 
0x39, 0x66, 0x3a, 0x3b, 0x3c, 0x3d, 0x3e, 0x3f, 0x40, 0x67, 0x68, 0x69, 0x6a, 0x41, 0x6b, 0x6c, 0x6d, 0x6e, 0x42, 0x6f, 
0x70, 0x71, 0x72, 0x73, 0x74, 0x17, 0x9e, 0x02, 0x9f, 0xa0, 0xa1, 0xa2, 0xa3, 0xed, 0xee, 0xef, 0x92, 0x14, 0x02, 0x04, 
0xfe, 0xa4, 0xfe, 0x05, 0xfe, 0x05, 0xfe, 0x05, 0xfe, 0x8c, 0x04, 0xfe, 0xf0, 0x07, 0xfe, 0x01, 0xfe, 0x08, 0x12, 0xfe, 
0xa5, 0x07, 0xfe, 0x01, 0xfe, 0x08, 0x07, 0xfe, 0x8d, 0xfe, 0x00, 0x04, 0xfe, 0x8b, 0xfe, 0x8e, 0x07, 0xfe, 0x01, 0xfe, 
0x08, 0x04, 0xfe, 0x8b, 0xfe, 0x8e, 0x07, 0xfe, 0x01, 0xfe, 0x08, 0x07, 0xfe, 0x01, 0xfe, 0x09, 0x04, 0xfe, 0xb6, 0xfe, 
0x87, 0x07, 0xfe, 0x01, 0xfe, 0x08, 0x07, 0xfe, 0x8d, 0xfe, 0x00, 0x04, 0xfe, 0xb6, 0xfe, 0x87, 0x07, 0xfe, 0x01, 0xfe, 
0x08, 0x04, 0xfe, 0x8b, 0xfe, 0x05, 0xfe, 0x87, 0x07, 0xfe, 0x01, 0xfe, 0x08, 0x04, 0xfe, 0x8b, 0xfe, 0x05, 0xfe, 0x87, 
0x07, 0xfe, 0x01, 0xfe, 0x08, 0x04, 0xfe, 0x8b, 0xfe, 0x05, 0xfe, 0x87, 0x07, 0xfe, 0x01, 0xfe, 0x08, 0x04, 0xfe, 0x8b, 
0xfe, 0x05, 0xfe, 0x87, 0x07, 0xfe, 0x01, 0xfe, 0x08, 0x07, 0xfe, 0xa7, 0xfe, 0x05, 0xfe, 0x8f, 0xfe, 0x05, 0xfe, 0xa8, 
0xfe, 0x05, 0xfe, 0x8f, 0xfe, 0x05, 0xfe, 0x94, 0x04, 0xfe, 0x00, 0xa9, 0x02, 0x04, 0xfe, 0x01, 0xfe, 0x00, 0xfe, 0xaa, 
0xfe, 0xab, 0xfe, 0xac, 0xfe, 0xad, 0xfe, 0x15, 0xfe, 0x05, 0xfe, 0xae, 0xfe, 0x05, 0xfe, 0x90, 0xfe, 0x05, 0xfe, 0xaf, 
0xfe, 0x05, 0xfe, 0x90, 0xfe, 0x05, 0xfe, 0xb0, 0xfe, 0x01, 0xfe, 0x00, 0x03, 0x06, 0x02, 0x0a, 0xfe, 0xf0, 0xfe, 0x15, 
0xfe, 0xb1, 0x04, 0xfe, 0x01, 0xfe, 0x00, 0xfe, 0x0b, 0xfe, 0x08, 0xfe, 0x0e, 0xfe, 0x09, 0xfe, 0x0f, 0xfe, 0x10, 0xfe, 
0xb2, 0xfe, 0x01, 0xfe, 0x00, 0x03, 0xb3, 0xfe, 0x05, 0xfe, 0x05, 0xfe, 0x05, 0xfe, 0x05, 0xfe, 0x05, 0xfe, 0xb4, 0xfe, 
0x05, 0xfe, 0x05, 0xfe, 0x05, 0xfe, 0x05, 0xfe, 0x8c, 0x03, 0x00, 0x01, 0x02, 0x03, 0x04, 0x05, 0x06, 0xb3, 0x3f, 0x06, 
0x06, 0x06, 0x05, 0xc0, 0x32, 0xe7, 0x59, 0xc0, 0x32, 0xc3, 0x61, 0xd6, 0x91, 0xc3, 0x61, 0x9d, 0xb1, 0xd6, 0x91, 0xb6, 
0x56, 0x9d, 0xb1, 0xaf, 0xad, 0xb6, 0x56, 0xb7, 0x56, 0xd6, 0x91, 0xc2, 0xad, 0xb7, 0x56, 0x82, 0xa0, 0xc3, 0x61, 0xb8, 
0x56, 0x82, 0xa0, 0xac, 0xb4, 0xb8, 0x56, 0xc0, 0xc3, 0x82, 0xa0, 0xb9, 0x56, 0xc0, 0xc3, 0xb0, 0xad, 0xb9, 0x56, 0xba, 
0x56, 0x9d, 0xb1, 0x82, 0xa0, 0xb1, 0xad, 0xba, 0x56, 0xbb, 0x56, 0xd6, 0x91, 0x82, 0xa0, 0xb2, 0xad, 0xbb, 0x56, 0xbc, 
0x56, 0x9d, 0xb1, 0xc0, 0xc3, 0xb3, 0xad, 0xbc, 0x56, 0xbb, 0x4f, 0xd6, 0x91, 0xc0, 0xc3, 0xc0, 0x65, 0xbb, 0x4f, 0xae, 
0x55, 0xaf, 0xad, 0xc2, 0xad, 0xac, 0xb4, 0xb0, 0xad, 0xb1, 0xad, 0xb2, 0xad, 0xb3, 0xad, 0xc0, 0x65, 0xfd, 0x88, 0xb9, 
0x38, 0xb3, 0x3f, 0xb9, 0x38, 0xb9, 0x38, 0xb9, 0x38, 0xb9, 0x38, 0xe7, 0x59, 0xae, 0x55, 0xe7, 0x59, 0xaf, 0xad, 0xc2, 
0xad, 0xac, 0xb4, 0xb0, 0xad, 0xb1, 0xad, 0xb2, 0xad, 0xb3, 0xad, 0xc0, 0x65, 0xfd, 0x88, 0xb9, 0x38, 0xbe, 0xb5, 0xe7, 
0x59, 0xae, 0x55, 0x89, 0x7c, 0xb3, 0x3f, 0x89, 0x7c, 0xbe, 0xb5, 0x89, 0x7c, 0xbe, 0xb5, 0x89, 0x7c, 0xbe, 0xb5, 0x89, 
0x7c, 0xfd, 0x88, 0x89, 0x7c, 0xfd, 0x88, 0x02, 0x03, 0x03, 0x03, 0x04, 0x02, 0x03, 0x03, 0x03, 0x04, 0xba, 0x0b, 0x00, 
0x00, 0x1e, 0x01, 0x00, 0x00, 0x13, 0x00, 0x00, 0x00, 0x1e, 0x01, 0x00, 0x00, 0x84, 0x00, 0x00, 0x00, 0x76, 0x77, 0xa2, 
0x02, 0xa3, 0xa4, 0x0d, 0xa5, 0xa6, 0x11, 0xa7, 0xf0, 0xf0, 0x11, 0xf0, 0x16, 0x02, 0x19, 0x1a, 0x1b, 0x1c, 0x1d, 0x1e, 
0x1f, 0x20, 0x21, 0x22, 0x23, 0x24, 0x25, 0x26, 0x27, 0x28, 0x29, 0x45, 0x46, 0x47, 0x2a, 0x2b, 0x2c, 0x2d, 0x48, 0x49, 
0x4a, 0x4b, 0x4c, 0x4d, 0x4e, 0x4f, 0x50, 0x51, 0x52, 0x53, 0x54, 0x55, 0x56, 0x2e, 0x57, 0x58, 0x59, 0x2f, 0x5a, 0x5b, 
0x30, 0x5c, 0x5d, 0x31, 0x5e, 0x5f, 0x32, 0x60, 0x33, 0x61, 0x62, 0x34, 0x35, 0x63, 0x36, 0x37, 0x38, 0x64, 0x65, 0x39, 
0x66, 0x3a, 0x3b, 0x3c, 0x3d, 0x3e, 0x3f, 0x40, 0x67, 0x68, 0x69, 0x6a, 0x41, 0x6b, 0x6c, 0x6d, 0x6e, 0x42, 0x6f, 0x70, 
0x71, 0x72, 0x73, 0x74, 0x17, 0xa8, 0xf0, 0xf0, 0xf0, 0xf0, 0x14, 0x02, 0xa9, 0x02, 0xaa, 0x03, 0x06, 0x02, 0xab, 0x03, 
0x04, 0xfe, 0x8c, 0x04, 0xfe, 0x01, 0xfe, 0x00, 0xfe, 0x8e, 0xfe, 0x92, 0x04, 0xfe, 0xac, 0xfe, 0x00, 0x07, 0xfe, 0x01, 
0xfe, 0xad, 0x04, 0xfe, 0x00, 0x44, 0xfe, 0xae, 0x02, 0x04, 0xfe, 0x01, 0xfe, 0x00, 0xfe, 0xaf, 0xfe, 0xb0, 0xfe, 0x01, 
0xfe, 0x00, 0x03, 0x06, 0x02, 0xfe, 0x01, 0xfe, 0x00, 0x03, 0x90, 0xfe, 0xb1, 0xfe, 0xb2, 0xfe, 0x93, 0x04, 0xfe, 0x01, 
0xfe, 0x91, 0x12, 0xfe, 0x43, 0xfe, 0xb3, 0xfe, 0x0b, 0xfe, 0x08, 0xfe, 0x0e, 0xfe, 0x09, 0x90, 0xfe, 0xb4, 0xfe, 0x05, 
0xfe, 0xb5, 0xb6, 0xfe, 0x91, 0x0a, 0xfe, 0x01, 0xfe, 0xca, 0xb7, 0xfe, 0x08, 0xb8, 0xfe, 0x09, 0xb9, 0xfe, 0x10, 0xba, 
0xfe, 0x00, 0x8f, 0xfe, 0xf0, 0x07, 0xfe, 0xf0, 0x07, 0xfe, 0xf0, 0xfe, 0x00, 0x07, 0xfe, 0x01, 0xfe, 0xbe, 0xfe, 0x18, 
0xfe, 0x0b, 0xfe, 0xf0, 0xfe, 0x18, 0xfe, 0x0b, 0xfe, 0xf0, 0xfe, 0xf0, 0xfe, 0x15, 0xfe, 0xbf, 0xf0, 0xfe, 0xf0, 0xfe, 
0x15, 0xfe, 0xbf, 0xf0, 0xfe, 0xf0, 0xfe, 0xbe, 0xfe, 0xf0, 0xfe, 0x93, 0xfe, 0x8e, 0xfe, 0xbb, 0xfe, 0xbc, 0xbd, 0xfe, 
0x00, 0xf0, 0x03, 0x0e, 0x0f, 0x10, 0x44, 0x45, 0x49, 0x46, 0x11, 0x12, 0x13, 0x14, 0x15, 0x16, 0x17, 0x18, 0x19, 0x1a, 
0x1b, 0x4b, 0xc8, 0x62, 0xb8, 0x51, 0xc8, 0x62, 0xb8, 0x51, 0xc8, 0x62, 0xde, 0x7a, 0xb8, 0x51, 0xbb, 0x6e, 0xde, 0x7a, 
0xe5, 0x8f, 0xbb, 0x6e, 0xda, 0x49, 0xde, 0x7a, 0xda, 0x49, 0xbb, 0x6e, 0xe5, 0x8f, 0xda, 0x49, 0xe5, 0x8f, 0xde, 0x7a, 
0x81, 0x71, 0xe5, 0x8f, 0xe5, 0x8f, 0xf9, 0x75, 0x81, 0x71, 0xf4, 0xac, 0xc8, 0x62, 0xf9, 0x75, 0xf4, 0xac, 0xf9, 0x75, 
0xf4, 0xac, 0xbb, 0x47, 0xf9, 0x75, 0x81, 0x71, 0xbb, 0x47, 0x9f, 0x96, 0xbb, 0x47, 0x9f, 0x96, 0x9f, 0x96, 0x9f, 0x96, 
0xb8, 0x51, 0xbb, 0x57, 0xc6, 0x6e, 0xa5, 0x92, 0xc6, 0x6e, 0xa1, 0xbb, 0xa5, 0x92, 0xbb, 0x57, 0xb8, 0x51, 0xb8, 0x51, 
0xc6, 0x6e, 0xb8, 0x51, 0xb8, 0x51, 0xa5, 0x92, 0xa1, 0xbb, 0xb8, 0x51, 0xb8, 0x51, 0xa1, 0xbb, 0xb8, 0x51, 0xb8, 0x51, 
0xa5, 0x92, 0xbb, 0x57, 0xb8, 0x51, 0xb8, 0x51, 0xb8, 0x51, 0xb8, 0x51, 0xb8, 0x51, 0xd6, 0x1c, 0x00, 0x00, 0x42, 0x03, 
0x00, 0x00, 0x30, 0x00, 0x00, 0x00, 0x42, 0x03, 0x00, 0x00, 0x0d, 0x02, 0x00, 0x00, 0x76, 0x77, 0xa2, 0x02, 0xa3, 0xa4, 
0x0d, 0x78, 0x02, 0x80, 0x81, 0x82, 0x83, 0x84, 0x85, 0x86, 0x0d, 0x79, 0x7a, 0x11, 0x7b, 0xf0, 0x02, 0xf0, 0xf0, 0xf0, 
0x0d, 0xf0, 0x02, 0xf0, 0x0d, 0xa5, 0xa6, 0x11, 0xa7, 0x04, 0xfe, 0x00, 0x7c, 0x02, 0x7d, 0x7e, 0x16, 0x02, 0x19, 0x1a, 
0x1b, 0x1c, 0x1d, 0x1e, 0x1f, 0x20, 0x21, 0x22, 0x23, 0x24, 0x25, 0x26, 0x27, 0x28, 0x29, 0x45, 0x46, 0x47, 0x2a, 0x2b, 
0x2c, 0x2d, 0x48, 0x49, 0x4a, 0x4b, 0x4c, 0x4d, 0x4e, 0x4f, 0x50, 0x51, 0x52, 0x53, 0x54, 0x55, 0x56, 0x2e, 0x57, 0x58, 
0x59, 0x2f, 0x5a, 0x5b, 0x30, 0x5c, 0x5d, 0x31, 0x5e, 0x5f, 0x32, 0x60, 0x33, 0x61, 0x62, 0x34, 0x35, 0x63, 0x36, 0x37, 
0x38, 0x64, 0x65, 0x39, 0x66, 0x3a, 0x3b, 0x3c, 0x3d, 0x3e, 0x3f, 0x40, 0x67, 0x68, 0x69, 0x6a, 0x41, 0x6b, 0x6c, 0x6d, 
0x6e, 0x42, 0x6f, 0x70, 0x71, 0x72, 0x73, 0x74, 0x17, 0xf0, 0x02, 0xf0, 0xf0, 0xf0, 0x02, 0xf0, 0xf0, 0xf0, 0xf0, 0xf0, 
0xa8, 0xf0, 0xf0, 0xf0, 0xf0, 0xf0, 0xf0, 0xf0, 0x02, 0xf0, 0x02, 0x88, 0xfe, 0xc0, 0x88, 0xfe, 0xc1, 0x88, 0xfe, 0xc2, 
0x88, 0xfe, 0xf0, 0xf0, 0xfe, 0x89, 0xfe, 0x8a, 0xfe, 0x8b, 0xfe, 0xc3, 0xfe, 0x89, 0xfe, 0x8a, 0xfe, 0x8b, 0xfe, 0xc4, 
0xfe, 0x89, 0xfe, 0x8a, 0xfe, 0x8b, 0xfe, 0xf0, 0xfe, 0x89, 0xfe, 0x8a, 0xfe, 0x8b, 0xfe, 0xf0, 0xf0, 0x03, 0x88, 0xfe, 
0xc0, 0x88, 0xfe, 0xc1, 0x88, 0xfe, 0xc2, 0xc5, 0xfe, 0xf0, 0xc5, 0xfe, 0x01, 0xfe, 0xf0, 0x0a, 0xfe, 0x00, 0xfe, 0xf0, 
0xfe, 0x89, 0xfe, 0x8a, 0xfe, 0x8b, 0xfe, 0xc3, 0xfe, 0x89, 0xfe, 0x8a, 0xfe, 0x8b, 0xfe, 0xc4, 0xfe, 0x89, 0xfe, 0x8a, 
0xfe, 0x8b, 0xfe, 0xf0, 0xf0, 0xfe, 0x01, 0xfe, 0xf0, 0xfe, 0xf0, 0xfe, 0xf0, 0x02, 0x12, 0xfe, 0xf0, 0xfe, 0xf0, 0xfe, 
0xf0, 0x88, 0xfe, 0xf0, 0xfe, 0xf0, 0xfe, 0xf0, 0xfe, 0x89, 0xfe, 0x8a, 0xfe, 0x8b, 0xfe, 0xf0, 0xfe, 0x7f, 0xfe, 0xf0, 
0xf0, 0x03, 0xf0, 0xfe, 0x00, 0x03, 0x14, 0x02, 0xa9, 0x02, 0xaa, 0x03, 0x06, 0x02, 0xab, 0x03, 0xc6, 0xfe, 0xf0, 0x04, 
0xfe, 0x00, 0x0c, 0xfe, 0x8d, 0x02, 0x8f, 0xfe, 0x94, 0x87, 0xfe, 0x00, 0x04, 0xfe, 0x00, 0xfe, 0x95, 0xfe, 0x96, 0xfe, 
0x97, 0xfe, 0x8c, 0x87, 0xfe, 0x00, 0x04, 0xfe, 0x00, 0x98, 0xfe, 0x99, 0xfe, 0xc7, 0xfe, 0x01, 0xfe, 0x05, 0xfe, 0x01, 
0xfe, 0x05, 0xfe, 0x9a, 0x02, 0x9b, 0xfe, 0x9c, 0x02, 0x87, 0xfe, 0x01, 0xfe, 0x00, 0xfe, 0x0f, 0xfe, 0x00, 0xfe, 0x01, 
0xfe, 0x00, 0xfe, 0x01, 0xfe, 0x9d, 0xfe, 0x9e, 0xfe, 0x9f, 0x03, 0x06, 0x02, 0xfe, 0x01, 0xfe, 0x00, 0xfe, 0x01, 0xfe, 
0x00, 0x03, 0x03, 0xfe, 0x01, 0xfe, 0x00, 0x03, 0x06, 0x02, 0xfe, 0x8c, 0x03, 0xc6, 0xfe, 0xf0, 0x04, 0xfe, 0x00, 0x0c, 
0xfe, 0x8d, 0x02, 0x0a, 0xfe, 0x01, 0xfe, 0x13, 0xa0, 0xfe, 0xa1, 0x04, 0xfe, 0x01, 0xfe, 0x00, 0xfe, 0x0b, 0xfe, 0x08, 
0xfe, 0x0e, 0xfe, 0x09, 0xfe, 0x0f, 0xfe, 0x10, 0xfe, 0x01, 0xfe, 0x00, 0x03, 0x06, 0x02, 0xfe, 0x01, 0xfe, 0x00, 0x03, 
0x04, 0xfe, 0x01, 0xfe, 0x00, 0xfe, 0x8e, 0xfe, 0x92, 0x04, 0xfe, 0xac, 0xfe, 0x00, 0x07, 0xfe, 0x01, 0xfe, 0xad, 0x04, 
0xfe, 0x00, 0x44, 0xfe, 0xae, 0x02, 0x04, 0xfe, 0x01, 0xfe, 0x00, 0xfe, 0xaf, 0xfe, 0xb0, 0xfe, 0x01, 0xfe, 0x00, 0x03, 
0x06, 0x02, 0xfe, 0x01, 0xfe, 0x00, 0x03, 0x90, 0xfe, 0xb1, 0xfe, 0xb2, 0xfe, 0x93, 0x04, 0xfe, 0x01, 0xfe, 0x91, 0x04, 
0xfe, 0x00, 0x0c, 0xfe, 0x8d, 0x02, 0x8f, 0xfe, 0x94, 0x87, 0xfe, 0x00, 0x04, 0xfe, 0x00, 0xfe, 0x95, 0xfe, 0x96, 0xfe, 
0x97, 0xfe, 0x8c, 0x87, 0xfe, 0x00, 0x04, 0xfe, 0x00, 0x98, 0xfe, 0x99, 0xfe, 0xc7, 0xfe, 0x01, 0xfe, 0x05, 0xfe, 0x01, 
0xfe, 0x05, 0xfe, 0x9a, 0x02, 0x9b, 0xfe, 0x9c, 0x02, 0x87, 0xfe, 0x01, 0xfe, 0x00, 0xfe, 0x0f, 0xfe, 0x00, 0xfe, 0x01, 
0xfe, 0x00, 0xfe, 0x01, 0xfe, 0x9d, 0xfe, 0x9e, 0xfe, 0x9f, 0x03, 0x06, 0x02, 0xfe, 0x01, 0xfe, 0x00, 0xfe, 0x01, 0xfe, 
0x00, 0x03, 0x03, 0xfe, 0x01, 0xfe, 0x00, 0x03, 0x06, 0x02, 0xfe, 0x8c, 0x03, 0x04, 0xfe, 0x00, 0x0c, 0xfe, 0x8d, 0x02, 
0x0a, 0xfe, 0x01, 0xfe, 0x13, 0xa0, 0xfe, 0xa1, 0x04, 0xfe, 0x00, 0xfe, 0x0b, 0xfe, 0x08, 0xfe, 0x0e, 0xfe, 0x09, 0xfe, 
0x01, 0xfe, 0x00, 0x03, 0x06, 0x02, 0xfe, 0x01, 0xfe, 0x00, 0x03, 0x12, 0xfe, 0x43, 0xfe, 0xb3, 0xfe, 0x0b, 0xfe, 0x08, 
0xfe, 0x0e, 0xfe, 0x09, 0x90, 0xfe, 0xb4, 0xfe, 0x05, 0xfe, 0xb5, 0xb6, 0xfe, 0x91, 0x0a, 0xfe, 0x01, 0xfe, 0xca, 0xb7, 
0xfe, 0x08, 0xb8, 0xfe, 0x09, 0xb9, 0xfe, 0x10, 0x04, 0xfe, 0x00, 0x0c, 0xfe, 0x8d, 0x02, 0x8f, 0xfe, 0x94, 0x87, 0xfe, 
0x00, 0x04, 0xfe, 0x00, 0xfe, 0x95, 0xfe, 0x96, 0xfe, 0x97, 0xfe, 0x8c, 0x87, 0xfe, 0x00, 0x04, 0xfe, 0x00, 0x98, 0xfe, 
0x99, 0xfe, 0xc7, 0xfe, 0x01, 0xfe, 0x05, 0xfe, 0x01, 0xfe, 0x05, 0xfe, 0x9a, 0x02, 0x9b, 0xfe, 0x9c, 0x02, 0x87, 0xfe, 
0x01, 0xfe, 0x00, 0xfe, 0x0f, 0xfe, 0x00, 0xfe, 0x01, 0xfe, 0x00, 0xfe, 0x01, 0xfe, 0x9d, 0xfe, 0x9e, 0xfe, 0x9f, 0x03, 
0x06, 0x02, 0xfe, 0x01, 0xfe, 0x00, 0xfe, 0x01, 0xfe, 0x00, 0x03, 0x03, 0xfe, 0x01, 0xfe, 0x00, 0x03, 0x06, 0x02, 0xfe, 
0x8c, 0x03, 0x04, 0xfe, 0x00, 0x0c, 0xfe, 0x8d, 0x02, 0x0a, 0xfe, 0x01, 0xfe, 0x13, 0xa0, 0xfe, 0xa1, 0x04, 0xfe, 0x01, 
0xfe, 0x00, 0xfe, 0x0b, 0xfe, 0x08, 0xfe, 0x0e, 0xfe, 0x09, 0xfe, 0x0f, 0xfe, 0x10, 0xfe, 0x01, 0xfe, 0x00, 0x03, 0x06, 
0x02, 0xfe, 0x01, 0xfe, 0x00, 0x03, 0x04, 0xfe, 0x01, 0xfe, 0x00, 0xfe, 0x8e, 0xfe, 0x92, 0xba, 0xfe, 0x00, 0xfe, 0x8e, 
0xfe, 0xbb, 0xfe, 0xbc, 0xbd, 0xfe, 0x00, 0x03, 0x1c, 0x1d, 0x1e, 0x1f, 0x20, 0x21, 0x22, 0x23, 0x24, 0x25, 0x55, 0x26, 
0x56, 0x27, 0x57, 0x28, 0x29, 0x44, 0x45, 0x49, 0x46, 0x2a, 0x2b, 0x2c, 0x2d, 0x2e, 0x2f, 0x30, 0x31, 0x32, 0x33, 0x34, 
0x35, 0x36, 0x37, 0x38, 0x39, 0x3a, 0x3b, 0x3c, 0x3d, 0x3e, 0x3f, 0x40, 0x41, 0x42, 0x4f, 0x50, 0x02, 0xf1, 0x5f, 0xf2, 
0x5f, 0xf3, 0x5f, 0xf4, 0x5f, 0xf1, 0x5f, 0xf1, 0x5f, 0xf1, 0x5f, 0xf1, 0x5f, 0xf2, 0x5f, 0xf2, 0x5f, 0xf2, 0x5f, 0xf2, 
0x5f, 0xf3, 0x5f, 0xf3, 0x5f, 0xf3, 0x5f, 0xf3, 0x5f, 0xf4, 0x5f, 0xf4, 0x5f, 0xf4, 0x5f, 0xf4, 0x5f, 0xf5, 0x5f, 0xf6, 
0x5f, 0xf7, 0x5f, 0xc1, 0xb4, 0xd0, 0x9e, 0xc1, 0xb4, 0xae, 0x40, 0xae, 0x40, 0xf5, 0x5f, 0xf5, 0x5f, 0xf5, 0x5f, 0xf5, 
0x5f, 0xf6, 0x5f, 0xf6, 0x5f, 0xf6, 0x5f, 0xf6, 0x5f, 0xf7, 0x5f, 0xf7, 0x5f, 0xf7, 0x5f, 0xf7, 0x5f, 0xe2, 0xc0, 0xc1, 
0xb4, 0xe2, 0xc0, 0xd0, 0x9e, 0xab, 0x8f, 0xe2, 0xc0, 0xe2, 0xc0, 0xf8, 0x5f, 0xab, 0x8f, 0xae, 0x40, 0xf8, 0x5f, 0xf8, 
0x5f, 0xf8, 0x5f, 0xf8, 0x5f, 0xab, 0x8f, 0xe2, 0xc0, 0xae, 0x40, 0xe3, 0x51, 0xbf, 0x8a, 0xe3, 0x51, 0xa2, 0x97, 0xa7, 
0x57, 0xfc, 0x65, 0xa7, 0x57, 0xa2, 0x97, 0xa2, 0x97, 0xfc, 0x65, 0xf3, 0x57, 0x8d, 0x6b, 0xb9, 0x3d, 0xb9, 0x3d, 0xa7, 
0x57, 0xf3, 0x57, 0xfc, 0x65, 0x8d, 0x6b, 0xb9, 0x3d, 0xb9, 0x3d, 0xa3, 0x66, 0xa7, 0x57, 0xa3, 0x66, 0xb9, 0x3d, 0xf3, 
0x57, 0xa3, 0x66, 0x8d, 0x6b, 0xfc, 0x65, 0xa3, 0x66, 0xb9, 0x3d, 0xf3, 0x57, 0xa7, 0x57, 0x8d, 0x6b, 0xfc, 0x65, 0xbf, 
0x8a, 0xfc, 0x65, 0xbf, 0x8a, 0xd5, 0x85, 0xac, 0x8f, 0xd5, 0x85, 0x8e, 0xb9, 0xbf, 0x8a, 0x8e, 0xb9, 0xed, 0x77, 0xbf, 
0x8a, 0xed, 0x77, 0x8e, 0xb9, 0xed, 0x77, 0x8e, 0xb9, 0xed, 0x77, 0x8e, 0xb9, 0xac, 0x8f, 0xed, 0x77, 0xac, 0x8f, 0xbf, 
0x8a, 0xb8, 0x51, 0xac, 0x8f, 0xb8, 0x51, 0xac, 0x8f, 0xde, 0x7a, 0xb8, 0x51, 0xbb, 0x6e, 0xde, 0x7a, 0xe5, 0x8f, 0xbb, 
0x6e, 0xda, 0x49, 0xde, 0x7a, 0xda, 0x49, 0xbb, 0x6e, 0xe5, 0x8f, 0xda, 0x49, 0xe5, 0x8f, 0xde, 0x7a, 0x81, 0x71, 0xe5, 
0x8f, 0xe5, 0x8f, 0xf1, 0x8e, 0x81, 0x71, 0xac, 0x55, 0xe3, 0x51, 0xa3, 0x97, 0xa8, 0x57, 0xfd, 0x65, 0xa8, 0x57, 0xa3, 
0x97, 0xa3, 0x97, 0xfd, 0x65, 0xf4, 0x57, 0x8e, 0x6b, 0xba, 0x3d, 0xba, 0x3d, 0xa8, 0x57, 0xf4, 0x57, 0xfd, 0x65, 0x8e, 
0x6b, 0xba, 0x3d, 0xba, 0x3d, 0xa4, 0x66, 0xa8, 0x57, 0xa4, 0x66, 0xba, 0x3d, 0xf4, 0x57, 0xa4, 0x66, 0x8e, 0x6b, 0xfd, 
0x65, 0xa4, 0x66, 0xba, 0x3d, 0xf4, 0x57, 0xa8, 0x57, 0x8e, 0x6b, 0xfd, 0x65, 0xac, 0x55, 0xfd, 0x65, 0xac, 0x55, 0xb1, 
0x93, 0xd5, 0x85, 0xfa, 0x31, 0xac, 0x55, 0xfa, 0x31, 0xee, 0x77, 0xee, 0x77, 0xfa, 0x31, 0xee, 0x77, 0xfa, 0x31, 0xb1, 
0x93, 0xee, 0x77, 0xb1, 0x93, 0xac, 0x55, 0xf4, 0xac, 0xb1, 0x93, 0xf1, 0x8e, 0xf4, 0xac, 0xf1, 0x8e, 0xf4, 0xac, 0xbb, 
0x47, 0xf1, 0x8e, 0x81, 0x71, 0xbb, 0x47, 0x9f, 0x96, 0xbb, 0x47, 0x9f, 0x96, 0x9f, 0x96, 0x9f, 0x96, 0xad, 0x55, 0xe3, 
0x51, 0xa4, 0x97, 0xa9, 0x57, 0xfe, 0x65, 0xa9, 0x57, 0xa4, 0x97, 0xa4, 0x97, 0xfe, 0x65, 0xf5, 0x57, 0x8f, 0x6b, 0xbb, 
0x3d, 0xbb, 0x3d, 0xa9, 0x57, 0xf5, 0x57, 0xfe, 0x65, 0x8f, 0x6b, 0xbb, 0x3d, 0xbb, 0x3d, 0xa5, 0x66, 0xa9, 0x57, 0xa5, 
0x66, 0xbb, 0x3d, 0xf5, 0x57, 0xa5, 0x66, 0x8f, 0x6b, 0xfe, 0x65, 0xa5, 0x66, 0xbb, 0x3d, 0xf5, 0x57, 0xa9, 0x57, 0x8f, 
0x6b, 0xfe, 0x65, 0xad, 0x55, 0xfe, 0x65, 0xad, 0x55, 0xad, 0x8f, 0xd5, 0x85, 0xc9, 0x8f, 0xad, 0x55, 0xc9, 0x8f, 0xef, 
0x77, 0xad, 0x55, 0xef, 0x77, 0xc9, 0x8f, 0xef, 0x77, 0xc9, 0x8f, 0xef, 0x77, 0xc9, 0x8f, 0xad, 0x8f, 0xef, 0x77, 0xad, 
0x8f, 0xad, 0x55, 0xcf, 0xc1, 0xad, 0x8f, 0xcf, 0xc1, 0xad, 0x8f, 0xcf, 0xc1, 0xcf, 0xc1, 0xcf, 0xc1, 0xcf, 0xc1, 0xcf, 
0xc1, 0xfc, 0x1e, 0x00, 0x00, 0x88, 0x03, 0x00, 0x00, 0x42, 0x00, 0x00, 0x00, 0x88, 0x03, 0x00, 0x00, 0x47, 0x02, 0x00, 
0x00, 0x76, 0x77, 0xa2, 0x02, 0xa3, 0xa4, 0x0d, 0x78, 0x02, 0x80, 0x81, 0x82, 0x83, 0x84, 0x85, 0x86, 0x0d, 0x79, 0x7a, 
0x11, 0x7b, 0xf0, 0x02, 0xf0, 0xf0, 0xf0, 0x0d, 0xf0, 0x02, 0xf0, 0x0d, 0xa5, 0xa6, 0x11, 0xa7, 0xf0, 0xf0, 0x11, 0xf0, 
0x04, 0xfe, 0x00, 0x7c, 0x02, 0x7d, 0x7e, 0x16, 0x02, 0x19, 0x1a, 0x1b, 0x1c, 0x1d, 0x1e, 0x1f, 0x20, 0x21, 0x22, 0x23, 
0x24, 0x25, 0x26, 0x27, 0x28, 0x29, 0x45, 0x46, 0x47, 0x2a, 0x2b, 0x2c, 0x2d, 0x48, 0x49, 0x4a, 0x4b, 0x4c, 0x4d, 0x4e, 
0x4f, 0x50, 0x51, 0x52, 0x53, 0x54, 0x55, 0x56, 0x2e, 0x57, 0x58, 0x59, 0x2f, 0x5a, 0x5b, 0x30, 0x5c, 0x5d, 0x31, 0x5e, 
0x5f, 0x32, 0x60, 0x33, 0x61, 0x62, 0x34, 0x35, 0x63, 0x36, 0x37, 0x38, 0x64, 0x65, 0x39, 0x66, 0x3a, 0x3b, 0x3c, 0x3d, 
0x3e, 0x3f, 0x40, 0x67, 0x68, 0x69, 0x6a, 0x41, 0x6b, 0x6c, 0x6d, 0x6e, 0x42, 0x6f, 0x70, 0x71, 0x72, 0x73, 0x74, 0x17, 
0xf0, 0x02, 0xf0, 0xf0, 0xf0, 0x02, 0xf0, 0xf0, 0xf0, 0xf0, 0xf0, 0xa8, 0xf0, 0xf0, 0xf0, 0xf0, 0xf0, 0xf0, 0xf0, 0x02, 
0xf0, 0x02, 0x88, 0xfe, 0xc0, 0x88, 0xfe, 0xc1, 0x88, 0xfe, 0xc2, 0x88, 0xfe, 0xf0, 0xf0, 0xfe, 0x89, 0xfe, 0x8a, 0xfe, 
0x8b, 0xfe, 0xc3, 0xfe, 0x89, 0xfe, 0x8a, 0xfe, 0x8b, 0xfe, 0xc4, 0xfe, 0x89, 0xfe, 0x8a, 0xfe, 0x8b, 0xfe, 0xf0, 0xfe, 
0x89, 0xfe, 0x8a, 0xfe, 0x8b, 0xfe, 0xf0, 0xf0, 0x03, 0x88, 0xfe, 0xc0, 0x88, 0xfe, 0xc1, 0x88, 0xfe, 0xc2, 0xc5, 0xfe, 
0xf0, 0xc5, 0xfe, 0x01, 0xfe, 0xf0, 0x0a, 0xfe, 0x00, 0xfe, 0xf0, 0xfe, 0x89, 0xfe, 0x8a, 0xfe, 0x8b, 0xfe, 0xc3, 0xfe, 
0x89, 0xfe, 0x8a, 0xfe, 0x8b, 0xfe, 0xc4, 0xfe, 0x89, 0xfe, 0x8a, 0xfe, 0x8b, 0xfe, 0xf0, 0xf0, 0xfe, 0x01, 0xfe, 0xf0, 
0xfe, 0xf0, 0xfe, 0xf0, 0x02, 0x12, 0xfe, 0xf0, 0xfe, 0xf0, 0xfe, 0xf0, 0x88, 0xfe, 0xf0, 0xfe, 0xf0, 0xfe, 0xf0, 0xfe, 
0x89, 0xfe, 0x8a, 0xfe, 0x8b, 0xfe, 0xf0, 0xfe, 0x7f, 0xfe, 0xf0, 0xf0, 0x03, 0xf0, 0xfe, 0x00, 0x03, 0x14, 0x02, 0xa9, 
0x02, 0xaa, 0x03, 0x06, 0x02, 0xab, 0x03, 0x8f, 0xfe, 0xf0, 0xc6, 0xfe, 0xf0, 0xfe, 0xf0, 0x04, 0xfe, 0x00, 0x0c, 0xfe, 
0x8d, 0x02, 0x8f, 0xfe, 0x94, 0x87, 0xfe, 0x00, 0x04, 0xfe, 0x00, 0xfe, 0x95, 0xfe, 0x96, 0xfe, 0x97, 0xfe, 0x8c, 0x87, 
0xfe, 0x00, 0x04, 0xfe, 0x00, 0x98, 0xfe, 0x99, 0xfe, 0xc8, 0xfe, 0xc9, 0xfe, 0x01, 0xfe, 0x05, 0xfe, 0x01, 0xfe, 0x05, 
0xfe, 0x9a, 0x02, 0x9b, 0xfe, 0x9c, 0x02, 0x87, 0xfe, 0x01, 0xfe, 0x00, 0xfe, 0x0f, 0xfe, 0x00, 0xfe, 0x01, 0xfe, 0x00, 
0xfe, 0x01, 0xfe, 0x9d, 0xfe, 0x9e, 0xfe, 0x9f, 0x03, 0x06, 0x02, 0xfe, 0x01, 0xfe, 0x00, 0xfe, 0x01, 0xfe, 0x00, 0x03, 
0x03, 0xfe, 0x01, 0xfe, 0x00, 0x03, 0x06, 0x02, 0xfe, 0x8c, 0x03, 0xc6, 0xfe, 0xf0, 0xfe, 0xf0, 0x04, 0xfe, 0x00, 0x0c, 
0xfe, 0x8d, 0x02, 0x0a, 0xfe, 0x01, 0xfe, 0x13, 0xa0, 0xfe, 0xa1, 0x04, 0xfe, 0x01, 0xfe, 0x00, 0xfe, 0x0b, 0xfe, 0x08, 
0xfe, 0x0e, 0xfe, 0x09, 0xfe, 0x0f, 0xfe, 0x10, 0xfe, 0x01, 0xfe, 0x00, 0x03, 0x06, 0x02, 0xfe, 0x01, 0xfe, 0x00, 0x03, 
0x04, 0xfe, 0x01, 0xfe, 0x00, 0xfe, 0x8e, 0xfe, 0x92, 0x04, 0xfe, 0xac, 0xfe, 0x00, 0x07, 0xfe, 0x01, 0xfe, 0xad, 0x04, 
0xfe, 0x00, 0x44, 0xfe, 0xae, 0x02, 0x04, 0xfe, 0x01, 0xfe, 0x00, 0xfe, 0xaf, 0xfe, 0xb0, 0xfe, 0x01, 0xfe, 0x00, 0x03, 
0x06, 0x02, 0xfe, 0x01, 0xfe, 0x00, 0x03, 0x90, 0xfe, 0xb1, 0xfe, 0xb2, 0xfe, 0x93, 0x04, 0xfe, 0x01, 0xfe, 0x91, 0x04, 
0xfe, 0x00, 0x0c, 0xfe, 0x8d, 0x02, 0x8f, 0xfe, 0x94, 0x87, 0xfe, 0x00, 0x04, 0xfe, 0x00, 0xfe, 0x95, 0xfe, 0x96, 0xfe, 
0x97, 0xfe, 0x8c, 0x87, 0xfe, 0x00, 0x04, 0xfe, 0x00, 0x98, 0xfe, 0x99, 0xfe, 0xc8, 0xfe, 0xc9, 0xfe, 0x01, 0xfe, 0x05, 
0xfe, 0x01, 0xfe, 0x05, 0xfe, 0x9a, 0x02, 0x9b, 0xfe, 0x9c, 0x02, 0x87, 0xfe, 0x01, 0xfe, 0x00, 0xfe, 0x0f, 0xfe, 0x00, 
0xfe, 0x01, 0xfe, 0x00, 0xfe, 0x01, 0xfe, 0x9d, 0xfe, 0x9e, 0xfe, 0x9f, 0x03, 0x06, 0x02, 0xfe, 0x01, 0xfe, 0x00, 0xfe, 
0x01, 0xfe, 0x00, 0x03, 0x03, 0xfe, 0x01, 0xfe, 0x00, 0x03, 0x06, 0x02, 0xfe, 0x8c, 0x03, 0x04, 0xfe, 0x00, 0x0c, 0xfe, 
0x8d, 0x02, 0x0a, 0xfe, 0x01, 0xfe, 0x13, 0xa0, 0xfe, 0xa1, 0x04, 0xfe, 0x00, 0xfe, 0x0b, 0xfe, 0x08, 0xfe, 0x0e, 0xfe, 
0x09, 0xfe, 0x01, 0xfe, 0x00, 0x03, 0x06, 0x02, 0xfe, 0x01, 0xfe, 0x00, 0x03, 0x12, 0xfe, 0x43, 0xfe, 0xb3, 0xfe, 0x0b, 
0xfe, 0x08, 0xfe, 0x0e, 0xfe, 0x09, 0x90, 0xfe, 0xb4, 0xfe, 0x05, 0xfe, 0xb5, 0xb6, 0xfe, 0x91, 0x0a, 0xfe, 0x01, 0xfe, 
0xca, 0xb7, 0xfe, 0x08, 0xb8, 0xfe, 0x09, 0xb9, 0xfe, 0x10, 0x04, 0xfe, 0x00, 0x0c, 0xfe, 0x8d, 0x02, 0x8f, 0xfe, 0x94, 
0x87, 0xfe, 0x00, 0x04, 0xfe, 0x00, 0xfe, 0x95, 0xfe, 0x96, 0xfe, 0x97, 0xfe, 0x8c, 0x87, 0xfe, 0x00, 0x04, 0xfe, 0x00, 
0x98, 0xfe, 0x99, 0xfe, 0xc8, 0xfe, 0xc9, 0xfe, 0x01, 0xfe, 0x05, 0xfe, 0x01, 0xfe, 0x05, 0xfe, 0x9a, 0x02, 0x9b, 0xfe, 
0x9c, 0x02, 0x87, 0xfe, 0x01, 0xfe, 0x00, 0xfe, 0x0f, 0xfe, 0x00, 0xfe, 0x01, 0xfe, 0x00, 0xfe, 0x01, 0xfe, 0x9d, 0xfe, 
0x9e, 0xfe, 0x9f, 0x03, 0x06, 0x02, 0xfe, 0x01, 0xfe, 0x00, 0xfe, 0x01, 0xfe, 0x00, 0x03, 0x03, 0xfe, 0x01, 0xfe, 0x00, 
0x03, 0x06, 0x02, 0xfe, 0x8c, 0x03, 0x04, 0xfe, 0x00, 0x0c, 0xfe, 0x8d, 0x02, 0x0a, 0xfe, 0x01, 0xfe, 0x13, 0xa0, 0xfe, 
0xa1, 0x04, 0xfe, 0x01, 0xfe, 0x00, 0xfe, 0x0b, 0xfe, 0x08, 0xfe, 0x0e, 0xfe, 0x09, 0xfe, 0x0f, 0xfe, 0x10, 0xfe, 0x01, 
0xfe, 0x00, 0x03, 0x06, 0x02, 0xfe, 0x01, 0xfe, 0x00, 0x03, 0x04, 0xfe, 0x01, 0xfe, 0x00, 0xfe, 0x8e, 0xfe, 0x92, 0xba, 
0xfe, 0x00, 0x8f, 0xfe, 0xf0, 0x07, 0xfe, 0xf0, 0x07, 0xfe, 0xf0, 0xfe, 0x00, 0x07, 0xfe, 0x01, 0xfe, 0xbe, 0xfe, 0x18, 
0xfe, 0x0b, 0xfe, 0xf0, 0xfe, 0x18, 0xfe, 0x0b, 0xfe, 0xf0, 0xfe, 0xf0, 0xfe, 0x15, 0xfe, 0xbf, 0xf0, 0xfe, 0xf0, 0xfe, 
0x15, 0xfe, 0xbf, 0xf0, 0xfe, 0xf0, 0xfe, 0xbe, 0xfe, 0xf0, 0xfe, 0x93, 0xfe, 0x8e, 0xfe, 0xbb, 0xfe, 0xbc, 0xbd, 0xfe, 
0x00, 0xf0, 0xfe, 0x00, 0x03, 0x1c, 0x1d, 0x1e, 0x1f, 0x20, 0x21, 0x0e, 0x0f, 0x10, 0x22, 0x23, 0x24, 0x25, 0x55, 0x26, 
0x56, 0x27, 0x57, 0x28, 0x29, 0x44, 0x45, 0x49, 0x46, 0x2a, 0x2b, 0x2c, 0x2d, 0x2e, 0x2f, 0x30, 0x31, 0x32, 0x33, 0x34, 
0x35, 0x36, 0x37, 0x38, 0x39, 0x3a, 0x3b, 0x3c, 0x3d, 0x3e, 0x3f, 0x40, 0x41, 0x42, 0x51, 0x43, 0x52, 0x43, 0x53, 0x11, 
0x12, 0x13, 0x14, 0x15, 0x16, 0x17, 0x18, 0x19, 0x1a, 0x1b, 0x54, 0x02, 0xf1, 0x5f, 0xf2, 0x5f, 0xf3, 0x5f, 0xf4, 0x5f, 
0xf1, 0x5f, 0xf1, 0x5f, 0xf1, 0x5f, 0xf1, 0x5f, 0xf2, 0x5f, 0xf2, 0x5f, 0xf2, 0x5f, 0xf2, 0x5f, 0xf3, 0x5f, 0xf3, 0x5f, 
0xf3, 0x5f, 0xf3, 0x5f, 0xf4, 0x5f, 0xf4, 0x5f, 0xf4, 0x5f, 0xf4, 0x5f, 0xf5, 0x5f, 0xf6, 0x5f, 0xf7, 0x5f, 0xc1, 0xb4, 
0xd0, 0x9e, 0xc1, 0xb4, 0xae, 0x40, 0xae, 0x40, 0xf5, 0x5f, 0xf5, 0x5f, 0xf5, 0x5f, 0xf5, 0x5f, 0xf6, 0x5f, 0xf6, 0x5f, 
0xf6, 0x5f, 0xf6, 0x5f, 0xf7, 0x5f, 0xf7, 0x5f, 0xf7, 0x5f, 0xf7, 0x5f, 0xe2, 0xc0, 0xc1, 0xb4, 0xe2, 0xc0, 0xd0, 0x9e, 
0xab, 0x8f, 0xe2, 0xc0, 0xe2, 0xc0, 0xf8, 0x5f, 0xab, 0x8f, 0xae, 0x40, 0xf8, 0x5f, 0xf8, 0x5f, 0xf8, 0x5f, 0xf8, 0x5f, 
0xab, 0x8f, 0xe2, 0xc0, 0xae, 0x40, 0x85, 0xa1, 0xe3, 0x51, 0x85, 0xa1, 0xbf, 0x8a, 0xe3, 0x51, 0xa2, 0x97, 0xa7, 0x57, 
0xfc, 0x65, 0xa7, 0x57, 0xa2, 0x97, 0xa2, 0x97, 0xfc, 0x65, 0xf3, 0x57, 0x8d, 0x6b, 0xb9, 0x3d, 0xb9, 0x3d, 0x85, 0xa1, 
0xa7, 0x57, 0xf3, 0x57, 0xfc, 0x65, 0x8d, 0x6b, 0xb9, 0x3d, 0xb9, 0x3d, 0xa3, 0x66, 0xa7, 0x57, 0xa3, 0x66, 0xb9, 0x3d, 
0xf3, 0x57, 0xa3, 0x66, 0x8d, 0x6b, 0xfc, 0x65, 0xa3, 0x66, 0xb9, 0x3d, 0xf3, 0x57, 0xa7, 0x57, 0x8d, 0x6b, 0xfc, 0x65, 
0xbf, 0x8a, 0xfc, 0x65, 0xbf, 0x8a, 0xd5, 0x85, 0x85, 0xa1, 0xac, 0x8f, 0xd5, 0x85, 0x8e, 0xb9, 0xbf, 0x8a, 0x8e, 0xb9, 
0xed, 0x77, 0xbf, 0x8a, 0xed, 0x77, 0x8e, 0xb9, 0xed, 0x77, 0x8e, 0xb9, 0xed, 0x77, 0x8e, 0xb9, 0xac, 0x8f, 0xed, 0x77, 
0xac, 0x8f, 0xbf, 0x8a, 0xb8, 0x51, 0xac, 0x8f, 0xb8, 0x51, 0xac, 0x8f, 0xde, 0x7a, 0xb8, 0x51, 0xbb, 0x6e, 0xde, 0x7a, 
0xe5, 0x8f, 0xbb, 0x6e, 0xda, 0x49, 0xde, 0x7a, 0xda, 0x49, 0xbb, 0x6e, 0xe5, 0x8f, 0xda, 0x49, 0xe5, 0x8f, 0xde, 0x7a, 
0x81, 0x71, 0xe5, 0x8f, 0xe5, 0x8f, 0xf1, 0x8e, 0x81, 0x71, 0xac, 0x55, 0xe3, 0x51, 0xa3, 0x97, 0xa8, 0x57, 0xfd, 0x65, 
0xa8, 0x57, 0xa3, 0x97, 0xa3, 0x97, 0xfd, 0x65, 0xf4, 0x57, 0x8e, 0x6b, 0xba, 0x3d, 0xba, 0x3d, 0x85, 0xa1, 0xa8, 0x57, 
0xf4, 0x57, 0xfd, 0x65, 0x8e, 0x6b, 0xba, 0x3d, 0xba, 0x3d, 0xa4, 0x66, 0xa8, 0x57, 0xa4, 0x66, 0xba, 0x3d, 0xf4, 0x57, 
0xa4, 0x66, 0x8e, 0x6b, 0xfd, 0x65, 0xa4, 0x66, 0xba, 0x3d, 0xf4, 0x57, 0xa8, 0x57, 0x8e, 0x6b, 0xfd, 0x65, 0xac, 0x55, 
0xfd, 0x65, 0xac, 0x55, 0xb1, 0x93, 0xd5, 0x85, 0xfa, 0x31, 0xac, 0x55, 0xfa, 0x31, 0xee, 0x77, 0xee, 0x77, 0xfa, 0x31, 
0xee, 0x77, 0xfa, 0x31, 0xb1, 0x93, 0xee, 0x77, 0xb1, 0x93, 0xac, 0x55, 0xf4, 0xac, 0xb1, 0x93, 0xf1, 0x8e, 0xf4, 0xac, 
0xf1, 0x8e, 0xf4, 0xac, 0xbb, 0x47, 0xf1, 0x8e, 0x81, 0x71, 0xbb, 0x47, 0x9f, 0x96, 0xbb, 0x47, 0x9f, 0x96, 0x9f, 0x96, 
0x9f, 0x96, 0xad, 0x55, 0xe3, 0x51, 0xa4, 0x97, 0xa9, 0x57, 0xfe, 0x65, 0xa9, 0x57, 0xa4, 0x97, 0xa4, 0x97, 0xfe, 0x65, 
0xf5, 0x57, 0x8f, 0x6b, 0xbb, 0x3d, 0xbb, 0x3d, 0x85, 0xa1, 0xa9, 0x57, 0xf5, 0x57, 0xfe, 0x65, 0x8f, 0x6b, 0xbb, 0x3d, 
0xbb, 0x3d, 0xa5, 0x66, 0xa9, 0x57, 0xa5, 0x66, 0xbb, 0x3d, 0xf5, 0x57, 0xa5, 0x66, 0x8f, 0x6b, 0xfe, 0x65, 0xa5, 0x66, 
0xbb, 0x3d, 0xf5, 0x57, 0xa9, 0x57, 0x8f, 0x6b, 0xfe, 0x65, 0xad, 0x55, 0xfe, 0x65, 0xad, 0x55, 0xad, 0x8f, 0xd5, 0x85, 
0xc9, 0x8f, 0xad, 0x55, 0xc9, 0x8f, 0xef, 0x77, 0xad, 0x55, 0xef, 0x77, 0xc9, 0x8f, 0xef, 0x77, 0xc9, 0x8f, 0xef, 0x77, 
0xc9, 0x8f, 0xad, 0x8f, 0xef, 0x77, 0xad, 0x8f, 0xad, 0x55, 0xd3, 0xbe, 0xad, 0x8f, 0xd3, 0xbe, 0xad, 0x8f, 0xd3, 0xbe, 
0xbb, 0x57, 0xc6, 0x6e, 0xa5, 0x92, 0xc6, 0x6e, 0xa1, 0xbb, 0xa5, 0x92, 0xbb, 0x57, 0xd3, 0xbe, 0xd3, 0xbe, 0xc6, 0x6e, 
0xd3, 0xbe, 0xd3, 0xbe, 0xa5, 0x92, 0xa1, 0xbb, 0xd3, 0xbe, 0xd3, 0xbe, 0xa1, 0xbb, 0xd3, 0xbe, 0xd3, 0xbe, 0xa5, 0x92, 
0xbb, 0x57, 0xd3, 0xbe, 0xd3, 0xbe, 0xd3, 0xbe, 0xd3, 0xbe, 0xd3, 0xbe, 0x85, 0xa1, 0x52, 0x00, 0x00, 0x00, 0x05, 0x00, 
0x00, 0x00, 0x00, 0x00, 0x00, 0x00, 0x05, 0x00, 0x00, 0x00, 0x00, 0x00, 0x00, 0x00, 0x76, 0x77, 0x14, 0x02, 0x03, 0x27, 
0x14, 0x00, 0x00, 0x16, 0x02, 0x00, 0x00, 0x23, 0x00, 0x00, 0x00, 0x16, 0x02, 0x00, 0x00, 0x33, 0x01, 0x00, 0x00, 0x76, 
0x77, 0x97, 0x02, 0x98, 0x99, 0x9a, 0x9b, 0x9c, 0x9d, 0x0d, 0x04, 0xfe, 0x00, 0x07, 0xfe, 0x00, 0x0a, 0xfe, 0x00, 0x0a, 
0xfe, 0x00, 0x07, 0xfe, 0x00, 0x16, 0x02, 0x19, 0x1a, 0x1b, 0x1c, 0x1d, 0x1e, 0x1f, 0x20, 0x21, 0x22, 0x23, 0x24, 0x25, 
0x26, 0x27, 0x28, 0x29, 0x45, 0x46, 0x47, 0x2a, 0x2b, 0x2c, 0x2d, 0x48, 0x49, 0x4a, 0x4b, 0x4c, 0x4d, 0x4e, 0x4f, 0x50, 
0x51, 0x52, 0x53, 0x54, 0x55, 0x56, 0x2e, 0x57, 0x58, 0x59, 0x2f, 0x5a, 0x5b, 0x30, 0x5c, 0x5d, 0x31, 0x5e, 0x5f, 0x32, 
0x60, 0x33, 0x61, 0x62, 0x34, 0x35, 0x63, 0x36, 0x37, 0x38, 0x64, 0x65, 0x39, 0x66, 0x3a, 0x3b, 0x3c, 0x3d, 0x3e, 0x3f, 
0x40, 0x67, 0x68, 0x69, 0x6a, 0x41, 0x6b, 0x6c, 0x6d, 0x6e, 0x42, 0x6f, 0x70, 0x71, 0x72, 0x73, 0x74, 0x17, 0x9e, 0x02, 
0x9f, 0xa0, 0xa1, 0xa2, 0xa3, 0xed, 0xee, 0xf0, 0xf0, 0xef, 0x92, 0xf0, 0x02, 0x07, 0xfe, 0xf0, 0x0c, 0xfe, 0xf0, 0x02, 
0xe1, 0x03, 0x0c, 0xfe, 0xf0, 0x02, 0xe1, 0x03, 0x07, 0xfe, 0xf0, 0x07, 0xfe, 0x00, 0x44, 0xfe, 0xf0, 0x02, 0xfe, 0xf0, 
0xfe, 0xf0, 0xfe, 0x00, 0x03, 0x06, 0x02, 0xfe, 0xf0, 0x03, 0x07, 0xfe, 0xf0, 0xfe, 0xe2, 0xfe, 0xf0, 0x0a, 0xfe, 0x00, 
0xf0, 0x02, 0x12, 0xfe, 0xf0, 0xfe, 0xf0, 0xfe, 0xe3, 0xfe, 0xf0, 0xfe, 0xf0, 0x03, 0x06, 0x02, 0xfe, 0xf0, 0x03, 0x0a, 
0xfe, 0x01, 0xfe, 0xf0, 0xfe, 0x18, 0x0a, 0xfe, 0x00, 0xf0, 0x02, 0xfe, 0x01, 0xfe, 0xf0, 0xfe, 0xe2, 0xfe, 0xf0, 0x03, 
0x06, 0x02, 0xfe, 0x01, 0xfe, 0x00, 0x03, 0xf0, 0xfe, 0x05, 0xfe, 0x18, 0x03, 0x14, 0x02, 0x04, 0xfe, 0xa4, 0xfe, 0x05, 
0xfe, 0x05, 0xfe, 0x05, 0xfe, 0x8c, 0x04, 0xfe, 0xf0, 0x07, 0xfe, 0x01, 0xfe, 0x08, 0x12, 0xfe, 0xa5, 0x07, 0xfe, 0x01, 
0xfe, 0x08, 0x07, 0xfe, 0x8d, 0xfe, 0x00, 0x04, 0xfe, 0x8b, 0xfe, 0x8e, 0x07, 0xfe, 0x01, 0xfe, 0x08, 0x04, 0xfe, 0x8b, 
0xfe, 0x8e, 0x07, 0xfe, 0x01, 0xfe, 0x08, 0x07, 0xfe, 0x01, 0xfe, 0x09, 0x04, 0xfe, 0xb6, 0xfe, 0x87, 0x07, 0xfe, 0x01, 
0xfe, 0x08, 0x07, 0xfe, 0x8d, 0xfe, 0x00, 0x04, 0xfe, 0xb6, 0xfe, 0x87, 0x07, 0xfe, 0x01, 0xfe, 0x08, 0x04, 0xfe, 0x8b, 
0xfe, 0x05, 0xfe, 0x87, 0x07, 0xfe, 0x01, 0xfe, 0x08, 0x04, 0xfe, 0x8b, 0xfe, 0x05, 0xfe, 0x87, 0x07, 0xfe, 0x01, 0xfe, 
0x08, 0x04, 0xfe, 0x8b, 0xfe, 0x05, 0xfe, 0x87, 0x07, 0xfe, 0x01, 0xfe, 0x08, 0x04, 0xfe, 0x8b, 0xfe, 0x05, 0xfe, 0x87, 
0x07, 0xfe, 0x01, 0xfe, 0x08, 0x07, 0xfe, 0xa7, 0xfe, 0x05, 0xfe, 0x8f, 0xfe, 0x05, 0xfe, 0xa8, 0xfe, 0x05, 0xfe, 0x8f, 
0xfe, 0x05, 0xfe, 0x94, 0x04, 0xfe, 0x00, 0xa9, 0x02, 0x04, 0xfe, 0x01, 0xfe, 0x00, 0xfe, 0xaa, 0xfe, 0xab, 0xfe, 0xac, 
0xfe, 0xad, 0xfe, 0x15, 0xfe, 0x05, 0xfe, 0xae, 0xfe, 0x05, 0xfe, 0x90, 0xfe, 0x05, 0xfe, 0xaf, 0xfe, 0x05, 0xfe, 0x90, 
0xfe, 0x05, 0xfe, 0xb0, 0xfe, 0x01, 0xfe, 0x00, 0x03, 0x06, 0x02, 0x0a, 0xfe, 0xf0, 0xfe, 0x15, 0xfe, 0xb1, 0x04, 0xfe, 
0x01, 0xfe, 0x00, 0xfe, 0x0b, 0xfe, 0x08, 0xfe, 0x0e, 0xfe, 0x09, 0xfe, 0x0f, 0xfe, 0x10, 0xfe, 0xb2, 0xfe, 0x01, 0xfe, 
0x00, 0x03, 0xb3, 0xfe, 0x05, 0xfe, 0x05, 0xfe, 0x05, 0xfe, 0x05, 0xfe, 0x05, 0xfe, 0xb4, 0xfe, 0x05, 0xfe, 0x05, 0xfe, 
0x05, 0xfe, 0x05, 0xfe, 0x8c, 0xf0, 0x04, 0xfe, 0xf0, 0x0a, 0xfe, 0x01, 0xfe, 0xf0, 0x04, 0xfe, 0x01, 0xfe, 0x00, 0xfe, 
0x0b, 0xfe, 0x08, 0xfe, 0x0e, 0xfe, 0x09, 0xfe, 0x0f, 0xfe, 0x10, 0x04, 0xfe, 0xf0, 0x0a, 0xfe, 0x43, 0xfe, 0xf0, 0xfe, 
0xf0, 0xfe, 0x13, 0xf0, 0xfe, 0x08, 0xf0, 0xfe, 0x09, 0xf0, 0xfe, 0x10, 0x03, 0x41, 0x42, 0x43, 0x02, 0x03, 0x04, 0x05, 
0x06, 0x07, 0x08, 0x09, 0x44, 0x45, 0x0b, 0x0c, 0x0d, 0x46, 0x47, 0x0e, 0x0f, 0x10, 0x48, 0x49, 0x11, 0x00, 0x01, 0x4a, 
0x12, 0x13, 0x14, 0x15, 0x16, 0x17, 0x18, 0x19, 0x02, 0x03, 0x04, 0x05, 0x06, 0xb5, 0x3a, 0xb5, 0x3a, 0xb5, 0x3a, 0xbd, 
0x35, 0xb1, 0x36, 0xbd, 0x35, 0xb1, 0x36, 0xbd, 0x35, 0xbd, 0x35, 0xb1, 0x36, 0xf7, 0xb5, 0xb1, 0x36, 0xb5, 0x3a, 0xc6, 
0x96, 0xfb, 0x3c, 0xc6, 0x96, 0xfb, 0x3c, 0xfb, 0x3c, 0xb5, 0x3a, 0xc6, 0x96, 0xfc, 0x9b, 0xc6, 0x96, 0xf7, 0xb5, 0xf2, 
0x83, 0xf2, 0x83, 0xfc, 0x9b, 0xb1, 0x36, 0xb5, 0x3a, 0xf2, 0x83, 0xfc, 0x9b, 0xf2, 0x83, 0xf7, 0xb5, 0xf6, 0x4b, 0x06, 
0x06, 0x06, 0x05, 0xc0, 0x32, 0xe7, 0x59, 0xc0, 0x32, 0xc3, 0x61, 0xd6, 0x91, 0xc3, 0x61, 0x9d, 0xb1, 0xd6, 0x91, 0xb6, 
0x56, 0x9d, 0xb1, 0xaf, 0xad, 0xb6, 0x56, 0xb7, 0x56, 0xd6, 0x91, 0xc2, 0xad, 0xb7, 0x56, 0x82, 0xa0, 0xc3, 0x61, 0xb8, 
0x56, 0x82, 0xa0, 0xac, 0xb4, 0xb8, 0x56, 0xc0, 0xc3, 0x82, 0xa0, 0xb9, 0x56, 0xc0, 0xc3, 0xb0, 0xad, 0xb9, 0x56, 0xba, 
0x56, 0x9d, 0xb1, 0x82, 0xa0, 0xb1, 0xad, 0xba, 0x56, 0xbb, 0x56, 0xd6, 0x91, 0x82, 0xa0, 0xb2, 0xad, 0xbb, 0x56, 0xbc, 
0x56, 0x9d, 0xb1, 0xc0, 0xc3, 0xb3, 0xad, 0xbc, 0x56, 0xbb, 0x4f, 0xd6, 0x91, 0xc0, 0xc3, 0xc0, 0x65, 0xbb, 0x4f, 0xae, 
0x55, 0xaf, 0xad, 0xc2, 0xad, 0xac, 0xb4, 0xb0, 0xad, 0xb1, 0xad, 0xb2, 0xad, 0xb3, 0xad, 0xc0, 0x65, 0xfd, 0x88, 0xb9, 
0x38, 0xf6, 0x4b, 0xb9, 0x38, 0xb9, 0x38, 0xb9, 0x38, 0xb9, 0x38, 0xe7, 0x59, 0xae, 0x55, 0xe7, 0x59, 0xaf, 0xad, 0xc2, 
0xad, 0xac, 0xb4, 0xb0, 0xad, 0xb1, 0xad, 0xb2, 0xad, 0xb3, 0xad, 0xc0, 0x65, 0xfd, 0x88, 0xb9, 0x38, 0xbe, 0xb5, 0xe7, 
0x59, 0xae, 0x55, 0x89, 0x7c, 0xf6, 0x4b, 0x89, 0x7c, 0xbe, 0xb5, 0x89, 0x7c, 0xbe, 0xb5, 0x89, 0x7c, 0xbe, 0xb5, 0x89, 
0x7c, 0xfd, 0x88, 0x89, 0x7c, 0xfd, 0x88, 0x02, 0x03, 0x03, 0x03, 0x04, 0x02, 0x03, 0x03, 0x03, 0x04, 0x8d, 0xa6, 0x89, 
0x9d, 0x8d, 0xa6, 0xb8, 0x34, 0x8d, 0xa6, 0xb8, 0x34, 0x89, 0x9d, 0xb8, 0x34, 0x89, 0x9d, 0xb8, 0x34, 0x89, 0x9d, 0xe9, 
0x94, 0xa4, 0x31, 0xe9, 0x94, 0xb8, 0x34, 0xb8, 0x34, 0xa4, 0x31, 0xa4, 0x31, 0xa4, 0x31, 0xf8, 0x02, 0x00, 0x00, 0x1c, 
0x00, 0x00, 0x00, 0x05, 0x00, 0x00, 0x00, 0x1c, 0x00, 0x00, 0x00, 0x00, 0x00, 0x00, 0x00, 0x76, 0x77, 0x78, 0x02, 0x80, 
0x81, 0x82, 0x83, 0x84, 0x85, 0x86, 0x0d, 0x79, 0x7a, 0x11, 0x7b, 0x7c, 0x02, 0x7d, 0x7e, 0xf0, 0xf0, 0xf0, 0x14, 0x02, 
0xf0, 0xf0, 0x03, 0x4b, 0x4c, 0x4d, 0x1a, 0x1b, 0x09, 0x0a, 0x00, 0x00, 0xef, 0x00, 0x00, 0x00, 0x07, 0x00, 0x00, 0x00, 
0xef, 0x00, 0x00, 0x00, 0x5e, 0x00, 0x00, 0x00, 0x76, 0x77, 0xa2, 0x02, 0xa3, 0xa4, 0x0d, 0xa5, 0xa6, 0x11, 0xa7, 0x16, 
0x02, 0x19, 0x1a, 0x1b, 0x1c, 0x1d, 0x1e, 0x1f, 0x20, 0x21, 0x22, 0x23, 0x24, 0x25, 0x26, 0x27, 0x28, 0x29, 0x45, 0x46, 
0x47, 0x2a, 0x2b, 0x2c, 0x2d, 0x48, 0x49, 0x4a, 0x4b, 0x4c, 0x4d, 0x4e, 0x4f, 0x50, 0x51, 0x52, 0x53, 0x54, 0x55, 0x56, 
0x2e, 0x57, 0x58, 0x59, 0x2f, 0x5a, 0x5b, 0x30, 0x5c, 0x5d, 0x31, 0x5e, 0x5f, 0x32, 0x60, 0x33, 0x61, 0x62, 0x34, 0x35, 
0x63, 0x36, 0x37, 0x38, 0x64, 0x65, 0x39, 0x66, 0x3a, 0x3b, 0x3c, 0x3d, 0x3e, 0x3f, 0x40, 0x67, 0x68, 0x69, 0x6a, 0x41, 
0x6b, 0x6c, 0x6d, 0x6e, 0x42, 0x6f, 0x70, 0x71, 0x72, 0x73, 0x74, 0x17, 0xa8, 0xf0, 0xf0, 0xf0, 0xf0, 0x14, 0x02, 0xa9, 
0x02, 0xaa, 0x03, 0x06, 0x02, 0xab, 0x03, 0x04, 0xfe, 0x8c, 0x04, 0xfe, 0x01, 0xfe, 0x00, 0xfe, 0x8e, 0xfe, 0x92, 0x04, 
0xfe, 0xac, 0xfe, 0x00, 0x07, 0xfe, 0x01, 0xfe, 0xad, 0x04, 0xfe, 0x00, 0x44, 0xfe, 0xae, 0x02, 0x04, 0xfe, 0x01, 0xfe, 
0x00, 0xfe, 0xaf, 0xfe, 0xb0, 0xfe, 0x01, 0xfe, 0x00, 0x03, 0x06, 0x02, 0xfe, 0x01, 0xfe, 0x00, 0x03, 0x90, 0xfe, 0xb1, 
0xfe, 0xb2, 0xfe, 0x93, 0x04, 0xfe, 0x01, 0xfe, 0x91, 0x12, 0xfe, 0x43, 0xfe, 0xb3, 0xfe, 0x0b, 0xfe, 0x08, 0xfe, 0x0e, 
0xfe, 0x09, 0x90, 0xfe, 0xb4, 0xfe, 0x05, 0xfe, 0xb5, 0x04, 0xfe, 0x01, 0xfe, 0xf0, 0xb6, 0xfe, 0x91, 0x0a, 0xfe, 0x01, 
0xfe, 0x13, 0xb7, 0xfe, 0x08, 0xb8, 0xfe, 0x09, 0xb9, 0xfe, 0x10, 0xf0, 0xfe, 0xf0, 0xba, 0xfe, 0x00, 0xfe, 0x8e, 0xfe, 
0xbb, 0xfe, 0xbc, 0xbd, 0xfe, 0x00, 0x03, 0x44, 0x45, 0x5d, 0x46, 0x48, 0x59, 0x5a, 0xc8, 0x62, 0xb8, 0x51, 0xc8, 0x62, 
0xb8, 0x51, 0xc8, 0x62, 0xde, 0x7a, 0xb8, 0x51, 0xbb, 0x6e, 0xde, 0x7a, 0xe5, 0x8f, 0xbb, 0x6e, 0xda, 0x49, 0xde, 0x7a, 
0xda, 0x49, 0xbb, 0x6e, 0xe5, 0x8f, 0xda, 0x49, 0xe5, 0x8f, 0xde, 0x7a, 0x81, 0x71, 0xe5, 0x8f, 0xe5, 0x8f, 0xf9, 0x75, 
0x81, 0x71, 0xf4, 0xac, 0xc8, 0x62, 0xf9, 0x75, 0xf4, 0xac, 0xf9, 0x75, 0xf4, 0xac, 0xbb, 0x47, 0xf9, 0x75, 0x81, 0x71, 
0xda, 0x35, 0xbb, 0x47, 0xbb, 0x47, 0x9f, 0x96, 0xda, 0x35, 0x9f, 0x96, 0x9f, 0x96, 0x9f, 0x96, 0xda, 0x35, 0xb8, 0x51, 
0xb8, 0x51, 0xb8, 0x51, 0xb8, 0x51, 0xb8, 0x51, 0xea, 0x05, 0x00, 0x00, 0x93, 0x00, 0x00, 0x00, 0x0c, 0x00, 0x00, 0x00, 
0x93, 0x00, 0x00, 0x00, 0x28, 0x00, 0x00, 0x00, 0x76, 0x77, 0x16, 0x02, 0x19, 0x1a, 0x1b, 0x1c, 0x1d, 0x1e, 0x1f, 0x20, 
0x21, 0x22, 0x23, 0x24, 0x25, 0x26, 0x27, 0x28, 0x29, 0x45, 0x46, 0x47, 0x2a, 0x2b, 0x2c, 0x2d, 0x48, 0x49, 0x4a, 0x4b, 
0x4c, 0x4d, 0x4e, 0x4f, 0x50, 0x51, 0x52, 0x53, 0x54, 0x55, 0x56, 0x2e, 0x57, 0x58, 0x59, 0x2f, 0x5a, 0x5b, 0x30, 0x5c, 
0x5d, 0x31, 0x5e, 0x5f, 0x32, 0x60, 0x33, 0x61, 0x62, 0x34, 0x35, 0x63, 0x36, 0x37, 0x38, 0x64, 0x65, 0x39, 0x66, 0x3a, 
0x3b, 0x3c, 0x3d, 0x3e, 0x3f, 0x40, 0x67, 0x68, 0x69, 0x6a, 0x41, 0x6b, 0x6c, 0x6d, 0x6e, 0x42, 0x6f, 0x70, 0x71, 0x72, 
0x73, 0x74, 0x17, 0xf0, 0x92, 0x14, 0x02, 0x07, 0xfe, 0xf0, 0x12, 0xfe, 0xf0, 0xfe, 0xf0, 0xfe, 0x18, 0x12, 0xfe, 0x01, 
0xfe, 0xb5, 0xfe, 0x00, 0x07, 0xfe, 0xf0, 0x07, 0xfe, 0xf0, 0x12, 0xfe, 0xf0, 0xfe, 0xf0, 0xfe, 0xf0, 0xfe, 0xb5, 0xfe, 
0xf0, 0xfe, 0xb5, 0xfe, 0xf0, 0xf0, 0xfe, 0xe4, 0xfe, 0xe4, 0xfe, 0xe3, 0xfe, 0x7f, 0x03, 0x4e, 0x1c, 0x1d, 0x1e, 0x1f, 
0x20, 0x21, 0x22, 0x23, 0x24, 0x25, 0x26, 0xed, 0xc2, 0xbc, 0x34, 0xed, 0xc2, 0xed, 0xc2, 0xb3, 0xb0, 0xbc, 0x34, 0xbc, 
0x34, 0xb7, 0xb5, 0x95, 0x45, 0xeb, 0xb1, 0xb3, 0xb0, 0xb3, 0xb0, 0xb7, 0xb5, 0xb7, 0xb5, 0x95, 0x45, 0x95, 0x45, 0xbc, 
0x34, 0xeb, 0xb1, 0xbc, 0x34, 0xeb, 0xb1, 0x38, 0x0c, 0x00, 0x00, 0x26, 0x01, 0x00, 0x00, 0x16, 0x00, 0x00, 0x00, 0x26, 
0x01, 0x00, 0x00, 0x8a, 0x00, 0x00, 0x00, 0x76, 0x77, 0xa2, 0x02, 0xa3, 0xa4, 0x0d, 0xa5, 0xa6, 0x11, 0xa7, 0xf0, 0xf0, 
0x11, 0xf0, 0x16, 0x02, 0x19, 0x1a, 0x1b, 0x1c, 0x1d, 0x1e, 0x1f, 0x20, 0x21, 0x22, 0x23, 0x24, 0x25, 0x26, 0x27, 0x28, 
0x29, 0x45, 0x46, 0x47, 0x2a, 0x2b, 0x2c, 0x2d, 0x48, 0x49, 0x4a, 0x4b, 0x4c, 0x4d, 0x4e, 0x4f, 0x50, 0x51, 0x52, 0x53, 
0x54, 0x55, 0x56, 0x2e, 0x57, 0x58, 0x59, 0x2f, 0x5a, 0x5b, 0x30, 0x5c, 0x5d, 0x31, 0x5e, 0x5f, 0x32, 0x60, 0x33, 0x61, 
0x62, 0x34, 0x35, 0x63, 0x36, 0x37, 0x38, 0x64, 0x65, 0x39, 0x66, 0x3a, 0x3b, 0x3c, 0x3d, 0x3e, 0x3f, 0x40, 0x67, 0x68, 
0x69, 0x6a, 0x41, 0x6b, 0x6c, 0x6d, 0x6e, 0x42, 0x6f, 0x70, 0x71, 0x72, 0x73, 0x74, 0x17, 0xa8, 0xf0, 0xf0, 0xf0, 0xf0, 
0x14, 0x02, 0xa9, 0x02, 0xaa, 0x03, 0x06, 0x02, 0xab, 0x03, 0x04, 0xfe, 0x8c, 0x04, 0xfe, 0x01, 0xfe, 0x00, 0xfe, 0x8e, 
0xfe, 0x92, 0x04, 0xfe, 0xac, 0xfe, 0x00, 0x07, 0xfe, 0x01, 0xfe, 0xad, 0x04, 0xfe, 0x00, 0x44, 0xfe, 0xae, 0x02, 0x04, 
0xfe, 0x01, 0xfe, 0x00, 0xfe, 0xaf, 0xfe, 0xb0, 0xfe, 0x01, 0xfe, 0x00, 0x03, 0x06, 0x02, 0xfe, 0x01, 0xfe, 0x00, 0x03, 
0x90, 0xfe, 0xb1, 0xfe, 0xb2, 0xfe, 0x93, 0x04, 0xfe, 0x01, 0xfe, 0x91, 0x12, 0xfe, 0x43, 0xfe, 0xb3, 0xfe, 0x0b, 0xfe, 
0x08, 0xfe, 0x0e, 0xfe, 0x09, 0x90, 0xfe, 0xb4, 0xfe, 0x05, 0xfe, 0xb5, 0x04, 0xfe, 0x01, 0xfe, 0xf0, 0xb6, 0xfe, 0x91, 
0x0a, 0xfe, 0x01, 0xfe, 0x13, 0xb7, 0xfe, 0x08, 0xb8, 0xfe, 0x09, 0xb9, 0xfe, 0x10, 0xf0, 0xfe, 0xf0, 0xba, 0xfe, 0x00, 
0x8f, 0xfe, 0xf0, 0x07, 0xfe, 0xf0, 0x07, 0xfe, 0xf0, 0xfe, 0x00, 0x07, 0xfe, 0x01, 0xfe, 0xbe, 0xfe, 0x18, 0xfe, 0x0b, 
0xfe, 0xf0, 0xfe, 0x18, 0xfe, 0x0b, 0xfe, 0xf0, 0xfe, 0xf0, 0xfe, 0x15, 0xfe, 0xbf, 0xf0, 0xfe, 0xf0, 0xfe, 0x15, 0xfe, 
0xbf, 0xf0, 0xfe, 0xf0, 0xfe, 0xbe, 0xfe, 0xf0, 0xfe, 0x93, 0xfe, 0x8e, 0xfe, 0xbb, 0xfe, 0xbc, 0xbd, 0xfe, 0x00, 0xf0, 
0x03, 0x0e, 0x0f, 0x10, 0x44, 0x45, 0x5d, 0x46, 0x48, 0x59, 0x5a, 0x11, 0x12, 0x13, 0x14, 0x15, 0x16, 0x17, 0x18, 0x19, 
0x1a, 0x1b, 0x4b, 0xc8, 0x62, 0xb8, 0x51, 0xc8, 0x62, 0xb8, 0x51, 0xc8, 0x62, 0xde, 0x7a, 0xb8, 0x51, 0xbb, 0x6e, 0xde, 
0x7a, 0xe5, 0x8f, 0xbb, 0x6e, 0xda, 0x49, 0xde, 0x7a, 0xda, 0x49, 0xbb, 0x6e, 0xe5, 0x8f, 0xda, 0x49, 0xe5, 0x8f, 0xde, 
0x7a, 0x81, 0x71, 0xe5, 0x8f, 0xe5, 0x8f, 0xf9, 0x75, 0x81, 0x71, 0xf4, 0xac, 0xc8, 0x62, 0xf9, 0x75, 0xf4, 0xac, 0xf9, 
0x75, 0xf4, 0xac, 0xbb, 0x47, 0xf9, 0x75, 0x81, 0x71, 0xda, 0x35, 0xbb, 0x47, 0xbb, 0x47, 0x9f, 0x96, 0xda, 0x35, 0x9f, 
0x96, 0x9f, 0x96, 0x9f, 0x96, 0xda, 0x35, 0xb8, 0x51, 0xbb, 0x57, 0xc6, 0x6e, 0xa5, 0x92, 0xc6, 0x6e, 0xa1, 0xbb, 0xa5, 
0x92, 0xbb, 0x57, 0xb8, 0x51, 0xb8, 0x51, 0xc6, 0x6e, 0xb8, 0x51, 0xb8, 0x51, 0xa5, 0x92, 0xa1, 0xbb, 0xb8, 0x51, 0xb8, 
0x51, 0xa1, 0xbb, 0xb8, 0x51, 0xb8, 0x51, 0xa5, 0x92, 0xbb, 0x57, 0xb8, 0x51, 0xb8, 0x51, 0xb8, 0x51, 0xb8, 0x51, 0xb8, 
0x51, 0x97, 0x1d, 0x00, 0x00, 0x51, 0x03, 0x00, 0x00, 0x33, 0x00, 0x00, 0x00, 0x51, 0x03, 0x00, 0x00, 0x19, 0x02, 0x00, 
0x00, 0x76, 0x77, 0xa2, 0x02, 0xa3, 0xa4, 0x0d, 0x78, 0x02, 0x80, 0x81, 0x82, 0x83, 0x84, 0x85, 0x86, 0x0d, 0x79, 0x7a, 
0x11, 0x7b, 0xf0, 0x02, 0xf0, 0xf0, 0xf0, 0x0d, 0xf0, 0x02, 0xf0, 0x0d, 0xa5, 0xa6, 0x11, 0xa7, 0x04, 0xfe, 0x00, 0x7c, 
0x02, 0x7d, 0x7e, 0x16, 0x02, 0x19, 0x1a, 0x1b, 0x1c, 0x1d, 0x1e, 0x1f, 0x20, 0x21, 0x22, 0x23, 0x24, 0x25, 0x26, 0x27, 
0x28, 0x29, 0x45, 0x46, 0x47, 0x2a, 0x2b, 0x2c, 0x2d, 0x48, 0x49, 0x4a, 0x4b, 0x4c, 0x4d, 0x4e, 0x4f, 0x50, 0x51, 0x52, 
0x53, 0x54, 0x55, 0x56, 0x2e, 0x57, 0x58, 0x59, 0x2f, 0x5a, 0x5b, 0x30, 0x5c, 0x5d, 0x31, 0x5e, 0x5f, 0x32, 0x60, 0x33, 
0x61, 0x62, 0x34, 0x35, 0x63, 0x36, 0x37, 0x38, 0x64, 0x65, 0x39, 0x66, 0x3a, 0x3b, 0x3c, 0x3d, 0x3e, 0x3f, 0x40, 0x67, 
0x68, 0x69, 0x6a, 0x41, 0x6b, 0x6c, 0x6d, 0x6e, 0x42, 0x6f, 0x70, 0x71, 0x72, 0x73, 0x74, 0x17, 0xf0, 0x02, 0xf0, 0xf0, 
0xf0, 0x02, 0xf0, 0xf0, 0xf0, 0xf0, 0xf0, 0xa8, 0xf0, 0xf0, 0xf0, 0xf0, 0xf0, 0xf0, 0xf0, 0x02, 0xf0, 0x02, 0x88, 0xfe, 
0xc0, 0x88, 0xfe, 0xc1, 0x88, 0xfe, 0xc2, 0x88, 0xfe, 0xf0, 0xf0, 0xfe, 0x89, 0xfe, 0x8a, 0xfe, 0x8b, 0xfe, 0xc3, 0xfe, 
0x89, 0xfe, 0x8a, 0xfe, 0x8b, 0xfe, 0xc4, 0xfe, 0x89, 0xfe, 0x8a, 0xfe, 0x8b, 0xfe, 0xf0, 0xfe, 0x89, 0xfe, 0x8a, 0xfe, 
0x8b, 0xfe, 0xf0, 0xf0, 0x03, 0x88, 0xfe, 0xc0, 0x88, 0xfe, 0xc1, 0x88, 0xfe, 0xc2, 0xc5, 0xfe, 0xf0, 0xc5, 0xfe, 0x01, 
0xfe, 0xf0, 0x0a, 0xfe, 0x00, 0xfe, 0xf0, 0xfe, 0x89, 0xfe, 0x8a, 0xfe, 0x8b, 0xfe, 0xc3, 0xfe, 0x89, 0xfe, 0x8a, 0xfe, 
0x8b, 0xfe, 0xc4, 0xfe, 0x89, 0xfe, 0x8a, 0xfe, 0x8b, 0xfe, 0xf0, 0xf0, 0xfe, 0x01, 0xfe, 0xf0, 0xfe, 0xf0, 0xfe, 0xf0, 
0x02, 0x12, 0xfe, 0xf0, 0xfe, 0xf0, 0xfe, 0xf0, 0x88, 0xfe, 0xf0, 0xfe, 0xf0, 0xfe, 0xf0, 0xfe, 0x89, 0xfe, 0x8a, 0xfe, 
0x8b, 0xfe, 0xf0, 0xfe, 0x7f, 0xfe, 0xf0, 0xf0, 0x03, 0xf0, 0xfe, 0x00, 0x03, 0x14, 0x02, 0xa9, 0x02, 0xaa, 0x03, 0x06, 
0x02, 0xab, 0x03, 0xc6, 0xfe, 0xf0, 0x04, 0xfe, 0x00, 0x0c, 0xfe, 0x8d, 0x02, 0x8f, 0xfe, 0x94, 0x87, 0xfe, 0x00, 0x04, 
0xfe, 0x00, 0xfe, 0x95, 0xfe, 0x96, 0xfe, 0x97, 0xfe, 0x8c, 0x87, 0xfe, 0x00, 0x04, 0xfe, 0x00, 0x98, 0xfe, 0x99, 0xfe, 
0xc7, 0xfe, 0x01, 0xfe, 0x05, 0xfe, 0x01, 0xfe, 0x05, 0xfe, 0x9a, 0x02, 0x9b, 0xfe, 0x9c, 0x02, 0x87, 0xfe, 0x01, 0xfe, 
0x00, 0xfe, 0x0f, 0xfe, 0x00, 0xfe, 0x01, 0xfe, 0x00, 0xfe, 0x01, 0xfe, 0x9d, 0xfe, 0x9e, 0xfe, 0x9f, 0x03, 0x06, 0x02, 
0xfe, 0x01, 0xfe, 0x00, 0xfe, 0x01, 0xfe, 0x00, 0x03, 0x03, 0xfe, 0x01, 0xfe, 0x00, 0x03, 0x06, 0x02, 0xfe, 0x8c, 0x03, 
0xc6, 0xfe, 0xf0, 0x04, 0xfe, 0x00, 0x0c, 0xfe, 0x8d, 0x02, 0x0a, 0xfe, 0x01, 0xfe, 0x13, 0xa0, 0xfe, 0xa1, 0x04, 0xfe, 
0x01, 0xfe, 0x00, 0xfe, 0x0b, 0xfe, 0x08, 0xfe, 0x0e, 0xfe, 0x09, 0xfe, 0x0f, 0xfe, 0x10, 0xfe, 0x01, 0xfe, 0x00, 0x03, 
0x06, 0x02, 0xfe, 0x01, 0xfe, 0x00, 0x03, 0x04, 0xfe, 0x01, 0xfe, 0x00, 0xfe, 0x8e, 0xfe, 0x92, 0x04, 0xfe, 0xac, 0xfe, 
0x00, 0x07, 0xfe, 0x01, 0xfe, 0xad, 0x04, 0xfe, 0x00, 0x44, 0xfe, 0xae, 0x02, 0x04, 0xfe, 0x01, 0xfe, 0x00, 0xfe, 0xaf, 
0xfe, 0xb0, 0xfe, 0x01, 0xfe, 0x00, 0x03, 0x06, 0x02, 0xfe, 0x01, 0xfe, 0x00, 0x03, 0x90, 0xfe, 0xb1, 0xfe, 0xb2, 0xfe, 
0x93, 0x04, 0xfe, 0x01, 0xfe, 0x91, 0x04, 0xfe, 0x00, 0x0c, 0xfe, 0x8d, 0x02, 0x8f, 0xfe, 0x94, 0x87, 0xfe, 0x00, 0x04, 
0xfe, 0x00, 0xfe, 0x95, 0xfe, 0x96, 0xfe, 0x97, 0xfe, 0x8c, 0x87, 0xfe, 0x00, 0x04, 0xfe, 0x00, 0x98, 0xfe, 0x99, 0xfe, 
0xc7, 0xfe, 0x01, 0xfe, 0x05, 0xfe, 0x01, 0xfe, 0x05, 0xfe, 0x9a, 0x02, 0x9b, 0xfe, 0x9c, 0x02, 0x87, 0xfe, 0x01, 0xfe, 
0x00, 0xfe, 0x0f, 0xfe, 0x00, 0xfe, 0x01, 0xfe, 0x00, 0xfe, 0x01, 0xfe, 0x9d, 0xfe, 0x9e, 0xfe, 0x9f, 0x03, 0x06, 0x02, 
0xfe, 0x01, 0xfe, 0x00, 0xfe, 0x01, 0xfe, 0x00, 0x03, 0x03, 0xfe, 0x01, 0xfe, 0x00, 0x03, 0x06, 0x02, 0xfe, 0x8c, 0x03, 
0x04, 0xfe, 0x00, 0x0c, 0xfe, 0x8d, 0x02, 0x0a, 0xfe, 0x01, 0xfe, 0x13, 0xa0, 0xfe, 0xa1, 0x04, 0xfe, 0x00, 0xfe, 0x0b, 
0xfe, 0x08, 0xfe, 0x0e, 0xfe, 0x09, 0xfe, 0x01, 0xfe, 0x00, 0x03, 0x06, 0x02, 0xfe, 0x01, 0xfe, 0x00, 0x03, 0x12, 0xfe, 
0x43, 0xfe, 0xb3, 0xfe, 0x0b, 0xfe, 0x08, 0xfe, 0x0e, 0xfe, 0x09, 0x90, 0xfe, 0xb4, 0xfe, 0x05, 0xfe, 0xb5, 0x04, 0xfe, 
0x01, 0xfe, 0x91, 0x04, 0xfe, 0x01, 0xfe, 0xf0, 0xb6, 0xfe, 0x00, 0x0a, 0xfe, 0x01, 0xfe, 0x13, 0xb7, 0xfe, 0x08, 0xb8, 
0xfe, 0x09, 0xb9, 0xfe, 0x10, 0x04, 0xfe, 0x00, 0x0c, 0xfe, 0x8d, 0x02, 0x8f, 0xfe, 0x94, 0x87, 0xfe, 0x00, 0x04, 0xfe, 
0x00, 0xfe, 0x95, 0xfe, 0x96, 0xfe, 0x97, 0xfe, 0x8c, 0x87, 0xfe, 0x00, 0x04, 0xfe, 0x00, 0x98, 0xfe, 0x99, 0xfe, 0xc7, 
0xfe, 0x01, 0xfe, 0x05, 0xfe, 0x01, 0xfe, 0x05, 0xfe, 0x9a, 0x02, 0x9b, 0xfe, 0x9c, 0x02, 0x87, 0xfe, 0x01, 0xfe, 0x00, 
0xfe, 0x0f, 0xfe, 0x00, 0xfe, 0x01, 0xfe, 0x00, 0xfe, 0x01, 0xfe, 0x9d, 0xfe, 0x9e, 0xfe, 0x9f, 0x03, 0x06, 0x02, 0xfe, 
0x01, 0xfe, 0x00, 0xfe, 0x01, 0xfe, 0x00, 0x03, 0x03, 0xfe, 0x01, 0xfe, 0x00, 0x03, 0x06, 0x02, 0xfe, 0x8c, 0x03, 0x04, 
0xfe, 0x00, 0x0c, 0xfe, 0x8d, 0x02, 0x0a, 0xfe, 0x01, 0xfe, 0x13, 0xa0, 0xfe, 0xa1, 0x04, 0xfe, 0x01, 0xfe, 0x00, 0xfe, 
0x0b, 0xfe, 0x08, 0xfe, 0x0e, 0xfe, 0x09, 0xfe, 0x0f, 0xfe, 0x10, 0xfe, 0x01, 0xfe, 0x00, 0x03, 0x06, 0x02, 0xfe, 0x01, 
0xfe, 0x00, 0x03, 0x04, 0xfe, 0x01, 0xfe, 0x00, 0xfe, 0x8e, 0xfe, 0x92, 0xf0, 0xfe, 0x05, 0xfe, 0xf0, 0xba, 0xfe, 0x00, 
0xfe, 0x8e, 0xfe, 0xbb, 0xfe, 0xbc, 0xbd, 0xfe, 0x00, 0x03, 0x1c, 0x1d, 0x1e, 0x1f, 0x20, 0x21, 0x22, 0x23, 0x24, 0x25, 
0x55, 0x26, 0x56, 0x27, 0x57, 0x28, 0x29, 0x44, 0x45, 0x5d, 0x46, 0x2a, 0x2b, 0x2c, 0x2d, 0x2e, 0x2f, 0x30, 0x31, 0x32, 
0x33, 0x34, 0x35, 0x36, 0x37, 0x38, 0x39, 0x3a, 0x3b, 0x3c, 0x3d, 0x3e, 0x3f, 0x40, 0x41, 0x42, 0x4f, 0x50, 0x48, 0x5b, 
0x5c, 0x02, 0xc8, 0x50, 0xc9, 0x50, 0xca, 0x50, 0xcb, 0x50, 0xc8, 0x50, 0xc8, 0x50, 0xc8, 0x50, 0xc8, 0x50, 0xc9, 0x50, 
0xc9, 0x50, 0xc9, 0x50, 0xc9, 0x50, 0xca, 0x50, 0xca, 0x50, 0xca, 0x50, 0xca, 0x50, 0xcb, 0x50, 0xcb, 0x50, 0xcb, 0x50, 
0xcb, 0x50, 0xcc, 0x50, 0xcd, 0x50, 0xce, 0x50, 0x98, 0xa5, 0xe0, 0xc1, 0x98, 0xa5, 0xbe, 0x63, 0xbe, 0x63, 0xcc, 0x50, 
0xcc, 0x50, 0xcc, 0x50, 0xcc, 0x50, 0xcd, 0x50, 0xcd, 0x50, 0xcd, 0x50, 0xcd, 0x50, 0xce, 0x50, 0xce, 0x50, 0xce, 0x50, 
0xce, 0x50, 0xf3, 0x4e, 0x98, 0xa5, 0xf3, 0x4e, 0xe0, 0xc1, 0x82, 0x80, 0xf3, 0x4e, 0xf3, 0x4e, 0xcf, 0x50, 0x82, 0x80, 
0xbe, 0x63, 0xcf, 0x50, 0xcf, 0x50, 0xcf, 0x50, 0xcf, 0x50, 0x82, 0x80, 0xf3, 0x4e, 0xbe, 0x63, 0xe3, 0x51, 0xbf, 0x8a, 
0xe3, 0x51, 0xa2, 0x97, 0xa7, 0x57, 0xfc, 0x65, 0xa7, 0x57, 0xa2, 0x97, 0xa2, 0x97, 0xfc, 0x65, 0xf3, 0x57, 0x8d, 0x6b, 
0xb9, 0x3d, 0xb9, 0x3d, 0xa7, 0x57, 0xf3, 0x57, 0xfc, 0x65, 0x8d, 0x6b, 0xb9, 0x3d, 0xb9, 0x3d, 0xa3, 0x66, 0xa7, 0x57, 
0xa3, 0x66, 0xb9, 0x3d, 0xf3, 0x57, 0xa3, 0x66, 0x8d, 0x6b, 0xfc, 0x65, 0xa3, 0x66, 0xb9, 0x3d, 0xf3, 0x57, 0xa7, 0x57, 
0x8d, 0x6b, 0xfc, 0x65, 0xbf, 0x8a, 0xfc, 0x65, 0xbf, 0x8a, 0xd5, 0x85, 0xac, 0x8f, 0xd5, 0x85, 0x8e, 0xb9, 0xbf, 0x8a, 
0x8e, 0xb9, 0xed, 0x77, 0xbf, 0x8a, 0xed, 0x77, 0x8e, 0xb9, 0xed, 0x77, 0x8e, 0xb9, 0xed, 0x77, 0x8e, 0xb9, 0xac, 0x8f, 
0xed, 0x77, 0xac, 0x8f, 0xbf, 0x8a, 0xb8, 0x51, 0xac, 0x8f, 0xb8, 0x51, 0xac, 0x8f, 0xde, 0x7a, 0xb8, 0x51, 0xbb, 0x6e, 
0xde, 0x7a, 0xe5, 0x8f, 0xbb, 0x6e, 0xda, 0x49, 0xde, 0x7a, 0xda, 0x49, 0xbb, 0x6e, 0xe5, 0x8f, 0xda, 0x49, 0xe5, 0x8f, 
0xde, 0x7a, 0x81, 0x71, 0xe5, 0x8f, 0xe5, 0x8f, 0xf1, 0x8e, 0x81, 0x71, 0xac, 0x55, 0xe3, 0x51, 0xa3, 0x97, 0xa8, 0x57, 
0xfd, 0x65, 0xa8, 0x57, 0xa3, 0x97, 0xa3, 0x97, 0xfd, 0x65, 0xf4, 0x57, 0x8e, 0x6b, 0xba, 0x3d, 0xba, 0x3d, 0xa8, 0x57, 
0xf4, 0x57, 0xfd, 0x65, 0x8e, 0x6b, 0xba, 0x3d, 0xba, 0x3d, 0xa4, 0x66, 0xa8, 0x57, 0xa4, 0x66, 0xba, 0x3d, 0xf4, 0x57, 
0xa4, 0x66, 0x8e, 0x6b, 0xfd, 0x65, 0xa4, 0x66, 0xba, 0x3d, 0xf4, 0x57, 0xa8, 0x57, 0x8e, 0x6b, 0xfd, 0x65, 0xac, 0x55, 
0xfd, 0x65, 0xac, 0x55, 0xb1, 0x93, 0xd5, 0x85, 0xfa, 0x31, 0xac, 0x55, 0xfa, 0x31, 0xee, 0x77, 0xee, 0x77, 0xfa, 0x31, 
0xee, 0x77, 0xfa, 0x31, 0xb1, 0x93, 0xee, 0x77, 0xb1, 0x93, 0xac, 0x55, 0xf4, 0xac, 0xb1, 0x93, 0xf1, 0x8e, 0xf4, 0xac, 
0xf1, 0x8e, 0xf4, 0xac, 0xbb, 0x47, 0xf1, 0x8e, 0x81, 0x71, 0x85, 0xbd, 0xbb, 0x47, 0xda, 0x35, 0xbb, 0x47, 0x85, 0xbd, 
0x9f, 0x96, 0xda, 0x35, 0x9f, 0x96, 0x9f, 0x96, 0x9f, 0x96, 0xad, 0x55, 0xe3, 0x51, 0xa4, 0x97, 0xa9, 0x57, 0xfe, 0x65, 
0xa9, 0x57, 0xa4, 0x97, 0xa4, 0x97, 0xfe, 0x65, 0xf5, 0x57, 0x8f, 0x6b, 0xbb, 0x3d, 0xbb, 0x3d, 0xa9, 0x57, 0xf5, 0x57, 
0xfe, 0x65, 0x8f, 0x6b, 0xbb, 0x3d, 0xbb, 0x3d, 0xa5, 0x66, 0xa9, 0x57, 0xa5, 0x66, 0xbb, 0x3d, 0xf5, 0x57, 0xa5, 0x66, 
0x8f, 0x6b, 0xfe, 0x65, 0xa5, 0x66, 0xbb, 0x3d, 0xf5, 0x57, 0xa9, 0x57, 0x8f, 0x6b, 0xfe, 0x65, 0xad, 0x55, 0xfe, 0x65, 
0xad, 0x55, 0xad, 0x8f, 0xd5, 0x85, 0xc9, 0x8f, 0xad, 0x55, 0xc9, 0x8f, 0xef, 0x77, 0xad, 0x55, 0xef, 0x77, 0xc9, 0x8f, 
0xef, 0x77, 0xc9, 0x8f, 0xef, 0x77, 0xc9, 0x8f, 0xad, 0x8f, 0xef, 0x77, 0xad, 0x8f, 0xad, 0x55, 0xcc, 0xba, 0xad, 0x8f, 
0xcc, 0xba, 0xad, 0x8f, 0x85, 0xbd, 0xda, 0x35, 0xcc, 0xba, 0xcc, 0xba, 0xcc, 0xba, 0xcc, 0xba, 0xcc, 0xba, 0xbd, 0x1f, 
0x00, 0x00, 0x97, 0x03, 0x00, 0x00, 0x45, 0x00, 0x00, 0x00, 0x97, 0x03, 0x00, 0x00, 0x53, 0x02, 0x00, 0x00, 0x76, 0x77, 
0xa2, 0x02, 0xa3, 0xa4, 0x0d, 0x78, 0x02, 0x80, 0x81, 0x82, 0x83, 0x84, 0x85, 0x86, 0x0d, 0x79, 0x7a, 0x11, 0x7b, 0xf0, 
0x02, 0xf0, 0xf0, 0xf0, 0x0d, 0xf0, 0x02, 0xf0, 0x0d, 0xa5, 0xa6, 0x11, 0xa7, 0xf0, 0xf0, 0x11, 0xf0, 0x04, 0xfe, 0x00, 
0x7c, 0x02, 0x7d, 0x7e, 0x16, 0x02, 0x19, 0x1a, 0x1b, 0x1c, 0x1d, 0x1e, 0x1f, 0x20, 0x21, 0x22, 0x23, 0x24, 0x25, 0x26, 
0x27, 0x28, 0x29, 0x45, 0x46, 0x47, 0x2a, 0x2b, 0x2c, 0x2d, 0x48, 0x49, 0x4a, 0x4b, 0x4c, 0x4d, 0x4e, 0x4f, 0x50, 0x51, 
0x52, 0x53, 0x54, 0x55, 0x56, 0x2e, 0x57, 0x58, 0x59, 0x2f, 0x5a, 0x5b, 0x30, 0x5c, 0x5d, 0x31, 0x5e, 0x5f, 0x32, 0x60, 
0x33, 0x61, 0x62, 0x34, 0x35, 0x63, 0x36, 0x37, 0x38, 0x64, 0x65, 0x39, 0x66, 0x3a, 0x3b, 0x3c, 0x3d, 0x3e, 0x3f, 0x40, 
0x67, 0x68, 0x69, 0x6a, 0x41, 0x6b, 0x6c, 0x6d, 0x6e, 0x42, 0x6f, 0x70, 0x71, 0x72, 0x73, 0x74, 0x17, 0xf0, 0x02, 0xf0, 
0xf0, 0xf0, 0x02, 0xf0, 0xf0, 0xf0, 0xf0, 0xf0, 0xa8, 0xf0, 0xf0, 0xf0, 0xf0, 0xf0, 0xf0, 0xf0, 0x02, 0xf0, 0x02, 0x88, 
0xfe, 0xc0, 0x88, 0xfe, 0xc1, 0x88, 0xfe, 0xc2, 0x88, 0xfe, 0xf0, 0xf0, 0xfe, 0x89, 0xfe, 0x8a, 0xfe, 0x8b, 0xfe, 0xc3, 
0xfe, 0x89, 0xfe, 0x8a, 0xfe, 0x8b, 0xfe, 0xc4, 0xfe, 0x89, 0xfe, 0x8a, 0xfe, 0x8b, 0xfe, 0xf0, 0xfe, 0x89, 0xfe, 0x8a, 
0xfe, 0x8b, 0xfe, 0xf0, 0xf0, 0x03, 0x88, 0xfe, 0xc0, 0x88, 0xfe, 0xc1, 0x88, 0xfe, 0xc2, 0xc5, 0xfe, 0xf0, 0xc5, 0xfe, 
0x01, 0xfe, 0xf0, 0x0a, 0xfe, 0x00, 0xfe, 0xf0, 0xfe, 0x89, 0xfe, 0x8a, 0xfe, 0x8b, 0xfe, 0xc3, 0xfe, 0x89, 0xfe, 0x8a, 
0xfe, 0x8b, 0xfe, 0xc4, 0xfe, 0x89, 0xfe, 0x8a, 0xfe, 0x8b, 0xfe, 0xf0, 0xf0, 0xfe, 0x01, 0xfe, 0xf0, 0xfe, 0xf0, 0xfe, 
0xf0, 0x02, 0x12, 0xfe, 0xf0, 0xfe, 0xf0, 0xfe, 0xf0, 0x88, 0xfe, 0xf0, 0xfe, 0xf0, 0xfe, 0xf0, 0xfe, 0x89, 0xfe, 0x8a, 
0xfe, 0x8b, 0xfe, 0xf0, 0xfe, 0x7f, 0xfe, 0xf0, 0xf0, 0x03, 0xf0, 0xfe, 0x00, 0x03, 0x14, 0x02, 0xa9, 0x02, 0xaa, 0x03, 
0x06, 0x02, 0xab, 0x03, 0x8f, 0xfe, 0xf0, 0xc6, 0xfe, 0xf0, 0xfe, 0xf0, 0x04, 0xfe, 0x00, 0x0c, 0xfe, 0x8d, 0x02, 0x8f, 
0xfe, 0x94, 0x87, 0xfe, 0x00, 0x04, 0xfe, 0x00, 0xfe, 0x95, 0xfe, 0x96, 0xfe, 0x97, 0xfe, 0x8c, 0x87, 0xfe, 0x00, 0x04, 
0xfe, 0x00, 0x98, 0xfe, 0x99, 0xfe, 0xc8, 0xfe, 0xc9, 0xfe, 0x01, 0xfe, 0x05, 0xfe, 0x01, 0xfe, 0x05, 0xfe, 0x9a, 0x02, 
0x9b, 0xfe, 0x9c, 0x02, 0x87, 0xfe, 0x01, 0xfe, 0x00, 0xfe, 0x0f, 0xfe, 0x00, 0xfe, 0x01, 0xfe, 0x00, 0xfe, 0x01, 0xfe, 
0x9d, 0xfe, 0x9e, 0xfe, 0x9f, 0x03, 0x06, 0x02, 0xfe, 0x01, 0xfe, 0x00, 0xfe, 0x01, 0xfe, 0x00, 0x03, 0x03, 0xfe, 0x01, 
0xfe, 0x00, 0x03, 0x06, 0x02, 0xfe, 0x8c, 0x03, 0xc6, 0xfe, 0xf0, 0xfe, 0xf0, 0x04, 0xfe, 0x00, 0x0c, 0xfe, 0x8d, 0x02, 
0x0a, 0xfe, 0x01, 0xfe, 0x13, 0xa0, 0xfe, 0xa1, 0x04, 0xfe, 0x01, 0xfe, 0x00, 0xfe, 0x0b, 0xfe, 0x08, 0xfe, 0x0e, 0xfe, 
0x09, 0xfe, 0x0f, 0xfe, 0x10, 0xfe, 0x01, 0xfe, 0x00, 0x03, 0x06, 0x02, 0xfe, 0x01, 0xfe, 0x00, 0x03, 0x04, 0xfe, 0x01, 
0xfe, 0x00, 0xfe, 0x8e, 0xfe, 0x92, 0x04, 0xfe, 0xac, 0xfe, 0x00, 0x07, 0xfe, 0x01, 0xfe, 0xad, 0x04, 0xfe, 0x00, 0x44, 
0xfe, 0xae, 0x02, 0x04, 0xfe, 0x01, 0xfe, 0x00, 0xfe, 0xaf, 0xfe, 0xb0, 0xfe, 0x01, 0xfe, 0x00, 0x03, 0x06, 0x02, 0xfe, 
0x01, 0xfe, 0x00, 0x03, 0x90, 0xfe, 0xb1, 0xfe, 0xb2, 0xfe, 0x93, 0x04, 0xfe, 0x01, 0xfe, 0x91, 0x04, 0xfe, 0x00, 0x0c, 
0xfe, 0x8d, 0x02, 0x8f, 0xfe, 0x94, 0x87, 0xfe, 0x00, 0x04, 0xfe, 0x00, 0xfe, 0x95, 0xfe, 0x96, 0xfe, 0x97, 0xfe, 0x8c, 
0x87, 0xfe, 0x00, 0x04, 0xfe, 0x00, 0x98, 0xfe, 0x99, 0xfe, 0xc8, 0xfe, 0xc9, 0xfe, 0x01, 0xfe, 0x05, 0xfe, 0x01, 0xfe, 
0x05, 0xfe, 0x9a, 0x02, 0x9b, 0xfe, 0x9c, 0x02, 0x87, 0xfe, 0x01, 0xfe, 0x00, 0xfe, 0x0f, 0xfe, 0x00, 0xfe, 0x01, 0xfe, 
0x00, 0xfe, 0x01, 0xfe, 0x9d, 0xfe, 0x9e, 0xfe, 0x9f, 0x03, 0x06, 0x02, 0xfe, 0x01, 0xfe, 0x00, 0xfe, 0x01, 0xfe, 0x00, 
0x03, 0x03, 0xfe, 0x01, 0xfe, 0x00, 0x03, 0x06, 0x02, 0xfe, 0x8c, 0x03, 0x04, 0xfe, 0x00, 0x0c, 0xfe, 0x8d, 0x02, 0x0a, 
0xfe, 0x01, 0xfe, 0x13, 0xa0, 0xfe, 0xa1, 0x04, 0xfe, 0x00, 0xfe, 0x0b, 0xfe, 0x08, 0xfe, 0x0e, 0xfe, 0x09, 0xfe, 0x01, 
0xfe, 0x00, 0x03, 0x06, 0x02, 0xfe, 0x01, 0xfe, 0x00, 0x03, 0x12, 0xfe, 0x43, 0xfe, 0xb3, 0xfe, 0x0b, 0xfe, 0x08, 0xfe, 
0x0e, 0xfe, 0x09, 0x90, 0xfe, 0xb4, 0xfe, 0x05, 0xfe, 0xb5, 0x04, 0xfe, 0x01, 0xfe, 0x91, 0x04, 0xfe, 0x01, 0xfe, 0xf0, 
0xb6, 0xfe, 0x00, 0x0a, 0xfe, 0x01, 0xfe, 0x13, 0xb7, 0xfe, 0x08, 0xb8, 0xfe, 0x09, 0xb9, 0xfe, 0x10, 0x04, 0xfe, 0x00, 
0x0c, 0xfe, 0x8d, 0x02, 0x8f, 0xfe, 0x94, 0x87, 0xfe, 0x00, 0x04, 0xfe, 0x00, 0xfe, 0x95, 0xfe, 0x96, 0xfe, 0x97, 0xfe, 
0x8c, 0x87, 0xfe, 0x00, 0x04, 0xfe, 0x00, 0x98, 0xfe, 0x99, 0xfe, 0xc8, 0xfe, 0xc9, 0xfe, 0x01, 0xfe, 0x05, 0xfe, 0x01, 
0xfe, 0x05, 0xfe, 0x9a, 0x02, 0x9b, 0xfe, 0x9c, 0x02, 0x87, 0xfe, 0x01, 0xfe, 0x00, 0xfe, 0x0f, 0xfe, 0x00, 0xfe, 0x01, 
0xfe, 0x00, 0xfe, 0x01, 0xfe, 0x9d, 0xfe, 0x9e, 0xfe, 0x9f, 0x03, 0x06, 0x02, 0xfe, 0x01, 0xfe, 0x00, 0xfe, 0x01, 0xfe, 
0x00, 0x03, 0x03, 0xfe, 0x01, 0xfe, 0x00, 0x03, 0x06, 0x02, 0xfe, 0x8c, 0x03, 0x04, 0xfe, 0x00, 0x0c, 0xfe, 0x8d, 0x02, 
0x0a, 0xfe, 0x01, 0xfe, 0x13, 0xa0, 0xfe, 0xa1, 0x04, 0xfe, 0x01, 0xfe, 0x00, 0xfe, 0x0b, 0xfe, 0x08, 0xfe, 0x0e, 0xfe, 
0x09, 0xfe, 0x0f, 0xfe, 0x10, 0xfe, 0x01, 0xfe, 0x00, 0x03, 0x06, 0x02, 0xfe, 0x01, 0xfe, 0x00, 0x03, 0x04, 0xfe, 0x01, 
0xfe, 0x00, 0xfe, 0x8e, 0xfe, 0x92, 0xf0, 0xfe, 0x05, 0xfe, 0xf0, 0xba, 0xfe, 0x00, 0x8f, 0xfe, 0xf0, 0x07, 0xfe, 0xf0, 
0x07, 0xfe, 0xf0, 0xfe, 0x00, 0x07, 0xfe, 0x01, 0xfe, 0xbe, 0xfe, 0x18, 0xfe, 0x0b, 0xfe, 0xf0, 0xfe, 0x18, 0xfe, 0x0b, 
0xfe, 0xf0, 0xfe, 0xf0, 0xfe, 0x15, 0xfe, 0xbf, 0xf0, 0xfe, 0xf0, 0xfe, 0x15, 0xfe, 0xbf, 0xf0, 0xfe, 0xf0, 0xfe, 0xbe, 
0xfe, 0xf0, 0xfe, 0x93, 0xfe, 0x8e, 0xfe, 0xbb, 0xfe, 0xbc, 0xbd, 0xfe, 0x00, 0xf0, 0xfe, 0x00, 0x03, 0x1c, 0x1d, 0x1e, 
0x1f, 0x20, 0x21, 0x0e, 0x0f, 0x10, 0x22, 0x23, 0x24, 0x25, 0x55, 0x26, 0x56, 0x27, 0x57, 0x28, 0x29, 0x44, 0x45, 0x5d, 
0x46, 0x2a, 0x2b, 0x2c, 0x2d, 0x2e, 0x2f, 0x30, 0x31, 0x32, 0x33, 0x34, 0x35, 0x36, 0x37, 0x38, 0x39, 0x3a, 0x3b, 0x3c, 
0x3d, 0x3e, 0x3f, 0x40, 0x41, 0x42, 0x51, 0x43, 0x52, 0x43, 0x53, 0x48, 0x5b, 0x5c, 0x11, 0x12, 0x13, 0x14, 0x15, 0x16, 
0x17, 0x18, 0x19, 0x1a, 0x1b, 0x54, 0x02, 0xc8, 0x50, 0xc9, 0x50, 0xca, 0x50, 0xcb, 0x50, 0xc8, 0x50, 0xc8, 0x50, 0xc8, 
0x50, 0xc8, 0x50, 0xc9, 0x50, 0xc9, 0x50, 0xc9, 0x50, 0xc9, 0x50, 0xca, 0x50, 0xca, 0x50, 0xca, 0x50, 0xca, 0x50, 0xcb, 
0x50, 0xcb, 0x50, 0xcb, 0x50, 0xcb, 0x50, 0xcc, 0x50, 0xcd, 0x50, 0xce, 0x50, 0x98, 0xa5, 0xe0, 0xc1, 0x98, 0xa5, 0xbe, 
0x63, 0xbe, 0x63, 0xcc, 0x50, 0xcc, 0x50, 0xcc, 0x50, 0xcc, 0x50, 0xcd, 0x50, 0xcd, 0x50, 0xcd, 0x50, 0xcd, 0x50, 0xce, 
0x50, 0xce, 0x50, 0xce, 0x50, 0xce, 0x50, 0xf3, 0x4e, 0x98, 0xa5, 0xf3, 0x4e, 0xe0, 0xc1, 0x82, 0x80, 0xf3, 0x4e, 0xf3, 
0x4e, 0xcf, 0x50, 0x82, 0x80, 0xbe, 0x63, 0xcf, 0x50, 0xcf, 0x50, 0xcf, 0x50, 0xcf, 0x50, 0x82, 0x80, 0xf3, 0x4e, 0xbe, 
0x63, 0x85, 0xa1, 0xe3, 0x51, 0x85, 0xa1, 0xbf, 0x8a, 0xe3, 0x51, 0xa2, 0x97, 0xa7, 0x57, 0xfc, 0x65, 0xa7, 0x57, 0xa2, 
0x97, 0xa2, 0x97, 0xfc, 0x65, 0xf3, 0x57, 0x8d, 0x6b, 0xb9, 0x3d, 0xb9, 0x3d, 0x85, 0xa1, 0xa7, 0x57, 0xf3, 0x57, 0xfc, 
0x65, 0x8d, 0x6b, 0xb9, 0x3d, 0xb9, 0x3d, 0xa3, 0x66, 0xa7, 0x57, 0xa3, 0x66, 0xb9, 0x3d, 0xf3, 0x57, 0xa3, 0x66, 0x8d, 
0x6b, 0xfc, 0x65, 0xa3, 0x66, 0xb9, 0x3d, 0xf3, 0x57, 0xa7, 0x57, 0x8d, 0x6b, 0xfc, 0x65, 0xbf, 0x8a, 0xfc, 0x65, 0xbf, 
0x8a, 0xd5, 0x85, 0x85, 0xa1, 0xac, 0x8f, 0xd5, 0x85, 0x8e, 0xb9, 0xbf, 0x8a, 0x8e, 0xb9, 0xed, 0x77, 0xbf, 0x8a, 0xed, 
0x77, 0x8e, 0xb9, 0xed, 0x77, 0x8e, 0xb9, 0xed, 0x77, 0x8e, 0xb9, 0xac, 0x8f, 0xed, 0x77, 0xac, 0x8f, 0xbf, 0x8a, 0xb8, 
0x51, 0xac, 0x8f, 0xb8, 0x51, 0xac, 0x8f, 0xde, 0x7a, 0xb8, 0x51, 0xbb, 0x6e, 0xde, 0x7a, 0xe5, 0x8f, 0xbb, 0x6e, 0xda, 
0x49, 0xde, 0x7a, 0xda, 0x49, 0xbb, 0x6e, 0xe5, 0x8f, 0xda, 0x49, 0xe5, 0x8f, 0xde, 0x7a, 0x81, 0x71, 0xe5, 0x8f, 0xe5, 
0x8f, 0xf1, 0x8e, 0x81, 0x71, 0xac, 0x55, 0xe3, 0x51, 0xa3, 0x97, 0xa8, 0x57, 0xfd, 0x65, 0xa8, 0x57, 0xa3, 0x97, 0xa3, 
0x97, 0xfd, 0x65, 0xf4, 0x57, 0x8e, 0x6b, 0xba, 0x3d, 0xba, 0x3d, 0x85, 0xa1, 0xa8, 0x57, 0xf4, 0x57, 0xfd, 0x65, 0x8e, 
0x6b, 0xba, 0x3d, 0xba, 0x3d, 0xa4, 0x66, 0xa8, 0x57, 0xa4, 0x66, 0xba, 0x3d, 0xf4, 0x57, 0xa4, 0x66, 0x8e, 0x6b, 0xfd, 
0x65, 0xa4, 0x66, 0xba, 0x3d, 0xf4, 0x57, 0xa8, 0x57, 0x8e, 0x6b, 0xfd, 0x65, 0xac, 0x55, 0xfd, 0x65, 0xac, 0x55, 0xb1, 
0x93, 0xd5, 0x85, 0xfa, 0x31, 0xac, 0x55, 0xfa, 0x31, 0xee, 0x77, 0xee, 0x77, 0xfa, 0x31, 0xee, 0x77, 0xfa, 0x31, 0xb1, 
0x93, 0xee, 0x77, 0xb1, 0x93, 0xac, 0x55, 0xf4, 0xac, 0xb1, 0x93, 0xf1, 0x8e, 0xf4, 0xac, 0xf1, 0x8e, 0xf4, 0xac, 0xbb, 
0x47, 0xf1, 0x8e, 0x81, 0x71, 0x85, 0xbd, 0xbb, 0x47, 0xda, 0x35, 0xbb, 0x47, 0x85, 0xbd, 0x9f, 0x96, 0xda, 0x35, 0x9f, 
0x96, 0x9f, 0x96, 0x9f, 0x96, 0xad, 0x55, 0xe3, 0x51, 0xa4, 0x97, 0xa9, 0x57, 0xfe, 0x65, 0xa9, 0x57, 0xa4, 0x97, 0xa4, 
0x97, 0xfe, 0x65, 0xf5, 0x57, 0x8f, 0x6b, 0xbb, 0x3d, 0xbb, 0x3d, 0x85, 0xa1, 0xa9, 0x57, 0xf5, 0x57, 0xfe, 0x65, 0x8f, 
0x6b, 0xbb, 0x3d, 0xbb, 0x3d, 0xa5, 0x66, 0xa9, 0x57, 0xa5, 0x66, 0xbb, 0x3d, 0xf5, 0x57, 0xa5, 0x66, 0x8f, 0x6b, 0xfe, 
0x65, 0xa5, 0x66, 0xbb, 0x3d, 0xf5, 0x57, 0xa9, 0x57, 0x8f, 0x6b, 0xfe, 0x65, 0xad, 0x55, 0xfe, 0x65, 0xad, 0x55, 0xad, 
0x8f, 0xd5, 0x85, 0xc9, 0x8f, 0xad, 0x55, 0xc9, 0x8f, 0xef, 0x77, 0xad, 0x55, 0xef, 0x77, 0xc9, 0x8f, 0xef, 0x77, 0xc9, 
0x8f, 0xef, 0x77, 0xc9, 0x8f, 0xad, 0x8f, 0xef, 0x77, 0xad, 0x8f, 0xad, 0x55, 0xcc, 0xba, 0xad, 0x8f, 0xcc, 0xba, 0xad, 
0x8f, 0x85, 0xbd, 0xda, 0x35, 0xcc, 0xba, 0xbb, 0x57, 0xc6, 0x6e, 0xa5, 0x92, 0xc6, 0x6e, 0xa1, 0xbb, 0xa5, 0x92, 0xbb, 
0x57, 0xcc, 0xba, 0xcc, 0xba, 0xc6, 0x6e, 0xcc, 0xba, 0xcc, 0xba, 0xa5, 0x92, 0xa1, 0xbb, 0xcc, 0xba, 0xcc, 0xba, 0xa1, 
0xbb, 0xcc, 0xba, 0xcc, 0xba, 0xa5, 0x92, 0xbb, 0x57, 0xcc, 0xba, 0xcc, 0xba, 0xcc, 0xba, 0xcc, 0xba, 0xcc, 0xba, 0x85, 
0xa1, 0x20, 0x43, 0x52, 0x43, 0x5f, 0x54, 0x41, 0x4d, 0x04, 0x00, 0x00, 0x00, 0x8a, 0xcb, 0x9c, 0xf7, 

};

