#include "image_apple.h"
#include <stdint.h>
const uint8_t IMAGE_PACKAGE[] = {
// IMAGE
0x53, 0x52, 0x45, 0x56, 0x5f, 0x54, 0x41, 0x4d, 0x04, 0x00, 0x00, 0x00, 0x4d, 0x00, 0x00, 0x00, 0x54, 0x41, 0x45, 0x46, 
0x5f, 0x54, 0x41, 0x4d, 0x01, 0x00, 0x00, 0x00, 0x01, 0x45, 0x4d, 0x41, 0x4e, 0x5f, 0x54, 0x41, 0x4d, 0x06, 0x00, 0x00, 
0x00, 0x49, 0x6d, 0x61, 0x67, 0x65, 0x00, 0x4d, 0x52, 0x50, 0x43, 0x5f, 0x54, 0x41, 0x4d, 0x09, 0x00, 0x00, 0x00, 0x2d, 
0x61, 0x20, 0x6d, 0x65, 0x74, 0x61, 0x6c, 0x00, 0x4c, 0x44, 0x4d, 0x53, 0x5f, 0x54, 0x41, 0x4d, 0x04, 0x00, 0x00, 0x00, 
0x06, 0x00, 0x00, 0x00, 0x4e, 0x4d, 0x4f, 0x44, 0x5f, 0x54, 0x41, 0x4d, 0x01, 0x00, 0x00, 0x00, 0x00, 0x54, 0x4c, 0x46, 
0x56, 0x5f, 0x54, 0x41, 0x4d, 0x04, 0x00, 0x00, 0x00, 0x2c, 0x00, 0x00, 0x00, 0x20, 0x42, 0x49, 0x55, 0x5f, 0x54, 0x41, 
0x4d, 0x99, 0x00, 0x00, 0x00, 0x4d, 0x61, 0x74, 0x65, 0x72, 0x69, 0x61, 0x6c, 0x50, 0x61, 0x72, 0x61, 0x6d, 0x73, 0x00, 
0x06, 0x00, 0x00, 0x00, 0x00, 0x00, 0x00, 0x00, 0x74, 0x72, 0x61, 0x6e, 0x73, 0x66, 0x6f, 0x72, 0x6d, 0x00, 0x00, 0x00, 
0x00, 0x00, 0x00, 0x00, 0x00, 0x00, 0x11, 0x02, 0x00, 0x62, 0x61, 0x63, 0x6b, 0x67, 0x72, 0x6f, 0x75, 0x6e, 0x64, 0x43, 
0x6f, 0x6c, 0x6f, 0x72, 0x00, 0x00, 0x00, 0x00, 0x00, 0x00, 0x00, 0x00, 0x00, 0x07, 0x03, 0x00, 0x73, 0x68, 0x6f, 0x77, 
0x49, 0x6d, 0x61, 0x67, 0x65, 0x00, 0x00, 0x00, 0x00, 0x00, 0x00, 0x00, 0x00, 0x00, 0x08, 0x03, 0x00, 0x69, 0x73, 0x43, 
0x75, 0x62, 0x65, 0x4d, 0x61, 0x70, 0x00, 0x00, 0x00, 0x00, 0x00, 0x00, 0x00, 0x00, 0x00, 0x08, 0x03, 0x00, 0x63, 0x75, 
0x62, 0x65, 0x4d, 0x61, 0x70, 0x46, 0x61, 0x63, 0x65, 0x00, 0x00, 0x00, 0x00, 0x00, 0x00, 0x00, 0x00, 0x00, 0x08, 0x03, 
0x00, 0x64, 0x65, 0x70, 0x74, 0x68, 0x00, 0x00, 0x00, 0x00, 0x00, 0x00, 0x00, 0x00, 0x00, 0x04, 0x03, 0x00, 0x20, 0x42, 
0x49, 0x53, 0x5f, 0x54, 0x41, 0x4d, 0x33, 0x00, 0x00, 0x00, 0x4d, 0x61, 0x74, 0x65, 0x72, 0x69, 0x61, 0x6c, 0x50, 0x61, 
0x72, 0x61, 0x6d, 0x73, 0x00, 0x02, 0x00, 0x00, 0x00, 0x00, 0x00, 0x00, 0x00, 0x69, 0x6d, 0x61, 0x67, 0x65, 0x00, 0x01, 
0x00, 0x02, 0x03, 0x01, 0x00, 0x00, 0x63, 0x75, 0x62, 0x65, 0x4d, 0x61, 0x70, 0x00, 0x02, 0x02, 0x02, 0x03, 0x01, 0x00, 
0x00, 0x49, 0x44, 0x42, 0x44, 0x5f, 0x54, 0x41, 0x4d, 0x42, 0x00, 0x00, 0x00, 0x03, 0x4d, 0x61, 0x74, 0x65, 0x72, 0x69, 
0x61, 0x6c, 0x50, 0x61, 0x72, 0x61, 0x6d, 0x73, 0x00, 0x1a, 0x00, 0x6d, 0x61, 0x74, 0x65, 0x72, 0x69, 0x61, 0x6c, 0x50, 
0x61, 0x72, 0x61, 0x6d, 0x73, 0x5f, 0x69, 0x6d, 0x61, 0x67, 0x65, 0x00, 0x00, 0x01, 0x6d, 0x61, 0x74, 0x65, 0x72, 0x69, 
0x61, 0x6c, 0x50, 0x61, 0x72, 0x61, 0x6d, 0x73, 0x5f, 0x63, 0x75, 0x62, 0x65, 0x4d, 0x61, 0x70, 0x00, 0x08, 0x02, 0x49, 
0x4c, 0x53, 0x44, 0x5f, 0x54, 0x41, 0x4d, 0x13, 0x00, 0x00, 0x00, 0x03, 0x1a, 0x03, 0x00, 0x01, 0x00, 0x00, 0x00, 0x03, 
0x01, 0x00, 0x00, 0x00, 0x08, 0x03, 0x02, 0x00, 0x00, 0x00, 0x53, 0x4e, 0x4f, 0x43, 0x5f, 0x54, 0x41, 0x4d, 0x08, 0x00, 
0x00, 0x00, 0x00, 0x00, 0x00, 0x00, 0x00, 0x00, 0x00, 0x00, 0x4e, 0x4f, 0x43, 0x50, 0x5f, 0x54, 0x41, 0x4d, 0x2d, 0x00, 
0x00, 0x00, 0x70, 0x75, 0x73, 0x68, 0x43, 0x6f, 0x6e, 0x73, 0x74, 0x61, 0x6e, 0x74, 0x73, 0x00, 0x01, 0x00, 0x00, 0x00, 
0x00, 0x00, 0x00, 0x00, 0x6d, 0x6f, 0x72, 0x70, 0x68, 0x69, 0x6e, 0x67, 0x42, 0x75, 0x66, 0x66, 0x65, 0x72, 0x4f, 0x66, 
0x66, 0x73, 0x65, 0x74, 0x00, 0x00, 0x00, 0x20, 0x42, 0x55, 0x53, 0x5f, 0x54, 0x41, 0x4d, 0x17, 0x00, 0x00, 0x00, 0x4d, 
0x61, 0x74, 0x65, 0x72, 0x69, 0x61, 0x6c, 0x50, 0x61, 0x72, 0x61, 0x6d, 0x73, 0x00, 0x00, 0x00, 0x00, 0x00, 0x00, 0x00, 
0x00, 0x00, 0x53, 0x53, 0x4f, 0x44, 0x5f, 0x54, 0x41, 0x4d, 0x01, 0x00, 0x00, 0x00, 0x00, 0x49, 0x53, 0x4f, 0x44, 0x5f, 
0x54, 0x41, 0x4d, 0x01, 0x00, 0x00, 0x00, 0x00, 0x4e, 0x45, 0x4c, 0x42, 0x5f, 0x54, 0x41, 0x4d, 0x01, 0x00, 0x00, 0x00, 
0x00, 0x44, 0x4d, 0x52, 0x54, 0x5f, 0x54, 0x41, 0x4d, 0x01, 0x00, 0x00, 0x00, 0x00, 0x4c, 0x46, 0x45, 0x52, 0x5f, 0x54, 
0x41, 0x4d, 0x01, 0x00, 0x00, 0x00, 0x00, 0x49, 0x52, 0x57, 0x43, 0x5f, 0x54, 0x41, 0x4d, 0x01, 0x00, 0x00, 0x00, 0x01, 
0x53, 0x57, 0x45, 0x44, 0x5f, 0x54, 0x41, 0x4d, 0x01, 0x00, 0x00, 0x00, 0x01, 0x49, 0x52, 0x57, 0x44, 0x5f, 0x54, 0x41, 
0x4d, 0x01, 0x00, 0x00, 0x00, 0x00, 0x53, 0x45, 0x54, 0x44, 0x5f, 0x54, 0x41, 0x4d, 0x01, 0x00, 0x00, 0x00, 0x01, 0x54, 
0x53, 0x4e, 0x49, 0x5f, 0x54, 0x41, 0x4d, 0x01, 0x00, 0x00, 0x00, 0x00, 0x53, 0x43, 0x32, 0x41, 0x5f, 0x54, 0x41, 0x4d, 
0x01, 0x00, 0x00, 0x00, 0x00, 0x4f, 0x43, 0x32, 0x41, 0x5f, 0x54, 0x41, 0x4d, 0x01, 0x00, 0x00, 0x00, 0x00, 0x4f, 0x4d, 
0x55, 0x43, 0x5f, 0x54, 0x41, 0x4d, 0x01, 0x00, 0x00, 0x00, 0x00, 0x50, 0x4f, 0x52, 0x50, 0x5f, 0x54, 0x41, 0x4d, 0x08, 
0x00, 0x00, 0x00, 0x01, 0x00, 0x00, 0x00, 0x00, 0x00, 0x00, 0x00, 0x52, 0x45, 0x54, 0x53, 0x5f, 0x54, 0x41, 0x4d, 0x01, 
0x00, 0x00, 0x00, 0x01, 0x44, 0x49, 0x55, 0x55, 0x5f, 0x54, 0x41, 0x4d, 0x08, 0x00, 0x00, 0x00, 0x6d, 0x83, 0x14, 0xa0, 
0x3e, 0xf8, 0x7b, 0xcb, 0x44, 0x41, 0x48, 0x53, 0x5f, 0x54, 0x41, 0x4d, 0x01, 0x00, 0x00, 0x00, 0x00, 0x4c, 0x4d, 0x48, 
0x53, 0x5f, 0x54, 0x41, 0x4d, 0x01, 0x00, 0x00, 0x00, 0x00, 0x4d, 0x46, 0x45, 0x52, 0x5f, 0x54, 0x41, 0x4d, 0x01, 0x00, 
0x00, 0x00, 0x00, 0x54, 0x46, 0x45, 0x52, 0x5f, 0x54, 0x41, 0x4d, 0x01, 0x00, 0x00, 0x00, 0x00, 0x52, 0x4f, 0x49, 0x43, 
0x5f, 0x54, 0x41, 0x4d, 0x01, 0x00, 0x00, 0x00, 0x01, 0x41, 0x51, 0x45, 0x52, 0x5f, 0x54, 0x41, 0x4d, 0x04, 0x00, 0x00, 
0x00, 0x01, 0x00, 0x00, 0x00, 0x41, 0x41, 0x50, 0x53, 0x5f, 0x54, 0x41, 0x4d, 0x01, 0x00, 0x00, 0x00, 0x00, 0x52, 0x41, 
0x56, 0x53, 0x5f, 0x54, 0x41, 0x4d, 0x04, 0x00, 0x00, 0x00, 0x9a, 0x99, 0x19, 0x3e, 0x52, 0x48, 0x54, 0x53, 0x5f, 0x54, 
0x41, 0x4d, 0x04, 0x00, 0x00, 0x00, 0xcd, 0xcc, 0x4c, 0x3e, 0x4f, 0x44, 0x45, 0x56, 0x5f, 0x54, 0x41, 0x4d, 0x01, 0x00, 
0x00, 0x00, 0x03, 0x52, 0x54, 0x4e, 0x49, 0x5f, 0x54, 0x41, 0x4d, 0x01, 0x00, 0x00, 0x00, 0x00, 0x50, 0x44, 0x53, 0x43, 
0x5f, 0x54, 0x41, 0x4d, 0x01, 0x00, 0x00, 0x00, 0x01, 0x54, 0x58, 0x45, 0x54, 0x5f, 0x43, 0x49, 0x44, 0x54, 0x3b, 0x00, 
0x00, 0xa8, 0x01, 0x00, 0x00, 0x3b, 0x0a, 0x00, 0x0a, 0x00, 0x20, 0x3d, 0x20, 0x00, 0x20, 0x20, 0x20, 0x20, 0x20, 0x20, 
0x20, 0x20, 0x00, 0x7d, 0x3b, 0x0a, 0x00, 0x7b, 0x0a, 0x00, 0x20, 0x20, 0x20, 0x20, 0x7b, 0x0a, 0x00, 0x20, 0x20, 0x20, 
0x20, 0x7d, 0x0a, 0x00, 0x20, 0x20, 0x20, 0x20, 0x66, 0x6c, 0x6f, 0x61, 0x74, 0x34, 0x20, 0x00, 0x2e, 0x79, 0x3b, 0x0a, 
0x00, 0x20, 0x20, 0x20, 0x20, 0x65, 0x6c, 0x73, 0x65, 0x0a, 0x00, 0x2e, 0x78, 0x3b, 0x0a, 0x00, 0x2e, 0x78, 0x20, 0x3d, 
0x20, 0x00, 0x2e, 0x79, 0x20, 0x3d, 0x20, 0x00, 0x7d, 0x0a, 0x00, 0x2e, 0x7a, 0x3b, 0x0a, 0x00, 0x20, 0x3d, 0x20, 0x28, 
0x00, 0x23, 0x69, 0x6e, 0x63, 0x6c, 0x75, 0x64, 0x65, 0x20, 0x3c, 0x6d, 0x65, 0x74, 0x61, 0x6c, 0x5f, 0x73, 0x74, 0x64, 
0x6c, 0x69, 0x62, 0x3e, 0x0a, 0x00, 0x23, 0x69, 0x6e, 0x63, 0x6c, 0x75, 0x64, 0x65, 0x20, 0x3c, 0x73, 0x69, 0x6d, 0x64, 
0x2f, 0x73, 0x69, 0x6d, 0x64, 0x2e, 0x68, 0x3e, 0x0a, 0x00, 0x75, 0x73, 0x69, 0x6e, 0x67, 0x20, 0x6e, 0x61, 0x6d, 0x65, 
0x73, 0x70, 0x61, 0x63, 0x65, 0x20, 0x6d, 0x65, 0x74, 0x61, 0x6c, 0x3b, 0x0a, 0x00, 0x73, 0x74, 0x72, 0x75, 0x63, 0x74, 
0x20, 0x6d, 0x61, 0x69, 0x6e, 0x30, 0x5f, 0x6f, 0x75, 0x74, 0x0a, 0x00, 0x20, 0x20, 0x20, 0x20, 0x6d, 0x61, 0x69, 0x6e, 
0x30, 0x5f, 0x6f, 0x75, 0x74, 0x20, 0x6f, 0x75, 0x74, 0x20, 0x3d, 0x20, 0x7b, 0x7d, 0x3b, 0x0a, 0x00, 0x20, 0x20, 0x20, 
0x20, 0x72, 0x65, 0x74, 0x75, 0x72, 0x6e, 0x20, 0x6f, 0x75, 0x74, 0x3b, 0x0a, 0x00, 0x20, 0x20, 0x20, 0x20, 0x20, 0x20, 
0x20, 0x20, 0x66, 0x6c, 0x6f, 0x61, 0x74, 0x34, 0x20, 0x00, 0x73, 0x74, 0x72, 0x75, 0x63, 0x74, 0x20, 0x6d, 0x61, 0x69, 
0x6e, 0x30, 0x5f, 0x69, 0x6e, 0x0a, 0x00, 0x29, 0x3b, 0x0a, 0x00, 0x73, 0x74, 0x72, 0x75, 0x63, 0x74, 0x20, 0x46, 0x72, 
0x61, 0x6d, 0x65, 0x55, 0x6e, 0x69, 0x66, 0x6f, 0x72, 0x6d, 0x73, 0x0a, 0x00, 0x20, 0x20, 0x20, 0x20, 0x66, 0x6c, 0x6f, 
0x61, 0x74, 0x34, 0x78, 0x34, 0x20, 0x76, 0x69, 0x65, 0x77, 0x46, 0x72, 0x6f, 0x6d, 0x57, 0x6f, 0x72, 0x6c, 0x64, 0x4d, 
0x61, 0x74, 0x72, 0x69, 0x78, 0x3b, 0x0a, 0x00, 0x20, 0x20, 0x20, 0x20, 0x66, 0x6c, 0x6f, 0x61, 0x74, 0x34, 0x78, 0x34, 
0x20, 0x77, 0x6f, 0x72, 0x6c, 0x64, 0x46, 0x72, 0x6f, 0x6d, 0x56, 0x69, 0x65, 0x77, 0x4d, 0x61, 0x74, 0x72, 0x69, 0x78, 
0x3b, 0x0a, 0x00, 0x20, 0x20, 0x20, 0x20, 0x66, 0x6c, 0x6f, 0x61, 0x74, 0x34, 0x78, 0x34, 0x20, 0x63, 0x6c, 0x69, 0x70, 
0x46, 0x72, 0x6f, 0x6d, 0x56, 0x69, 0x65, 0x77, 0x4d, 0x61, 0x74, 0x72, 0x69, 0x78, 0x3b, 0x0a, 0x00, 0x20, 0x20, 0x20, 
0x20, 0x66, 0x6c, 0x6f, 0x61, 0x74, 0x34, 0x78, 0x34, 0x20, 0x76, 0x69, 0x65, 0x77, 0x46, 0x72, 0x6f, 0x6d, 0x43, 0x6c, 
0x69, 0x70, 0x4d, 0x61, 0x74, 0x72, 0x69, 0x78, 0x3b, 0x0a, 0x00, 0x20, 0x20, 0x20, 0x20, 0x66, 0x6c, 0x6f, 0x61, 0x74, 
0x34, 0x78, 0x34, 0x20, 0x65, 0x79, 0x65, 0x46, 0x72, 0x6f, 0x6d, 0x56, 0x69, 0x65, 0x77, 0x4d, 0x61, 0x74, 0x72, 0x69, 
0x78, 0x5b, 0x34, 0x5d, 0x3b, 0x0a, 0x00, 0x20, 0x20, 0x20, 0x20, 0x66, 0x6c, 0x6f, 0x61, 0x74, 0x34, 0x78, 0x34, 0x20, 
0x63, 0x6c, 0x69, 0x70, 0x46, 0x72, 0x6f, 0x6d, 0x57, 0x6f, 0x72, 0x6c, 0x64, 0x4d, 0x61, 0x74, 0x72, 0x69, 0x78, 0x5b, 
0x34, 0x5d, 0x3b, 0x0a, 0x00, 0x20, 0x20, 0x20, 0x20, 0x66, 0x6c, 0x6f, 0x61, 0x74, 0x34, 0x78, 0x34, 0x20, 0x77, 0x6f, 
0x72, 0x6c, 0x64, 0x46, 0x72, 0x6f, 0x6d, 0x43, 0x6c, 0x69, 0x70, 0x4d, 0x61, 0x74, 0x72, 0x69, 0x78, 0x3b, 0x0a, 0x00, 
0x20, 0x20, 0x20, 0x20, 0x66, 0x6c, 0x6f, 0x61, 0x74, 0x33, 0x78, 0x33, 0x20, 0x77, 0x6f, 0x72, 0x6c, 0x64, 0x52, 0x61, 
0x79, 0x46, 0x72, 0x6f, 0x6d, 0x43, 0x6c, 0x69, 0x70, 0x4d, 0x61, 0x74, 0x72, 0x69, 0x78, 0x3b, 0x0a, 0x00, 0x20, 0x20, 
0x20, 0x20, 0x66, 0x6c, 0x6f, 0x61, 0x74, 0x34, 0x78, 0x34, 0x20, 0x75, 0x73, 0x65, 0x72, 0x57, 0x6f, 0x72, 0x6c, 0x64, 
0x46, 0x72, 0x6f, 0x6d, 0x57, 0x6f, 0x72, 0x6c, 0x64, 0x4d, 0x61, 0x74, 0x72, 0x69, 0x78, 0x3b, 0x0a, 0x00, 0x20, 0x20, 
0x20, 0x20, 0x66, 0x6c, 0x6f, 0x61, 0x74, 0x34, 0x20, 0x63, 0x6c, 0x69, 0x70, 0x54, 0x72, 0x61, 0x6e, 0x73, 0x66, 0x6f, 
0x72, 0x6d, 0x3b, 0x0a, 0x00, 0x20, 0x20, 0x20, 0x20, 0x66, 0x6c, 0x6f, 0x61, 0x74, 0x32, 0x20, 0x63, 0x6c, 0x69, 0x70, 
0x43, 0x6f, 0x6e, 0x74, 0x72, 0x6f, 0x6c, 0x3b, 0x0a, 0x00, 0x20, 0x20, 0x20, 0x20, 0x66, 0x6c, 0x6f, 0x61, 0x74, 0x20, 
0x74, 0x69, 0x6d, 0x65, 0x3b, 0x0a, 0x00, 0x20, 0x20, 0x20, 0x20, 0x66, 0x6c, 0x6f, 0x61, 0x74, 0x20, 0x74, 0x65, 0x6d, 
0x70, 0x6f, 0x72, 0x61, 0x6c, 0x4e, 0x6f, 0x69, 0x73, 0x65, 0x3b, 0x0a, 0x00, 0x20, 0x20, 0x20, 0x20, 0x66, 0x6c, 0x6f, 
0x61, 0x74, 0x34, 0x20, 0x75, 0x73, 0x65, 0x72, 0x54, 0x69, 0x6d, 0x65, 0x3b, 0x0a, 0x00, 0x20, 0x20, 0x20, 0x20, 0x66, 
0x6c, 0x6f, 0x61, 0x74, 0x34, 0x20, 0x72, 0x65, 0x73, 0x6f, 0x6c, 0x75, 0x74, 0x69, 0x6f, 0x6e, 0x3b, 0x0a, 0x00, 0x20, 
0x20, 0x20, 0x20, 0x66, 0x6c, 0x6f, 0x61, 0x74, 0x32, 0x20, 0x6c, 0x6f, 0x67, 0x69, 0x63, 0x61, 0x6c, 0x56, 0x69, 0x65, 
0x77, 0x70, 0x6f, 0x72, 0x74, 0x53, 0x63, 0x61, 0x6c, 0x65, 0x3b, 0x0a, 0x00, 0x20, 0x20, 0x20, 0x20, 0x66, 0x6c, 0x6f, 
0x61, 0x74, 0x32, 0x20, 0x6c, 0x6f, 0x67, 0x69, 0x63, 0x61, 0x6c, 0x56, 0x69, 0x65, 0x77, 0x70, 0x6f, 0x72, 0x74, 0x4f, 
0x66, 0x66, 0x73, 0x65, 0x74, 0x3b, 0x0a, 0x00, 0x20, 0x20, 0x20, 0x20, 0x66, 0x6c, 0x6f, 0x61, 0x74, 0x20, 0x6c, 0x6f, 
0x64, 0x42, 0x69, 0x61, 0x73, 0x3b, 0x0a, 0x00, 0x20, 0x20, 0x20, 0x20, 0x66, 0x6c, 0x6f, 0x61, 0x74, 0x20, 0x72, 0x65, 
0x66, 0x72, 0x61, 0x63, 0x74, 0x69, 0x6f, 0x6e, 0x4c, 0x6f, 0x64, 0x4f, 0x66, 0x66, 0x73, 0x65, 0x74, 0x3b, 0x0a, 0x00, 
0x20, 0x20, 0x20, 0x20, 0x66, 0x6c, 0x6f, 0x61, 0x74, 0x32, 0x20, 0x64, 0x65, 0x72, 0x69, 0x76, 0x61, 0x74, 0x69, 0x76, 
0x65, 0x73, 0x53, 0x63, 0x61, 0x6c, 0x65, 0x3b, 0x0a, 0x00, 0x20, 0x20, 0x20, 0x20, 0x66, 0x6c, 0x6f, 0x61, 0x74, 0x20, 
0x6f, 0x6e, 0x65, 0x4f, 0x76, 0x65, 0x72, 0x46, 0x61, 0x72, 0x4d, 0x69, 0x6e, 0x75, 0x73, 0x4e, 0x65, 0x61, 0x72, 0x3b, 
0x0a, 0x00, 0x20, 0x20, 0x20, 0x20, 0x66, 0x6c, 0x6f, 0x61, 0x74, 0x20, 0x6e, 0x65, 0x61, 0x72, 0x4f, 0x76, 0x65, 0x72, 
0x46, 0x61, 0x72, 0x4d, 0x69, 0x6e, 0x75, 0x73, 0x4e, 0x65, 0x61, 0x72, 0x3b, 0x0a, 0x00, 0x20, 0x20, 0x20, 0x20, 0x66, 
0x6c, 0x6f, 0x61, 0x74, 0x20, 0x63, 0x61, 0x6d, 0x65, 0x72, 0x61, 0x46, 0x61, 0x72, 0x3b, 0x0a, 0x00, 0x20, 0x20, 0x20, 
0x20, 0x66, 0x6c, 0x6f, 0x61, 0x74, 0x20, 0x65, 0x78, 0x70, 0x6f, 0x73, 0x75, 0x72, 0x65, 0x3b, 0x0a, 0x00, 0x20, 0x20, 
0x20, 0x20, 0x66, 0x6c, 0x6f, 0x61, 0x74, 0x20, 0x65, 0x76, 0x31, 0x30, 0x30, 0x3b, 0x0a, 0x00, 0x20, 0x20, 0x20, 0x20, 
0x66, 0x6c, 0x6f, 0x61, 0x74, 0x20, 0x6e, 0x65, 0x65, 0x64, 0x73, 0x41, 0x6c, 0x70, 0x68, 0x61, 0x43, 0x68, 0x61, 0x6e, 
0x6e, 0x65, 0x6c, 0x3b, 0x0a, 0x00, 0x20, 0x20, 0x20, 0x20, 0x66, 0x6c, 0x6f, 0x61, 0x74, 0x20, 0x61, 0x6f, 0x53, 0x61, 
0x6d, 0x70, 0x6c, 0x69, 0x6e, 0x67, 0x51, 0x75, 0x61, 0x6c, 0x69, 0x74, 0x79, 0x41, 0x6e, 0x64, 0x45, 0x64, 0x67, 0x65, 
0x44, 0x69, 0x73, 0x74, 0x61, 0x6e, 0x63, 0x65, 0x3b, 0x0a, 0x00, 0x20, 0x20, 0x20, 0x20, 0x66, 0x6c, 0x6f, 0x61, 0x74, 
0x20, 0x61, 0x6f, 0x42, 0x65, 0x6e, 0x74, 0x4e, 0x6f, 0x72, 0x6d, 0x61, 0x6c, 0x73, 0x3b, 0x0a, 0x00, 0x20, 0x20, 0x20, 
0x20, 0x66, 0x6c, 0x6f, 0x61, 0x74, 0x34, 0x20, 0x7a, 0x50, 0x61, 0x72, 0x61, 0x6d, 0x73, 0x3b, 0x0a, 0x00, 0x20, 0x20, 
0x20, 0x20, 0x70, 0x61, 0x63, 0x6b, 0x65, 0x64, 0x5f, 0x75, 0x69, 0x6e, 0x74, 0x33, 0x20, 0x66, 0x50, 0x61, 0x72, 0x61, 
0x6d, 0x73, 0x3b, 0x0a, 0x00, 0x20, 0x20, 0x20, 0x20, 0x69, 0x6e, 0x74, 0x20, 0x6c, 0x69, 0x67, 0x68, 0x74, 0x43, 0x68, 
0x61, 0x6e, 0x6e, 0x65, 0x6c, 0x73, 0x3b, 0x0a, 0x00, 0x20, 0x20, 0x20, 0x20, 0x66, 0x6c, 0x6f, 0x61, 0x74, 0x32, 0x20, 
0x66, 0x72, 0x6f, 0x78, 0x65, 0x6c, 0x43, 0x6f, 0x75, 0x6e, 0x74, 0x58, 0x59, 0x3b, 0x0a, 0x00, 0x20, 0x20, 0x20, 0x20, 
0x69, 0x6e, 0x74, 0x20, 0x65, 0x6e, 0x61, 0x62, 0x6c, 0x65, 0x46, 0x72, 0x6f, 0x78, 0x65, 0x6c, 0x56, 0x69, 0x7a, 0x3b, 
0x0a, 0x00, 0x20, 0x20, 0x20, 0x20, 0x69, 0x6e, 0x74, 0x20, 0x64, 0x79, 0x6e, 0x52, 0x65, 0x73, 0x65, 0x72, 0x76, 0x65, 
0x64, 0x30, 0x3b, 0x0a, 0x00, 0x20, 0x20, 0x20, 0x20, 0x69, 0x6e, 0x74, 0x20, 0x64, 0x79, 0x6e, 0x52, 0x65, 0x73, 0x65, 
0x72, 0x76, 0x65, 0x64, 0x31, 0x3b, 0x0a, 0x00, 0x20, 0x20, 0x20, 0x20, 0x69, 0x6e, 0x74, 0x20, 0x64, 0x79, 0x6e, 0x52, 
0x65, 0x73, 0x65, 0x72, 0x76, 0x65, 0x64, 0x32, 0x3b, 0x0a, 0x00, 0x20, 0x20, 0x20, 0x20, 0x66, 0x6c, 0x6f, 0x61, 0x74, 
0x20, 0x69, 0x62, 0x6c, 0x4c, 0x75, 0x6d, 0x69, 0x6e, 0x61, 0x6e, 0x63, 0x65, 0x3b, 0x0a, 0x00, 0x20, 0x20, 0x20, 0x20, 
0x66, 0x6c, 0x6f, 0x61, 0x74, 0x20, 0x69, 0x62, 0x6c, 0x52, 0x6f, 0x75, 0x67, 0x68, 0x6e, 0x65, 0x73, 0x73, 0x4f, 0x6e, 
0x65, 0x4c, 0x65, 0x76, 0x65, 0x6c, 0x3b, 0x0a, 0x00, 0x20, 0x20, 0x20, 0x20, 0x66, 0x6c, 0x6f, 0x61, 0x74, 0x33, 0x20, 
0x69, 0x62, 0x6c, 0x53, 0x48, 0x5b, 0x39, 0x5d, 0x3b, 0x0a, 0x00, 0x20, 0x20, 0x20, 0x20, 0x70, 0x61, 0x63, 0x6b, 0x65, 
0x64, 0x5f, 0x66, 0x6c, 0x6f, 0x61, 0x74, 0x33, 0x20, 0x6c, 0x69, 0x67, 0x68, 0x74, 0x44, 0x69, 0x72, 0x65, 0x63, 0x74, 
0x69, 0x6f, 0x6e, 0x3b, 0x0a, 0x00, 0x20, 0x20, 0x20, 0x20, 0x66, 0x6c, 0x6f, 0x61, 0x74, 0x20, 0x70, 0x61, 0x64, 0x64, 
0x69, 0x6e, 0x67, 0x30, 0x3b, 0x0a, 0x00, 0x20, 0x20, 0x20, 0x20, 0x66, 0x6c, 0x6f, 0x61, 0x74, 0x34, 0x20, 0x6c, 0x69, 
0x67, 0x68, 0x74, 0x43, 0x6f, 0x6c, 0x6f, 0x72, 0x49, 0x6e, 0x74, 0x65, 0x6e, 0x73, 0x69, 0x74, 0x79, 0x3b, 0x0a, 0x00, 
0x20, 0x20, 0x20, 0x20, 0x66, 0x6c, 0x6f, 0x61, 0x74, 0x34, 0x20, 0x73, 0x75, 0x6e, 0x3b, 0x0a, 0x00, 0x20, 0x20, 0x20, 
0x20, 0x66, 0x6c, 0x6f, 0x61, 0x74, 0x32, 0x20, 0x73, 0x68, 0x61, 0x64, 0x6f, 0x77, 0x46, 0x61, 0x72, 0x41, 0x74, 0x74, 
0x65, 0x6e, 0x75, 0x61, 0x74, 0x69, 0x6f, 0x6e, 0x50, 0x61, 0x72, 0x61, 0x6d, 0x73, 0x3b, 0x0a, 0x00, 0x20, 0x20, 0x20, 
0x20, 0x69, 0x6e, 0x74, 0x20, 0x64, 0x69, 0x72, 0x65, 0x63, 0x74, 0x69, 0x6f, 0x6e, 0x61, 0x6c, 0x53, 0x68, 0x61, 0x64, 
0x6f, 0x77, 0x73, 0x3b, 0x0a, 0x00, 0x20, 0x20, 0x20, 0x20, 0x66, 0x6c, 0x6f, 0x61, 0x74, 0x20, 0x73, 0x73, 0x43, 0x6f, 
0x6e, 0x74, 0x61, 0x63, 0x74, 0x53, 0x68, 0x61, 0x64, 0x6f, 0x77, 0x44, 0x69, 0x73, 0x74, 0x61, 0x6e, 0x63, 0x65, 0x3b, 
0x0a, 0x00, 0x20, 0x20, 0x20, 0x20, 0x66, 0x6c, 0x6f, 0x61, 0x74, 0x32, 0x20, 0x73, 0x68, 0x61, 0x64, 0x6f, 0x77, 0x41, 
0x74, 0x6c, 0x61, 0x73, 0x52, 0x65, 0x73, 0x6f, 0x6c, 0x75, 0x74, 0x69, 0x6f, 0x6e, 0x3b, 0x0a, 0x00, 0x20, 0x20, 0x20, 
0x20, 0x66, 0x6c, 0x6f, 0x61, 0x74, 0x20, 0x73, 0x68, 0x61, 0x64, 0x6f, 0x77, 0x52, 0x65, 0x73, 0x65, 0x72, 0x76, 0x65, 
0x64, 0x30, 0x3b, 0x0a, 0x00, 0x20, 0x20, 0x20, 0x20, 0x66, 0x6c, 0x6f, 0x61, 0x74, 0x20, 0x73, 0x68, 0x61, 0x64, 0x6f, 
0x77, 0x52, 0x65, 0x73, 0x65, 0x72, 0x76, 0x65, 0x64, 0x31, 0x3b, 0x0a, 0x00, 0x20, 0x20, 0x20, 0x20, 0x66, 0x6c, 0x6f, 
0x61, 0x74, 0x34, 0x20, 0x63, 0x61, 0x73, 0x63, 0x61, 0x64, 0x65, 0x53, 0x70, 0x6c, 0x69, 0x74, 0x73, 0x3b, 0x0a, 0x00, 
0x20, 0x20, 0x20, 0x20, 0x69, 0x6e, 0x74, 0x20, 0x63, 0x61, 0x73, 0x63, 0x61, 0x64, 0x65, 0x73, 0x3b, 0x0a, 0x00, 0x20, 
0x20, 0x20, 0x20, 0x66, 0x6c, 0x6f, 0x61, 0x74, 0x20, 0x72, 0x65, 0x73, 0x65, 0x72, 0x76, 0x65, 0x64, 0x4c, 0x69, 0x67, 
0x68, 0x74, 0x30, 0x3b, 0x0a, 0x00, 0x20, 0x20, 0x20, 0x20, 0x66, 0x6c, 0x6f, 0x61, 0x74, 0x32, 0x20, 0x6c, 0x69, 0x67, 
0x68, 0x74, 0x46, 0x61, 0x72, 0x41, 0x74, 0x74, 0x65, 0x6e, 0x75, 0x61, 0x74, 0x69, 0x6f, 0x6e, 0x50, 0x61, 0x72, 0x61, 
0x6d, 0x73, 0x3b, 0x0a, 0x00, 0x20, 0x20, 0x20, 0x20, 0x66, 0x6c, 0x6f, 0x61, 0x74, 0x20, 0x76, 0x73, 0x6d, 0x45, 0x78, 
0x70, 0x6f, 0x6e, 0x65, 0x6e, 0x74, 0x3b, 0x0a, 0x00, 0x20, 0x20, 0x20, 0x20, 0x66, 0x6c, 0x6f, 0x61, 0x74, 0x20, 0x76, 
0x73, 0x6d, 0x4d, 0x61, 0x78, 0x4d, 0x6f, 0x6d, 0x65, 0x6e, 0x74, 0x3b, 0x0a, 0x00, 0x20, 0x20, 0x20, 0x20, 0x66, 0x6c, 
0x6f, 0x61, 0x74, 0x20, 0x76, 0x73, 0x6d, 0x4c, 0x69, 0x67, 0x68, 0x74, 0x42, 0x6c, 0x65, 0x65, 0x64, 0x52, 0x65, 0x64, 
0x75, 0x63, 0x74, 0x69, 0x6f, 0x6e, 0x3b, 0x0a, 0x00, 0x20, 0x20, 0x20, 0x20, 0x75, 0x69, 0x6e, 0x74, 0x20, 0x73, 0x68, 
0x61, 0x64, 0x6f, 0x77, 0x53, 0x61, 0x6d, 0x70, 0x6c, 0x69, 0x6e, 0x67, 0x54, 0x79, 0x70, 0x65, 0x3b, 0x0a, 0x00, 0x20, 
0x20, 0x20, 0x20, 0x70, 0x61, 0x63, 0x6b, 0x65, 0x64, 0x5f, 0x66, 0x6c, 0x6f, 0x61, 0x74, 0x33, 0x20, 0x66, 0x6f, 0x67, 
0x44, 0x65, 0x6e, 0x73, 0x69, 0x74, 0x79, 0x3b, 0x0a, 0x00, 0x20, 0x20, 0x20, 0x20, 0x66, 0x6c, 0x6f, 0x61, 0x74, 0x20, 
0x66, 0x6f, 0x67, 0x53, 0x74, 0x61, 0x72, 0x74, 0x3b, 0x0a, 0x00, 0x20, 0x20, 0x20, 0x20, 0x66, 0x6c, 0x6f, 0x61, 0x74, 
0x20, 0x66, 0x6f, 0x67, 0x4d, 0x61, 0x78, 0x4f, 0x70, 0x61, 0x63, 0x69, 0x74, 0x79, 0x3b, 0x0a, 0x00, 0x20, 0x20, 0x20, 
0x20, 0x75, 0x69, 0x6e, 0x74, 0x20, 0x66, 0x6f, 0x67, 0x4d, 0x69, 0x6e, 0x4d, 0x61, 0x78, 0x4d, 0x69, 0x70, 0x3b, 0x0a, 
0x00, 0x20, 0x20, 0x20, 0x20, 0x66, 0x6c, 0x6f, 0x61, 0x74, 0x20, 0x66, 0x6f, 0x67, 0x48, 0x65, 0x69, 0x67, 0x68, 0x74, 
0x46, 0x61, 0x6c, 0x6c, 0x6f, 0x66, 0x66, 0x3b, 0x0a, 0x00, 0x20, 0x20, 0x20, 0x20, 0x66, 0x6c, 0x6f, 0x61, 0x74, 0x20, 
0x66, 0x6f, 0x67, 0x43, 0x75, 0x74, 0x4f, 0x66, 0x66, 0x44, 0x69, 0x73, 0x74, 0x61, 0x6e, 0x63, 0x65, 0x3b, 0x0a, 0x00, 
0x20, 0x20, 0x20, 0x20, 0x70, 0x61, 0x63, 0x6b, 0x65, 0x64, 0x5f, 0x66, 0x6c, 0x6f, 0x61, 0x74, 0x33, 0x20, 0x66, 0x6f, 
0x67, 0x43, 0x6f, 0x6c, 0x6f, 0x72, 0x3b, 0x0a, 0x00, 0x20, 0x20, 0x20, 0x20, 0x66, 0x6c, 0x6f, 0x61, 0x74, 0x20, 0x66, 
0x6f, 0x67, 0x43, 0x6f, 0x6c, 0x6f, 0x72, 0x46, 0x72, 0x6f, 0x6d, 0x49, 0x62, 0x6c, 0x3b, 0x0a, 0x00, 0x20, 0x20, 0x20, 
0x20, 0x66, 0x6c, 0x6f, 0x61, 0x74, 0x20, 0x66, 0x6f, 0x67, 0x49, 0x6e, 0x73, 0x63, 0x61, 0x74, 0x74, 0x65, 0x72, 0x69, 
0x6e, 0x67, 0x53, 0x74, 0x61, 0x72, 0x74, 0x3b, 0x0a, 0x00, 0x20, 0x20, 0x20, 0x20, 0x66, 0x6c, 0x6f, 0x61, 0x74, 0x20, 
0x66, 0x6f, 0x67, 0x49, 0x6e, 0x73, 0x63, 0x61, 0x74, 0x74, 0x65, 0x72, 0x69, 0x6e, 0x67, 0x53, 0x69, 0x7a, 0x65, 0x3b, 
0x0a, 0x00, 0x20, 0x20, 0x20, 0x20, 0x66, 0x6c, 0x6f, 0x61, 0x74, 0x20, 0x66, 0x6f, 0x67, 0x4f, 0x6e, 0x65, 0x4f, 0x76, 
0x65, 0x72, 0x46, 0x61, 0x72, 0x4d, 0x69, 0x6e, 0x75, 0x73, 0x4e, 0x65, 0x61, 0x72, 0x3b, 0x0a, 0x00, 0x20, 0x20, 0x20, 
0x20, 0x66, 0x6c, 0x6f, 0x61, 0x74, 0x20, 0x66, 0x6f, 0x67, 0x4e, 0x65, 0x61, 0x72, 0x4f, 0x76, 0x65, 0x72, 0x46, 0x61, 
0x72, 0x4d, 0x69, 0x6e, 0x75, 0x73, 0x4e, 0x65, 0x61, 0x72, 0x3b, 0x0a, 0x00, 0x20, 0x20, 0x20, 0x20, 0x66, 0x6c, 0x6f, 
0x61, 0x74, 0x33, 0x78, 0x33, 0x20, 0x66, 0x6f, 0x67, 0x46, 0x72, 0x6f, 0x6d, 0x57, 0x6f, 0x72, 0x6c, 0x64, 0x4d, 0x61, 
0x74, 0x72, 0x69, 0x78, 0x3b, 0x0a, 0x00, 0x20, 0x20, 0x20, 0x20, 0x66, 0x6c, 0x6f, 0x61, 0x74, 0x32, 0x20, 0x66, 0x6f, 
0x67, 0x4c, 0x69, 0x6e, 0x65, 0x61, 0x72, 0x50, 0x61, 0x72, 0x61, 0x6d, 0x73, 0x3b, 0x0a, 0x00, 0x20, 0x20, 0x20, 0x20, 
0x66, 0x6c, 0x6f, 0x61, 0x74, 0x32, 0x20, 0x66, 0x6f, 0x67, 0x52, 0x65, 0x73, 0x65, 0x72, 0x76, 0x65, 0x64, 0x30, 0x3b, 
0x0a, 0x00, 0x20, 0x20, 0x20, 0x20, 0x66, 0x6c, 0x6f, 0x61, 0x74, 0x34, 0x78, 0x34, 0x20, 0x73, 0x73, 0x72, 0x52, 0x65, 
0x70, 0x72, 0x6f, 0x6a, 0x65, 0x63, 0x74, 0x69, 0x6f, 0x6e, 0x3b, 0x0a, 0x00, 0x20, 0x20, 0x20, 0x20, 0x66, 0x6c, 0x6f, 
0x61, 0x74, 0x34, 0x78, 0x34, 0x20, 0x73, 0x73, 0x72, 0x55, 0x76, 0x46, 0x72, 0x6f, 0x6d, 0x56, 0x69, 0x65, 0x77, 0x4d, 
0x61, 0x74, 0x72, 0x69, 0x78, 0x3b, 0x0a, 0x00, 0x20, 0x20, 0x20, 0x20, 0x66, 0x6c, 0x6f, 0x61, 0x74, 0x20, 0x73, 0x73, 
0x72, 0x54, 0x68, 0x69, 0x63, 0x6b, 0x6e, 0x65, 0x73, 0x73, 0x3b, 0x0a, 0x00, 0x20, 0x20, 0x20, 0x20, 0x66, 0x6c, 0x6f, 
0x61, 0x74, 0x20, 0x73, 0x73, 0x72, 0x42, 0x69, 0x61, 0x73, 0x3b, 0x0a, 0x00, 0x20, 0x20, 0x20, 0x20, 0x66, 0x6c, 0x6f, 
0x61, 0x74, 0x20, 0x73, 0x73, 0x72, 0x44, 0x69, 0x73, 0x74, 0x61, 0x6e, 0x63, 0x65, 0x3b, 0x0a, 0x00, 0x20, 0x20, 0x20, 
0x20, 0x66, 0x6c, 0x6f, 0x61, 0x74, 0x20, 0x73, 0x73, 0x72, 0x53, 0x74, 0x72, 0x69, 0x64, 0x65, 0x3b, 0x0a, 0x00, 0x20, 
0x20, 0x20, 0x20, 0x66, 0x6c, 0x6f, 0x61, 0x74, 0x34, 0x20, 0x63, 0x75, 0x73, 0x74, 0x6f, 0x6d, 0x5b, 0x34, 0x5d, 0x3b, 
0x0a, 0x00, 0x20, 0x20, 0x20, 0x20, 0x69, 0x6e, 0x74, 0x20, 0x72, 0x65, 0x63, 0x37, 0x30, 0x39, 0x3b, 0x0a, 0x00, 0x20, 
0x20, 0x20, 0x20, 0x66, 0x6c, 0x6f, 0x61, 0x74, 0x20, 0x65, 0x73, 0x32, 0x52, 0x65, 0x73, 0x65, 0x72, 0x76, 0x65, 0x64, 
0x30, 0x3b, 0x0a, 0x00, 0x20, 0x20, 0x20, 0x20, 0x66, 0x6c, 0x6f, 0x61, 0x74, 0x20, 0x65, 0x73, 0x32, 0x52, 0x65, 0x73, 
0x65, 0x72, 0x76, 0x65, 0x64, 0x31, 0x3b, 0x0a, 0x00, 0x20, 0x20, 0x20, 0x20, 0x66, 0x6c, 0x6f, 0x61, 0x74, 0x20, 0x65, 
0x73, 0x32, 0x52, 0x65, 0x73, 0x65, 0x72, 0x76, 0x65, 0x64, 0x32, 0x3b, 0x0a, 0x00, 0x20, 0x20, 0x20, 0x20, 0x66, 0x6c, 
0x6f, 0x61, 0x74, 0x34, 0x20, 0x65, 0x78, 0x74, 0x72, 0x61, 0x4c, 0x69, 0x67, 0x68, 0x74, 0x44, 0x69, 0x72, 0x65, 0x63, 
0x74, 0x69, 0x6f, 0x6e, 0x5b, 0x34, 0x5d, 0x3b, 0x0a, 0x00, 0x20, 0x20, 0x20, 0x20, 0x66, 0x6c, 0x6f, 0x61, 0x74, 0x34, 
0x20, 0x65, 0x78, 0x74, 0x72, 0x61, 0x4c, 0x69, 0x67, 0x68, 0x74, 0x43, 0x6f, 0x6c, 0x6f, 0x72, 0x49, 0x6e, 0x74, 0x65, 
0x6e, 0x73, 0x69, 0x74, 0x79, 0x5b, 0x34, 0x5d, 0x3b, 0x0a, 0x00, 0x20, 0x20, 0x20, 0x20, 0x69, 0x6e, 0x74, 0x20, 0x65, 
0x78, 0x74, 0x72, 0x61, 0x4c, 0x69, 0x67, 0x68, 0x74, 0x43, 0x6f, 0x75, 0x6e, 0x74, 0x3b, 0x0a, 0x00, 0x20, 0x20, 0x20, 
0x20, 0x69, 0x6e, 0x74, 0x20, 0x65, 0x78, 0x74, 0x72, 0x61, 0x44, 0x69, 0x72, 0x52, 0x65, 0x73, 0x65, 0x72, 0x76, 0x65, 
0x64, 0x30, 0x3b, 0x0a, 0x00, 0x20, 0x20, 0x20, 0x20, 0x69, 0x6e, 0x74, 0x20, 0x65, 0x78, 0x74, 0x72, 0x61, 0x44, 0x69, 
0x72, 0x52, 0x65, 0x73, 0x65, 0x72, 0x76, 0x65, 0x64, 0x31, 0x3b, 0x0a, 0x00, 0x20, 0x20, 0x20, 0x20, 0x69, 0x6e, 0x74, 
0x20, 0x65, 0x78, 0x74, 0x72, 0x61, 0x44, 0x69, 0x72, 0x52, 0x65, 0x73, 0x65, 0x72, 0x76, 0x65, 0x64, 0x32, 0x3b, 0x0a, 
0x00, 0x20, 0x20, 0x20, 0x20, 0x66, 0x6c, 0x6f, 0x61, 0x74, 0x34, 0x20, 0x72, 0x65, 0x73, 0x65, 0x72, 0x76, 0x65, 0x64, 
0x5b, 0x39, 0x5d, 0x3b, 0x0a, 0x00, 0x73, 0x74, 0x72, 0x75, 0x63, 0x74, 0x20, 0x46, 0x72, 0x61, 0x6d, 0x65, 0x55, 0x6e, 
0x69, 0x66, 0x6f, 0x72, 0x6d, 0x73, 0x3b, 0x0a, 0x00, 0x73, 0x74, 0x72, 0x75, 0x63, 0x74, 0x20, 0x73, 0x70, 0x76, 0x44, 
0x65, 0x73, 0x63, 0x72, 0x69, 0x70, 0x74, 0x6f, 0x72, 0x53, 0x65, 0x74, 0x42, 0x75, 0x66, 0x66, 0x65, 0x72, 0x30, 0x20, 
0x7b, 0x0a, 0x00, 0x63, 0x6f, 0x6e, 0x73, 0x74, 0x61, 0x6e, 0x74, 0x20, 0x46, 0x72, 0x61, 0x6d, 0x65, 0x55, 0x6e, 0x69, 
0x66, 0x6f, 0x72, 0x6d, 0x73, 0x2a, 0x20, 0x66, 0x72, 0x61, 0x6d, 0x65, 0x55, 0x6e, 0x69, 0x66, 0x6f, 0x72, 0x6d, 0x73, 
0x20, 0x5b, 0x5b, 0x69, 0x64, 0x28, 0x30, 0x29, 0x5d, 0x5d, 0x3b, 0x0a, 0x00, 0x20, 0x20, 0x20, 0x20, 0x66, 0x6c, 0x6f, 
0x61, 0x74, 0x34, 0x20, 0x76, 0x61, 0x72, 0x69, 0x61, 0x62, 0x6c, 0x65, 0x5f, 0x69, 0x6d, 0x61, 0x67, 0x65, 0x55, 0x56, 
0x20, 0x5b, 0x5b, 0x75, 0x73, 0x65, 0x72, 0x28, 0x6c, 0x6f, 0x63, 0x6e, 0x30, 0x29, 0x5d, 0x5d, 0x3b, 0x0a, 0x00, 0x2e, 
0x77, 0x3b, 0x0a, 0x00, 0x20, 0x20, 0x20, 0x20, 0x66, 0x6c, 0x6f, 0x61, 0x74, 0x32, 0x20, 0x00, 0x73, 0x74, 0x72, 0x75, 
0x63, 0x74, 0x20, 0x53, 0x68, 0x61, 0x64, 0x6f, 0x77, 0x55, 0x6e, 0x69, 0x66, 0x6f, 0x72, 0x6d, 0x73, 0x3b, 0x0a, 0x00, 
0x63, 0x6f, 0x6e, 0x73, 0x74, 0x61, 0x6e, 0x74, 0x20, 0x53, 0x68, 0x61, 0x64, 0x6f, 0x77, 0x55, 0x6e, 0x69, 0x66, 0x6f, 
0x72, 0x6d, 0x73, 0x2a, 0x20, 0x73, 0x68, 0x61, 0x64, 0x6f, 0x77, 0x55, 0x6e, 0x69, 0x66, 0x6f, 0x72, 0x6d, 0x73, 0x20, 
0x5b, 0x5b, 0x69, 0x64, 0x28, 0x32, 0x29, 0x5d, 0x5d, 0x3b, 0x0a, 0x00, 0x20, 0x20, 0x20, 0x20, 0x66, 0x6c, 0x6f, 0x61, 
0x74, 0x34, 0x20, 0x76, 0x65, 0x72, 0x74, 0x65, 0x78, 0x5f, 0x77, 0x6f, 0x72, 0x6c, 0x64, 0x50, 0x6f, 0x73, 0x69, 0x74, 
0x69, 0x6f, 0x6e, 0x20, 0x5b, 0x5b, 0x75, 0x73, 0x65, 0x72, 0x28, 0x6c, 0x6f, 0x63, 0x6e, 0x36, 0x29, 0x5d, 0x5d, 0x3b, 
0x0a, 0x00, 0x20, 0x20, 0x20, 0x20, 0x66, 0x6c, 0x6f, 0x61, 0x74, 0x34, 0x20, 0x76, 0x65, 0x72, 0x74, 0x65, 0x78, 0x5f, 
0x70, 0x6f, 0x73, 0x69, 0x74, 0x69, 0x6f, 0x6e, 0x20, 0x5b, 0x5b, 0x75, 0x73, 0x65, 0x72, 0x28, 0x6c, 0x6f, 0x63, 0x6e, 
0x39, 0x29, 0x5d, 0x5d, 0x3b, 0x0a, 0x00, 0x20, 0x20, 0x20, 0x20, 0x69, 0x6e, 0x74, 0x20, 0x69, 0x6e, 0x73, 0x74, 0x61, 
0x6e, 0x63, 0x65, 0x5f, 0x69, 0x6e, 0x64, 0x65, 0x78, 0x20, 0x5b, 0x5b, 0x75, 0x73, 0x65, 0x72, 0x28, 0x6c, 0x6f, 0x63, 
0x6e, 0x31, 0x30, 0x29, 0x5d, 0x5d, 0x3b, 0x0a, 0x00, 0x20, 0x3d, 0x20, 0x66, 0x6c, 0x6f, 0x61, 0x74, 0x34, 0x28, 0x30, 
0x2e, 0x30, 0x29, 0x3b, 0x0a, 0x00, 0x2e, 0x77, 0x29, 0x29, 0x3b, 0x0a, 0x00, 0x20, 0x20, 0x20, 0x20, 0x00, 0x20, 0x20, 
0x20, 0x20, 0x66, 0x6c, 0x6f, 0x61, 0x74, 0x20, 0x00, 0x2e, 0x77, 0x29, 0x3b, 0x0a, 0x00, 0x20, 0x20, 0x20, 0x20, 0x66, 
0x6c, 0x6f, 0x61, 0x74, 0x34, 0x20, 0x67, 0x6c, 0x5f, 0x50, 0x6f, 0x73, 0x69, 0x74, 0x69, 0x6f, 0x6e, 0x20, 0x5b, 0x5b, 
0x70, 0x6f, 0x73, 0x69, 0x74, 0x69, 0x6f, 0x6e, 0x5d, 0x5d, 0x3b, 0x0a, 0x00, 0x20, 0x20, 0x20, 0x20, 0x66, 0x6c, 0x6f, 
0x61, 0x74, 0x34, 0x20, 0x6d, 0x65, 0x73, 0x68, 0x5f, 0x70, 0x6f, 0x73, 0x69, 0x74, 0x69, 0x6f, 0x6e, 0x20, 0x5b, 0x5b, 
0x61, 0x74, 0x74, 0x72, 0x69, 0x62, 0x75, 0x74, 0x65, 0x28, 0x30, 0x29, 0x5d, 0x5d, 0x3b, 0x0a, 0x00, 0x76, 0x65, 0x72, 
0x74, 0x65, 0x78, 0x20, 0x6d, 0x61, 0x69, 0x6e, 0x30, 0x5f, 0x6f, 0x75, 0x74, 0x20, 0x6d, 0x61, 0x69, 0x6e, 0x30, 0x28, 
0x6d, 0x61, 0x69, 0x6e, 0x30, 0x5f, 0x69, 0x6e, 0x20, 0x69, 0x6e, 0x20, 0x5b, 0x5b, 0x73, 0x74, 0x61, 0x67, 0x65, 0x5f, 
0x69, 0x6e, 0x5d, 0x5d, 0x2c, 0x20, 0x63, 0x6f, 0x6e, 0x73, 0x74, 0x61, 0x6e, 0x74, 0x20, 0x73, 0x70, 0x76, 0x44, 0x65, 
0x73, 0x63, 0x72, 0x69, 0x70, 0x74, 0x6f, 0x72, 0x53, 0x65, 0x74, 0x42, 0x75, 0x66, 0x66, 0x65, 0x72, 0x30, 0x26, 0x20, 
0x73, 0x70, 0x76, 0x44, 0x65, 0x73, 0x63, 0x72, 0x69, 0x70, 0x74, 0x6f, 0x72, 0x53, 0x65, 0x74, 0x30, 0x20, 0x5b, 0x5b, 
0x62, 0x75, 0x66, 0x66, 0x65, 0x72, 0x28, 0x32, 0x31, 0x29, 0x5d, 0x5d, 0x2c, 0x20, 0x63, 0x6f, 0x6e, 0x73, 0x74, 0x61, 
0x6e, 0x74, 0x20, 0x75, 0x69, 0x6e, 0x74, 0x2a, 0x20, 0x73, 0x70, 0x76, 0x44, 0x79, 0x6e, 0x61, 0x6d, 0x69, 0x63, 0x4f, 
0x66, 0x66, 0x73, 0x65, 0x74, 0x73, 0x20, 0x5b, 0x5b, 0x62, 0x75, 0x66, 0x66, 0x65, 0x72, 0x28, 0x32, 0x35, 0x29, 0x5d, 
0x5d, 0x2c, 0x20, 0x75, 0x69, 0x6e, 0x74, 0x20, 0x67, 0x6c, 0x5f, 0x49, 0x6e, 0x73, 0x74, 0x61, 0x6e, 0x63, 0x65, 0x49, 
0x6e, 0x64, 0x65, 0x78, 0x20, 0x5b, 0x5b, 0x69, 0x6e, 0x73, 0x74, 0x61, 0x6e, 0x63, 0x65, 0x5f, 0x69, 0x64, 0x5d, 0x5d, 
0x29, 0x0a, 0x00, 0x20, 0x20, 0x20, 0x20, 0x6f, 0x75, 0x74, 0x2e, 0x69, 0x6e, 0x73, 0x74, 0x61, 0x6e, 0x63, 0x65, 0x5f, 
0x69, 0x6e, 0x64, 0x65, 0x78, 0x20, 0x3d, 0x20, 0x69, 0x6e, 0x74, 0x28, 0x67, 0x6c, 0x5f, 0x49, 0x6e, 0x73, 0x74, 0x61, 
0x6e, 0x63, 0x65, 0x49, 0x6e, 0x64, 0x65, 0x78, 0x29, 0x3b, 0x0a, 0x00, 0x20, 0x3d, 0x20, 0x69, 0x6e, 0x2e, 0x6d, 0x65, 
0x73, 0x68, 0x5f, 0x70, 0x6f, 0x73, 0x69, 0x74, 0x69, 0x6f, 0x6e, 0x3b, 0x0a, 0x00, 0x2e, 0x7a, 0x20, 0x3d, 0x20, 0x28, 
0x00, 0x2e, 0x7a, 0x20, 0x2a, 0x20, 0x28, 0x2d, 0x30, 0x2e, 0x35, 0x29, 0x29, 0x20, 0x2b, 0x20, 0x30, 0x2e, 0x35, 0x3b, 
0x0a, 0x00, 0x20, 0x3d, 0x20, 0x28, 0x2a, 0x73, 0x70, 0x76, 0x44, 0x65, 0x73, 0x63, 0x72, 0x69, 0x70, 0x74, 0x6f, 0x72, 
0x53, 0x65, 0x74, 0x30, 0x2e, 0x66, 0x72, 0x61, 0x6d, 0x65, 0x55, 0x6e, 0x69, 0x66, 0x6f, 0x72, 0x6d, 0x73, 0x29, 0x2e, 
0x77, 0x6f, 0x72, 0x6c, 0x64, 0x46, 0x72, 0x6f, 0x6d, 0x43, 0x6c, 0x69, 0x70, 0x4d, 0x61, 0x74, 0x72, 0x69, 0x78, 0x20, 
0x2a, 0x20, 0x00, 0x20, 0x20, 0x20, 0x20, 0x69, 0x66, 0x20, 0x28, 0x61, 0x62, 0x73, 0x28, 0x00, 0x29, 0x20, 0x3c, 0x20, 
0x31, 0x2e, 0x30, 0x38, 0x34, 0x32, 0x30, 0x32, 0x32, 0x65, 0x2d, 0x31, 0x39, 0x29, 0x0a, 0x00, 0x2e, 0x77, 0x20, 0x3d, 
0x20, 0x28, 0x00, 0x20, 0x3c, 0x20, 0x30, 0x2e, 0x30, 0x29, 0x20, 0x3f, 0x20, 0x28, 0x2d, 0x31, 0x2e, 0x30, 0x38, 0x34, 
0x32, 0x30, 0x32, 0x32, 0x65, 0x2d, 0x31, 0x39, 0x29, 0x20, 0x3a, 0x20, 0x31, 0x2e, 0x30, 0x38, 0x34, 0x32, 0x30, 0x32, 
0x32, 0x65, 0x2d, 0x31, 0x39, 0x3b, 0x0a, 0x00, 0x20, 0x2a, 0x20, 0x28, 0x31, 0x2e, 0x30, 0x20, 0x2f, 0x20, 0x00, 0x2e, 
0x78, 0x79, 0x20, 0x2a, 0x20, 0x30, 0x2e, 0x35, 0x29, 0x20, 0x2b, 0x20, 0x66, 0x6c, 0x6f, 0x61, 0x74, 0x32, 0x28, 0x30, 
0x2e, 0x35, 0x29, 0x3b, 0x0a, 0x00, 0x20, 0x20, 0x20, 0x20, 0x6f, 0x75, 0x74, 0x2e, 0x76, 0x61, 0x72, 0x69, 0x61, 0x62, 
0x6c, 0x65, 0x5f, 0x69, 0x6d, 0x61, 0x67, 0x65, 0x55, 0x56, 0x20, 0x3d, 0x20, 0x00, 0x20, 0x20, 0x20, 0x20, 0x6f, 0x75, 
0x74, 0x2e, 0x76, 0x65, 0x72, 0x74, 0x65, 0x78, 0x5f, 0x77, 0x6f, 0x72, 0x6c, 0x64, 0x50, 0x6f, 0x73, 0x69, 0x74, 0x69, 
0x6f, 0x6e, 0x2e, 0x78, 0x20, 0x3d, 0x20, 0x00, 0x20, 0x20, 0x20, 0x20, 0x6f, 0x75, 0x74, 0x2e, 0x76, 0x65, 0x72, 0x74, 
0x65, 0x78, 0x5f, 0x77, 0x6f, 0x72, 0x6c, 0x64, 0x50, 0x6f, 0x73, 0x69, 0x74, 0x69, 0x6f, 0x6e, 0x2e, 0x79, 0x20, 0x3d, 
0x20, 0x00, 0x20, 0x20, 0x20, 0x20, 0x6f, 0x75, 0x74, 0x2e, 0x76, 0x65, 0x72, 0x74, 0x65, 0x78, 0x5f, 0x77, 0x6f, 0x72, 
0x6c, 0x64, 0x50, 0x6f, 0x73, 0x69, 0x74, 0x69, 0x6f, 0x6e, 0x2e, 0x7a, 0x20, 0x3d, 0x20, 0x00, 0x20, 0x20, 0x20, 0x20, 
0x6f, 0x75, 0x74, 0x2e, 0x76, 0x65, 0x72, 0x74, 0x65, 0x78, 0x5f, 0x70, 0x6f, 0x73, 0x69, 0x74, 0x69, 0x6f, 0x6e, 0x20, 
0x3d, 0x20, 0x00, 0x20, 0x20, 0x20, 0x20, 0x6f, 0x75, 0x74, 0x2e, 0x67, 0x6c, 0x5f, 0x50, 0x6f, 0x73, 0x69, 0x74, 0x69, 
0x6f, 0x6e, 0x20, 0x3d, 0x20, 0x00, 0x20, 0x2a, 0x20, 0x66, 0x6c, 0x6f, 0x61, 0x74, 0x28, 0x00, 0x29, 0x20, 0x2a, 0x20, 
0x00, 0x23, 0x70, 0x72, 0x61, 0x67, 0x6d, 0x61, 0x20, 0x63, 0x6c, 0x61, 0x6e, 0x67, 0x20, 0x64, 0x69, 0x61, 0x67, 0x6e, 
0x6f, 0x73, 0x74, 0x69, 0x63, 0x20, 0x69, 0x67, 0x6e, 0x6f, 0x72, 0x65, 0x64, 0x20, 0x22, 0x2d, 0x57, 0x6d, 0x69, 0x73, 
0x73, 0x69, 0x6e, 0x67, 0x2d, 0x70, 0x72, 0x6f, 0x74, 0x6f, 0x74, 0x79, 0x70, 0x65, 0x73, 0x22, 0x0a, 0x00, 0x2f, 0x2f, 
0x20, 0x49, 0x6d, 0x70, 0x6c, 0x65, 0x6d, 0x65, 0x6e, 0x74, 0x61, 0x74, 0x69, 0x6f, 0x6e, 0x20, 0x6f, 0x66, 0x20, 0x73, 
0x69, 0x67, 0x6e, 0x65, 0x64, 0x20, 0x69, 0x6e, 0x74, 0x65, 0x67, 0x65, 0x72, 0x20, 0x6d, 0x6f, 0x64, 0x20, 0x61, 0x63, 
0x63, 0x75, 0x72, 0x61, 0x74, 0x65, 0x20, 0x74, 0x6f, 0x20, 0x53, 0x50, 0x49, 0x52, 0x2d, 0x56, 0x20, 0x73, 0x70, 0x65, 
0x63, 0x69, 0x66, 0x69, 0x63, 0x61, 0x74, 0x69, 0x6f, 0x6e, 0x0a, 0x00, 0x74, 0x65, 0x6d, 0x70, 0x6c, 0x61, 0x74, 0x65, 
0x3c, 0x74, 0x79, 0x70, 0x65, 0x6e, 0x61, 0x6d, 0x65, 0x20, 0x54, 0x78, 0x2c, 0x20, 0x74, 0x79, 0x70, 0x65, 0x6e, 0x61, 
0x6d, 0x65, 0x20, 0x54, 0x79, 0x3e, 0x0a, 0x00, 0x69, 0x6e, 0x6c, 0x69, 0x6e, 0x65, 0x20, 0x54, 0x78, 0x20, 0x73, 0x70, 
0x76, 0x53, 0x4d, 0x6f, 0x64, 0x28, 0x54, 0x78, 0x20, 0x78, 0x2c, 0x20, 0x54, 0x79, 0x20, 0x79, 0x29, 0x0a, 0x00, 0x20, 
0x20, 0x20, 0x20, 0x54, 0x78, 0x20, 0x72, 0x65, 0x6d, 0x61, 0x69, 0x6e, 0x64, 0x65, 0x72, 0x20, 0x3d, 0x20, 0x78, 0x20, 
0x2d, 0x20, 0x79, 0x20, 0x2a, 0x20, 0x28, 0x78, 0x20, 0x2f, 0x20, 0x79, 0x29, 0x3b, 0x0a, 0x00, 0x20, 0x20, 0x20, 0x20, 
0x72, 0x65, 0x74, 0x75, 0x72, 0x6e, 0x20, 0x73, 0x65, 0x6c, 0x65, 0x63, 0x74, 0x28, 0x54, 0x78, 0x28, 0x72, 0x65, 0x6d, 
0x61, 0x69, 0x6e, 0x64, 0x65, 0x72, 0x20, 0x2b, 0x20, 0x79, 0x29, 0x2c, 0x20, 0x72, 0x65, 0x6d, 0x61, 0x69, 0x6e, 0x64, 
0x65, 0x72, 0x2c, 0x20, 0x72, 0x65, 0x6d, 0x61, 0x69, 0x6e, 0x64, 0x65, 0x72, 0x20, 0x3d, 0x3d, 0x20, 0x30, 0x20, 0x7c, 
0x7c, 0x20, 0x28, 0x78, 0x20, 0x3e, 0x3d, 0x20, 0x30, 0x29, 0x20, 0x3d, 0x3d, 0x20, 0x28, 0x79, 0x20, 0x3e, 0x3d, 0x20, 
0x30, 0x29, 0x29, 0x3b, 0x0a, 0x00, 0x63, 0x6f, 0x6e, 0x73, 0x74, 0x61, 0x6e, 0x74, 0x20, 0x69, 0x6e, 0x74, 0x20, 0x43, 
0x4f, 0x4e, 0x46, 0x49, 0x47, 0x5f, 0x53, 0x54, 0x45, 0x52, 0x45, 0x4f, 0x5f, 0x45, 0x59, 0x45, 0x5f, 0x43, 0x4f, 0x55, 
0x4e, 0x54, 0x5f, 0x74, 0x6d, 0x70, 0x20, 0x5b, 0x5b, 0x66, 0x75, 0x6e, 0x63, 0x74, 0x69, 0x6f, 0x6e, 0x5f, 0x63, 0x6f, 
0x6e, 0x73, 0x74, 0x61, 0x6e, 0x74, 0x28, 0x38, 0x29, 0x5d, 0x5d, 0x3b, 0x0a, 0x00, 0x63, 0x6f, 0x6e, 0x73, 0x74, 0x61, 
0x6e, 0x74, 0x20, 0x69, 0x6e, 0x74, 0x20, 0x43, 0x4f, 0x4e, 0x46, 0x49, 0x47, 0x5f, 0x53, 0x54, 0x45, 0x52, 0x45, 0x4f, 
0x5f, 0x45, 0x59, 0x45, 0x5f, 0x43, 0x4f, 0x55, 0x4e, 0x54, 0x20, 0x3d, 0x20, 0x69, 0x73, 0x5f, 0x66, 0x75, 0x6e, 0x63, 
0x74, 0x69, 0x6f, 0x6e, 0x5f, 0x63, 0x6f, 0x6e, 0x73, 0x74, 0x61, 0x6e, 0x74, 0x5f, 0x64, 0x65, 0x66, 0x69, 0x6e, 0x65, 
0x64, 0x28, 0x43, 0x4f, 0x4e, 0x46, 0x49, 0x47, 0x5f, 0x53, 0x54, 0x45, 0x52, 0x45, 0x4f, 0x5f, 0x45, 0x59, 0x45, 0x5f, 
0x43, 0x4f, 0x55, 0x4e, 0x54, 0x5f, 0x74, 0x6d, 0x70, 0x29, 0x20, 0x3f, 0x20, 0x43, 0x4f, 0x4e, 0x46, 0x49, 0x47, 0x5f, 
0x53, 0x54, 0x45, 0x52, 0x45, 0x4f, 0x5f, 0x45, 0x59, 0x45, 0x5f, 0x43, 0x4f, 0x55, 0x4e, 0x54, 0x5f, 0x74, 0x6d, 0x70, 
0x20, 0x3a, 0x20, 0x32, 0x3b, 0x0a, 0x00, 0x20, 0x20, 0x20, 0x20, 0x66, 0x6c, 0x6f, 0x61, 0x74, 0x20, 0x67, 0x6c, 0x5f, 
0x43, 0x6c, 0x69, 0x70, 0x44, 0x69, 0x73, 0x74, 0x61, 0x6e, 0x63, 0x65, 0x20, 0x5b, 0x5b, 0x63, 0x6c, 0x69, 0x70, 0x5f, 
0x64, 0x69, 0x73, 0x74, 0x61, 0x6e, 0x63, 0x65, 0x5d, 0x5d, 0x20, 0x5b, 0x32, 0x5d, 0x3b, 0x0a, 0x00, 0x20, 0x20, 0x20, 
0x20, 0x66, 0x6c, 0x6f, 0x61, 0x74, 0x20, 0x67, 0x6c, 0x5f, 0x43, 0x6c, 0x69, 0x70, 0x44, 0x69, 0x73, 0x74, 0x61, 0x6e, 
0x63, 0x65, 0x5f, 0x30, 0x20, 0x5b, 0x5b, 0x75, 0x73, 0x65, 0x72, 0x28, 0x63, 0x6c, 0x69, 0x70, 0x30, 0x29, 0x5d, 0x5d, 
0x3b, 0x0a, 0x00, 0x20, 0x20, 0x20, 0x20, 0x66, 0x6c, 0x6f, 0x61, 0x74, 0x20, 0x67, 0x6c, 0x5f, 0x43, 0x6c, 0x69, 0x70, 
0x44, 0x69, 0x73, 0x74, 0x61, 0x6e, 0x63, 0x65, 0x5f, 0x31, 0x20, 0x5b, 0x5b, 0x75, 0x73, 0x65, 0x72, 0x28, 0x63, 0x6c, 
0x69, 0x70, 0x31, 0x29, 0x5d, 0x5d, 0x3b, 0x0a, 0x00, 0x20, 0x20, 0x20, 0x20, 0x69, 0x6e, 0x74, 0x20, 0x00, 0x20, 0x3d, 
0x20, 0x73, 0x70, 0x76, 0x53, 0x4d, 0x6f, 0x64, 0x28, 0x6f, 0x75, 0x74, 0x2e, 0x69, 0x6e, 0x73, 0x74, 0x61, 0x6e, 0x63, 
0x65, 0x5f, 0x69, 0x6e, 0x64, 0x65, 0x78, 0x2c, 0x20, 0x43, 0x4f, 0x4e, 0x46, 0x49, 0x47, 0x5f, 0x53, 0x54, 0x45, 0x52, 
0x45, 0x4f, 0x5f, 0x45, 0x59, 0x45, 0x5f, 0x43, 0x4f, 0x55, 0x4e, 0x54, 0x29, 0x3b, 0x0a, 0x00, 0x20, 0x3d, 0x20, 0x66, 
0x6c, 0x6f, 0x61, 0x74, 0x28, 0x43, 0x4f, 0x4e, 0x46, 0x49, 0x47, 0x5f, 0x53, 0x54, 0x45, 0x52, 0x45, 0x4f, 0x5f, 0x45, 
0x59, 0x45, 0x5f, 0x43, 0x4f, 0x55, 0x4e, 0x54, 0x29, 0x3b, 0x0a, 0x00, 0x20, 0x3d, 0x20, 0x32, 0x2e, 0x30, 0x20, 0x2f, 
0x20, 0x00, 0x20, 0x3d, 0x20, 0x31, 0x2e, 0x30, 0x20, 0x2f, 0x20, 0x00, 0x2e, 0x78, 0x20, 0x2a, 0x20, 0x00, 0x29, 0x20, 
0x2b, 0x20, 0x28, 0x28, 0x28, 0x28, 0x2d, 0x31, 0x2e, 0x30, 0x29, 0x20, 0x2b, 0x20, 0x00, 0x29, 0x20, 0x2b, 0x20, 0x00, 
0x20, 0x20, 0x20, 0x20, 0x6f, 0x75, 0x74, 0x2e, 0x67, 0x6c, 0x5f, 0x43, 0x6c, 0x69, 0x70, 0x44, 0x69, 0x73, 0x74, 0x61, 
0x6e, 0x63, 0x65, 0x5b, 0x30, 0x5d, 0x20, 0x3d, 0x20, 0x00, 0x20, 0x2b, 0x20, 0x28, 0x28, 0x31, 0x2e, 0x30, 0x20, 0x2d, 
0x20, 0x00, 0x20, 0x20, 0x20, 0x20, 0x6f, 0x75, 0x74, 0x2e, 0x67, 0x6c, 0x5f, 0x43, 0x6c, 0x69, 0x70, 0x44, 0x69, 0x73, 
0x74, 0x61, 0x6e, 0x63, 0x65, 0x5b, 0x31, 0x5d, 0x20, 0x3d, 0x20, 0x2d, 0x28, 0x00, 0x20, 0x2b, 0x20, 0x28, 0x28, 0x31, 
0x2e, 0x30, 0x20, 0x2d, 0x20, 0x28, 0x00, 0x20, 0x2b, 0x20, 0x31, 0x29, 0x29, 0x29, 0x20, 0x2a, 0x20, 0x00, 0x20, 0x20, 
0x20, 0x20, 0x6f, 0x75, 0x74, 0x2e, 0x69, 0x6e, 0x73, 0x74, 0x61, 0x6e, 0x63, 0x65, 0x5f, 0x69, 0x6e, 0x64, 0x65, 0x78, 
0x20, 0x2f, 0x3d, 0x20, 0x43, 0x4f, 0x4e, 0x46, 0x49, 0x47, 0x5f, 0x53, 0x54, 0x45, 0x52, 0x45, 0x4f, 0x5f, 0x45, 0x59, 
0x45, 0x5f, 0x43, 0x4f, 0x55, 0x4e, 0x54, 0x3b, 0x0a, 0x00, 0x20, 0x20, 0x20, 0x20, 0x6f, 0x75, 0x74, 0x2e, 0x67, 0x6c, 
0x5f, 0x43, 0x6c, 0x69, 0x70, 0x44, 0x69, 0x73, 0x74, 0x61, 0x6e, 0x63, 0x65, 0x5f, 0x30, 0x20, 0x3d, 0x20, 0x6f, 0x75, 
0x74, 0x2e, 0x67, 0x6c, 0x5f, 0x43, 0x6c, 0x69, 0x70, 0x44, 0x69, 0x73, 0x74, 0x61, 0x6e, 0x63, 0x65, 0x5b, 0x30, 0x5d, 
0x3b, 0x0a, 0x00, 0x20, 0x20, 0x20, 0x20, 0x6f, 0x75, 0x74, 0x2e, 0x67, 0x6c, 0x5f, 0x43, 0x6c, 0x69, 0x70, 0x44, 0x69, 
0x73, 0x74, 0x61, 0x6e, 0x63, 0x65, 0x5f, 0x31, 0x20, 0x3d, 0x20, 0x6f, 0x75, 0x74, 0x2e, 0x67, 0x6c, 0x5f, 0x43, 0x6c, 
0x69, 0x70, 0x44, 0x69, 0x73, 0x74, 0x61, 0x6e, 0x63, 0x65, 0x5b, 0x31, 0x5d, 0x3b, 0x0a, 0x00, 0x20, 0x20, 0x20, 0x20, 
0x20, 0x20, 0x20, 0x20, 0x20, 0x20, 0x20, 0x20, 0x00, 0x20, 0x20, 0x20, 0x20, 0x62, 0x6f, 0x6f, 0x6c, 0x20, 0x00, 0x29, 
0x0a, 0x00, 0x20, 0x20, 0x20, 0x20, 0x20, 0x20, 0x20, 0x20, 0x7b, 0x0a, 0x00, 0x20, 0x20, 0x20, 0x20, 0x20, 0x20, 0x20, 
0x20, 0x7d, 0x0a, 0x00, 0x20, 0x20, 0x20, 0x20, 0x69, 0x66, 0x20, 0x28, 0x21, 0x00, 0x20, 0x20, 0x20, 0x20, 0x20, 0x20, 
0x20, 0x20, 0x20, 0x20, 0x20, 0x20, 0x20, 0x20, 0x20, 0x20, 0x7b, 0x0a, 0x00, 0x20, 0x3d, 0x20, 0x6e, 0x6f, 0x72, 0x6d, 
0x61, 0x6c, 0x69, 0x7a, 0x65, 0x28, 0x68, 0x61, 0x6c, 0x66, 0x33, 0x28, 0x00, 0x2e, 0x78, 0x29, 0x29, 0x3b, 0x0a, 0x00, 
0x20, 0x20, 0x20, 0x20, 0x20, 0x20, 0x20, 0x20, 0x20, 0x20, 0x20, 0x20, 0x20, 0x20, 0x20, 0x20, 0x7d, 0x0a, 0x00, 0x20, 
0x20, 0x20, 0x20, 0x20, 0x20, 0x20, 0x20, 0x20, 0x20, 0x20, 0x20, 0x20, 0x20, 0x20, 0x20, 0x20, 0x20, 0x20, 0x20, 0x7b, 
0x0a, 0x00, 0x20, 0x20, 0x20, 0x20, 0x20, 0x20, 0x20, 0x20, 0x20, 0x20, 0x20, 0x20, 0x20, 0x20, 0x20, 0x20, 0x20, 0x20, 
0x20, 0x20, 0x7d, 0x0a, 0x00, 0x20, 0x20, 0x20, 0x20, 0x20, 0x20, 0x20, 0x20, 0x20, 0x20, 0x20, 0x20, 0x20, 0x20, 0x20, 
0x20, 0x20, 0x20, 0x20, 0x20, 0x20, 0x20, 0x20, 0x20, 0x7b, 0x0a, 0x00, 0x2e, 0x79, 0x29, 0x29, 0x3b, 0x0a, 0x00, 0x20, 
0x20, 0x20, 0x20, 0x20, 0x20, 0x20, 0x20, 0x20, 0x20, 0x20, 0x20, 0x20, 0x20, 0x20, 0x20, 0x20, 0x20, 0x20, 0x20, 0x20, 
0x20, 0x20, 0x20, 0x7d, 0x0a, 0x00, 0x20, 0x20, 0x20, 0x20, 0x20, 0x20, 0x20, 0x20, 0x20, 0x20, 0x20, 0x20, 0x20, 0x20, 
0x20, 0x20, 0x20, 0x20, 0x20, 0x20, 0x20, 0x20, 0x20, 0x20, 0x20, 0x20, 0x20, 0x20, 0x7b, 0x0a, 0x00, 0x20, 0x20, 0x20, 
0x20, 0x20, 0x20, 0x20, 0x20, 0x20, 0x20, 0x20, 0x20, 0x20, 0x20, 0x20, 0x20, 0x20, 0x20, 0x20, 0x20, 0x20, 0x20, 0x20, 
0x20, 0x20, 0x20, 0x20, 0x20, 0x7d, 0x0a, 0x00, 0x20, 0x20, 0x20, 0x20, 0x20, 0x20, 0x20, 0x20, 0x20, 0x20, 0x20, 0x20, 
0x20, 0x20, 0x20, 0x20, 0x20, 0x20, 0x20, 0x20, 0x20, 0x20, 0x20, 0x20, 0x20, 0x20, 0x20, 0x20, 0x20, 0x20, 0x20, 0x20, 
0x7b, 0x0a, 0x00, 0x20, 0x20, 0x20, 0x20, 0x20, 0x20, 0x20, 0x20, 0x20, 0x20, 0x20, 0x20, 0x20, 0x20, 0x20, 0x20, 0x20, 
0x20, 0x20, 0x20, 0x20, 0x20, 0x20, 0x20, 0x20, 0x20, 0x20, 0x20, 0x20, 0x20, 0x20, 0x20, 0x20, 0x20, 0x20, 0x20, 0x00, 
0x2e, 0x78, 0x2c, 0x20, 0x2d, 0x00, 0x20, 0x20, 0x20, 0x20, 0x20, 0x20, 0x20, 0x20, 0x20, 0x20, 0x20, 0x20, 0x20, 0x20, 
0x20, 0x20, 0x20, 0x20, 0x20, 0x20, 0x20, 0x20, 0x20, 0x20, 0x20, 0x20, 0x20, 0x20, 0x20, 0x20, 0x20, 0x20, 0x20, 0x20, 
0x20, 0x20, 0x62, 0x72, 0x65, 0x61, 0x6b, 0x3b, 0x0a, 0x00, 0x20, 0x20, 0x20, 0x20, 0x20, 0x20, 0x20, 0x20, 0x20, 0x20, 
0x20, 0x20, 0x20, 0x20, 0x20, 0x20, 0x20, 0x20, 0x20, 0x20, 0x20, 0x20, 0x20, 0x20, 0x20, 0x20, 0x20, 0x20, 0x20, 0x20, 
0x20, 0x20, 0x7d, 0x0a, 0x00, 0x20, 0x20, 0x20, 0x20, 0x20, 0x20, 0x20, 0x20, 0x65, 0x6c, 0x73, 0x65, 0x0a, 0x00, 0x2e, 
0x7a, 0x20, 0x3d, 0x20, 0x00, 0x73, 0x74, 0x72, 0x75, 0x63, 0x74, 0x20, 0x4d, 0x61, 0x74, 0x65, 0x72, 0x69, 0x61, 0x6c, 
0x50, 0x61, 0x72, 0x61, 0x6d, 0x73, 0x0a, 0x00, 0x20, 0x20, 0x20, 0x20, 0x66, 0x6c, 0x6f, 0x61, 0x74, 0x34, 0x78, 0x34, 
0x20, 0x74, 0x72, 0x61, 0x6e, 0x73, 0x66, 0x6f, 0x72, 0x6d, 0x3b, 0x0a, 0x00, 0x20, 0x20, 0x20, 0x20, 0x66, 0x6c, 0x6f, 
0x61, 0x74, 0x34, 0x20, 0x62, 0x61, 0x63, 0x6b, 0x67, 0x72, 0x6f, 0x75, 0x6e, 0x64, 0x43, 0x6f, 0x6c, 0x6f, 0x72, 0x3b, 
0x0a, 0x00, 0x20, 0x20, 0x20, 0x20, 0x69, 0x6e, 0x74, 0x20, 0x73, 0x68, 0x6f, 0x77, 0x49, 0x6d, 0x61, 0x67, 0x65, 0x3b, 
0x0a, 0x00, 0x20, 0x20, 0x20, 0x20, 0x69, 0x6e, 0x74, 0x20, 0x69, 0x73, 0x43, 0x75, 0x62, 0x65, 0x4d, 0x61, 0x70, 0x3b, 
0x0a, 0x00, 0x20, 0x20, 0x20, 0x20, 0x69, 0x6e, 0x74, 0x20, 0x63, 0x75, 0x62, 0x65, 0x4d, 0x61, 0x70, 0x46, 0x61, 0x63, 
0x65, 0x3b, 0x0a, 0x00, 0x20, 0x20, 0x20, 0x20, 0x66, 0x6c, 0x6f, 0x61, 0x74, 0x20, 0x64, 0x65, 0x70, 0x74, 0x68, 0x3b, 
0x0a, 0x00, 0x73, 0x74, 0x72, 0x75, 0x63, 0x74, 0x20, 0x4d, 0x61, 0x74, 0x65, 0x72, 0x69, 0x61, 0x6c, 0x50, 0x61, 0x72, 
0x61, 0x6d, 0x73, 0x3b, 0x0a, 0x00, 0x73, 0x74, 0x72, 0x75, 0x63, 0x74, 0x20, 0x73, 0x70, 0x76, 0x44, 0x65, 0x73, 0x63, 
0x72, 0x69, 0x70, 0x74, 0x6f, 0x72, 0x53, 0x65, 0x74, 0x42, 0x75, 0x66, 0x66, 0x65, 0x72, 0x32, 0x20, 0x7b, 0x0a, 0x00, 
0x63, 0x6f, 0x6e, 0x73, 0x74, 0x61, 0x6e, 0x74, 0x20, 0x4d, 0x61, 0x74, 0x65, 0x72, 0x69, 0x61, 0x6c, 0x50, 0x61, 0x72, 
0x61, 0x6d, 0x73, 0x2a, 0x20, 0x6d, 0x61, 0x74, 0x65, 0x72, 0x69, 0x61, 0x6c, 0x50, 0x61, 0x72, 0x61, 0x6d, 0x73, 0x20, 
0x5b, 0x5b, 0x69, 0x64, 0x28, 0x30, 0x29, 0x5d, 0x5d, 0x3b, 0x0a, 0x00, 0x74, 0x65, 0x78, 0x74, 0x75, 0x72, 0x65, 0x32, 
0x64, 0x3c, 0x66, 0x6c, 0x6f, 0x61, 0x74, 0x3e, 0x20, 0x6d, 0x61, 0x74, 0x65, 0x72, 0x69, 0x61, 0x6c, 0x50, 0x61, 0x72, 
0x61, 0x6d, 0x73, 0x5f, 0x69, 0x6d, 0x61, 0x67, 0x65, 0x20, 0x5b, 0x5b, 0x69, 0x64, 0x28, 0x32, 0x29, 0x5d, 0x5d, 0x3b, 
0x0a, 0x00, 0x73, 0x61, 0x6d, 0x70, 0x6c, 0x65, 0x72, 0x20, 0x6d, 0x61, 0x74, 0x65, 0x72, 0x69, 0x61, 0x6c, 0x50, 0x61, 
0x72, 0x61, 0x6d, 0x73, 0x5f, 0x69, 0x6d, 0x61, 0x67, 0x65, 0x53, 0x6d, 0x70, 0x6c, 0x72, 0x20, 0x5b, 0x5b, 0x69, 0x64, 
0x28, 0x33, 0x29, 0x5d, 0x5d, 0x3b, 0x0a, 0x00, 0x74, 0x65, 0x78, 0x74, 0x75, 0x72, 0x65, 0x63, 0x75, 0x62, 0x65, 0x3c, 
0x66, 0x6c, 0x6f, 0x61, 0x74, 0x3e, 0x20, 0x6d, 0x61, 0x74, 0x65, 0x72, 0x69, 0x61, 0x6c, 0x50, 0x61, 0x72, 0x61, 0x6d, 
0x73, 0x5f, 0x63, 0x75, 0x62, 0x65, 0x4d, 0x61, 0x70, 0x20, 0x5b, 0x5b, 0x69, 0x64, 0x28, 0x34, 0x29, 0x5d, 0x5d, 0x3b, 
0x0a, 0x00, 0x73, 0x61, 0x6d, 0x70, 0x6c, 0x65, 0x72, 0x20, 0x6d, 0x61, 0x74, 0x65, 0x72, 0x69, 0x61, 0x6c, 0x50, 0x61, 
0x72, 0x61, 0x6d, 0x73, 0x5f, 0x63, 0x75, 0x62, 0x65, 0x4d, 0x61, 0x70, 0x53, 0x6d, 0x70, 0x6c, 0x72, 0x20, 0x5b, 0x5b, 
0x69, 0x64, 0x28, 0x35, 0x29, 0x5d, 0x5d, 0x3b, 0x0a, 0x00, 0x20, 0x20, 0x20, 0x20, 0x66, 0x6c, 0x6f, 0x61, 0x74, 0x20, 
0x67, 0x6c, 0x5f, 0x46, 0x72, 0x61, 0x67, 0x44, 0x65, 0x70, 0x74, 0x68, 0x20, 0x5b, 0x5b, 0x64, 0x65, 0x70, 0x74, 0x68, 
0x28, 0x61, 0x6e, 0x79, 0x29, 0x5d, 0x5d, 0x3b, 0x0a, 0x00, 0x20, 0x20, 0x20, 0x20, 0x63, 0x6f, 0x6e, 0x73, 0x74, 0x61, 
0x6e, 0x74, 0x20, 0x61, 0x75, 0x74, 0x6f, 0x26, 0x20, 0x6d, 0x61, 0x74, 0x65, 0x72, 0x69, 0x61, 0x6c, 0x50, 0x61, 0x72, 
0x61, 0x6d, 0x73, 0x20, 0x3d, 0x20, 0x2a, 0x28, 0x63, 0x6f, 0x6e, 0x73, 0x74, 0x61, 0x6e, 0x74, 0x20, 0x4d, 0x61, 0x74, 
0x65, 0x72, 0x69, 0x61, 0x6c, 0x50, 0x61, 0x72, 0x61, 0x6d, 0x73, 0x2a, 0x20, 0x29, 0x28, 0x28, 0x63, 0x6f, 0x6e, 0x73, 
0x74, 0x61, 0x6e, 0x74, 0x20, 0x63, 0x68, 0x61, 0x72, 0x2a, 0x20, 0x29, 0x73, 0x70, 0x76, 0x44, 0x65, 0x73, 0x63, 0x72, 
0x69, 0x70, 0x74, 0x6f, 0x72, 0x53, 0x65, 0x74, 0x32, 0x2e, 0x6d, 0x61, 0x74, 0x65, 0x72, 0x69, 0x61, 0x6c, 0x50, 0x61, 
0x72, 0x61, 0x6d, 0x73, 0x20, 0x2b, 0x20, 0x73, 0x70, 0x76, 0x44, 0x79, 0x6e, 0x61, 0x6d, 0x69, 0x63, 0x4f, 0x66, 0x66, 
0x73, 0x65, 0x74, 0x73, 0x5b, 0x32, 0x5d, 0x29, 0x3b, 0x0a, 0x00, 0x2e, 0x79, 0x2c, 0x20, 0x00, 0x20, 0x20, 0x20, 0x20, 
0x20, 0x20, 0x20, 0x20, 0x68, 0x61, 0x6c, 0x66, 0x33, 0x20, 0x00, 0x20, 0x20, 0x20, 0x20, 0x6f, 0x75, 0x74, 0x2e, 0x67, 
0x6c, 0x5f, 0x46, 0x72, 0x61, 0x67, 0x44, 0x65, 0x70, 0x74, 0x68, 0x20, 0x3d, 0x20, 0x6d, 0x61, 0x74, 0x65, 0x72, 0x69, 
0x61, 0x6c, 0x50, 0x61, 0x72, 0x61, 0x6d, 0x73, 0x2e, 0x64, 0x65, 0x70, 0x74, 0x68, 0x3b, 0x0a, 0x00, 0x20, 0x20, 0x20, 
0x20, 0x20, 0x20, 0x20, 0x20, 0x68, 0x61, 0x6c, 0x66, 0x34, 0x20, 0x00, 0x2e, 0x79, 0x20, 0x3d, 0x20, 0x31, 0x2e, 0x30, 
0x20, 0x2d, 0x20, 0x00, 0x20, 0x3d, 0x20, 0x66, 0x61, 0x73, 0x74, 0x3a, 0x3a, 0x6e, 0x6f, 0x72, 0x6d, 0x61, 0x6c, 0x69, 
0x7a, 0x65, 0x28, 0x66, 0x6c, 0x6f, 0x61, 0x74, 0x33, 0x28, 0x00, 0x20, 0x20, 0x20, 0x20, 0x20, 0x20, 0x20, 0x20, 0x66, 
0x6c, 0x6f, 0x61, 0x74, 0x33, 0x20, 0x00, 0x20, 0x20, 0x20, 0x20, 0x20, 0x20, 0x20, 0x20, 0x66, 0x6c, 0x6f, 0x61, 0x74, 
0x20, 0x00, 0x20, 0x3d, 0x20, 0x7b, 0x7d, 0x3b, 0x0a, 0x00, 0x74, 0x65, 0x78, 0x74, 0x75, 0x72, 0x65, 0x32, 0x64, 0x3c, 
0x66, 0x6c, 0x6f, 0x61, 0x74, 0x3e, 0x20, 0x73, 0x61, 0x6d, 0x70, 0x6c, 0x65, 0x72, 0x30, 0x5f, 0x73, 0x74, 0x72, 0x75, 
0x63, 0x74, 0x75, 0x72, 0x65, 0x20, 0x5b, 0x5b, 0x69, 0x64, 0x28, 0x31, 0x30, 0x29, 0x5d, 0x5d, 0x3b, 0x0a, 0x00, 0x73, 
0x61, 0x6d, 0x70, 0x6c, 0x65, 0x72, 0x20, 0x73, 0x61, 0x6d, 0x70, 0x6c, 0x65, 0x72, 0x30, 0x5f, 0x73, 0x74, 0x72, 0x75, 
0x63, 0x74, 0x75, 0x72, 0x65, 0x53, 0x6d, 0x70, 0x6c, 0x72, 0x20, 0x5b, 0x5b, 0x69, 0x64, 0x28, 0x31, 0x31, 0x29, 0x5d, 
0x5d, 0x3b, 0x0a, 0x00, 0x20, 0x20, 0x20, 0x20, 0x66, 0x6c, 0x6f, 0x61, 0x74, 0x34, 0x20, 0x66, 0x72, 0x61, 0x67, 0x43, 
0x6f, 0x6c, 0x6f, 0x72, 0x20, 0x5b, 0x5b, 0x63, 0x6f, 0x6c, 0x6f, 0x72, 0x28, 0x30, 0x29, 0x5d, 0x5d, 0x3b, 0x0a, 0x00, 
0x66, 0x72, 0x61, 0x67, 0x6d, 0x65, 0x6e, 0x74, 0x20, 0x6d, 0x61, 0x69, 0x6e, 0x30, 0x5f, 0x6f, 0x75, 0x74, 0x20, 0x6d, 
0x61, 0x69, 0x6e, 0x30, 0x28, 0x6d, 0x61, 0x69, 0x6e, 0x30, 0x5f, 0x69, 0x6e, 0x20, 0x69, 0x6e, 0x20, 0x5b, 0x5b, 0x73, 
0x74, 0x61, 0x67, 0x65, 0x5f, 0x69, 0x6e, 0x5d, 0x5d, 0x2c, 0x20, 0x63, 0x6f, 0x6e, 0x73, 0x74, 0x61, 0x6e, 0x74, 0x20, 
0x73, 0x70, 0x76, 0x44, 0x65, 0x73, 0x63, 0x72, 0x69, 0x70, 0x74, 0x6f, 0x72, 0x53, 0x65, 0x74, 0x42, 0x75, 0x66, 0x66, 
0x65, 0x72, 0x30, 0x26, 0x20, 0x73, 0x70, 0x76, 0x44, 0x65, 0x73, 0x63, 0x72, 0x69, 0x70, 0x74, 0x6f, 0x72, 0x53, 0x65, 
0x74, 0x30, 0x20, 0x5b, 0x5b, 0x62, 0x75, 0x66, 0x66, 0x65, 0x72, 0x28, 0x32, 0x31, 0x29, 0x5d, 0x5d, 0x2c, 0x20, 0x63, 
0x6f, 0x6e, 0x73, 0x74, 0x61, 0x6e, 0x74, 0x20, 0x73, 0x70, 0x76, 0x44, 0x65, 0x73, 0x63, 0x72, 0x69, 0x70, 0x74, 0x6f, 
0x72, 0x53, 0x65, 0x74, 0x42, 0x75, 0x66, 0x66, 0x65, 0x72, 0x32, 0x26, 0x20, 0x73, 0x70, 0x76, 0x44, 0x65, 0x73, 0x63, 
0x72, 0x69, 0x70, 0x74, 0x6f, 0x72, 0x53, 0x65, 0x74, 0x32, 0x20, 0x5b, 0x5b, 0x62, 0x75, 0x66, 0x66, 0x65, 0x72, 0x28, 
0x32, 0x33, 0x29, 0x5d, 0x5d, 0x2c, 0x20, 0x63, 0x6f, 0x6e, 0x73, 0x74, 0x61, 0x6e, 0x74, 0x20, 0x75, 0x69, 0x6e, 0x74, 
0x2a, 0x20, 0x73, 0x70, 0x76, 0x44, 0x79, 0x6e, 0x61, 0x6d, 0x69, 0x63, 0x4f, 0x66, 0x66, 0x73, 0x65, 0x74, 0x73, 0x20, 
0x5b, 0x5b, 0x62, 0x75, 0x66, 0x66, 0x65, 0x72, 0x28, 0x32, 0x35, 0x29, 0x5d, 0x5d, 0x29, 0x0a, 0x00, 0x20, 0x3d, 0x20, 
0x6d, 0x61, 0x74, 0x65, 0x72, 0x69, 0x61, 0x6c, 0x50, 0x61, 0x72, 0x61, 0x6d, 0x73, 0x2e, 0x74, 0x72, 0x61, 0x6e, 0x73, 
0x66, 0x6f, 0x72, 0x6d, 0x20, 0x2a, 0x20, 0x66, 0x6c, 0x6f, 0x61, 0x74, 0x34, 0x28, 0x66, 0x61, 0x73, 0x74, 0x3a, 0x3a, 
0x63, 0x6c, 0x61, 0x6d, 0x70, 0x28, 0x69, 0x6e, 0x2e, 0x76, 0x61, 0x72, 0x69, 0x61, 0x62, 0x6c, 0x65, 0x5f, 0x69, 0x6d, 
0x61, 0x67, 0x65, 0x55, 0x56, 0x2e, 0x78, 0x79, 0x2c, 0x20, 0x66, 0x6c, 0x6f, 0x61, 0x74, 0x32, 0x28, 0x30, 0x2e, 0x30, 
0x29, 0x2c, 0x20, 0x66, 0x6c, 0x6f, 0x61, 0x74, 0x32, 0x28, 0x31, 0x2e, 0x30, 0x29, 0x29, 0x2c, 0x20, 0x31, 0x2e, 0x30, 
0x2c, 0x20, 0x31, 0x2e, 0x30, 0x29, 0x3b, 0x0a, 0x00, 0x2e, 0x78, 0x79, 0x3b, 0x0a, 0x00, 0x20, 0x3d, 0x20, 0x6d, 0x61, 
0x74, 0x65, 0x72, 0x69, 0x61, 0x6c, 0x50, 0x61, 0x72, 0x61, 0x6d, 0x73, 0x2e, 0x73, 0x68, 0x6f, 0x77, 0x49, 0x6d, 0x61, 
0x67, 0x65, 0x20, 0x3d, 0x3d, 0x20, 0x30, 0x3b, 0x0a, 0x00, 0x2e, 0x78, 0x20, 0x3e, 0x20, 0x31, 0x2e, 0x30, 0x3b, 0x0a, 
0x00, 0x2e, 0x78, 0x20, 0x3c, 0x20, 0x30, 0x2e, 0x30, 0x3b, 0x0a, 0x00, 0x2e, 0x79, 0x20, 0x3c, 0x20, 0x30, 0x2e, 0x30, 
0x3b, 0x0a, 0x00, 0x2e, 0x79, 0x20, 0x3e, 0x20, 0x31, 0x2e, 0x30, 0x3b, 0x0a, 0x00, 0x20, 0x20, 0x20, 0x20, 0x69, 0x66, 
0x20, 0x28, 0x00, 0x20, 0x20, 0x20, 0x20, 0x20, 0x20, 0x20, 0x20, 0x69, 0x66, 0x20, 0x28, 0x6d, 0x61, 0x74, 0x65, 0x72, 
0x69, 0x61, 0x6c, 0x50, 0x61, 0x72, 0x61, 0x6d, 0x73, 0x2e, 0x69, 0x73, 0x43, 0x75, 0x62, 0x65, 0x4d, 0x61, 0x70, 0x20, 
0x21, 0x3d, 0x20, 0x30, 0x29, 0x0a, 0x00, 0x20, 0x20, 0x20, 0x20, 0x20, 0x20, 0x20, 0x20, 0x20, 0x20, 0x20, 0x20, 0x64, 
0x6f, 0x0a, 0x00, 0x20, 0x20, 0x20, 0x20, 0x20, 0x20, 0x20, 0x20, 0x20, 0x20, 0x20, 0x20, 0x7b, 0x0a, 0x00, 0x20, 0x20, 
0x20, 0x20, 0x20, 0x20, 0x20, 0x20, 0x20, 0x20, 0x20, 0x20, 0x20, 0x20, 0x20, 0x20, 0x69, 0x66, 0x20, 0x28, 0x6d, 0x61, 
0x74, 0x65, 0x72, 0x69, 0x61, 0x6c, 0x50, 0x61, 0x72, 0x61, 0x6d, 0x73, 0x2e, 0x63, 0x75, 0x62, 0x65, 0x4d, 0x61, 0x70, 
0x46, 0x61, 0x63, 0x65, 0x20, 0x3d, 0x3d, 0x20, 0x30, 0x29, 0x0a, 0x00, 0x20, 0x20, 0x20, 0x20, 0x20, 0x20, 0x20, 0x20, 
0x20, 0x20, 0x20, 0x20, 0x20, 0x20, 0x20, 0x20, 0x20, 0x20, 0x20, 0x20, 0x00, 0x2e, 0x79, 0x2c, 0x20, 0x2d, 0x00, 0x20, 
0x20, 0x20, 0x20, 0x20, 0x20, 0x20, 0x20, 0x20, 0x20, 0x20, 0x20, 0x20, 0x20, 0x20, 0x20, 0x20, 0x20, 0x20, 0x20, 0x62, 
0x72, 0x65, 0x61, 0x6b, 0x3b, 0x0a, 0x00, 0x20, 0x20, 0x20, 0x20, 0x20, 0x20, 0x20, 0x20, 0x20, 0x20, 0x20, 0x20, 0x20, 
0x20, 0x20, 0x20, 0x65, 0x6c, 0x73, 0x65, 0x0a, 0x00, 0x20, 0x20, 0x20, 0x20, 0x20, 0x20, 0x20, 0x20, 0x20, 0x20, 0x20, 
0x20, 0x20, 0x20, 0x20, 0x20, 0x20, 0x20, 0x20, 0x20, 0x69, 0x66, 0x20, 0x28, 0x6d, 0x61, 0x74, 0x65, 0x72, 0x69, 0x61, 
0x6c, 0x50, 0x61, 0x72, 0x61, 0x6d, 0x73, 0x2e, 0x63, 0x75, 0x62, 0x65, 0x4d, 0x61, 0x70, 0x46, 0x61, 0x63, 0x65, 0x20, 
0x3d, 0x3d, 0x20, 0x31, 0x29, 0x0a, 0x00, 0x20, 0x20, 0x20, 0x20, 0x20, 0x20, 0x20, 0x20, 0x20, 0x20, 0x20, 0x20, 0x20, 
0x20, 0x20, 0x20, 0x20, 0x20, 0x20, 0x20, 0x20, 0x20, 0x20, 0x20, 0x00, 0x20, 0x20, 0x20, 0x20, 0x20, 0x20, 0x20, 0x20, 
0x20, 0x20, 0x20, 0x20, 0x20, 0x20, 0x20, 0x20, 0x20, 0x20, 0x20, 0x20, 0x20, 0x20, 0x20, 0x20, 0x62, 0x72, 0x65, 0x61, 
0x6b, 0x3b, 0x0a, 0x00, 0x20, 0x20, 0x20, 0x20, 0x20, 0x20, 0x20, 0x20, 0x20, 0x20, 0x20, 0x20, 0x20, 0x20, 0x20, 0x20, 
0x20, 0x20, 0x20, 0x20, 0x65, 0x6c, 0x73, 0x65, 0x0a, 0x00, 0x20, 0x20, 0x20, 0x20, 0x20, 0x20, 0x20, 0x20, 0x20, 0x20, 
0x20, 0x20, 0x20, 0x20, 0x20, 0x20, 0x20, 0x20, 0x20, 0x20, 0x20, 0x20, 0x20, 0x20, 0x69, 0x66, 0x20, 0x28, 0x6d, 0x61, 
0x74, 0x65, 0x72, 0x69, 0x61, 0x6c, 0x50, 0x61, 0x72, 0x61, 0x6d, 0x73, 0x2e, 0x63, 0x75, 0x62, 0x65, 0x4d, 0x61, 0x70, 
0x46, 0x61, 0x63, 0x65, 0x20, 0x3d, 0x3d, 0x20, 0x32, 0x29, 0x0a, 0x00, 0x20, 0x20, 0x20, 0x20, 0x20, 0x20, 0x20, 0x20, 
0x20, 0x20, 0x20, 0x20, 0x20, 0x20, 0x20, 0x20, 0x20, 0x20, 0x20, 0x20, 0x20, 0x20, 0x20, 0x20, 0x20, 0x20, 0x20, 0x20, 
0x00, 0x20, 0x20, 0x20, 0x20, 0x20, 0x20, 0x20, 0x20, 0x20, 0x20, 0x20, 0x20, 0x20, 0x20, 0x20, 0x20, 0x20, 0x20, 0x20, 
0x20, 0x20, 0x20, 0x20, 0x20, 0x20, 0x20, 0x20, 0x20, 0x62, 0x72, 0x65, 0x61, 0x6b, 0x3b, 0x0a, 0x00, 0x20, 0x20, 0x20, 
0x20, 0x20, 0x20, 0x20, 0x20, 0x20, 0x20, 0x20, 0x20, 0x20, 0x20, 0x20, 0x20, 0x20, 0x20, 0x20, 0x20, 0x20, 0x20, 0x20, 
0x20, 0x65, 0x6c, 0x73, 0x65, 0x0a, 0x00, 0x20, 0x20, 0x20, 0x20, 0x20, 0x20, 0x20, 0x20, 0x20, 0x20, 0x20, 0x20, 0x20, 
0x20, 0x20, 0x20, 0x20, 0x20, 0x20, 0x20, 0x20, 0x20, 0x20, 0x20, 0x20, 0x20, 0x20, 0x20, 0x69, 0x66, 0x20, 0x28, 0x6d, 
0x61, 0x74, 0x65, 0x72, 0x69, 0x61, 0x6c, 0x50, 0x61, 0x72, 0x61, 0x6d, 0x73, 0x2e, 0x63, 0x75, 0x62, 0x65, 0x4d, 0x61, 
0x70, 0x46, 0x61, 0x63, 0x65, 0x20, 0x3d, 0x3d, 0x20, 0x33, 0x29, 0x0a, 0x00, 0x20, 0x20, 0x20, 0x20, 0x20, 0x20, 0x20, 
0x20, 0x20, 0x20, 0x20, 0x20, 0x20, 0x20, 0x20, 0x20, 0x20, 0x20, 0x20, 0x20, 0x20, 0x20, 0x20, 0x20, 0x20, 0x20, 0x20, 
0x20, 0x20, 0x20, 0x20, 0x20, 0x00, 0x20, 0x20, 0x20, 0x20, 0x20, 0x20, 0x20, 0x20, 0x20, 0x20, 0x20, 0x20, 0x20, 0x20, 
0x20, 0x20, 0x20, 0x20, 0x20, 0x20, 0x20, 0x20, 0x20, 0x20, 0x20, 0x20, 0x20, 0x20, 0x20, 0x20, 0x20, 0x20, 0x62, 0x72, 
0x65, 0x61, 0x6b, 0x3b, 0x0a, 0x00, 0x20, 0x20, 0x20, 0x20, 0x20, 0x20, 0x20, 0x20, 0x20, 0x20, 0x20, 0x20, 0x20, 0x20, 
0x20, 0x20, 0x20, 0x20, 0x20, 0x20, 0x20, 0x20, 0x20, 0x20, 0x20, 0x20, 0x20, 0x20, 0x65, 0x6c, 0x73, 0x65, 0x0a, 0x00, 
0x20, 0x20, 0x20, 0x20, 0x20, 0x20, 0x20, 0x20, 0x20, 0x20, 0x20, 0x20, 0x20, 0x20, 0x20, 0x20, 0x20, 0x20, 0x20, 0x20, 
0x20, 0x20, 0x20, 0x20, 0x20, 0x20, 0x20, 0x20, 0x20, 0x20, 0x20, 0x20, 0x69, 0x66, 0x20, 0x28, 0x6d, 0x61, 0x74, 0x65, 
0x72, 0x69, 0x61, 0x6c, 0x50, 0x61, 0x72, 0x61, 0x6d, 0x73, 0x2e, 0x63, 0x75, 0x62, 0x65, 0x4d, 0x61, 0x70, 0x46, 0x61, 
0x63, 0x65, 0x20, 0x3d, 0x3d, 0x20, 0x34, 0x29, 0x0a, 0x00, 0x20, 0x20, 0x20, 0x20, 0x20, 0x20, 0x20, 0x20, 0x20, 0x20, 
0x20, 0x20, 0x20, 0x20, 0x20, 0x20, 0x20, 0x20, 0x20, 0x20, 0x20, 0x20, 0x20, 0x20, 0x20, 0x20, 0x20, 0x20, 0x20, 0x20, 
0x20, 0x20, 0x65, 0x6c, 0x73, 0x65, 0x0a, 0x00, 0x20, 0x20, 0x20, 0x20, 0x20, 0x20, 0x20, 0x20, 0x20, 0x20, 0x20, 0x20, 
0x20, 0x20, 0x20, 0x20, 0x20, 0x20, 0x20, 0x20, 0x20, 0x20, 0x20, 0x20, 0x20, 0x20, 0x20, 0x20, 0x20, 0x20, 0x20, 0x20, 
0x62, 0x72, 0x65, 0x61, 0x6b, 0x3b, 0x20, 0x2f, 0x2f, 0x20, 0x75, 0x6e, 0x72, 0x65, 0x61, 0x63, 0x68, 0x61, 0x62, 0x6c, 
0x65, 0x20, 0x77, 0x6f, 0x72, 0x6b, 0x61, 0x72, 0x6f, 0x75, 0x6e, 0x64, 0x0a, 0x00, 0x20, 0x20, 0x20, 0x20, 0x20, 0x20, 
0x20, 0x20, 0x20, 0x20, 0x20, 0x20, 0x20, 0x20, 0x20, 0x20, 0x20, 0x20, 0x20, 0x20, 0x20, 0x20, 0x20, 0x20, 0x20, 0x20, 
0x20, 0x20, 0x62, 0x72, 0x65, 0x61, 0x6b, 0x3b, 0x20, 0x2f, 0x2f, 0x20, 0x75, 0x6e, 0x72, 0x65, 0x61, 0x63, 0x68, 0x61, 
0x62, 0x6c, 0x65, 0x20, 0x77, 0x6f, 0x72, 0x6b, 0x61, 0x72, 0x6f, 0x75, 0x6e, 0x64, 0x0a, 0x00, 0x20, 0x20, 0x20, 0x20, 
0x20, 0x20, 0x20, 0x20, 0x20, 0x20, 0x20, 0x20, 0x20, 0x20, 0x20, 0x20, 0x20, 0x20, 0x20, 0x20, 0x20, 0x20, 0x20, 0x20, 
0x62, 0x72, 0x65, 0x61, 0x6b, 0x3b, 0x20, 0x2f, 0x2f, 0x20, 0x75, 0x6e, 0x72, 0x65, 0x61, 0x63, 0x68, 0x61, 0x62, 0x6c, 
0x65, 0x20, 0x77, 0x6f, 0x72, 0x6b, 0x61, 0x72, 0x6f, 0x75, 0x6e, 0x64, 0x0a, 0x00, 0x20, 0x20, 0x20, 0x20, 0x20, 0x20, 
0x20, 0x20, 0x20, 0x20, 0x20, 0x20, 0x20, 0x20, 0x20, 0x20, 0x20, 0x20, 0x20, 0x20, 0x62, 0x72, 0x65, 0x61, 0x6b, 0x3b, 
0x20, 0x2f, 0x2f, 0x20, 0x75, 0x6e, 0x72, 0x65, 0x61, 0x63, 0x68, 0x61, 0x62, 0x6c, 0x65, 0x20, 0x77, 0x6f, 0x72, 0x6b, 
0x61, 0x72, 0x6f, 0x75, 0x6e, 0x64, 0x0a, 0x00, 0x20, 0x20, 0x20, 0x20, 0x20, 0x20, 0x20, 0x20, 0x20, 0x20, 0x20, 0x20, 
0x20, 0x20, 0x20, 0x20, 0x62, 0x72, 0x65, 0x61, 0x6b, 0x3b, 0x20, 0x2f, 0x2f, 0x20, 0x75, 0x6e, 0x72, 0x65, 0x61, 0x63, 
0x68, 0x61, 0x62, 0x6c, 0x65, 0x20, 0x77, 0x6f, 0x72, 0x6b, 0x61, 0x72, 0x6f, 0x75, 0x6e, 0x64, 0x0a, 0x00, 0x20, 0x20, 
0x20, 0x20, 0x20, 0x20, 0x20, 0x20, 0x20, 0x20, 0x20, 0x20, 0x7d, 0x20, 0x77, 0x68, 0x69, 0x6c, 0x65, 0x28, 0x66, 0x61, 
0x6c, 0x73, 0x65, 0x29, 0x3b, 0x0a, 0x00, 0x2e, 0x78, 0x79, 0x7a, 0x20, 0x2a, 0x20, 0x00, 0x20, 0x20, 0x20, 0x20, 0x20, 
0x20, 0x20, 0x20, 0x20, 0x20, 0x20, 0x20, 0x66, 0x6c, 0x6f, 0x61, 0x74, 0x32, 0x20, 0x00, 0x2c, 0x20, 0x62, 0x69, 0x61, 
0x73, 0x28, 0x28, 0x2a, 0x73, 0x70, 0x76, 0x44, 0x65, 0x73, 0x63, 0x72, 0x69, 0x70, 0x74, 0x6f, 0x72, 0x53, 0x65, 0x74, 
0x30, 0x2e, 0x66, 0x72, 0x61, 0x6d, 0x65, 0x55, 0x6e, 0x69, 0x66, 0x6f, 0x72, 0x6d, 0x73, 0x29, 0x2e, 0x6c, 0x6f, 0x64, 
0x42, 0x69, 0x61, 0x73, 0x29, 0x29, 0x2c, 0x20, 0x66, 0x6c, 0x6f, 0x61, 0x74, 0x34, 0x28, 0x30, 0x2e, 0x30, 0x29, 0x29, 
0x3b, 0x0a, 0x00, 0x20, 0x20, 0x20, 0x20, 0x20, 0x20, 0x20, 0x20, 0x20, 0x20, 0x20, 0x20, 0x68, 0x61, 0x6c, 0x66, 0x32, 
0x20, 0x00, 0x2c, 0x20, 0x00, 0x73, 0x74, 0x72, 0x75, 0x63, 0x74, 0x20, 0x4c, 0x69, 0x67, 0x68, 0x74, 0x73, 0x55, 0x6e, 
0x69, 0x66, 0x6f, 0x72, 0x6d, 0x73, 0x3b, 0x0a, 0x00, 0x73, 0x74, 0x72, 0x75, 0x63, 0x74, 0x20, 0x46, 0x72, 0x6f, 0x78, 
0x65, 0x6c, 0x52, 0x65, 0x63, 0x6f, 0x72, 0x64, 0x55, 0x6e, 0x69, 0x66, 0x6f, 0x72, 0x6d, 0x73, 0x3b, 0x0a, 0x00, 0x73, 
0x74, 0x72, 0x75, 0x63, 0x74, 0x20, 0x46, 0x72, 0x6f, 0x78, 0x65, 0x6c, 0x73, 0x55, 0x6e, 0x69, 0x66, 0x6f, 0x72, 0x6d, 
0x73, 0x3b, 0x0a, 0x00, 0x63, 0x6f, 0x6e, 0x73, 0x74, 0x61, 0x6e, 0x74, 0x20, 0x4c, 0x69, 0x67, 0x68, 0x74, 0x73, 0x55, 
0x6e, 0x69, 0x66, 0x6f, 0x72, 0x6d, 0x73, 0x2a, 0x20, 0x6c, 0x69, 0x67, 0x68, 0x74, 0x73, 0x55, 0x6e, 0x69, 0x66, 0x6f, 
0x72, 0x6d, 0x73, 0x20, 0x5b, 0x5b, 0x69, 0x64, 0x28, 0x34, 0x29, 0x5d, 0x5d, 0x3b, 0x0a, 0x00, 0x63, 0x6f, 0x6e, 0x73, 
0x74, 0x61, 0x6e, 0x74, 0x20, 0x46, 0x72, 0x6f, 0x78, 0x65, 0x6c, 0x52, 0x65, 0x63, 0x6f, 0x72, 0x64, 0x55, 0x6e, 0x69, 
0x66, 0x6f, 0x72, 0x6d, 0x73, 0x2a, 0x20, 0x66, 0x72, 0x6f, 0x78, 0x65, 0x6c, 0x52, 0x65, 0x63, 0x6f, 0x72, 0x64, 0x55, 
0x6e, 0x69, 0x66, 0x6f, 0x72, 0x6d, 0x73, 0x20, 0x5b, 0x5b, 0x69, 0x64, 0x28, 0x36, 0x29, 0x5d, 0x5d, 0x3b, 0x0a, 0x00, 
0x63, 0x6f, 0x6e, 0x73, 0x74, 0x61, 0x6e, 0x74, 0x20, 0x46, 0x72, 0x6f, 0x78, 0x65, 0x6c, 0x73, 0x55, 0x6e, 0x69, 0x66, 
0x6f, 0x72, 0x6d, 0x73, 0x2a, 0x20, 0x66, 0x72, 0x6f, 0x78, 0x65, 0x6c, 0x73, 0x55, 0x6e, 0x69, 0x66, 0x6f, 0x72, 0x6d, 
0x73, 0x20, 0x5b, 0x5b, 0x69, 0x64, 0x28, 0x38, 0x29, 0x5d, 0x5d, 0x3b, 0x0a, 0x00, 0x74, 0x65, 0x78, 0x74, 0x75, 0x72, 
0x65, 0x32, 0x64, 0x5f, 0x61, 0x72, 0x72, 0x61, 0x79, 0x3c, 0x66, 0x6c, 0x6f, 0x61, 0x74, 0x3e, 0x20, 0x73, 0x61, 0x6d, 
0x70, 0x6c, 0x65, 0x72, 0x30, 0x5f, 0x73, 0x68, 0x61, 0x64, 0x6f, 0x77, 0x4d, 0x61, 0x70, 0x20, 0x5b, 0x5b, 0x69, 0x64, 
0x28, 0x31, 0x32, 0x29, 0x5d, 0x5d, 0x3b, 0x0a, 0x00, 0x73, 0x61, 0x6d, 0x70, 0x6c, 0x65, 0x72, 0x20, 0x73, 0x61, 0x6d, 
0x70, 0x6c, 0x65, 0x72, 0x30, 0x5f, 0x73, 0x68, 0x61, 0x64, 0x6f, 0x77, 0x4d, 0x61, 0x70, 0x53, 0x6d, 0x70, 0x6c, 0x72, 
0x20, 0x5b, 0x5b, 0x69, 0x64, 0x28, 0x31, 0x33, 0x29, 0x5d, 0x5d, 0x3b, 0x0a, 0x00, 0x74, 0x65, 0x78, 0x74, 0x75, 0x72, 
0x65, 0x32, 0x64, 0x5f, 0x61, 0x72, 0x72, 0x61, 0x79, 0x3c, 0x66, 0x6c, 0x6f, 0x61, 0x74, 0x3e, 0x20, 0x73, 0x61, 0x6d, 
0x70, 0x6c, 0x65, 0x72, 0x30, 0x5f, 0x73, 0x73, 0x61, 0x6f, 0x20, 0x5b, 0x5b, 0x69, 0x64, 0x28, 0x31, 0x38, 0x29, 0x5d, 
0x5d, 0x3b, 0x0a, 0x00, 0x73, 0x61, 0x6d, 0x70, 0x6c, 0x65, 0x72, 0x20, 0x73, 0x61, 0x6d, 0x70, 0x6c, 0x65, 0x72, 0x30, 
0x5f, 0x73, 0x73, 0x61, 0x6f, 0x53, 0x6d, 0x70, 0x6c, 0x72, 0x20, 0x5b, 0x5b, 0x69, 0x64, 0x28, 0x31, 0x39, 0x29, 0x5d, 
0x5d, 0x3b, 0x0a, 0x00, 0x74, 0x65, 0x78, 0x74, 0x75, 0x72, 0x65, 0x63, 0x75, 0x62, 0x65, 0x3c, 0x66, 0x6c, 0x6f, 0x61, 
0x74, 0x3e, 0x20, 0x73, 0x61, 0x6d, 0x70, 0x6c, 0x65, 0x72, 0x30, 0x5f, 0x66, 0x6f, 0x67, 0x20, 0x5b, 0x5b, 0x69, 0x64, 
0x28, 0x32, 0x32, 0x29, 0x5d, 0x5d, 0x3b, 0x0a, 0x00, 0x73, 0x61, 0x6d, 0x70, 0x6c, 0x65, 0x72, 0x20, 0x73, 0x61, 0x6d, 
0x70, 0x6c, 0x65, 0x72, 0x30, 0x5f, 0x66, 0x6f, 0x67, 0x53, 0x6d, 0x70, 0x6c, 0x72, 0x20, 0x5b, 0x5b, 0x69, 0x64, 0x28, 
0x32, 0x33, 0x29, 0x5d, 0x5d, 0x3b, 0x0a, 0x00, 0x20, 0x20, 0x20, 0x20, 0x68, 0x61, 0x6c, 0x66, 0x34, 0x20, 0x00, 0x20, 
0x3d, 0x20, 0x68, 0x61, 0x6c, 0x66, 0x28, 0x31, 0x2e, 0x30, 0x29, 0x3b, 0x0a, 0x00, 0x20, 0x20, 0x20, 0x20, 0x20, 0x20, 
0x20, 0x20, 0x69, 0x66, 0x20, 0x28, 0x00, 0x20, 0x20, 0x20, 0x20, 0x20, 0x20, 0x20, 0x20, 0x20, 0x20, 0x20, 0x20, 0x62, 
0x72, 0x65, 0x61, 0x6b, 0x3b, 0x0a, 0x00, 0x20, 0x2a, 0x20, 0x66, 0x61, 0x73, 0x74, 0x3a, 0x3a, 0x6d, 0x61, 0x78, 0x28, 
0x00, 0x63, 0x6f, 0x6e, 0x73, 0x74, 0x61, 0x6e, 0x74, 0x20, 0x68, 0x61, 0x6c, 0x66, 0x34, 0x20, 0x00, 0x20, 0x3d, 0x20, 
0x68, 0x61, 0x6c, 0x66, 0x34, 0x28, 0x6d, 0x61, 0x74, 0x65, 0x72, 0x69, 0x61, 0x6c, 0x50, 0x61, 0x72, 0x61, 0x6d, 0x73, 
0x2e, 0x62, 0x61, 0x63, 0x6b, 0x67, 0x72, 0x6f, 0x75, 0x6e, 0x64, 0x43, 0x6f, 0x6c, 0x6f, 0x72, 0x29, 0x3b, 0x0a, 0x00, 
0x20, 0x20, 0x20, 0x20, 0x20, 0x20, 0x20, 0x20, 0x20, 0x20, 0x20, 0x20, 0x68, 0x61, 0x6c, 0x66, 0x20, 0x00, 0x20, 0x3d, 
0x20, 0x68, 0x61, 0x6c, 0x66, 0x32, 0x28, 0x00, 0x20, 0x2d, 0x20, 0x68, 0x61, 0x6c, 0x66, 0x34, 0x28, 0x00, 0x29, 0x2e, 
0x79, 0x3b, 0x0a, 0x00, 0x20, 0x20, 0x20, 0x20, 0x20, 0x20, 0x20, 0x20, 0x20, 0x20, 0x20, 0x20, 0x68, 0x61, 0x6c, 0x66, 
0x33, 0x20, 0x00, 0x20, 0x20, 0x20, 0x20, 0x20, 0x20, 0x20, 0x20, 0x20, 0x20, 0x20, 0x20, 0x20, 0x20, 0x20, 0x20, 0x68, 
0x61, 0x6c, 0x66, 0x32, 0x20, 0x00, 0x20, 0x2a, 0x20, 0x68, 0x61, 0x6c, 0x66, 0x28, 0x32, 0x2e, 0x30, 0x29, 0x29, 0x20, 
0x2d, 0x20, 0x68, 0x61, 0x6c, 0x66, 0x32, 0x28, 0x66, 0x6c, 0x6f, 0x61, 0x74, 0x32, 0x28, 0x31, 0x2e, 0x30, 0x29, 0x29, 
0x3b, 0x0a, 0x00, 0x2c, 0x20, 0x2d, 0x00, 0x20, 0x3d, 0x20, 0x6e, 0x6f, 0x72, 0x6d, 0x61, 0x6c, 0x69, 0x7a, 0x65, 0x28, 
0x68, 0x61, 0x6c, 0x66, 0x33, 0x28, 0x68, 0x61, 0x6c, 0x66, 0x28, 0x2d, 0x31, 0x2e, 0x30, 0x29, 0x2c, 0x20, 0x2d, 0x00, 
0x2e, 0x78, 0x2c, 0x20, 0x00, 0x2e, 0x78, 0x2c, 0x20, 0x68, 0x61, 0x6c, 0x66, 0x28, 0x2d, 0x31, 0x2e, 0x30, 0x29, 0x2c, 
0x20, 0x2d, 0x00, 0x29, 0x29, 0x3b, 0x0a, 0x00, 0x20, 0x3d, 0x20, 0x6e, 0x6f, 0x72, 0x6d, 0x61, 0x6c, 0x69, 0x7a, 0x65, 
0x28, 0x68, 0x61, 0x6c, 0x66, 0x33, 0x28, 0x2d, 0x00, 0x2e, 0x79, 0x2c, 0x20, 0x68, 0x61, 0x6c, 0x66, 0x28, 0x2d, 0x31, 
0x2e, 0x30, 0x29, 0x29, 0x29, 0x3b, 0x0a, 0x00, 0x20, 0x3d, 0x20, 0x6d, 0x61, 0x78, 0x28, 0x68, 0x61, 0x6c, 0x66, 0x34, 
0x28, 0x73, 0x70, 0x76, 0x44, 0x65, 0x73, 0x63, 0x72, 0x69, 0x70, 0x74, 0x6f, 0x72, 0x53, 0x65, 0x74, 0x32, 0x2e, 0x6d, 
0x61, 0x74, 0x65, 0x72, 0x69, 0x61, 0x6c, 0x50, 0x61, 0x72, 0x61, 0x6d, 0x73, 0x5f, 0x63, 0x75, 0x62, 0x65, 0x4d, 0x61, 
0x70, 0x2e, 0x73, 0x61, 0x6d, 0x70, 0x6c, 0x65, 0x28, 0x73, 0x70, 0x76, 0x44, 0x65, 0x73, 0x63, 0x72, 0x69, 0x70, 0x74, 
0x6f, 0x72, 0x53, 0x65, 0x74, 0x32, 0x2e, 0x6d, 0x61, 0x74, 0x65, 0x72, 0x69, 0x61, 0x6c, 0x50, 0x61, 0x72, 0x61, 0x6d, 
0x73, 0x5f, 0x63, 0x75, 0x62, 0x65, 0x4d, 0x61, 0x70, 0x53, 0x6d, 0x70, 0x6c, 0x72, 0x2c, 0x20, 0x66, 0x6c, 0x6f, 0x61, 
0x74, 0x33, 0x28, 0x00, 0x29, 0x2c, 0x20, 0x62, 0x69, 0x61, 0x73, 0x28, 0x28, 0x2a, 0x73, 0x70, 0x76, 0x44, 0x65, 0x73, 
0x63, 0x72, 0x69, 0x70, 0x74, 0x6f, 0x72, 0x53, 0x65, 0x74, 0x30, 0x2e, 0x66, 0x72, 0x61, 0x6d, 0x65, 0x55, 0x6e, 0x69, 
0x66, 0x6f, 0x72, 0x6d, 0x73, 0x29, 0x2e, 0x6c, 0x6f, 0x64, 0x42, 0x69, 0x61, 0x73, 0x29, 0x29, 0x29, 0x2c, 0x20, 0x68, 
0x61, 0x6c, 0x66, 0x34, 0x28, 0x66, 0x6c, 0x6f, 0x61, 0x74, 0x34, 0x28, 0x30, 0x2e, 0x30, 0x29, 0x29, 0x29, 0x3b, 0x0a, 
0x00, 0x20, 0x3d, 0x20, 0x6d, 0x61, 0x78, 0x28, 0x68, 0x61, 0x6c, 0x66, 0x34, 0x28, 0x73, 0x70, 0x76, 0x44, 0x65, 0x73, 
0x63, 0x72, 0x69, 0x70, 0x74, 0x6f, 0x72, 0x53, 0x65, 0x74, 0x32, 0x2e, 0x6d, 0x61, 0x74, 0x65, 0x72, 0x69, 0x61, 0x6c, 
0x50, 0x61, 0x72, 0x61, 0x6d, 0x73, 0x5f, 0x69, 0x6d, 0x61, 0x67, 0x65, 0x2e, 0x73, 0x61, 0x6d, 0x70, 0x6c, 0x65, 0x28, 
0x73, 0x70, 0x76, 0x44, 0x65, 0x73, 0x63, 0x72, 0x69, 0x70, 0x74, 0x6f, 0x72, 0x53, 0x65, 0x74, 0x32, 0x2e, 0x6d, 0x61, 
0x74, 0x65, 0x72, 0x69, 0x61, 0x6c, 0x50, 0x61, 0x72, 0x61, 0x6d, 0x73, 0x5f, 0x69, 0x6d, 0x61, 0x67, 0x65, 0x53, 0x6d, 
0x70, 0x6c, 0x72, 0x2c, 0x20, 0x00, 0x2c, 0x20, 0x62, 0x69, 0x61, 0x73, 0x28, 0x28, 0x2a, 0x73, 0x70, 0x76, 0x44, 0x65, 
0x73, 0x63, 0x72, 0x69, 0x70, 0x74, 0x6f, 0x72, 0x53, 0x65, 0x74, 0x30, 0x2e, 0x66, 0x72, 0x61, 0x6d, 0x65, 0x55, 0x6e, 
0x69, 0x66, 0x6f, 0x72, 0x6d, 0x73, 0x29, 0x2e, 0x6c, 0x6f, 0x64, 0x42, 0x69, 0x61, 0x73, 0x29, 0x29, 0x29, 0x2c, 0x20, 
0x68, 0x61, 0x6c, 0x66, 0x34, 0x28, 0x66, 0x6c, 0x6f, 0x61, 0x74, 0x34, 0x28, 0x30, 0x2e, 0x30, 0x29, 0x29, 0x29, 0x3b, 
0x0a, 0x00, 0x2e, 0x78, 0x79, 0x7a, 0x20, 0x2b, 0x20, 0x28, 0x68, 0x61, 0x6c, 0x66, 0x34, 0x28, 0x6d, 0x61, 0x74, 0x65, 
0x72, 0x69, 0x61, 0x6c, 0x50, 0x61, 0x72, 0x61, 0x6d, 0x73, 0x2e, 0x62, 0x61, 0x63, 0x6b, 0x67, 0x72, 0x6f, 0x75, 0x6e, 
0x64, 0x43, 0x6f, 0x6c, 0x6f, 0x72, 0x29, 0x2e, 0x78, 0x79, 0x7a, 0x20, 0x2a, 0x20, 0x28, 0x68, 0x61, 0x6c, 0x66, 0x28, 
0x31, 0x2e, 0x30, 0x29, 0x20, 0x2d, 0x20, 0x00, 0x20, 0x3d, 0x20, 0x68, 0x61, 0x6c, 0x66, 0x34, 0x28, 0x66, 0x6c, 0x6f, 
0x61, 0x74, 0x34, 0x28, 0x31, 0x2e, 0x30, 0x29, 0x29, 0x3b, 0x0a, 0x00, 0x20, 0x20, 0x20, 0x20, 0x6f, 0x75, 0x74, 0x2e, 
0x66, 0x72, 0x61, 0x67, 0x43, 0x6f, 0x6c, 0x6f, 0x72, 0x20, 0x3d, 0x20, 0x66, 0x6c, 0x6f, 0x61, 0x74, 0x34, 0x28, 0x00, 
0x20, 0x20, 0x20, 0x20, 0x66, 0x6c, 0x6f, 0x61, 0x74, 0x33, 0x20, 0x00, 0x63, 0x6f, 0x6e, 0x73, 0x74, 0x61, 0x6e, 0x74, 
0x20, 0x66, 0x6c, 0x6f, 0x61, 0x74, 0x34, 0x20, 0x00, 0x20, 0x3d, 0x20, 0x6d, 0x61, 0x74, 0x65, 0x72, 0x69, 0x61, 0x6c, 
0x50, 0x61, 0x72, 0x61, 0x6d, 0x73, 0x2e, 0x62, 0x61, 0x63, 0x6b, 0x67, 0x72, 0x6f, 0x75, 0x6e, 0x64, 0x43, 0x6f, 0x6c, 
0x6f, 0x72, 0x3b, 0x0a, 0x00, 0x20, 0x20, 0x20, 0x20, 0x20, 0x20, 0x20, 0x20, 0x20, 0x20, 0x20, 0x20, 0x66, 0x6c, 0x6f, 
0x61, 0x74, 0x33, 0x20, 0x00, 0x20, 0x20, 0x20, 0x20, 0x20, 0x20, 0x20, 0x20, 0x20, 0x20, 0x20, 0x20, 0x20, 0x20, 0x20, 
0x20, 0x66, 0x6c, 0x6f, 0x61, 0x74, 0x32, 0x20, 0x00, 0x20, 0x2a, 0x20, 0x32, 0x2e, 0x30, 0x29, 0x20, 0x2d, 0x20, 0x66, 
0x6c, 0x6f, 0x61, 0x74, 0x32, 0x28, 0x31, 0x2e, 0x30, 0x29, 0x3b, 0x0a, 0x00, 0x20, 0x3d, 0x20, 0x66, 0x61, 0x73, 0x74, 
0x3a, 0x3a, 0x6e, 0x6f, 0x72, 0x6d, 0x61, 0x6c, 0x69, 0x7a, 0x65, 0x28, 0x66, 0x6c, 0x6f, 0x61, 0x74, 0x33, 0x28, 0x31, 
0x2e, 0x30, 0x2c, 0x20, 0x2d, 0x00, 0x20, 0x3d, 0x20, 0x66, 0x61, 0x73, 0x74, 0x3a, 0x3a, 0x6e, 0x6f, 0x72, 0x6d, 0x61, 
0x6c, 0x69, 0x7a, 0x65, 0x28, 0x66, 0x6c, 0x6f, 0x61, 0x74, 0x33, 0x28, 0x2d, 0x31, 0x2e, 0x30, 0x2c, 0x20, 0x2d, 0x00, 
0x2e, 0x78, 0x2c, 0x20, 0x31, 0x2e, 0x30, 0x2c, 0x20, 0x00, 0x2e, 0x78, 0x2c, 0x20, 0x2d, 0x31, 0x2e, 0x30, 0x2c, 0x20, 
0x2d, 0x00, 0x2e, 0x79, 0x2c, 0x20, 0x31, 0x2e, 0x30, 0x29, 0x29, 0x3b, 0x0a, 0x00, 0x20, 0x3d, 0x20, 0x66, 0x61, 0x73, 
0x74, 0x3a, 0x3a, 0x6e, 0x6f, 0x72, 0x6d, 0x61, 0x6c, 0x69, 0x7a, 0x65, 0x28, 0x66, 0x6c, 0x6f, 0x61, 0x74, 0x33, 0x28, 
0x2d, 0x00, 0x2e, 0x79, 0x2c, 0x20, 0x2d, 0x31, 0x2e, 0x30, 0x29, 0x29, 0x3b, 0x0a, 0x00, 0x20, 0x3d, 0x20, 0x66, 0x61, 
0x73, 0x74, 0x3a, 0x3a, 0x6d, 0x61, 0x78, 0x28, 0x73, 0x70, 0x76, 0x44, 0x65, 0x73, 0x63, 0x72, 0x69, 0x70, 0x74, 0x6f, 
0x72, 0x53, 0x65, 0x74, 0x32, 0x2e, 0x6d, 0x61, 0x74, 0x65, 0x72, 0x69, 0x61, 0x6c, 0x50, 0x61, 0x72, 0x61, 0x6d, 0x73, 
0x5f, 0x63, 0x75, 0x62, 0x65, 0x4d, 0x61, 0x70, 0x2e, 0x73, 0x61, 0x6d, 0x70, 0x6c, 0x65, 0x28, 0x73, 0x70, 0x76, 0x44, 
0x65, 0x73, 0x63, 0x72, 0x69, 0x70, 0x74, 0x6f, 0x72, 0x53, 0x65, 0x74, 0x32, 0x2e, 0x6d, 0x61, 0x74, 0x65, 0x72, 0x69, 
0x61, 0x6c, 0x50, 0x61, 0x72, 0x61, 0x6d, 0x73, 0x5f, 0x63, 0x75, 0x62, 0x65, 0x4d, 0x61, 0x70, 0x53, 0x6d, 0x70, 0x6c, 
0x72, 0x2c, 0x20, 0x00, 0x20, 0x3d, 0x20, 0x66, 0x61, 0x73, 0x74, 0x3a, 0x3a, 0x6d, 0x61, 0x78, 0x28, 0x73, 0x70, 0x76, 
0x44, 0x65, 0x73, 0x63, 0x72, 0x69, 0x70, 0x74, 0x6f, 0x72, 0x53, 0x65, 0x74, 0x32, 0x2e, 0x6d, 0x61, 0x74, 0x65, 0x72, 
0x69, 0x61, 0x6c, 0x50, 0x61, 0x72, 0x61, 0x6d, 0x73, 0x5f, 0x69, 0x6d, 0x61, 0x67, 0x65, 0x2e, 0x73, 0x61, 0x6d, 0x70, 
0x6c, 0x65, 0x28, 0x73, 0x70, 0x76, 0x44, 0x65, 0x73, 0x63, 0x72, 0x69, 0x70, 0x74, 0x6f, 0x72, 0x53, 0x65, 0x74, 0x32, 
0x2e, 0x6d, 0x61, 0x74, 0x65, 0x72, 0x69, 0x61, 0x6c, 0x50, 0x61, 0x72, 0x61, 0x6d, 0x73, 0x5f, 0x69, 0x6d, 0x61, 0x67, 
0x65, 0x53, 0x6d, 0x70, 0x6c, 0x72, 0x2c, 0x20, 0x00, 0x2e, 0x78, 0x79, 0x7a, 0x20, 0x2b, 0x20, 0x28, 0x6d, 0x61, 0x74, 
0x65, 0x72, 0x69, 0x61, 0x6c, 0x50, 0x61, 0x72, 0x61, 0x6d, 0x73, 0x2e, 0x62, 0x61, 0x63, 0x6b, 0x67, 0x72, 0x6f, 0x75, 
0x6e, 0x64, 0x43, 0x6f, 0x6c, 0x6f, 0x72, 0x2e, 0x78, 0x79, 0x7a, 0x20, 0x2a, 0x20, 0x28, 0x31, 0x2e, 0x30, 0x20, 0x2d, 
0x20, 0x00, 0x20, 0x3d, 0x20, 0x66, 0x6c, 0x6f, 0x61, 0x74, 0x34, 0x28, 0x31, 0x2e, 0x30, 0x29, 0x3b, 0x0a, 0x00, 0x20, 
0x20, 0x20, 0x20, 0x6f, 0x75, 0x74, 0x2e, 0x66, 0x72, 0x61, 0x67, 0x43, 0x6f, 0x6c, 0x6f, 0x72, 0x20, 0x3d, 0x20, 0x00, 
0x66, 0x72, 0x61, 0x67, 0x6d, 0x65, 0x6e, 0x74, 0x20, 0x6d, 0x61, 0x69, 0x6e, 0x30, 0x5f, 0x6f, 0x75, 0x74, 0x20, 0x6d, 
0x61, 0x69, 0x6e, 0x30, 0x28, 0x63, 0x6f, 0x6e, 0x73, 0x74, 0x61, 0x6e, 0x74, 0x20, 0x73, 0x70, 0x76, 0x44, 0x65, 0x73, 
0x63, 0x72, 0x69, 0x70, 0x74, 0x6f, 0x72, 0x53, 0x65, 0x74, 0x42, 0x75, 0x66, 0x66, 0x65, 0x72, 0x32, 0x26, 0x20, 0x73, 
0x70, 0x76, 0x44, 0x65, 0x73, 0x63, 0x72, 0x69, 0x70, 0x74, 0x6f, 0x72, 0x53, 0x65, 0x74, 0x32, 0x20, 0x5b, 0x5b, 0x62, 
0x75, 0x66, 0x66, 0x65, 0x72, 0x28, 0x32, 0x33, 0x29, 0x5d, 0x5d, 0x2c, 0x20, 0x63, 0x6f, 0x6e, 0x73, 0x74, 0x61, 0x6e, 
0x74, 0x20, 0x75, 0x69, 0x6e, 0x74, 0x2a, 0x20, 0x73, 0x70, 0x76, 0x44, 0x79, 0x6e, 0x61, 0x6d, 0x69, 0x63, 0x4f, 0x66, 
0x66, 0x73, 0x65, 0x74, 0x73, 0x20, 0x5b, 0x5b, 0x62, 0x75, 0x66, 0x66, 0x65, 0x72, 0x28, 0x32, 0x35, 0x29, 0x5d, 0x5d, 
0x29, 0x0a, 0x00, 0x20, 0x3d, 0x20, 0x28, 0x2a, 0x73, 0x70, 0x76, 0x44, 0x65, 0x73, 0x63, 0x72, 0x69, 0x70, 0x74, 0x6f, 
0x72, 0x53, 0x65, 0x74, 0x30, 0x2e, 0x66, 0x72, 0x61, 0x6d, 0x65, 0x55, 0x6e, 0x69, 0x66, 0x6f, 0x72, 0x6d, 0x73, 0x29, 
0x2e, 0x66, 0x6f, 0x67, 0x46, 0x72, 0x6f, 0x6d, 0x57, 0x6f, 0x72, 0x6c, 0x64, 0x4d, 0x61, 0x74, 0x72, 0x69, 0x78, 0x20, 
0x2a, 0x20, 0x28, 0x69, 0x6e, 0x2e, 0x76, 0x65, 0x72, 0x74, 0x65, 0x78, 0x5f, 0x77, 0x6f, 0x72, 0x6c, 0x64, 0x50, 0x6f, 
0x73, 0x69, 0x74, 0x69, 0x6f, 0x6e, 0x2e, 0x78, 0x79, 0x7a, 0x20, 0x2d, 0x20, 0x28, 0x2a, 0x73, 0x70, 0x76, 0x44, 0x65, 
0x73, 0x63, 0x72, 0x69, 0x70, 0x74, 0x6f, 0x72, 0x53, 0x65, 0x74, 0x30, 0x2e, 0x66, 0x72, 0x61, 0x6d, 0x65, 0x55, 0x6e, 
0x69, 0x66, 0x6f, 0x72, 0x6d, 0x73, 0x29, 0x2e, 0x77, 0x6f, 0x72, 0x6c, 0x64, 0x46, 0x72, 0x6f, 0x6d, 0x56, 0x69, 0x65, 
0x77, 0x4d, 0x61, 0x74, 0x72, 0x69, 0x78, 0x5b, 0x33, 0x5d, 0x2e, 0x78, 0x79, 0x7a, 0x29, 0x3b, 0x0a, 0x00, 0x20, 0x20, 
0x20, 0x20, 0x64, 0x6f, 0x0a, 0x00, 0x20, 0x3d, 0x20, 0x6c, 0x65, 0x6e, 0x67, 0x74, 0x68, 0x28, 0x00, 0x20, 0x3c, 0x20, 
0x28, 0x2a, 0x73, 0x70, 0x76, 0x44, 0x65, 0x73, 0x63, 0x72, 0x69, 0x70, 0x74, 0x6f, 0x72, 0x53, 0x65, 0x74, 0x30, 0x2e, 
0x66, 0x72, 0x61, 0x6d, 0x65, 0x55, 0x6e, 0x69, 0x66, 0x6f, 0x72, 0x6d, 0x73, 0x29, 0x2e, 0x66, 0x6f, 0x67, 0x53, 0x74, 
0x61, 0x72, 0x74, 0x29, 0x0a, 0x00, 0x20, 0x3d, 0x20, 0x68, 0x61, 0x6c, 0x66, 0x34, 0x28, 0x66, 0x6c, 0x6f, 0x61, 0x74, 
0x34, 0x28, 0x30, 0x2e, 0x30, 0x29, 0x29, 0x3b, 0x0a, 0x00, 0x20, 0x3e, 0x20, 0x28, 0x2a, 0x73, 0x70, 0x76, 0x44, 0x65, 
0x73, 0x63, 0x72, 0x69, 0x70, 0x74, 0x6f, 0x72, 0x53, 0x65, 0x74, 0x30, 0x2e, 0x66, 0x72, 0x61, 0x6d, 0x65, 0x55, 0x6e, 
0x69, 0x66, 0x6f, 0x72, 0x6d, 0x73, 0x29, 0x2e, 0x66, 0x6f, 0x67, 0x43, 0x75, 0x74, 0x4f, 0x66, 0x66, 0x44, 0x69, 0x73, 
0x74, 0x61, 0x6e, 0x63, 0x65, 0x29, 0x0a, 0x00, 0x20, 0x3d, 0x20, 0x28, 0x2a, 0x73, 0x70, 0x76, 0x44, 0x65, 0x73, 0x63, 
0x72, 0x69, 0x70, 0x74, 0x6f, 0x72, 0x53, 0x65, 0x74, 0x30, 0x2e, 0x66, 0x72, 0x61, 0x6d, 0x65, 0x55, 0x6e, 0x69, 0x66, 
0x6f, 0x72, 0x6d, 0x73, 0x29, 0x2e, 0x66, 0x6f, 0x67, 0x48, 0x65, 0x69, 0x67, 0x68, 0x74, 0x46, 0x61, 0x6c, 0x6c, 0x6f, 
0x66, 0x66, 0x20, 0x2a, 0x20, 0x00, 0x20, 0x20, 0x20, 0x20, 0x20, 0x20, 0x20, 0x20, 0x69, 0x66, 0x20, 0x28, 0x61, 0x62, 
0x73, 0x28, 0x00, 0x29, 0x20, 0x3e, 0x20, 0x30, 0x2e, 0x30, 0x30, 0x31, 0x32, 0x35, 0x29, 0x0a, 0x00, 0x20, 0x3d, 0x20, 
0x28, 0x28, 0x2a, 0x73, 0x70, 0x76, 0x44, 0x65, 0x73, 0x63, 0x72, 0x69, 0x70, 0x74, 0x6f, 0x72, 0x53, 0x65, 0x74, 0x30, 
0x2e, 0x66, 0x72, 0x61, 0x6d, 0x65, 0x55, 0x6e, 0x69, 0x66, 0x6f, 0x72, 0x6d, 0x73, 0x29, 0x2e, 0x66, 0x6f, 0x67, 0x44, 
0x65, 0x6e, 0x73, 0x69, 0x74, 0x79, 0x5b, 0x32, 0x5d, 0x20, 0x2d, 0x20, 0x28, 0x28, 0x2a, 0x73, 0x70, 0x76, 0x44, 0x65, 
0x73, 0x63, 0x72, 0x69, 0x70, 0x74, 0x6f, 0x72, 0x53, 0x65, 0x74, 0x30, 0x2e, 0x66, 0x72, 0x61, 0x6d, 0x65, 0x55, 0x6e, 
0x69, 0x66, 0x6f, 0x72, 0x6d, 0x73, 0x29, 0x2e, 0x66, 0x6f, 0x67, 0x44, 0x65, 0x6e, 0x73, 0x69, 0x74, 0x79, 0x5b, 0x30, 
0x5d, 0x20, 0x2a, 0x20, 0x65, 0x78, 0x70, 0x28, 0x28, 0x2a, 0x73, 0x70, 0x76, 0x44, 0x65, 0x73, 0x63, 0x72, 0x69, 0x70, 
0x74, 0x6f, 0x72, 0x53, 0x65, 0x74, 0x30, 0x2e, 0x66, 0x72, 0x61, 0x6d, 0x65, 0x55, 0x6e, 0x69, 0x66, 0x6f, 0x72, 0x6d, 
0x73, 0x29, 0x2e, 0x66, 0x6f, 0x67, 0x44, 0x65, 0x6e, 0x73, 0x69, 0x74, 0x79, 0x5b, 0x31, 0x5d, 0x20, 0x2d, 0x20, 0x00, 
0x29, 0x29, 0x29, 0x20, 0x2f, 0x20, 0x00, 0x20, 0x3d, 0x20, 0x28, 0x2a, 0x73, 0x70, 0x76, 0x44, 0x65, 0x73, 0x63, 0x72, 
0x69, 0x70, 0x74, 0x6f, 0x72, 0x53, 0x65, 0x74, 0x30, 0x2e, 0x66, 0x72, 0x61, 0x6d, 0x65, 0x55, 0x6e, 0x69, 0x66, 0x6f, 
0x72, 0x6d, 0x73, 0x29, 0x2e, 0x66, 0x6f, 0x67, 0x44, 0x65, 0x6e, 0x73, 0x69, 0x74, 0x79, 0x5b, 0x32, 0x5d, 0x3b, 0x0a, 
0x00, 0x20, 0x20, 0x20, 0x20, 0x20, 0x20, 0x20, 0x20, 0x68, 0x61, 0x6c, 0x66, 0x20, 0x00, 0x20, 0x2d, 0x20, 0x68, 0x61, 
0x6c, 0x66, 0x28, 0x65, 0x78, 0x70, 0x28, 0x2d, 0x28, 0x00, 0x20, 0x20, 0x20, 0x20, 0x20, 0x20, 0x20, 0x20, 0x69, 0x66, 
0x20, 0x28, 0x28, 0x2a, 0x73, 0x70, 0x76, 0x44, 0x65, 0x73, 0x63, 0x72, 0x69, 0x70, 0x74, 0x6f, 0x72, 0x53, 0x65, 0x74, 
0x30, 0x2e, 0x66, 0x72, 0x61, 0x6d, 0x65, 0x55, 0x6e, 0x69, 0x66, 0x6f, 0x72, 0x6d, 0x73, 0x29, 0x2e, 0x66, 0x6f, 0x67, 
0x43, 0x6f, 0x6c, 0x6f, 0x72, 0x46, 0x72, 0x6f, 0x6d, 0x49, 0x62, 0x6c, 0x20, 0x3e, 0x20, 0x30, 0x2e, 0x30, 0x29, 0x0a, 
0x00, 0x20, 0x3d, 0x20, 0x68, 0x61, 0x6c, 0x66, 0x32, 0x28, 0x66, 0x6c, 0x6f, 0x61, 0x74, 0x32, 0x28, 0x61, 0x73, 0x5f, 
0x74, 0x79, 0x70, 0x65, 0x3c, 0x68, 0x61, 0x6c, 0x66, 0x32, 0x3e, 0x28, 0x28, 0x2a, 0x73, 0x70, 0x76, 0x44, 0x65, 0x73, 
0x63, 0x72, 0x69, 0x70, 0x74, 0x6f, 0x72, 0x53, 0x65, 0x74, 0x30, 0x2e, 0x66, 0x72, 0x61, 0x6d, 0x65, 0x55, 0x6e, 0x69, 
0x66, 0x6f, 0x72, 0x6d, 0x73, 0x29, 0x2e, 0x66, 0x6f, 0x67, 0x4d, 0x69, 0x6e, 0x4d, 0x61, 0x78, 0x4d, 0x69, 0x70, 0x29, 
0x29, 0x29, 0x3b, 0x0a, 0x00, 0x20, 0x20, 0x20, 0x20, 0x20, 0x20, 0x20, 0x20, 0x69, 0x66, 0x20, 0x28, 0x28, 0x2a, 0x73, 
0x70, 0x76, 0x44, 0x65, 0x73, 0x63, 0x72, 0x69, 0x70, 0x74, 0x6f, 0x72, 0x53, 0x65, 0x74, 0x30, 0x2e, 0x66, 0x72, 0x61, 
0x6d, 0x65, 0x55, 0x6e, 0x69, 0x66, 0x6f, 0x72, 0x6d, 0x73, 0x29, 0x2e, 0x66, 0x6f, 0x67, 0x49, 0x6e, 0x73, 0x63, 0x61, 
0x74, 0x74, 0x65, 0x72, 0x69, 0x6e, 0x67, 0x53, 0x69, 0x7a, 0x65, 0x20, 0x3e, 0x20, 0x30, 0x2e, 0x30, 0x29, 0x0a, 0x00, 
0x20, 0x20, 0x20, 0x20, 0x20, 0x20, 0x20, 0x20, 0x62, 0x72, 0x65, 0x61, 0x6b, 0x3b, 0x0a, 0x00, 0x20, 0x20, 0x20, 0x20, 
0x7d, 0x20, 0x77, 0x68, 0x69, 0x6c, 0x65, 0x28, 0x66, 0x61, 0x6c, 0x73, 0x65, 0x29, 0x3b, 0x0a, 0x00, 0x20, 0x3d, 0x20, 
0x6f, 0x75, 0x74, 0x2e, 0x66, 0x72, 0x61, 0x67, 0x43, 0x6f, 0x6c, 0x6f, 0x72, 0x3b, 0x0a, 0x00, 0x2e, 0x77, 0x29, 0x29, 
0x20, 0x2b, 0x20, 0x00, 0x2e, 0x78, 0x79, 0x7a, 0x3b, 0x0a, 0x00, 0x73, 0x74, 0x72, 0x75, 0x63, 0x74, 0x20, 0x50, 0x65, 
0x72, 0x52, 0x65, 0x6e, 0x64, 0x65, 0x72, 0x61, 0x62, 0x6c, 0x65, 0x44, 0x61, 0x74, 0x61, 0x0a, 0x00, 0x20, 0x20, 0x20, 
0x20, 0x66, 0x6c, 0x6f, 0x61, 0x74, 0x34, 0x78, 0x34, 0x20, 0x77, 0x6f, 0x72, 0x6c, 0x64, 0x46, 0x72, 0x6f, 0x6d, 0x4d, 
0x6f, 0x64, 0x65, 0x6c, 0x4d, 0x61, 0x74, 0x72, 0x69, 0x78, 0x3b, 0x0a, 0x00, 0x20, 0x20, 0x20, 0x20, 0x66, 0x6c, 0x6f, 
0x61, 0x74, 0x33, 0x78, 0x33, 0x20, 0x77, 0x6f, 0x72, 0x6c, 0x64, 0x46, 0x72, 0x6f, 0x6d, 0x4d, 0x6f, 0x64, 0x65, 0x6c, 
0x4e, 0x6f, 0x72, 0x6d, 0x61, 0x6c, 0x4d, 0x61, 0x74, 0x72, 0x69, 0x78, 0x3b, 0x0a, 0x00, 0x20, 0x20, 0x20, 0x20, 0x69, 
0x6e, 0x74, 0x20, 0x6d, 0x6f, 0x72, 0x70, 0x68, 0x54, 0x61, 0x72, 0x67, 0x65, 0x74, 0x43, 0x6f, 0x75, 0x6e, 0x74, 0x3b, 
0x0a, 0x00, 0x20, 0x20, 0x20, 0x20, 0x69, 0x6e, 0x74, 0x20, 0x66, 0x6c, 0x61, 0x67, 0x73, 0x43, 0x68, 0x61, 0x6e, 0x6e, 
0x65, 0x6c, 0x73, 0x3b, 0x0a, 0x00, 0x20, 0x20, 0x20, 0x20, 0x69, 0x6e, 0x74, 0x20, 0x6f, 0x62, 0x6a, 0x65, 0x63, 0x74, 
0x49, 0x64, 0x3b, 0x0a, 0x00, 0x20, 0x20, 0x20, 0x20, 0x66, 0x6c, 0x6f, 0x61, 0x74, 0x20, 0x75, 0x73, 0x65, 0x72, 0x44, 
0x61, 0x74, 0x61, 0x3b, 0x0a, 0x00, 0x20, 0x20, 0x20, 0x20, 0x66, 0x6c, 0x6f, 0x61, 0x74, 0x34, 0x20, 0x72, 0x65, 0x73, 
0x65, 0x72, 0x76, 0x65, 0x64, 0x5b, 0x38, 0x5d, 0x3b, 0x0a, 0x00, 0x23, 0x69, 0x66, 0x6e, 0x64, 0x65, 0x66, 0x20, 0x53, 
0x50, 0x49, 0x52, 0x56, 0x5f, 0x43, 0x52, 0x4f, 0x53, 0x53, 0x5f, 0x43, 0x4f, 0x4e, 0x53, 0x54, 0x41, 0x4e, 0x54, 0x5f, 
0x49, 0x44, 0x5f, 0x31, 0x0a, 0x00, 0x23, 0x64, 0x65, 0x66, 0x69, 0x6e, 0x65, 0x20, 0x53, 0x50, 0x49, 0x52, 0x56, 0x5f, 
0x43, 0x52, 0x4f, 0x53, 0x53, 0x5f, 0x43, 0x4f, 0x4e, 0x53, 0x54, 0x41, 0x4e, 0x54, 0x5f, 0x49, 0x44, 0x5f, 0x31, 0x20, 
0x36, 0x34, 0x0a, 0x00, 0x23, 0x65, 0x6e, 0x64, 0x69, 0x66, 0x0a, 0x00, 0x63, 0x6f, 0x6e, 0x73, 0x74, 0x61, 0x6e, 0x74, 
0x20, 0x69, 0x6e, 0x74, 0x20, 0x43, 0x4f, 0x4e, 0x46, 0x49, 0x47, 0x5f, 0x4d, 0x41, 0x58, 0x5f, 0x49, 0x4e, 0x53, 0x54, 
0x41, 0x4e, 0x43, 0x45, 0x53, 0x20, 0x3d, 0x20, 0x53, 0x50, 0x49, 0x52, 0x56, 0x5f, 0x43, 0x52, 0x4f, 0x53, 0x53, 0x5f, 
0x43, 0x4f, 0x4e, 0x53, 0x54, 0x41, 0x4e, 0x54, 0x5f, 0x49, 0x44, 0x5f, 0x31, 0x3b, 0x0a, 0x00, 0x73, 0x74, 0x72, 0x75, 
0x63, 0x74, 0x20, 0x4f, 0x62, 0x6a, 0x65, 0x63, 0x74, 0x55, 0x6e, 0x69, 0x66, 0x6f, 0x72, 0x6d, 0x73, 0x0a, 0x00, 0x20, 
0x20, 0x20, 0x20, 0x50, 0x65, 0x72, 0x52, 0x65, 0x6e, 0x64, 0x65, 0x72, 0x61, 0x62, 0x6c, 0x65, 0x44, 0x61, 0x74, 0x61, 
0x20, 0x64, 0x61, 0x74, 0x61, 0x5b, 0x43, 0x4f, 0x4e, 0x46, 0x49, 0x47, 0x5f, 0x4d, 0x41, 0x58, 0x5f, 0x49, 0x4e, 0x53, 
0x54, 0x41, 0x4e, 0x43, 0x45, 0x53, 0x5d, 0x3b, 0x0a, 0x00, 0x73, 0x74, 0x72, 0x75, 0x63, 0x74, 0x20, 0x4f, 0x62, 0x6a, 
0x65, 0x63, 0x74, 0x55, 0x6e, 0x69, 0x66, 0x6f, 0x72, 0x6d, 0x73, 0x3b, 0x0a, 0x00, 0x73, 0x74, 0x72, 0x75, 0x63, 0x74, 
0x20, 0x42, 0x6f, 0x6e, 0x65, 0x73, 0x55, 0x6e, 0x69, 0x66, 0x6f, 0x72, 0x6d, 0x73, 0x3b, 0x0a, 0x00, 0x73, 0x74, 0x72, 
0x75, 0x63, 0x74, 0x20, 0x4d, 0x6f, 0x72, 0x70, 0x68, 0x69, 0x6e, 0x67, 0x55, 0x6e, 0x69, 0x66, 0x6f, 0x72, 0x6d, 0x73, 
0x3b, 0x0a, 0x00, 0x73, 0x74, 0x72, 0x75, 0x63, 0x74, 0x20, 0x73, 0x70, 0x76, 0x44, 0x65, 0x73, 0x63, 0x72, 0x69, 0x70, 
0x74, 0x6f, 0x72, 0x53, 0x65, 0x74, 0x42, 0x75, 0x66, 0x66, 0x65, 0x72, 0x31, 0x20, 0x7b, 0x0a, 0x00, 0x63, 0x6f, 0x6e, 
0x73, 0x74, 0x61, 0x6e, 0x74, 0x20, 0x4f, 0x62, 0x6a, 0x65, 0x63, 0x74, 0x55, 0x6e, 0x69, 0x66, 0x6f, 0x72, 0x6d, 0x73, 
0x2a, 0x20, 0x6f, 0x62, 0x6a, 0x65, 0x63, 0x74, 0x55, 0x6e, 0x69, 0x66, 0x6f, 0x72, 0x6d, 0x73, 0x20, 0x5b, 0x5b, 0x69, 
0x64, 0x28, 0x30, 0x29, 0x5d, 0x5d, 0x3b, 0x0a, 0x00, 0x63, 0x6f, 0x6e, 0x73, 0x74, 0x61, 0x6e, 0x74, 0x20, 0x42, 0x6f, 
0x6e, 0x65, 0x73, 0x55, 0x6e, 0x69, 0x66, 0x6f, 0x72, 0x6d, 0x73, 0x2a, 0x20, 0x62, 0x6f, 0x6e, 0x65, 0x73, 0x55, 0x6e, 
0x69, 0x66, 0x6f, 0x72, 0x6d, 0x73, 0x20, 0x5b, 0x5b, 0x69, 0x64, 0x28, 0x32, 0x29, 0x5d, 0x5d, 0x3b, 0x0a, 0x00, 0x63, 
0x6f, 0x6e, 0x73, 0x74, 0x61, 0x6e, 0x74, 0x20, 0x4d, 0x6f, 0x72, 0x70, 0x68, 0x69, 0x6e, 0x67, 0x55, 0x6e, 0x69, 0x66, 
0x6f, 0x72, 0x6d, 0x73, 0x2a, 0x20, 0x6d, 0x6f, 0x72, 0x70, 0x68, 0x69, 0x6e, 0x67, 0x55, 0x6e, 0x69, 0x66, 0x6f, 0x72, 
0x6d, 0x73, 0x20, 0x5b, 0x5b, 0x69, 0x64, 0x28, 0x34, 0x29, 0x5d, 0x5d, 0x3b, 0x0a, 0x00, 0x20, 0x20, 0x20, 0x20, 0x75, 
0x69, 0x6e, 0x74, 0x32, 0x20, 0x6f, 0x75, 0x74, 0x50, 0x69, 0x63, 0x6b, 0x69, 0x6e, 0x67, 0x20, 0x5b, 0x5b, 0x63, 0x6f, 
0x6c, 0x6f, 0x72, 0x28, 0x30, 0x29, 0x5d, 0x5d, 0x3b, 0x0a, 0x00, 0x66, 0x72, 0x61, 0x67, 0x6d, 0x65, 0x6e, 0x74, 0x20, 
0x6d, 0x61, 0x69, 0x6e, 0x30, 0x5f, 0x6f, 0x75, 0x74, 0x20, 0x6d, 0x61, 0x69, 0x6e, 0x30, 0x28, 0x6d, 0x61, 0x69, 0x6e, 
0x30, 0x5f, 0x69, 0x6e, 0x20, 0x69, 0x6e, 0x20, 0x5b, 0x5b, 0x73, 0x74, 0x61, 0x67, 0x65, 0x5f, 0x69, 0x6e, 0x5d, 0x5d, 
0x2c, 0x20, 0x63, 0x6f, 0x6e, 0x73, 0x74, 0x61, 0x6e, 0x74, 0x20, 0x73, 0x70, 0x76, 0x44, 0x65, 0x73, 0x63, 0x72, 0x69, 
0x70, 0x74, 0x6f, 0x72, 0x53, 0x65, 0x74, 0x42, 0x75, 0x66, 0x66, 0x65, 0x72, 0x31, 0x26, 0x20, 0x73, 0x70, 0x76, 0x44, 
0x65, 0x73, 0x63, 0x72, 0x69, 0x70, 0x74, 0x6f, 0x72, 0x53, 0x65, 0x74, 0x31, 0x20, 0x5b, 0x5b, 0x62, 0x75, 0x66, 0x66, 
0x65, 0x72, 0x28, 0x32, 0x32, 0x29, 0x5d, 0x5d, 0x2c, 0x20, 0x63, 0x6f, 0x6e, 0x73, 0x74, 0x61, 0x6e, 0x74, 0x20, 0x73, 
0x70, 0x76, 0x44, 0x65, 0x73, 0x63, 0x72, 0x69, 0x70, 0x74, 0x6f, 0x72, 0x53, 0x65, 0x74, 0x42, 0x75, 0x66, 0x66, 0x65, 
0x72, 0x32, 0x26, 0x20, 0x73, 0x70, 0x76, 0x44, 0x65, 0x73, 0x63, 0x72, 0x69, 0x70, 0x74, 0x6f, 0x72, 0x53, 0x65, 0x74, 
0x32, 0x20, 0x5b, 0x5b, 0x62, 0x75, 0x66, 0x66, 0x65, 0x72, 0x28, 0x32, 0x33, 0x29, 0x5d, 0x5d, 0x2c, 0x20, 0x63, 0x6f, 
0x6e, 0x73, 0x74, 0x61, 0x6e, 0x74, 0x20, 0x75, 0x69, 0x6e, 0x74, 0x2a, 0x20, 0x73, 0x70, 0x76, 0x44, 0x79, 0x6e, 0x61, 
0x6d, 0x69, 0x63, 0x4f, 0x66, 0x66, 0x73, 0x65, 0x74, 0x73, 0x20, 0x5b, 0x5b, 0x62, 0x75, 0x66, 0x66, 0x65, 0x72, 0x28, 
0x32, 0x35, 0x29, 0x5d, 0x5d, 0x29, 0x0a, 0x00, 0x20, 0x20, 0x20, 0x20, 0x63, 0x6f, 0x6e, 0x73, 0x74, 0x61, 0x6e, 0x74, 
0x20, 0x61, 0x75, 0x74, 0x6f, 0x26, 0x20, 0x6f, 0x62, 0x6a, 0x65, 0x63, 0x74, 0x55, 0x6e, 0x69, 0x66, 0x6f, 0x72, 0x6d, 
0x73, 0x20, 0x3d, 0x20, 0x2a, 0x28, 0x63, 0x6f, 0x6e, 0x73, 0x74, 0x61, 0x6e, 0x74, 0x20, 0x4f, 0x62, 0x6a, 0x65, 0x63, 
0x74, 0x55, 0x6e, 0x69, 0x66, 0x6f, 0x72, 0x6d, 0x73, 0x2a, 0x20, 0x29, 0x28, 0x28, 0x63, 0x6f, 0x6e, 0x73, 0x74, 0x61, 
0x6e, 0x74, 0x20, 0x63, 0x68, 0x61, 0x72, 0x2a, 0x20, 0x29, 0x73, 0x70, 0x76, 0x44, 0x65, 0x73, 0x63, 0x72, 0x69, 0x70, 
0x74, 0x6f, 0x72, 0x53, 0x65, 0x74, 0x31, 0x2e, 0x6f, 0x62, 0x6a, 0x65, 0x63, 0x74, 0x55, 0x6e, 0x69, 0x66, 0x6f, 0x72, 
0x6d, 0x73, 0x20, 0x2b, 0x20, 0x73, 0x70, 0x76, 0x44, 0x79, 0x6e, 0x61, 0x6d, 0x69, 0x63, 0x4f, 0x66, 0x66, 0x73, 0x65, 
0x74, 0x73, 0x5b, 0x30, 0x5d, 0x29, 0x3b, 0x0a, 0x00, 0x20, 0x20, 0x20, 0x20, 0x6f, 0x75, 0x74, 0x2e, 0x6f, 0x75, 0x74, 
0x50, 0x69, 0x63, 0x6b, 0x69, 0x6e, 0x67, 0x2e, 0x78, 0x20, 0x3d, 0x20, 0x75, 0x69, 0x6e, 0x74, 0x28, 0x6f, 0x62, 0x6a, 
0x65, 0x63, 0x74, 0x55, 0x6e, 0x69, 0x66, 0x6f, 0x72, 0x6d, 0x73, 0x2e, 0x64, 0x61, 0x74, 0x61, 0x5b, 0x69, 0x6e, 0x2e, 
0x69, 0x6e, 0x73, 0x74, 0x61, 0x6e, 0x63, 0x65, 0x5f, 0x69, 0x6e, 0x64, 0x65, 0x78, 0x5d, 0x2e, 0x6f, 0x62, 0x6a, 0x65, 
0x63, 0x74, 0x49, 0x64, 0x29, 0x3b, 0x0a, 0x00, 0x20, 0x20, 0x20, 0x20, 0x6f, 0x75, 0x74, 0x2e, 0x6f, 0x75, 0x74, 0x50, 
0x69, 0x63, 0x6b, 0x69, 0x6e, 0x67, 0x2e, 0x79, 0x20, 0x3d, 0x20, 0x61, 0x73, 0x5f, 0x74, 0x79, 0x70, 0x65, 0x3c, 0x75, 
0x69, 0x6e, 0x74, 0x3e, 0x28, 0x69, 0x6e, 0x2e, 0x76, 0x65, 0x72, 0x74, 0x65, 0x78, 0x5f, 0x70, 0x6f, 0x73, 0x69, 0x74, 
0x69, 0x6f, 0x6e, 0x2e, 0x7a, 0x20, 0x2f, 0x20, 0x69, 0x6e, 0x2e, 0x76, 0x65, 0x72, 0x74, 0x65, 0x78, 0x5f, 0x70, 0x6f, 
0x73, 0x69, 0x74, 0x69, 0x6f, 0x6e, 0x2e, 0x77, 0x29, 0x3b, 0x0a, 0x00, 0x74, 0x65, 0x78, 0x74, 0x75, 0x72, 0x65, 0x32, 
0x64, 0x3c, 0x66, 0x6c, 0x6f, 0x61, 0x74, 0x3e, 0x20, 0x73, 0x61, 0x6d, 0x70, 0x6c, 0x65, 0x72, 0x30, 0x5f, 0x73, 0x73, 
0x72, 0x20, 0x5b, 0x5b, 0x69, 0x64, 0x28, 0x32, 0x30, 0x29, 0x5d, 0x5d, 0x3b, 0x0a, 0x00, 0x73, 0x61, 0x6d, 0x70, 0x6c, 
0x65, 0x72, 0x20, 0x73, 0x61, 0x6d, 0x70, 0x6c, 0x65, 0x72, 0x30, 0x5f, 0x73, 0x73, 0x72, 0x53, 0x6d, 0x70, 0x6c, 0x72, 
0x20, 0x5b, 0x5b, 0x69, 0x64, 0x28, 0x32, 0x31, 0x29, 0x5d, 0x5d, 0x3b, 0x0a, 0x00, 0x20, 0x3d, 0x20, 0x6d, 0x69, 0x6e, 
0x28, 0x00, 0x20, 0x2d, 0x20, 0x28, 0x2a, 0x73, 0x70, 0x76, 0x44, 0x65, 0x73, 0x63, 0x72, 0x69, 0x70, 0x74, 0x6f, 0x72, 
0x53, 0x65, 0x74, 0x30, 0x2e, 0x66, 0x72, 0x61, 0x6d, 0x65, 0x55, 0x6e, 0x69, 0x66, 0x6f, 0x72, 0x6d, 0x73, 0x29, 0x2e, 
0x66, 0x6f, 0x67, 0x53, 0x74, 0x61, 0x72, 0x74, 0x2c, 0x20, 0x30, 0x2e, 0x30, 0x29, 0x29, 0x29, 0x29, 0x2c, 0x20, 0x68, 
0x61, 0x6c, 0x66, 0x28, 0x28, 0x2a, 0x73, 0x70, 0x76, 0x44, 0x65, 0x73, 0x63, 0x72, 0x69, 0x70, 0x74, 0x6f, 0x72, 0x53, 
0x65, 0x74, 0x30, 0x2e, 0x66, 0x72, 0x61, 0x6d, 0x65, 0x55, 0x6e, 0x69, 0x66, 0x6f, 0x72, 0x6d, 0x73, 0x29, 0x2e, 0x66, 
0x6f, 0x67, 0x4d, 0x61, 0x78, 0x4f, 0x70, 0x61, 0x63, 0x69, 0x74, 0x79, 0x29, 0x29, 0x3b, 0x0a, 0x00, 0x20, 0x3d, 0x20, 
0x68, 0x61, 0x6c, 0x66, 0x33, 0x28, 0x66, 0x6c, 0x6f, 0x61, 0x74, 0x33, 0x28, 0x28, 0x2a, 0x73, 0x70, 0x76, 0x44, 0x65, 
0x73, 0x63, 0x72, 0x69, 0x70, 0x74, 0x6f, 0x72, 0x53, 0x65, 0x74, 0x30, 0x2e, 0x66, 0x72, 0x61, 0x6d, 0x65, 0x55, 0x6e, 
0x69, 0x66, 0x6f, 0x72, 0x6d, 0x73, 0x29, 0x2e, 0x66, 0x6f, 0x67, 0x43, 0x6f, 0x6c, 0x6f, 0x72, 0x29, 0x29, 0x3b, 0x0a, 
0x00, 0x20, 0x2a, 0x20, 0x68, 0x61, 0x6c, 0x66, 0x34, 0x28, 0x73, 0x70, 0x76, 0x44, 0x65, 0x73, 0x63, 0x72, 0x69, 0x70, 
0x74, 0x6f, 0x72, 0x53, 0x65, 0x74, 0x30, 0x2e, 0x73, 0x61, 0x6d, 0x70, 0x6c, 0x65, 0x72, 0x30, 0x5f, 0x66, 0x6f, 0x67, 
0x2e, 0x73, 0x61, 0x6d, 0x70, 0x6c, 0x65, 0x28, 0x73, 0x70, 0x76, 0x44, 0x65, 0x73, 0x63, 0x72, 0x69, 0x70, 0x74, 0x6f, 
0x72, 0x53, 0x65, 0x74, 0x30, 0x2e, 0x73, 0x61, 0x6d, 0x70, 0x6c, 0x65, 0x72, 0x30, 0x5f, 0x66, 0x6f, 0x67, 0x53, 0x6d, 
0x70, 0x6c, 0x72, 0x2c, 0x20, 0x28, 0x74, 0x72, 0x61, 0x6e, 0x73, 0x70, 0x6f, 0x73, 0x65, 0x28, 0x66, 0x6c, 0x6f, 0x61, 
0x74, 0x33, 0x78, 0x33, 0x28, 0x28, 0x2a, 0x73, 0x70, 0x76, 0x44, 0x65, 0x73, 0x63, 0x72, 0x69, 0x70, 0x74, 0x6f, 0x72, 
0x53, 0x65, 0x74, 0x30, 0x2e, 0x66, 0x72, 0x61, 0x6d, 0x65, 0x55, 0x6e, 0x69, 0x66, 0x6f, 0x72, 0x6d, 0x73, 0x29, 0x2e, 
0x75, 0x73, 0x65, 0x72, 0x57, 0x6f, 0x72, 0x6c, 0x64, 0x46, 0x72, 0x6f, 0x6d, 0x57, 0x6f, 0x72, 0x6c, 0x64, 0x4d, 0x61, 
0x74, 0x72, 0x69, 0x78, 0x5b, 0x30, 0x5d, 0x2e, 0x78, 0x79, 0x7a, 0x2c, 0x20, 0x28, 0x2a, 0x73, 0x70, 0x76, 0x44, 0x65, 
0x73, 0x63, 0x72, 0x69, 0x70, 0x74, 0x6f, 0x72, 0x53, 0x65, 0x74, 0x30, 0x2e, 0x66, 0x72, 0x61, 0x6d, 0x65, 0x55, 0x6e, 
0x69, 0x66, 0x6f, 0x72, 0x6d, 0x73, 0x29, 0x2e, 0x75, 0x73, 0x65, 0x72, 0x57, 0x6f, 0x72, 0x6c, 0x64, 0x46, 0x72, 0x6f, 
0x6d, 0x57, 0x6f, 0x72, 0x6c, 0x64, 0x4d, 0x61, 0x74, 0x72, 0x69, 0x78, 0x5b, 0x31, 0x5d, 0x2e, 0x78, 0x79, 0x7a, 0x2c, 
0x20, 0x28, 0x2a, 0x73, 0x70, 0x76, 0x44, 0x65, 0x73, 0x63, 0x72, 0x69, 0x70, 0x74, 0x6f, 0x72, 0x53, 0x65, 0x74, 0x30, 
0x2e, 0x66, 0x72, 0x61, 0x6d, 0x65, 0x55, 0x6e, 0x69, 0x66, 0x6f, 0x72, 0x6d, 0x73, 0x29, 0x2e, 0x75, 0x73, 0x65, 0x72, 
0x57, 0x6f, 0x72, 0x6c, 0x64, 0x46, 0x72, 0x6f, 0x6d, 0x57, 0x6f, 0x72, 0x6c, 0x64, 0x4d, 0x61, 0x74, 0x72, 0x69, 0x78, 
0x5b, 0x32, 0x5d, 0x2e, 0x78, 0x79, 0x7a, 0x29, 0x29, 0x20, 0x2a, 0x20, 0x00, 0x29, 0x2c, 0x20, 0x6c, 0x65, 0x76, 0x65, 
0x6c, 0x28, 0x6d, 0x69, 0x78, 0x28, 0x00, 0x2e, 0x78, 0x2c, 0x20, 0x63, 0x6c, 0x61, 0x6d, 0x70, 0x28, 0x68, 0x61, 0x6c, 
0x66, 0x28, 0x28, 0x00, 0x20, 0x2a, 0x20, 0x28, 0x2a, 0x73, 0x70, 0x76, 0x44, 0x65, 0x73, 0x63, 0x72, 0x69, 0x70, 0x74, 
0x6f, 0x72, 0x53, 0x65, 0x74, 0x30, 0x2e, 0x66, 0x72, 0x61, 0x6d, 0x65, 0x55, 0x6e, 0x69, 0x66, 0x6f, 0x72, 0x6d, 0x73, 
0x29, 0x2e, 0x66, 0x6f, 0x67, 0x4f, 0x6e, 0x65, 0x4f, 0x76, 0x65, 0x72, 0x46, 0x61, 0x72, 0x4d, 0x69, 0x6e, 0x75, 0x73, 
0x4e, 0x65, 0x61, 0x72, 0x29, 0x20, 0x2d, 0x20, 0x28, 0x2a, 0x73, 0x70, 0x76, 0x44, 0x65, 0x73, 0x63, 0x72, 0x69, 0x70, 
0x74, 0x6f, 0x72, 0x53, 0x65, 0x74, 0x30, 0x2e, 0x66, 0x72, 0x61, 0x6d, 0x65, 0x55, 0x6e, 0x69, 0x66, 0x6f, 0x72, 0x6d, 
0x73, 0x29, 0x2e, 0x66, 0x6f, 0x67, 0x4e, 0x65, 0x61, 0x72, 0x4f, 0x76, 0x65, 0x72, 0x46, 0x61, 0x72, 0x4d, 0x69, 0x6e, 
0x75, 0x73, 0x4e, 0x65, 0x61, 0x72, 0x29, 0x2c, 0x20, 0x68, 0x61, 0x6c, 0x66, 0x28, 0x30, 0x2e, 0x30, 0x29, 0x2c, 0x20, 
0x00, 0x29, 0x29, 0x29, 0x29, 0x29, 0x2e, 0x78, 0x79, 0x7a, 0x3b, 0x0a, 0x00, 0x20, 0x2a, 0x20, 0x28, 0x68, 0x61, 0x6c, 
0x66, 0x28, 0x28, 0x2a, 0x73, 0x70, 0x76, 0x44, 0x65, 0x73, 0x63, 0x72, 0x69, 0x70, 0x74, 0x6f, 0x72, 0x53, 0x65, 0x74, 
0x30, 0x2e, 0x66, 0x72, 0x61, 0x6d, 0x65, 0x55, 0x6e, 0x69, 0x66, 0x6f, 0x72, 0x6d, 0x73, 0x29, 0x2e, 0x69, 0x62, 0x6c, 
0x4c, 0x75, 0x6d, 0x69, 0x6e, 0x61, 0x6e, 0x63, 0x65, 0x29, 0x20, 0x2a, 0x20, 0x00, 0x20, 0x2b, 0x20, 0x28, 0x28, 0x68, 
0x61, 0x6c, 0x66, 0x34, 0x28, 0x28, 0x2a, 0x73, 0x70, 0x76, 0x44, 0x65, 0x73, 0x63, 0x72, 0x69, 0x70, 0x74, 0x6f, 0x72, 
0x53, 0x65, 0x74, 0x30, 0x2e, 0x66, 0x72, 0x61, 0x6d, 0x65, 0x55, 0x6e, 0x69, 0x66, 0x6f, 0x72, 0x6d, 0x73, 0x29, 0x2e, 
0x6c, 0x69, 0x67, 0x68, 0x74, 0x43, 0x6f, 0x6c, 0x6f, 0x72, 0x49, 0x6e, 0x74, 0x65, 0x6e, 0x73, 0x69, 0x74, 0x79, 0x29, 
0x2e, 0x78, 0x79, 0x7a, 0x20, 0x2a, 0x20, 0x68, 0x61, 0x6c, 0x66, 0x28, 0x28, 0x2a, 0x73, 0x70, 0x76, 0x44, 0x65, 0x73, 
0x63, 0x72, 0x69, 0x70, 0x74, 0x6f, 0x72, 0x53, 0x65, 0x74, 0x30, 0x2e, 0x66, 0x72, 0x61, 0x6d, 0x65, 0x55, 0x6e, 0x69, 
0x66, 0x6f, 0x72, 0x6d, 0x73, 0x29, 0x2e, 0x6c, 0x69, 0x67, 0x68, 0x74, 0x43, 0x6f, 0x6c, 0x6f, 0x72, 0x49, 0x6e, 0x74, 
0x65, 0x6e, 0x73, 0x69, 0x74, 0x79, 0x2e, 0x77, 0x29, 0x29, 0x20, 0x2a, 0x20, 0x28, 0x70, 0x6f, 0x77, 0x72, 0x28, 0x68, 
0x61, 0x6c, 0x66, 0x28, 0x66, 0x61, 0x73, 0x74, 0x3a, 0x3a, 0x6d, 0x61, 0x78, 0x28, 0x64, 0x6f, 0x74, 0x28, 0x66, 0x61, 
0x73, 0x74, 0x3a, 0x3a, 0x6e, 0x6f, 0x72, 0x6d, 0x61, 0x6c, 0x69, 0x7a, 0x65, 0x28, 0x00, 0x29, 0x2c, 0x20, 0x66, 0x6c, 
0x6f, 0x61, 0x74, 0x33, 0x28, 0x28, 0x2a, 0x73, 0x70, 0x76, 0x44, 0x65, 0x73, 0x63, 0x72, 0x69, 0x70, 0x74, 0x6f, 0x72, 
0x53, 0x65, 0x74, 0x30, 0x2e, 0x66, 0x72, 0x61, 0x6d, 0x65, 0x55, 0x6e, 0x69, 0x66, 0x6f, 0x72, 0x6d, 0x73, 0x29, 0x2e, 
0x6c, 0x69, 0x67, 0x68, 0x74, 0x44, 0x69, 0x72, 0x65, 0x63, 0x74, 0x69, 0x6f, 0x6e, 0x29, 0x29, 0x2c, 0x20, 0x30, 0x2e, 
0x30, 0x29, 0x29, 0x2c, 0x20, 0x68, 0x61, 0x6c, 0x66, 0x28, 0x28, 0x2a, 0x73, 0x70, 0x76, 0x44, 0x65, 0x73, 0x63, 0x72, 
0x69, 0x70, 0x74, 0x6f, 0x72, 0x53, 0x65, 0x74, 0x30, 0x2e, 0x66, 0x72, 0x61, 0x6d, 0x65, 0x55, 0x6e, 0x69, 0x66, 0x6f, 
0x72, 0x6d, 0x73, 0x29, 0x2e, 0x66, 0x6f, 0x67, 0x49, 0x6e, 0x73, 0x63, 0x61, 0x74, 0x74, 0x65, 0x72, 0x69, 0x6e, 0x67, 
0x53, 0x69, 0x7a, 0x65, 0x29, 0x29, 0x20, 0x2a, 0x20, 0x28, 0x00, 0x20, 0x2d, 0x20, 0x28, 0x2a, 0x73, 0x70, 0x76, 0x44, 
0x65, 0x73, 0x63, 0x72, 0x69, 0x70, 0x74, 0x6f, 0x72, 0x53, 0x65, 0x74, 0x30, 0x2e, 0x66, 0x72, 0x61, 0x6d, 0x65, 0x55, 
0x6e, 0x69, 0x66, 0x6f, 0x72, 0x6d, 0x73, 0x29, 0x2e, 0x66, 0x6f, 0x67, 0x49, 0x6e, 0x73, 0x63, 0x61, 0x74, 0x74, 0x65, 
0x72, 0x69, 0x6e, 0x67, 0x53, 0x74, 0x61, 0x72, 0x74, 0x2c, 0x20, 0x30, 0x2e, 0x30, 0x29, 0x29, 0x29, 0x29, 0x29, 0x29, 
0x29, 0x3b, 0x0a, 0x00, 0x20, 0x3d, 0x20, 0x68, 0x61, 0x6c, 0x66, 0x34, 0x28, 0x00, 0x20, 0x20, 0x20, 0x20, 0x68, 0x61, 
0x6c, 0x66, 0x33, 0x20, 0x00, 0x20, 0x3d, 0x20, 0x28, 0x68, 0x61, 0x6c, 0x66, 0x34, 0x28, 0x00, 0x29, 0x2e, 0x78, 0x79, 
0x7a, 0x20, 0x2a, 0x20, 0x28, 0x68, 0x61, 0x6c, 0x66, 0x28, 0x31, 0x2e, 0x30, 0x29, 0x20, 0x2d, 0x20, 0x00, 0x20, 0x20, 
0x20, 0x20, 0x6f, 0x75, 0x74, 0x2e, 0x66, 0x72, 0x61, 0x67, 0x43, 0x6f, 0x6c, 0x6f, 0x72, 0x2e, 0x78, 0x20, 0x3d, 0x20, 
0x66, 0x6c, 0x6f, 0x61, 0x74, 0x28, 0x00, 0x2e, 0x78, 0x29, 0x3b, 0x0a, 0x00, 0x20, 0x20, 0x20, 0x20, 0x6f, 0x75, 0x74, 
0x2e, 0x66, 0x72, 0x61, 0x67, 0x43, 0x6f, 0x6c, 0x6f, 0x72, 0x2e, 0x79, 0x20, 0x3d, 0x20, 0x66, 0x6c, 0x6f, 0x61, 0x74, 
0x28, 0x00, 0x2e, 0x79, 0x29, 0x3b, 0x0a, 0x00, 0x20, 0x20, 0x20, 0x20, 0x6f, 0x75, 0x74, 0x2e, 0x66, 0x72, 0x61, 0x67, 
0x43, 0x6f, 0x6c, 0x6f, 0x72, 0x2e, 0x7a, 0x20, 0x3d, 0x20, 0x66, 0x6c, 0x6f, 0x61, 0x74, 0x28, 0x00, 0x2e, 0x7a, 0x29, 
0x3b, 0x0a, 0x00, 0x20, 0x3d, 0x20, 0x66, 0x61, 0x73, 0x74, 0x3a, 0x3a, 0x6d, 0x69, 0x6e, 0x28, 0x31, 0x2e, 0x30, 0x20, 
0x2d, 0x20, 0x65, 0x78, 0x70, 0x28, 0x2d, 0x28, 0x00, 0x20, 0x2d, 0x20, 0x28, 0x2a, 0x73, 0x70, 0x76, 0x44, 0x65, 0x73, 
0x63, 0x72, 0x69, 0x70, 0x74, 0x6f, 0x72, 0x53, 0x65, 0x74, 0x30, 0x2e, 0x66, 0x72, 0x61, 0x6d, 0x65, 0x55, 0x6e, 0x69, 
0x66, 0x6f, 0x72, 0x6d, 0x73, 0x29, 0x2e, 0x66, 0x6f, 0x67, 0x53, 0x74, 0x61, 0x72, 0x74, 0x2c, 0x20, 0x30, 0x2e, 0x30, 
0x29, 0x29, 0x29, 0x2c, 0x20, 0x28, 0x2a, 0x73, 0x70, 0x76, 0x44, 0x65, 0x73, 0x63, 0x72, 0x69, 0x70, 0x74, 0x6f, 0x72, 
0x53, 0x65, 0x74, 0x30, 0x2e, 0x66, 0x72, 0x61, 0x6d, 0x65, 0x55, 0x6e, 0x69, 0x66, 0x6f, 0x72, 0x6d, 0x73, 0x29, 0x2e, 
0x66, 0x6f, 0x67, 0x4d, 0x61, 0x78, 0x4f, 0x70, 0x61, 0x63, 0x69, 0x74, 0x79, 0x29, 0x3b, 0x0a, 0x00, 0x20, 0x3d, 0x20, 
0x66, 0x6c, 0x6f, 0x61, 0x74, 0x33, 0x28, 0x28, 0x2a, 0x73, 0x70, 0x76, 0x44, 0x65, 0x73, 0x63, 0x72, 0x69, 0x70, 0x74, 
0x6f, 0x72, 0x53, 0x65, 0x74, 0x30, 0x2e, 0x66, 0x72, 0x61, 0x6d, 0x65, 0x55, 0x6e, 0x69, 0x66, 0x6f, 0x72, 0x6d, 0x73, 
0x29, 0x2e, 0x66, 0x6f, 0x67, 0x43, 0x6f, 0x6c, 0x6f, 0x72, 0x29, 0x20, 0x2a, 0x20, 0x66, 0x6c, 0x6f, 0x61, 0x74, 0x33, 
0x28, 0x68, 0x61, 0x6c, 0x66, 0x34, 0x28, 0x73, 0x70, 0x76, 0x44, 0x65, 0x73, 0x63, 0x72, 0x69, 0x70, 0x74, 0x6f, 0x72, 
0x53, 0x65, 0x74, 0x30, 0x2e, 0x73, 0x61, 0x6d, 0x70, 0x6c, 0x65, 0x72, 0x30, 0x5f, 0x66, 0x6f, 0x67, 0x2e, 0x73, 0x61, 
0x6d, 0x70, 0x6c, 0x65, 0x28, 0x73, 0x70, 0x76, 0x44, 0x65, 0x73, 0x63, 0x72, 0x69, 0x70, 0x74, 0x6f, 0x72, 0x53, 0x65, 
0x74, 0x30, 0x2e, 0x73, 0x61, 0x6d, 0x70, 0x6c, 0x65, 0x72, 0x30, 0x5f, 0x66, 0x6f, 0x67, 0x53, 0x6d, 0x70, 0x6c, 0x72, 
0x2c, 0x20, 0x28, 0x74, 0x72, 0x61, 0x6e, 0x73, 0x70, 0x6f, 0x73, 0x65, 0x28, 0x66, 0x6c, 0x6f, 0x61, 0x74, 0x33, 0x78, 
0x33, 0x28, 0x28, 0x2a, 0x73, 0x70, 0x76, 0x44, 0x65, 0x73, 0x63, 0x72, 0x69, 0x70, 0x74, 0x6f, 0x72, 0x53, 0x65, 0x74, 
0x30, 0x2e, 0x66, 0x72, 0x61, 0x6d, 0x65, 0x55, 0x6e, 0x69, 0x66, 0x6f, 0x72, 0x6d, 0x73, 0x29, 0x2e, 0x75, 0x73, 0x65, 
0x72, 0x57, 0x6f, 0x72, 0x6c, 0x64, 0x46, 0x72, 0x6f, 0x6d, 0x57, 0x6f, 0x72, 0x6c, 0x64, 0x4d, 0x61, 0x74, 0x72, 0x69, 
0x78, 0x5b, 0x30, 0x5d, 0x2e, 0x78, 0x79, 0x7a, 0x2c, 0x20, 0x28, 0x2a, 0x73, 0x70, 0x76, 0x44, 0x65, 0x73, 0x63, 0x72, 
0x69, 0x70, 0x74, 0x6f, 0x72, 0x53, 0x65, 0x74, 0x30, 0x2e, 0x66, 0x72, 0x61, 0x6d, 0x65, 0x55, 0x6e, 0x69, 0x66, 0x6f, 
0x72, 0x6d, 0x73, 0x29, 0x2e, 0x75, 0x73, 0x65, 0x72, 0x57, 0x6f, 0x72, 0x6c, 0x64, 0x46, 0x72, 0x6f, 0x6d, 0x57, 0x6f, 
0x72, 0x6c, 0x64, 0x4d, 0x61, 0x74, 0x72, 0x69, 0x78, 0x5b, 0x31, 0x5d, 0x2e, 0x78, 0x79, 0x7a, 0x2c, 0x20, 0x28, 0x2a, 
0x73, 0x70, 0x76, 0x44, 0x65, 0x73, 0x63, 0x72, 0x69, 0x70, 0x74, 0x6f, 0x72, 0x53, 0x65, 0x74, 0x30, 0x2e, 0x66, 0x72, 
0x61, 0x6d, 0x65, 0x55, 0x6e, 0x69, 0x66, 0x6f, 0x72, 0x6d, 0x73, 0x29, 0x2e, 0x75, 0x73, 0x65, 0x72, 0x57, 0x6f, 0x72, 
0x6c, 0x64, 0x46, 0x72, 0x6f, 0x6d, 0x57, 0x6f, 0x72, 0x6c, 0x64, 0x4d, 0x61, 0x74, 0x72, 0x69, 0x78, 0x5b, 0x32, 0x5d, 
0x2e, 0x78, 0x79, 0x7a, 0x29, 0x29, 0x20, 0x2a, 0x20, 0x00, 0x29, 0x2c, 0x20, 0x6c, 0x65, 0x76, 0x65, 0x6c, 0x28, 0x6d, 
0x69, 0x78, 0x28, 0x66, 0x6c, 0x6f, 0x61, 0x74, 0x28, 0x00, 0x2e, 0x79, 0x29, 0x2c, 0x20, 0x66, 0x6c, 0x6f, 0x61, 0x74, 
0x28, 0x00, 0x2e, 0x78, 0x29, 0x2c, 0x20, 0x66, 0x61, 0x73, 0x74, 0x3a, 0x3a, 0x63, 0x6c, 0x61, 0x6d, 0x70, 0x28, 0x28, 
0x00, 0x20, 0x2a, 0x20, 0x28, 0x2a, 0x73, 0x70, 0x76, 0x44, 0x65, 0x73, 0x63, 0x72, 0x69, 0x70, 0x74, 0x6f, 0x72, 0x53, 
0x65, 0x74, 0x30, 0x2e, 0x66, 0x72, 0x61, 0x6d, 0x65, 0x55, 0x6e, 0x69, 0x66, 0x6f, 0x72, 0x6d, 0x73, 0x29, 0x2e, 0x66, 
0x6f, 0x67, 0x4f, 0x6e, 0x65, 0x4f, 0x76, 0x65, 0x72, 0x46, 0x61, 0x72, 0x4d, 0x69, 0x6e, 0x75, 0x73, 0x4e, 0x65, 0x61, 
0x72, 0x29, 0x20, 0x2d, 0x20, 0x28, 0x2a, 0x73, 0x70, 0x76, 0x44, 0x65, 0x73, 0x63, 0x72, 0x69, 0x70, 0x74, 0x6f, 0x72, 
0x53, 0x65, 0x74, 0x30, 0x2e, 0x66, 0x72, 0x61, 0x6d, 0x65, 0x55, 0x6e, 0x69, 0x66, 0x6f, 0x72, 0x6d, 0x73, 0x29, 0x2e, 
0x66, 0x6f, 0x67, 0x4e, 0x65, 0x61, 0x72, 0x4f, 0x76, 0x65, 0x72, 0x46, 0x61, 0x72, 0x4d, 0x69, 0x6e, 0x75, 0x73, 0x4e, 
0x65, 0x61, 0x72, 0x2c, 0x20, 0x30, 0x2e, 0x30, 0x2c, 0x20, 0x31, 0x2e, 0x30, 0x29, 0x29, 0x29, 0x29, 0x29, 0x2e, 0x78, 
0x79, 0x7a, 0x29, 0x3b, 0x0a, 0x00, 0x20, 0x3d, 0x20, 0x66, 0x6c, 0x6f, 0x61, 0x74, 0x33, 0x28, 0x28, 0x2a, 0x73, 0x70, 
0x76, 0x44, 0x65, 0x73, 0x63, 0x72, 0x69, 0x70, 0x74, 0x6f, 0x72, 0x53, 0x65, 0x74, 0x30, 0x2e, 0x66, 0x72, 0x61, 0x6d, 
0x65, 0x55, 0x6e, 0x69, 0x66, 0x6f, 0x72, 0x6d, 0x73, 0x29, 0x2e, 0x66, 0x6f, 0x67, 0x43, 0x6f, 0x6c, 0x6f, 0x72, 0x29, 
0x3b, 0x0a, 0x00, 0x20, 0x2a, 0x20, 0x28, 0x28, 0x2a, 0x73, 0x70, 0x76, 0x44, 0x65, 0x73, 0x63, 0x72, 0x69, 0x70, 0x74, 
0x6f, 0x72, 0x53, 0x65, 0x74, 0x30, 0x2e, 0x66, 0x72, 0x61, 0x6d, 0x65, 0x55, 0x6e, 0x69, 0x66, 0x6f, 0x72, 0x6d, 0x73, 
0x29, 0x2e, 0x69, 0x62, 0x6c, 0x4c, 0x75, 0x6d, 0x69, 0x6e, 0x61, 0x6e, 0x63, 0x65, 0x20, 0x2a, 0x20, 0x00, 0x20, 0x2b, 
0x20, 0x28, 0x28, 0x28, 0x2a, 0x73, 0x70, 0x76, 0x44, 0x65, 0x73, 0x63, 0x72, 0x69, 0x70, 0x74, 0x6f, 0x72, 0x53, 0x65, 
0x74, 0x30, 0x2e, 0x66, 0x72, 0x61, 0x6d, 0x65, 0x55, 0x6e, 0x69, 0x66, 0x6f, 0x72, 0x6d, 0x73, 0x29, 0x2e, 0x6c, 0x69, 
0x67, 0x68, 0x74, 0x43, 0x6f, 0x6c, 0x6f, 0x72, 0x49, 0x6e, 0x74, 0x65, 0x6e, 0x73, 0x69, 0x74, 0x79, 0x2e, 0x78, 0x79, 
0x7a, 0x20, 0x2a, 0x20, 0x28, 0x2a, 0x73, 0x70, 0x76, 0x44, 0x65, 0x73, 0x63, 0x72, 0x69, 0x70, 0x74, 0x6f, 0x72, 0x53, 
0x65, 0x74, 0x30, 0x2e, 0x66, 0x72, 0x61, 0x6d, 0x65, 0x55, 0x6e, 0x69, 0x66, 0x6f, 0x72, 0x6d, 0x73, 0x29, 0x2e, 0x6c, 
0x69, 0x67, 0x68, 0x74, 0x43, 0x6f, 0x6c, 0x6f, 0x72, 0x49, 0x6e, 0x74, 0x65, 0x6e, 0x73, 0x69, 0x74, 0x79, 0x2e, 0x77, 
0x29, 0x20, 0x2a, 0x20, 0x28, 0x70, 0x6f, 0x77, 0x72, 0x28, 0x66, 0x61, 0x73, 0x74, 0x3a, 0x3a, 0x6d, 0x61, 0x78, 0x28, 
0x64, 0x6f, 0x74, 0x28, 0x66, 0x61, 0x73, 0x74, 0x3a, 0x3a, 0x6e, 0x6f, 0x72, 0x6d, 0x61, 0x6c, 0x69, 0x7a, 0x65, 0x28, 
0x00, 0x29, 0x2c, 0x20, 0x66, 0x6c, 0x6f, 0x61, 0x74, 0x33, 0x28, 0x28, 0x2a, 0x73, 0x70, 0x76, 0x44, 0x65, 0x73, 0x63, 
0x72, 0x69, 0x70, 0x74, 0x6f, 0x72, 0x53, 0x65, 0x74, 0x30, 0x2e, 0x66, 0x72, 0x61, 0x6d, 0x65, 0x55, 0x6e, 0x69, 0x66, 
0x6f, 0x72, 0x6d, 0x73, 0x29, 0x2e, 0x6c, 0x69, 0x67, 0x68, 0x74, 0x44, 0x69, 0x72, 0x65, 0x63, 0x74, 0x69, 0x6f, 0x6e, 
0x29, 0x29, 0x2c, 0x20, 0x30, 0x2e, 0x30, 0x29, 0x2c, 0x20, 0x28, 0x2a, 0x73, 0x70, 0x76, 0x44, 0x65, 0x73, 0x63, 0x72, 
0x69, 0x70, 0x74, 0x6f, 0x72, 0x53, 0x65, 0x74, 0x30, 0x2e, 0x66, 0x72, 0x61, 0x6d, 0x65, 0x55, 0x6e, 0x69, 0x66, 0x6f, 
0x72, 0x6d, 0x73, 0x29, 0x2e, 0x66, 0x6f, 0x67, 0x49, 0x6e, 0x73, 0x63, 0x61, 0x74, 0x74, 0x65, 0x72, 0x69, 0x6e, 0x67, 
0x53, 0x69, 0x7a, 0x65, 0x29, 0x20, 0x2a, 0x20, 0x28, 0x31, 0x2e, 0x30, 0x20, 0x2d, 0x20, 0x65, 0x78, 0x70, 0x28, 0x2d, 
0x28, 0x00, 0x20, 0x2d, 0x20, 0x28, 0x2a, 0x73, 0x70, 0x76, 0x44, 0x65, 0x73, 0x63, 0x72, 0x69, 0x70, 0x74, 0x6f, 0x72, 
0x53, 0x65, 0x74, 0x30, 0x2e, 0x66, 0x72, 0x61, 0x6d, 0x65, 0x55, 0x6e, 0x69, 0x66, 0x6f, 0x72, 0x6d, 0x73, 0x29, 0x2e, 
0x66, 0x6f, 0x67, 0x49, 0x6e, 0x73, 0x63, 0x61, 0x74, 0x74, 0x65, 0x72, 0x69, 0x6e, 0x67, 0x53, 0x74, 0x61, 0x72, 0x74, 
0x2c, 0x20, 0x30, 0x2e, 0x30, 0x29, 0x29, 0x29, 0x29, 0x29, 0x29, 0x3b, 0x0a, 0x00, 0x20, 0x3d, 0x20, 0x66, 0x6c, 0x6f, 
0x61, 0x74, 0x34, 0x28, 0x00, 0x2e, 0x78, 0x79, 0x7a, 0x20, 0x2a, 0x20, 0x28, 0x31, 0x2e, 0x30, 0x20, 0x2d, 0x20, 0x00, 
0x20, 0x20, 0x20, 0x20, 0x6f, 0x75, 0x74, 0x2e, 0x66, 0x72, 0x61, 0x67, 0x43, 0x6f, 0x6c, 0x6f, 0x72, 0x2e, 0x78, 0x20, 
0x3d, 0x20, 0x00, 0x20, 0x20, 0x20, 0x20, 0x6f, 0x75, 0x74, 0x2e, 0x66, 0x72, 0x61, 0x67, 0x43, 0x6f, 0x6c, 0x6f, 0x72, 
0x2e, 0x79, 0x20, 0x3d, 0x20, 0x00, 0x20, 0x20, 0x20, 0x20, 0x6f, 0x75, 0x74, 0x2e, 0x66, 0x72, 0x61, 0x67, 0x43, 0x6f, 
0x6c, 0x6f, 0x72, 0x2e, 0x7a, 0x20, 0x3d, 0x20, 0x00, 0x4c, 0x54, 0x45, 0x4d, 0x5f, 0x54, 0x41, 0x4d, 0x82, 0x1c, 0x00, 
0x00, 0x82, 0x00, 0x34, 0x00, 0xf2, 0x00, 0x00, 0x00, 0x12, 0x00, 0x00, 0x00, 0x00, 0x00, 0x00, 0x00, 0x01, 0x00, 0x00, 
0x8e, 0x00, 0x00, 0x00, 0x01, 0x00, 0x01, 0xc8, 0x01, 0x00, 0x00, 0x01, 0x02, 0x00, 0x7f, 0x04, 0x00, 0x00, 0x01, 0x10, 
0x00, 0xfa, 0x05, 0x00, 0x00, 0x01, 0x10, 0x01, 0x32, 0x07, 0x00, 0x00, 0x01, 0x12, 0x00, 0x6c, 0x07, 0x00, 0x00, 0x01, 
0x20, 0x01, 0xe5, 0x08, 0x00, 0x00, 0x01, 0x30, 0x01, 0xe7, 0x0c, 0x00, 0x00, 0x01, 0x70, 0x01, 0x62, 0x0d, 0x00, 0x00, 
0x02, 0x00, 0x00, 0x8e, 0x00, 0x00, 0x00, 0x02, 0x00, 0x01, 0x11, 0x10, 0x00, 0x00, 0x02, 0x02, 0x00, 0xb5, 0x12, 0x00, 
0x00, 0x02, 0x10, 0x00, 0xfa, 0x05, 0x00, 0x00, 0x02, 0x10, 0x01, 0x32, 0x07, 0x00, 0x00, 0x02, 0x12, 0x00, 0x6b, 0x14, 
0x00, 0x00, 0x02, 0x20, 0x01, 0x1f, 0x16, 0x00, 0x00, 0x02, 0x30, 0x01, 0xe7, 0x0c, 0x00, 0x00, 0x02, 0x70, 0x01, 0xe6, 
0x19, 0x00, 0x00, 0x91, 0x10, 0x00, 0x00, 0xe0, 0x00, 0x00, 0x00, 0x00, 0x00, 0x00, 0x00, 0xe0, 0x00, 0x00, 0x00, 0x46, 
0x00, 0x00, 0x00, 0x11, 0x12, 0x01, 0x13, 0x01, 0x1a, 0x05, 0x1b, 0x1c, 0x1d, 0x1e, 0x1f, 0x20, 0x21, 0x22, 0x23, 0x24, 
0x25, 0x26, 0x27, 0x28, 0x29, 0x2a, 0x2b, 0x2c, 0x2d, 0x2e, 0x2f, 0x30, 0x31, 0x32, 0x33, 0x34, 0x35, 0x36, 0x37, 0x38, 
0x39, 0x3a, 0x3b, 0x3c, 0x3d, 0x3e, 0x3f, 0x40, 0x41, 0x42, 0x43, 0x44, 0x45, 0x46, 0x47, 0x48, 0x49, 0x4a, 0x4b, 0x4c, 
0x4d, 0x4e, 0x4f, 0x50, 0x51, 0x52, 0x53, 0x54, 0x55, 0x56, 0x57, 0x58, 0x59, 0x5a, 0x5b, 0x5c, 0x5d, 0x5e, 0x5f, 0x60, 
0x61, 0x62, 0x63, 0x64, 0x65, 0x66, 0x67, 0x68, 0x69, 0x6a, 0x6b, 0x6c, 0x6d, 0x6e, 0x6f, 0x70, 0x71, 0x72, 0x73, 0x74, 
0x04, 0x01, 0x75, 0x7b, 0x76, 0x77, 0x7c, 0x04, 0x01, 0x14, 0x05, 0x78, 0x7d, 0x7e, 0x7f, 0x85, 0x04, 0x01, 0x18, 0x05, 
0x86, 0x04, 0x01, 0x87, 0x05, 0x15, 0x88, 0x08, 0xfe, 0x89, 0x08, 0xfe, 0x02, 0xfe, 0x00, 0x82, 0xfe, 0x8a, 0xfe, 0x8b, 
0x08, 0xfe, 0x8c, 0xfe, 0x00, 0x83, 0xfe, 0x02, 0xfe, 0x79, 0x08, 0xfe, 0x00, 0x8d, 0xfe, 0x8e, 0x06, 0x17, 0xfe, 0x02, 
0xfe, 0x00, 0x03, 0xfe, 0x8f, 0xfe, 0x90, 0x03, 0xfe, 0x02, 0xfe, 0x00, 0x07, 0x0a, 0x06, 0x03, 0xfe, 0x02, 0xfe, 0x00, 
0x07, 0x08, 0xfe, 0x02, 0xfe, 0x91, 0xfe, 0x84, 0x7a, 0xfe, 0x10, 0xfe, 0x92, 0x08, 0xfe, 0x80, 0x82, 0xfe, 0x0c, 0xfe, 
0x0b, 0x82, 0xfe, 0x0d, 0xfe, 0x09, 0x93, 0xfe, 0x00, 0x94, 0xfe, 0x0b, 0x95, 0xfe, 0x09, 0x96, 0xfe, 0x0f, 0x97, 0xfe, 
0x00, 0x98, 0xfe, 0x00, 0x16, 0x0e, 0x01, 0xf1, 0x71, 0xa7, 0xc3, 0xf1, 0x71, 0xa7, 0xc3, 0xf1, 0x71, 0x87, 0x8a, 0xa7, 
0xc3, 0xe4, 0x7d, 0x87, 0x8a, 0x8e, 0x9f, 0xe4, 0x7d, 0x83, 0x59, 0x87, 0x8a, 0x83, 0x59, 0xe4, 0x7d, 0x8e, 0x9f, 0x83, 
0x59, 0x8e, 0x9f, 0x87, 0x8a, 0xb5, 0xbb, 0x8e, 0x9f, 0x8e, 0x9f, 0x9d, 0xbc, 0xf1, 0x71, 0x88, 0xa0, 0x88, 0xa0, 0x9d, 
0xbc, 0x88, 0xa0, 0x9d, 0xbc, 0x88, 0xa0, 0xb5, 0xbb, 0xb5, 0xbb, 0xb5, 0xbb, 0xa7, 0xc3, 0xa7, 0xc3, 0xa2, 0x21, 0x00, 
0x00, 0xd4, 0x01, 0x00, 0x00, 0x17, 0x00, 0x00, 0x00, 0xd4, 0x01, 0x00, 0x00, 0xb8, 0x00, 0x00, 0x00, 0x11, 0x12, 0x01, 
0x13, 0x01, 0x1a, 0x05, 0x1b, 0x1c, 0x1d, 0x1e, 0x1f, 0x20, 0x21, 0x22, 0x23, 0x24, 0x25, 0x26, 0x27, 0x28, 0x29, 0x2a, 
0x2b, 0x2c, 0x2d, 0x2e, 0x2f, 0x30, 0x31, 0x32, 0x33, 0x34, 0x35, 0x36, 0x37, 0x38, 0x39, 0x3a, 0x3b, 0x3c, 0x3d, 0x3e, 
0x3f, 0x40, 0x41, 0x42, 0x43, 0x44, 0x45, 0x46, 0x47, 0x48, 0x49, 0x4a, 0x4b, 0x4c, 0x4d, 0x4e, 0x4f, 0x50, 0x51, 0x52, 
0x53, 0x54, 0x55, 0x56, 0x57, 0x58, 0x59, 0x5a, 0x5b, 0x5c, 0x5d, 0x5e, 0x5f, 0x60, 0x61, 0x62, 0x63, 0x64, 0x65, 0x66, 
0x67, 0x68, 0x69, 0x6a, 0x6b, 0x6c, 0x6d, 0x6e, 0x6f, 0x70, 0x71, 0x72, 0x73, 0x74, 0x04, 0x01, 0x9a, 0x05, 0x9b, 0x9c, 
0x9d, 0x9e, 0x9f, 0xa0, 0x04, 0x01, 0xf0, 0xfe, 0xb2, 0x01, 0x75, 0x7b, 0xe0, 0xe1, 0xe2, 0x76, 0x77, 0x7c, 0xe3, 0xe4, 
0xe5, 0xb3, 0xb4, 0xe6, 0xe7, 0xe8, 0xe9, 0xea, 0xeb, 0x04, 0x01, 0xa1, 0xa2, 0xa3, 0xa4, 0xa5, 0xa6, 0xa7, 0x04, 0x01, 
0x14, 0x05, 0xb5, 0xa8, 0x04, 0x01, 0x18, 0x05, 0x78, 0x04, 0x01, 0xb6, 0x05, 0xa9, 0x15, 0x08, 0xfe, 0xb7, 0x7a, 0xfe, 
0x02, 0xfe, 0xb8, 0x83, 0xfe, 0xb9, 0x83, 0xfe, 0x00, 0x87, 0xfe, 0x84, 0x06, 0x03, 0xfe, 0x02, 0xfe, 0xba, 0x07, 0x0a, 
0x06, 0x03, 0xfe, 0x02, 0xfe, 0x00, 0x07, 0x83, 0xfe, 0x00, 0x87, 0xfe, 0x84, 0x06, 0x03, 0xfe, 0x02, 0xfe, 0xbb, 0x07, 
0x0a, 0x06, 0x03, 0xfe, 0x02, 0xfe, 0x00, 0x07, 0x83, 0xfe, 0x00, 0x87, 0xfe, 0x84, 0x06, 0x03, 0xfe, 0x02, 0xfe, 0xbc, 
0x07, 0x0a, 0x06, 0x03, 0xfe, 0x02, 0xfe, 0x00, 0x07, 0x83, 0xfe, 0x00, 0x87, 0xfe, 0x84, 0x06, 0x03, 0xfe, 0x02, 0xfe, 
0xbd, 0x07, 0x0a, 0x06, 0x03, 0xfe, 0x02, 0xfe, 0x00, 0x07, 0xec, 0xfe, 0x00, 0xbe, 0xfe, 0x84, 0x06, 0x03, 0xfe, 0xf0, 
0x07, 0x0a, 0x06, 0xad, 0xfe, 0x00, 0xbf, 0x85, 0xf0, 0xfe, 0xed, 0xde, 0xfe, 0xf0, 0xfe, 0x19, 0x82, 0xfe, 0x0d, 0xfe, 
0xf0, 0xfe, 0xf0, 0xf0, 0xfe, 0x00, 0xc0, 0xc1, 0xf0, 0xfe, 0x10, 0xfe, 0xf0, 0xc2, 0x88, 0xc3, 0xfe, 0x89, 0xfe, 0xf0, 
0xfe, 0xc4, 0xfe, 0x8a, 0xc5, 0x8b, 0xc6, 0x88, 0xc7, 0x8c, 0xc8, 0xfe, 0xf0, 0xfe, 0xaa, 0xfe, 0x8a, 0xc9, 0x8d, 0xca, 
0x8c, 0xcb, 0x8e, 0xcc, 0xfe, 0x89, 0xfe, 0xf0, 0xfe, 0xdf, 0xfe, 0x8f, 0xcd, 0x90, 0xce, 0x8e, 0xcf, 0x91, 0xd0, 0xfe, 
0x89, 0xfe, 0xf0, 0xfe, 0x8f, 0xd1, 0x92, 0xd2, 0x91, 0xd3, 0x93, 0x94, 0xfe, 0x89, 0xfe, 0x95, 0xfe, 0xaa, 0xfe, 0xf0, 
0x96, 0x97, 0xd4, 0x93, 0x94, 0xfe, 0xf0, 0xfe, 0x95, 0xfe, 0xf0, 0x96, 0x97, 0xd5, 0x92, 0xd6, 0x90, 0xd7, 0x8d, 0xd8, 
0x8b, 0xd9, 0xda, 0x82, 0xfe, 0xf0, 0xfe, 0xf0, 0x86, 0x98, 0x85, 0x82, 0xfe, 0xae, 0xfe, 0x09, 0x82, 0xfe, 0xf0, 0xfe, 
0xf0, 0x86, 0xab, 0xfe, 0x02, 0xfe, 0xdb, 0xfe, 0x79, 0xad, 0xfe, 0x00, 0x03, 0xfe, 0x0c, 0xfe, 0x0b, 0x03, 0xfe, 0x0d, 
0xfe, 0x09, 0x03, 0xfe, 0x99, 0xfe, 0x0f, 0xab, 0xfe, 0x02, 0xfe, 0xf0, 0xfe, 0x81, 0xad, 0xfe, 0xf0, 0x03, 0xfe, 0x0c, 
0xfe, 0x0b, 0x03, 0xfe, 0x0d, 0xfe, 0x09, 0x03, 0xfe, 0x99, 0xfe, 0x0f, 0x03, 0xfe, 0x02, 0xfe, 0x00, 0x07, 0xac, 0xf0, 
0xfe, 0x19, 0x16, 0x0e, 0x01, 0x01, 0x02, 0x03, 0x04, 0x05, 0x06, 0x07, 0x08, 0x09, 0x0a, 0x0b, 0x0c, 0x0d, 0x0e, 0x0f, 
0x10, 0x11, 0x12, 0x13, 0x14, 0x15, 0x16, 0x17, 0x94, 0xb9, 0xa3, 0x66, 0xc5, 0x68, 0xa3, 0x66, 0xc6, 0x89, 0x80, 0x3a, 
0xc6, 0x89, 0x80, 0x3a, 0xa3, 0x66, 0x80, 0x3a, 0xc6, 0x89, 0x81, 0x3a, 0x80, 0x3a, 0x81, 0x3a, 0xa3, 0x66, 0x81, 0x3a, 
0x80, 0x3a, 0x82, 0x3a, 0x81, 0x3a, 0x82, 0x3a, 0xa3, 0x66, 0x82, 0x3a, 0x81, 0x3a, 0xd5, 0x64, 0x82, 0x3a, 0xd5, 0x64, 
0xa3, 0x66, 0xd5, 0x64, 0x82, 0x3a, 0xcd, 0xa9, 0xd5, 0x64, 0xcd, 0xa9, 0xd3, 0x96, 0xd9, 0x53, 0xa7, 0x56, 0xc5, 0x68, 
0xa7, 0x56, 0xd9, 0x53, 0xa3, 0x66, 0xb1, 0xaa, 0xd7, 0x5a, 0xa7, 0x56, 0xb1, 0xaa, 0xd9, 0x53, 0xd7, 0x5a, 0xd7, 0x5a, 
0xb1, 0xaa, 0xd7, 0x5a, 0xd7, 0x5a, 0xb1, 0xaa, 0xd7, 0x5a, 0xd9, 0x53, 0xd7, 0x5a, 0xb1, 0xaa, 0xd7, 0x5a, 0xd7, 0x5a, 
0xb1, 0xaa, 0xd7, 0x5a, 0xd7, 0x5a, 0xd9, 0x53, 0xb1, 0xaa, 0xd7, 0x5a, 0xd7, 0x5a, 0xd3, 0x96, 0xb1, 0xaa, 0xc5, 0x68, 
0xa3, 0x66, 0xd3, 0x96, 0xc5, 0x68, 0x86, 0x87, 0xd3, 0x96, 0xd3, 0x96, 0xc6, 0x82, 0xc6, 0x82, 0x86, 0x87, 0xc6, 0x82, 
0x86, 0x87, 0xc6, 0x82, 0x86, 0x87, 0x8d, 0x45, 0xc6, 0x82, 0xd3, 0x96, 0x99, 0x84, 0x99, 0x84, 0x8d, 0x45, 0x99, 0x84, 
0x8d, 0x45, 0x99, 0x84, 0x8d, 0x45, 0xcd, 0xa9, 0x99, 0x84, 0xcd, 0xa9, 0x17, 0x15, 0x00, 0x00, 0x2c, 0x01, 0x00, 0x00, 
0x00, 0x00, 0x00, 0x00, 0x2c, 0x01, 0x00, 0x00, 0x3b, 0x00, 0x00, 0x00, 0x9b, 0x01, 0x11, 0x12, 0x01, 0x13, 0x01, 0x9c, 
0x9d, 0x9e, 0x05, 0x9f, 0xa0, 0x0e, 0x01, 0x1a, 0x05, 0x1b, 0x1c, 0x1d, 0x1e, 0x1f, 0x20, 0x21, 0x22, 0x23, 0x24, 0x25, 
0x26, 0x27, 0x28, 0x29, 0x2a, 0x2b, 0x2c, 0x2d, 0x2e, 0x2f, 0x30, 0x31, 0x32, 0x33, 0x34, 0x35, 0x36, 0x37, 0x38, 0x39, 
0x3a, 0x3b, 0x3c, 0x3d, 0x3e, 0x3f, 0x40, 0x41, 0x42, 0x43, 0x44, 0x45, 0x46, 0x47, 0x48, 0x49, 0x4a, 0x4b, 0x4c, 0x4d, 
0x4e, 0x4f, 0x50, 0x51, 0x52, 0x53, 0x54, 0x55, 0x56, 0x57, 0x58, 0x59, 0x5a, 0x5b, 0x5c, 0x5d, 0x5e, 0x5f, 0x60, 0x61, 
0x62, 0x63, 0x64, 0x65, 0x66, 0x67, 0x68, 0x69, 0x6a, 0x6b, 0x6c, 0x6d, 0x6e, 0x6f, 0x70, 0x71, 0x72, 0x73, 0x74, 0x04, 
0x01, 0xa1, 0xa2, 0x01, 0x75, 0x7b, 0x76, 0x77, 0x7c, 0x04, 0x01, 0x14, 0x05, 0x78, 0x7d, 0x7e, 0x7f, 0x85, 0xa3, 0xa4, 
0xa5, 0x04, 0x01, 0x18, 0x05, 0x86, 0x04, 0x01, 0x87, 0x05, 0x15, 0x88, 0x08, 0xfe, 0x89, 0x08, 0xfe, 0x02, 0xfe, 0x00, 
0x82, 0xfe, 0x8a, 0xfe, 0x8b, 0x08, 0xfe, 0x8c, 0xfe, 0x00, 0x83, 0xfe, 0x02, 0xfe, 0x79, 0x08, 0xfe, 0x00, 0x8d, 0xfe, 
0x8e, 0x06, 0x17, 0xfe, 0x02, 0xfe, 0x00, 0x03, 0xfe, 0x8f, 0xfe, 0x90, 0x03, 0xfe, 0x02, 0xfe, 0x00, 0x07, 0x0a, 0x06, 
0x03, 0xfe, 0x02, 0xfe, 0x00, 0x07, 0x08, 0xfe, 0x02, 0xfe, 0x91, 0xfe, 0x84, 0x7a, 0xfe, 0x10, 0xfe, 0x92, 0x08, 0xfe, 
0x80, 0x82, 0xfe, 0x0c, 0xfe, 0x0b, 0x82, 0xfe, 0x0d, 0xfe, 0x09, 0x93, 0xfe, 0x00, 0x94, 0xfe, 0x0b, 0x95, 0xfe, 0x09, 
0x96, 0xfe, 0x0f, 0x97, 0xfe, 0x00, 0xa6, 0xfe, 0xa7, 0x83, 0xfe, 0xa8, 0x83, 0xfe, 0xa9, 0xfe, 0x00, 0x83, 0xfe, 0xaa, 
0xfe, 0x00, 0x83, 0xfe, 0x02, 0xfe, 0x99, 0xfe, 0x19, 0x83, 0xfe, 0x10, 0xfe, 0xab, 0xfe, 0xac, 0xfe, 0xad, 0xfe, 0x9a, 
0xfe, 0x84, 0x82, 0xfe, 0x0c, 0xfe, 0x00, 0xae, 0xfe, 0xaf, 0xfe, 0x9a, 0xfe, 0x84, 0xb0, 0xfe, 0xb1, 0xfe, 0x99, 0xfe, 
0xb2, 0xfe, 0x81, 0x98, 0xfe, 0x00, 0xb3, 0xb4, 0xb5, 0x16, 0x0e, 0x01, 0x44, 0x48, 0x44, 0x48, 0x44, 0x49, 0x48, 0x4a, 
0x49, 0x52, 0x4a, 0x51, 0x49, 0x51, 0x4a, 0x52, 0x51, 0x52, 0x49, 0x55, 0x52, 0x52, 0x58, 0x44, 0x5a, 0x5a, 0x58, 0x5a, 
0x58, 0x5a, 0x55, 0x55, 0x55, 0x48, 0x64, 0x65, 0x66, 0x65, 0x67, 0x65, 0x6a, 0x66, 0x64, 0x70, 0x44, 0x67, 0x67, 0x6a, 
0x44, 0x48, 0x70, 0x70, 0x6a, 0x44, 0x70, 0x66, 0x64, 0x44, 0x48, 0x47, 0x10, 0x00, 0x00, 0xde, 0x00, 0x00, 0x00, 0x00, 
0x00, 0x00, 0x00, 0xde, 0x00, 0x00, 0x00, 0x46, 0x00, 0x00, 0x00, 0x11, 0x12, 0x01, 0x13, 0x01, 0x1a, 0x05, 0x1b, 0x1c, 
0x1d, 0x1e, 0x1f, 0x20, 0x21, 0x22, 0x23, 0x24, 0x25, 0x26, 0x27, 0x28, 0x29, 0x2a, 0x2b, 0x2c, 0x2d, 0x2e, 0x2f, 0x30, 
0x31, 0x32, 0x33, 0x34, 0x35, 0x36, 0x37, 0x38, 0x39, 0x3a, 0x3b, 0x3c, 0x3d, 0x3e, 0x3f, 0x40, 0x41, 0x42, 0x43, 0x44, 
0x45, 0x46, 0x47, 0x48, 0x49, 0x4a, 0x4b, 0x4c, 0x4d, 0x4e, 0x4f, 0x50, 0x51, 0x52, 0x53, 0x54, 0x55, 0x56, 0x57, 0x58, 
0x59, 0x5a, 0x5b, 0x5c, 0x5d, 0x5e, 0x5f, 0x60, 0x61, 0x62, 0x63, 0x64, 0x65, 0x66, 0x67, 0x68, 0x69, 0x6a, 0x6b, 0x6c, 
0x6d, 0x6e, 0x6f, 0x70, 0x71, 0x72, 0x73, 0x74, 0x04, 0x01, 0x75, 0x76, 0x77, 0x04, 0x01, 0x14, 0x05, 0x78, 0x7d, 0x7e, 
0x7f, 0x85, 0x04, 0x01, 0x18, 0x05, 0x86, 0x04, 0x01, 0x87, 0x05, 0x15, 0x88, 0x08, 0xfe, 0x89, 0x08, 0xfe, 0x02, 0xfe, 
0x00, 0x82, 0xfe, 0x8a, 0xfe, 0x8b, 0x08, 0xfe, 0x8c, 0xfe, 0x00, 0x83, 0xfe, 0x02, 0xfe, 0x79, 0x08, 0xfe, 0x00, 0x8d, 
0xfe, 0x8e, 0x06, 0x17, 0xfe, 0x02, 0xfe, 0x00, 0x03, 0xfe, 0x8f, 0xfe, 0x90, 0x03, 0xfe, 0x02, 0xfe, 0x00, 0x07, 0x0a, 
0x06, 0x03, 0xfe, 0x02, 0xfe, 0x00, 0x07, 0x08, 0xfe, 0x02, 0xfe, 0x91, 0xfe, 0x84, 0x7a, 0xfe, 0x10, 0xfe, 0x92, 0x08, 
0xfe, 0x80, 0x82, 0xfe, 0x0c, 0xfe, 0x0b, 0x82, 0xfe, 0x0d, 0xfe, 0x09, 0x93, 0xfe, 0x00, 0x94, 0xfe, 0x0b, 0x95, 0xfe, 
0x09, 0x96, 0xfe, 0x0f, 0x97, 0xfe, 0x00, 0x98, 0xfe, 0x00, 0x16, 0x0e, 0x01, 0xf1, 0x71, 0xa7, 0xc3, 0xf1, 0x71, 0xa7, 
0xc3, 0xf1, 0x71, 0x87, 0x8a, 0xa7, 0xc3, 0xe4, 0x7d, 0x87, 0x8a, 0x8e, 0x9f, 0xe4, 0x7d, 0x83, 0x59, 0x87, 0x8a, 0x83, 
0x59, 0xe4, 0x7d, 0x8e, 0x9f, 0x83, 0x59, 0x8e, 0x9f, 0x87, 0x8a, 0xb5, 0xbb, 0x8e, 0x9f, 0x8e, 0x9f, 0x9d, 0xbc, 0xf1, 
0x71, 0x88, 0xa0, 0x88, 0xa0, 0x9d, 0xbc, 0x88, 0xa0, 0x9d, 0xbc, 0x88, 0xa0, 0xb5, 0xbb, 0xb5, 0xbb, 0xb5, 0xbb, 0xa7, 
0xc3, 0xa7, 0xc3, 0xc8, 0x03, 0x00, 0x00, 0x25, 0x00, 0x00, 0x00, 0x01, 0x00, 0x00, 0x00, 0x25, 0x00, 0x00, 0x00, 0x00, 
0x00, 0x00, 0x00, 0x11, 0x12, 0x01, 0x13, 0x01, 0x9a, 0x05, 0x9b, 0x9c, 0x9d, 0x9e, 0x9f, 0xa0, 0x04, 0x01, 0xa1, 0xa2, 
0xa3, 0xa4, 0xa5, 0xa6, 0xa7, 0x04, 0x01, 0x14, 0x05, 0xa8, 0x04, 0x01, 0xf0, 0x05, 0xa9, 0x15, 0xac, 0x16, 0x0e, 0x01, 
0x2a, 0xcd, 0x14, 0x00, 0x00, 0x2a, 0x01, 0x00, 0x00, 0x00, 0x00, 0x00, 0x00, 0x2a, 0x01, 0x00, 0x00, 0x3b, 0x00, 0x00, 
0x00, 0x9b, 0x01, 0x11, 0x12, 0x01, 0x13, 0x01, 0x9c, 0x9d, 0x9e, 0x05, 0x9f, 0xa0, 0x0e, 0x01, 0x1a, 0x05, 0x1b, 0x1c, 
0x1d, 0x1e, 0x1f, 0x20, 0x21, 0x22, 0x23, 0x24, 0x25, 0x26, 0x27, 0x28, 0x29, 0x2a, 0x2b, 0x2c, 0x2d, 0x2e, 0x2f, 0x30, 
0x31, 0x32, 0x33, 0x34, 0x35, 0x36, 0x37, 0x38, 0x39, 0x3a, 0x3b, 0x3c, 0x3d, 0x3e, 0x3f, 0x40, 0x41, 0x42, 0x43, 0x44, 
0x45, 0x46, 0x47, 0x48, 0x49, 0x4a, 0x4b, 0x4c, 0x4d, 0x4e, 0x4f, 0x50, 0x51, 0x52, 0x53, 0x54, 0x55, 0x56, 0x57, 0x58, 
0x59, 0x5a, 0x5b, 0x5c, 0x5d, 0x5e, 0x5f, 0x60, 0x61, 0x62, 0x63, 0x64, 0x65, 0x66, 0x67, 0x68, 0x69, 0x6a, 0x6b, 0x6c, 
0x6d, 0x6e, 0x6f, 0x70, 0x71, 0x72, 0x73, 0x74, 0x04, 0x01, 0xa1, 0xa2, 0x01, 0x75, 0x76, 0x77, 0x04, 0x01, 0x14, 0x05, 
0x78, 0x7d, 0x7e, 0x7f, 0x85, 0xa3, 0xa4, 0xa5, 0x04, 0x01, 0x18, 0x05, 0x86, 0x04, 0x01, 0x87, 0x05, 0x15, 0x88, 0x08, 
0xfe, 0x89, 0x08, 0xfe, 0x02, 0xfe, 0x00, 0x82, 0xfe, 0x8a, 0xfe, 0x8b, 0x08, 0xfe, 0x8c, 0xfe, 0x00, 0x83, 0xfe, 0x02, 
0xfe, 0x79, 0x08, 0xfe, 0x00, 0x8d, 0xfe, 0x8e, 0x06, 0x17, 0xfe, 0x02, 0xfe, 0x00, 0x03, 0xfe, 0x8f, 0xfe, 0x90, 0x03, 
0xfe, 0x02, 0xfe, 0x00, 0x07, 0x0a, 0x06, 0x03, 0xfe, 0x02, 0xfe, 0x00, 0x07, 0x08, 0xfe, 0x02, 0xfe, 0x91, 0xfe, 0x84, 
0x7a, 0xfe, 0x10, 0xfe, 0x92, 0x08, 0xfe, 0x80, 0x82, 0xfe, 0x0c, 0xfe, 0x0b, 0x82, 0xfe, 0x0d, 0xfe, 0x09, 0x93, 0xfe, 
0x00, 0x94, 0xfe, 0x0b, 0x95, 0xfe, 0x09, 0x96, 0xfe, 0x0f, 0x97, 0xfe, 0x00, 0xa6, 0xfe, 0xa7, 0x83, 0xfe, 0xa8, 0x83, 
0xfe, 0xa9, 0xfe, 0x00, 0x83, 0xfe, 0xaa, 0xfe, 0x00, 0x83, 0xfe, 0x02, 0xfe, 0x99, 0xfe, 0x19, 0x83, 0xfe, 0x10, 0xfe, 
0xab, 0xfe, 0xac, 0xfe, 0xad, 0xfe, 0x9a, 0xfe, 0x84, 0x82, 0xfe, 0x0c, 0xfe, 0x00, 0xae, 0xfe, 0xaf, 0xfe, 0x9a, 0xfe, 
0x84, 0xb0, 0xfe, 0xb1, 0xfe, 0x99, 0xfe, 0xb2, 0xfe, 0x81, 0x98, 0xfe, 0x00, 0xb3, 0xb4, 0xb5, 0x16, 0x0e, 0x01, 0x44, 
0x48, 0x44, 0x48, 0x44, 0x49, 0x48, 0x4a, 0x49, 0x52, 0x4a, 0x51, 0x49, 0x51, 0x4a, 0x52, 0x51, 0x52, 0x49, 0x55, 0x52, 
0x52, 0x58, 0x44, 0x5a, 0x5a, 0x58, 0x5a, 0x58, 0x5a, 0x55, 0x55, 0x55, 0x48, 0x64, 0x65, 0x66, 0x65, 0x67, 0x65, 0x6a, 
0x66, 0x64, 0x70, 0x44, 0x67, 0x67, 0x6a, 0x44, 0x48, 0x70, 0x70, 0x6a, 0x44, 0x70, 0x66, 0x64, 0x44, 0x48, 0x39, 0x2e, 
0x00, 0x00, 0x7d, 0x02, 0x00, 0x00, 0x49, 0x00, 0x00, 0x00, 0x7d, 0x02, 0x00, 0x00, 0x28, 0x01, 0x00, 0x00, 0x11, 0x12, 
0x01, 0x13, 0x01, 0x1a, 0x05, 0x1b, 0x1c, 0x1d, 0x1e, 0x1f, 0x20, 0x21, 0x22, 0x23, 0x24, 0x25, 0x26, 0x27, 0x28, 0x29, 
0x2a, 0x2b, 0x2c, 0x2d, 0x2e, 0x2f, 0x30, 0x31, 0x32, 0x33, 0x34, 0x35, 0x36, 0x37, 0x38, 0x39, 0x3a, 0x3b, 0x3c, 0x3d, 
0x3e, 0x3f, 0x40, 0x41, 0x42, 0x43, 0x44, 0x45, 0x46, 0x47, 0x48, 0x49, 0x4a, 0x4b, 0x4c, 0x4d, 0x4e, 0x4f, 0x50, 0x51, 
0x52, 0x53, 0x54, 0x55, 0x56, 0x57, 0x58, 0x59, 0x5a, 0x5b, 0x5c, 0x5d, 0x5e, 0x5f, 0x60, 0x61, 0x62, 0x63, 0x64, 0x65, 
0x66, 0x67, 0x68, 0x69, 0x6a, 0x6b, 0x6c, 0x6d, 0x6e, 0x6f, 0x70, 0x71, 0x72, 0x73, 0x74, 0x04, 0x01, 0x9a, 0x05, 0x9b, 
0x9c, 0x9d, 0x9e, 0x9f, 0xa0, 0x04, 0x01, 0xf0, 0xfe, 0xb2, 0x01, 0x75, 0x7b, 0xe0, 0xe1, 0xe2, 0x76, 0x77, 0x7c, 0xe3, 
0xe4, 0xe5, 0xb3, 0xb4, 0xe6, 0xe7, 0xe8, 0xe9, 0xea, 0xeb, 0x04, 0x01, 0xa1, 0xa2, 0xa3, 0xa4, 0xa5, 0xa6, 0xa7, 0x04, 
0x01, 0x14, 0x05, 0xb5, 0xa8, 0x04, 0x01, 0x18, 0x05, 0x78, 0x7d, 0x04, 0x01, 0xb6, 0x05, 0xa9, 0x15, 0x08, 0xfe, 0xb7, 
0x7a, 0xfe, 0x02, 0xfe, 0xb8, 0x83, 0xfe, 0xb9, 0x83, 0xfe, 0x00, 0x87, 0xfe, 0x84, 0x06, 0x03, 0xfe, 0x02, 0xfe, 0xba, 
0x07, 0x0a, 0x06, 0x03, 0xfe, 0x02, 0xfe, 0x00, 0x07, 0x83, 0xfe, 0x00, 0x87, 0xfe, 0x84, 0x06, 0x03, 0xfe, 0x02, 0xfe, 
0xbb, 0x07, 0x0a, 0x06, 0x03, 0xfe, 0x02, 0xfe, 0x00, 0x07, 0x83, 0xfe, 0x00, 0x87, 0xfe, 0x84, 0x06, 0x03, 0xfe, 0x02, 
0xfe, 0xbc, 0x07, 0x0a, 0x06, 0x03, 0xfe, 0x02, 0xfe, 0x00, 0x07, 0x83, 0xfe, 0x00, 0x87, 0xfe, 0x84, 0x06, 0x03, 0xfe, 
0x02, 0xfe, 0xbd, 0x07, 0x0a, 0x06, 0x03, 0xfe, 0x02, 0xfe, 0x00, 0x07, 0xec, 0xfe, 0x00, 0xbe, 0xfe, 0x84, 0x06, 0x03, 
0xfe, 0xf0, 0x07, 0x0a, 0x06, 0xad, 0xfe, 0x00, 0xbf, 0x85, 0xf0, 0xfe, 0xed, 0xde, 0xfe, 0xf0, 0xfe, 0x19, 0x82, 0xfe, 
0x0d, 0xfe, 0xf0, 0xfe, 0xf0, 0xf0, 0xfe, 0x00, 0xc0, 0xc1, 0xf0, 0xfe, 0x10, 0xfe, 0xf0, 0xc2, 0x88, 0xc3, 0xfe, 0x89, 
0xfe, 0xf0, 0xfe, 0xc4, 0xfe, 0x8a, 0xc5, 0x8b, 0xc6, 0x88, 0xc7, 0x8c, 0xc8, 0xfe, 0xf0, 0xfe, 0xaa, 0xfe, 0x8a, 0xc9, 
0x8d, 0xca, 0x8c, 0xcb, 0x8e, 0xcc, 0xfe, 0x89, 0xfe, 0xf0, 0xfe, 0xdf, 0xfe, 0x8f, 0xcd, 0x90, 0xce, 0x8e, 0xcf, 0x91, 
0xd0, 0xfe, 0x89, 0xfe, 0xf0, 0xfe, 0x8f, 0xd1, 0x92, 0xd2, 0x91, 0xd3, 0x93, 0x94, 0xfe, 0x89, 0xfe, 0x95, 0xfe, 0xaa, 
0xfe, 0xf0, 0x96, 0x97, 0xd4, 0x93, 0x94, 0xfe, 0xf0, 0xfe, 0x95, 0xfe, 0xf0, 0x96, 0x97, 0xd5, 0x92, 0xd6, 0x90, 0xd7, 
0x8d, 0xd8, 0x8b, 0xd9, 0xda, 0x82, 0xfe, 0xf0, 0xfe, 0xf0, 0x86, 0x98, 0x85, 0x82, 0xfe, 0xae, 0xfe, 0x09, 0x82, 0xfe, 
0xf0, 0xfe, 0xf0, 0x86, 0xab, 0xfe, 0x02, 0xfe, 0xdb, 0xfe, 0x79, 0xad, 0xfe, 0x00, 0x03, 0xfe, 0x0c, 0xfe, 0x0b, 0x03, 
0xfe, 0x0d, 0xfe, 0x09, 0x03, 0xfe, 0x99, 0xfe, 0x0f, 0xab, 0xfe, 0x02, 0xfe, 0xf0, 0xfe, 0x81, 0xad, 0xfe, 0xf0, 0x03, 
0xfe, 0x0c, 0xfe, 0x0b, 0x03, 0xfe, 0x0d, 0xfe, 0x09, 0x03, 0xfe, 0x99, 0xfe, 0x0f, 0x03, 0xfe, 0x02, 0xfe, 0x00, 0x07, 
0xac, 0xf0, 0xfe, 0x19, 0xf0, 0xfe, 0xf0, 0xec, 0xfe, 0x00, 0xf0, 0x06, 0xb1, 0xfe, 0xf0, 0xfe, 0x19, 0xee, 0xfe, 0xf0, 
0x85, 0x82, 0xfe, 0xf0, 0xef, 0x86, 0xee, 0xfe, 0xf0, 0x85, 0x82, 0xfe, 0xf0, 0xef, 0x86, 0xb1, 0xfe, 0xf0, 0xfe, 0x09, 
0xb1, 0xfe, 0x00, 0xf0, 0xfe, 0xf0, 0x85, 0x82, 0xfe, 0xf0, 0xfe, 0xf0, 0xfe, 0x00, 0x86, 0x98, 0x85, 0x82, 0xfe, 0xf0, 
0x86, 0xf0, 0xfe, 0xed, 0xf0, 0xfe, 0xf0, 0xfe, 0xf0, 0xfe, 0xf0, 0xfe, 0xf0, 0xab, 0xfe, 0xf0, 0xab, 0xfe, 0x00, 0xf0, 
0x85, 0xde, 0xfe, 0xf0, 0x82, 0xfe, 0x02, 0xfe, 0xf0, 0xfe, 0xf0, 0xfe, 0xaa, 0xfe, 0xf0, 0xfe, 0xf0, 0xfe, 0xf0, 0x86, 
0x98, 0x85, 0x82, 0xfe, 0x02, 0xfe, 0x00, 0x86, 0xab, 0xfe, 0x02, 0xfe, 0xf0, 0xfe, 0x19, 0xab, 0xfe, 0x00, 0xf0, 0x85, 
0x82, 0xfe, 0x02, 0xfe, 0xf0, 0xfe, 0xf0, 0xfe, 0xf0, 0xfe, 0xf0, 0xfe, 0xf0, 0x86, 0x98, 0x85, 0x82, 0xfe, 0x02, 0xfe, 
0x00, 0x86, 0x03, 0xfe, 0xf0, 0xfe, 0xdf, 0xfe, 0x19, 0xf0, 0xf0, 0x08, 0xfe, 0xf0, 0xf0, 0xfe, 0xf0, 0xfe, 0xf0, 0xfe, 
0xf0, 0xfe, 0xf0, 0xf0, 0xfe, 0xf0, 0xf0, 0xfe, 0xf0, 0xf0, 0xfe, 0xf0, 0x16, 0x0e, 0x01, 0x01, 0x02, 0x03, 0x04, 0x05, 
0x06, 0x07, 0x08, 0x09, 0x0a, 0x0b, 0x0c, 0x0d, 0x0e, 0x0f, 0x10, 0x11, 0x12, 0x13, 0x14, 0x15, 0x16, 0x17, 0x18, 0x2b, 
0x2c, 0x2d, 0x2e, 0x2f, 0x30, 0x2f, 0x31, 0x32, 0x33, 0x34, 0x35, 0x36, 0x37, 0x37, 0x5d, 0x38, 0x00, 0x5e, 0x5f, 0x39, 
0x3a, 0x60, 0x61, 0x62, 0x63, 0x64, 0x65, 0x3b, 0x66, 0x67, 0x38, 0x00, 0x68, 0x69, 0x3c, 0x3d, 0x3e, 0x6a, 0x6b, 0x6c, 
0x3f, 0x40, 0x6d, 0x6e, 0x6f, 0x70, 0x71, 0x72, 0x94, 0xb9, 0xa3, 0x66, 0xc5, 0x68, 0xa3, 0x66, 0xc6, 0x89, 0x80, 0x3a, 
0xc6, 0x89, 0x80, 0x3a, 0xa3, 0x66, 0x80, 0x3a, 0xc6, 0x89, 0x81, 0x3a, 0x80, 0x3a, 0x81, 0x3a, 0xa3, 0x66, 0x81, 0x3a, 
0x80, 0x3a, 0x82, 0x3a, 0x81, 0x3a, 0x82, 0x3a, 0xa3, 0x66, 0x82, 0x3a, 0x81, 0x3a, 0xd5, 0x64, 0x82, 0x3a, 0xd5, 0x64, 
0xa3, 0x66, 0xd5, 0x64, 0x82, 0x3a, 0xcd, 0xa9, 0xd5, 0x64, 0xcd, 0xa9, 0xd3, 0x96, 0xd9, 0x53, 0xa7, 0x56, 0xc5, 0x68, 
0xa7, 0x56, 0xd9, 0x53, 0xa3, 0x66, 0xb1, 0xaa, 0xd7, 0x5a, 0xa7, 0x56, 0xb1, 0xaa, 0xd9, 0x53, 0xd7, 0x5a, 0xd7, 0x5a, 
0xb1, 0xaa, 0xd7, 0x5a, 0xd7, 0x5a, 0xb1, 0xaa, 0xd7, 0x5a, 0xd9, 0x53, 0xd7, 0x5a, 0xb1, 0xaa, 0xd7, 0x5a, 0xd7, 0x5a, 
0xb1, 0xaa, 0xd7, 0x5a, 0xd7, 0x5a, 0xd9, 0x53, 0xb1, 0xaa, 0xd7, 0x5a, 0xd7, 0x5a, 0xd3, 0x96, 0xb1, 0xaa, 0xc5, 0x68, 
0xa3, 0x66, 0xd3, 0x96, 0xc5, 0x68, 0x86, 0x87, 0xd3, 0x96, 0xd3, 0x96, 0xc6, 0x82, 0xc6, 0x82, 0x86, 0x87, 0xc6, 0x82, 
0x86, 0x87, 0xc6, 0x82, 0x86, 0x87, 0x8d, 0x45, 0xc6, 0x82, 0xd3, 0x96, 0x99, 0x84, 0x99, 0x84, 0x8d, 0x45, 0x99, 0x84, 
0x8d, 0x45, 0x99, 0x84, 0x8d, 0x45, 0xcd, 0xa9, 0x99, 0x84, 0xcd, 0xa9, 0xd2, 0x8d, 0x83, 0xb7, 0xfe, 0xab, 0xd2, 0x8d, 
0xfe, 0xab, 0x83, 0xb7, 0xfe, 0xab, 0x83, 0xb7, 0xe0, 0x81, 0xd2, 0x8d, 0xb8, 0x49, 0xe0, 0x81, 0xb8, 0x49, 0xe0, 0x81, 
0xe0, 0x81, 0xb8, 0x49, 0xf4, 0x66, 0xe7, 0x6f, 0xf4, 0x66, 0xb8, 0x49, 0xfe, 0xab, 0xad, 0x85, 0xce, 0xa9, 0xa4, 0x4d, 
0xce, 0xa9, 0xad, 0x85, 0xd2, 0x8d, 0xa4, 0x4d, 0xa4, 0x4d, 0xfe, 0xab, 0xf4, 0x66, 0xce, 0xa9, 0xad, 0x85, 0x87, 0x72, 
0xce, 0xa9, 0xe7, 0x6f, 0xf9, 0x96, 0xf9, 0x96, 0x87, 0x72, 0xd2, 0x8d, 0xf4, 0x66, 0xb8, 0x49, 0xfe, 0xab, 0xf9, 0x96, 
0x87, 0x72, 0x83, 0xb7, 0xf9, 0x96, 0xe7, 0x6f, 0xb4, 0x58, 0xcd, 0x40, 0xb4, 0x58, 0x83, 0xb7, 0x83, 0xb7, 0xcd, 0x40, 
0xcd, 0x40, 0xcd, 0x40, 0x9d, 0x08, 0x00, 0x00, 0x4d, 0x00, 0x00, 0x00, 0x1a, 0x00, 0x00, 0x00, 0x4d, 0x00, 0x00, 0x00, 
0x00, 0x00, 0x00, 0x00, 0x11, 0x12, 0x01, 0x13, 0x01, 0xf0, 0x05, 0xf0, 0xf0, 0xf0, 0xf0, 0xf0, 0xf0, 0xf0, 0x04, 0x01, 
0xf0, 0xf0, 0xf0, 0xf0, 0x01, 0xf0, 0x05, 0xf0, 0x04, 0x01, 0x9a, 0x05, 0x9b, 0x9c, 0x9d, 0x9e, 0x9f, 0xa0, 0x04, 0x01, 
0xf0, 0xf0, 0xf0, 0xf0, 0xf0, 0xf0, 0xf0, 0x04, 0x01, 0xa1, 0xa2, 0xa3, 0xa4, 0xa5, 0xa6, 0xa7, 0x04, 0x01, 0x14, 0x05, 
0xf0, 0xa8, 0x04, 0x01, 0x18, 0x05, 0x7e, 0x7f, 0x04, 0x01, 0xf0, 0x05, 0xf0, 0xa9, 0x15, 0xac, 0xf0, 0xf0, 0x16, 0x0e, 
0x01, 0x41, 0x42, 0x43, 0x44, 0x45, 0x46, 0x47, 0x48, 0x49, 0x4a, 0x4b, 0x4c, 0x4d, 0x4e, 0x4f, 0x50, 0x51, 0x52, 0x53, 
0x54, 0x55, 0x56, 0x57, 0x58, 0x59, 0x5a, 0xf3, 0x1f, 0x00, 0x00, 0xca, 0x01, 0x00, 0x00, 0x19, 0x00, 0x00, 0x00, 0xca, 
0x01, 0x00, 0x00, 0xb8, 0x00, 0x00, 0x00, 0x11, 0x12, 0x01, 0x13, 0x01, 0x1a, 0x05, 0x1b, 0x1c, 0x1d, 0x1e, 0x1f, 0x20, 
0x21, 0x22, 0x23, 0x24, 0x25, 0x26, 0x27, 0x28, 0x29, 0x2a, 0x2b, 0x2c, 0x2d, 0x2e, 0x2f, 0x30, 0x31, 0x32, 0x33, 0x34, 
0x35, 0x36, 0x37, 0x38, 0x39, 0x3a, 0x3b, 0x3c, 0x3d, 0x3e, 0x3f, 0x40, 0x41, 0x42, 0x43, 0x44, 0x45, 0x46, 0x47, 0x48, 
0x49, 0x4a, 0x4b, 0x4c, 0x4d, 0x4e, 0x4f, 0x50, 0x51, 0x52, 0x53, 0x54, 0x55, 0x56, 0x57, 0x58, 0x59, 0x5a, 0x5b, 0x5c, 
0x5d, 0x5e, 0x5f, 0x60, 0x61, 0x62, 0x63, 0x64, 0x65, 0x66, 0x67, 0x68, 0x69, 0x6a, 0x6b, 0x6c, 0x6d, 0x6e, 0x6f, 0x70, 
0x71, 0x72, 0x73, 0x74, 0x04, 0x01, 0x9a, 0x05, 0x9b, 0x9c, 0x9d, 0x9e, 0x9f, 0xa0, 0x04, 0x01, 0xf0, 0xfe, 0xb2, 0x01, 
0x75, 0x7b, 0x76, 0x77, 0x7c, 0xb3, 0xb4, 0xf0, 0xf0, 0x04, 0x01, 0xa1, 0xa2, 0xa3, 0xa4, 0xa5, 0xa6, 0xa7, 0x04, 0x01, 
0x14, 0x05, 0xb5, 0xa8, 0x04, 0x01, 0x18, 0x05, 0x78, 0x04, 0x01, 0xb6, 0x05, 0xa9, 0x15, 0x08, 0xfe, 0xb7, 0x7a, 0xfe, 
0x02, 0xfe, 0xb8, 0x83, 0xfe, 0xb9, 0x83, 0xfe, 0x00, 0x87, 0xfe, 0x84, 0x06, 0x03, 0xfe, 0x02, 0xfe, 0xba, 0x07, 0x0a, 
0x06, 0x03, 0xfe, 0x02, 0xfe, 0x00, 0x07, 0x83, 0xfe, 0x00, 0x87, 0xfe, 0x84, 0x06, 0x03, 0xfe, 0x02, 0xfe, 0xbb, 0x07, 
0x0a, 0x06, 0x03, 0xfe, 0x02, 0xfe, 0x00, 0x07, 0x83, 0xfe, 0x00, 0x87, 0xfe, 0x84, 0x06, 0x03, 0xfe, 0x02, 0xfe, 0xbc, 
0x07, 0x0a, 0x06, 0x03, 0xfe, 0x02, 0xfe, 0x00, 0x07, 0x83, 0xfe, 0x00, 0x87, 0xfe, 0x84, 0x06, 0x03, 0xfe, 0x02, 0xfe, 
0xbd, 0x07, 0x0a, 0x06, 0x03, 0xfe, 0x02, 0xfe, 0x00, 0x07, 0xec, 0xfe, 0x00, 0xbe, 0xfe, 0x84, 0x06, 0x03, 0xfe, 0xf0, 
0x07, 0x0a, 0x06, 0xad, 0xfe, 0x00, 0xbf, 0x85, 0xf0, 0xfe, 0xed, 0xde, 0xfe, 0xf0, 0xfe, 0x19, 0x82, 0xfe, 0x0d, 0xfe, 
0xf0, 0xfe, 0xf0, 0xf0, 0xfe, 0x00, 0xc0, 0xc1, 0xf0, 0xfe, 0x10, 0xfe, 0xf0, 0xc2, 0x88, 0xc3, 0xfe, 0x89, 0xfe, 0xf0, 
0xfe, 0xc4, 0xfe, 0x8a, 0xc5, 0x8b, 0xc6, 0x88, 0xc7, 0x8c, 0xc8, 0xfe, 0xf0, 0xfe, 0xaa, 0xfe, 0x8a, 0xc9, 0x8d, 0xca, 
0x8c, 0xcb, 0x8e, 0xcc, 0xfe, 0x89, 0xfe, 0xf0, 0xfe, 0xdf, 0xfe, 0x8f, 0xcd, 0x90, 0xce, 0x8e, 0xcf, 0x91, 0xd0, 0xfe, 
0x89, 0xfe, 0xf0, 0xfe, 0x8f, 0xd1, 0x92, 0xd2, 0x91, 0xd3, 0x93, 0x94, 0xfe, 0x89, 0xfe, 0x95, 0xfe, 0xaa, 0xfe, 0xf0, 
0x96, 0x97, 0xd4, 0x93, 0x94, 0xfe, 0xf0, 0xfe, 0x95, 0xfe, 0xf0, 0x96, 0x97, 0xd5, 0x92, 0xd6, 0x90, 0xd7, 0x8d, 0xd8, 
0x8b, 0xd9, 0xda, 0x82, 0xfe, 0xf0, 0xfe, 0xf0, 0x86, 0x98, 0x85, 0x82, 0xfe, 0xae, 0xfe, 0x09, 0x82, 0xfe, 0xf0, 0xfe, 
0xf0, 0x86, 0xab, 0xfe, 0x02, 0xfe, 0xdb, 0xfe, 0x79, 0xad, 0xfe, 0x00, 0x03, 0xfe, 0x0c, 0xfe, 0x0b, 0x03, 0xfe, 0x0d, 
0xfe, 0x09, 0x03, 0xfe, 0x99, 0xfe, 0x0f, 0xab, 0xfe, 0x02, 0xfe, 0xf0, 0xfe, 0x81, 0xad, 0xfe, 0xf0, 0x03, 0xfe, 0x0c, 
0xfe, 0x0b, 0x03, 0xfe, 0x0d, 0xfe, 0x09, 0x03, 0xfe, 0x99, 0xfe, 0x0f, 0x03, 0xfe, 0x02, 0xfe, 0x00, 0x07, 0xac, 0xf0, 
0xfe, 0x19, 0x16, 0x0e, 0x01, 0x01, 0x5b, 0x5c, 0x02, 0x03, 0x04, 0x05, 0x06, 0x07, 0x08, 0x09, 0x0a, 0x0b, 0x0c, 0x0d, 
0x0e, 0x0f, 0x10, 0x11, 0x12, 0x13, 0x14, 0x15, 0x16, 0x17, 0x94, 0xb9, 0xa3, 0x66, 0xc5, 0x68, 0xa3, 0x66, 0xc6, 0x89, 
0x80, 0x3a, 0xc6, 0x89, 0x80, 0x3a, 0xa3, 0x66, 0x80, 0x3a, 0xc6, 0x89, 0x81, 0x3a, 0x80, 0x3a, 0x81, 0x3a, 0xa3, 0x66, 
0x81, 0x3a, 0x80, 0x3a, 0x82, 0x3a, 0x81, 0x3a, 0x82, 0x3a, 0xa3, 0x66, 0x82, 0x3a, 0x81, 0x3a, 0xd5, 0x64, 0x82, 0x3a, 
0xd5, 0x64, 0xa3, 0x66, 0xd5, 0x64, 0x82, 0x3a, 0xcd, 0xa9, 0xd5, 0x64, 0xcd, 0xa9, 0xd3, 0x96, 0xd9, 0x53, 0xa7, 0x56, 
0xc5, 0x68, 0xa7, 0x56, 0xd9, 0x53, 0xa3, 0x66, 0xb1, 0xaa, 0xd7, 0x5a, 0xa7, 0x56, 0xb1, 0xaa, 0xd9, 0x53, 0xd7, 0x5a, 
0xd7, 0x5a, 0xb1, 0xaa, 0xd7, 0x5a, 0xd7, 0x5a, 0xb1, 0xaa, 0xd7, 0x5a, 0xd9, 0x53, 0xd7, 0x5a, 0xb1, 0xaa, 0xd7, 0x5a, 
0xd7, 0x5a, 0xb1, 0xaa, 0xd7, 0x5a, 0xd7, 0x5a, 0xd9, 0x53, 0xb1, 0xaa, 0xd7, 0x5a, 0xd7, 0x5a, 0xd3, 0x96, 0xb1, 0xaa, 
0xc5, 0x68, 0xa3, 0x66, 0xd3, 0x96, 0xc5, 0x68, 0x86, 0x87, 0xd3, 0x96, 0xd3, 0x96, 0xc6, 0x82, 0xc6, 0x82, 0x86, 0x87, 
0xc6, 0x82, 0x86, 0x87, 0xc6, 0x82, 0x86, 0x87, 0x8d, 0x45, 0xc6, 0x82, 0xd3, 0x96, 0x99, 0x84, 0x99, 0x84, 0x8d, 0x45, 
0x99, 0x84, 0x8d, 0x45, 0x99, 0x84, 0x8d, 0x45, 0xcd, 0xa9, 0x99, 0x84, 0xcd, 0xa9, 0x55, 0x21, 0x00, 0x00, 0xce, 0x01, 
0x00, 0x00, 0x11, 0x00, 0x00, 0x00, 0xce, 0x01, 0x00, 0x00, 0xb1, 0x00, 0x00, 0x00, 0x11, 0x12, 0x01, 0x13, 0x01, 0x1a, 
0x05, 0x1b, 0x1c, 0x1d, 0x1e, 0x1f, 0x20, 0x21, 0x22, 0x23, 0x24, 0x25, 0x26, 0x27, 0x28, 0x29, 0x2a, 0x2b, 0x2c, 0x2d, 
0x2e, 0x2f, 0x30, 0x31, 0x32, 0x33, 0x34, 0x35, 0x36, 0x37, 0x38, 0x39, 0x3a, 0x3b, 0x3c, 0x3d, 0x3e, 0x3f, 0x40, 0x41, 
0x42, 0x43, 0x44, 0x45, 0x46, 0x47, 0x48, 0x49, 0x4a, 0x4b, 0x4c, 0x4d, 0x4e, 0x4f, 0x50, 0x51, 0x52, 0x53, 0x54, 0x55, 
0x56, 0x57, 0x58, 0x59, 0x5a, 0x5b, 0x5c, 0x5d, 0x5e, 0x5f, 0x60, 0x61, 0x62, 0x63, 0x64, 0x65, 0x66, 0x67, 0x68, 0x69, 
0x6a, 0x6b, 0x6c, 0x6d, 0x6e, 0x6f, 0x70, 0x71, 0x72, 0x73, 0x74, 0x04, 0x01, 0x9a, 0x05, 0x9b, 0x9c, 0x9d, 0x9e, 0x9f, 
0xa0, 0x04, 0x01, 0xf0, 0xfe, 0xb2, 0x01, 0x75, 0x7b, 0xe0, 0xe1, 0xe2, 0x76, 0x77, 0x7c, 0xe3, 0xe4, 0xe5, 0xb3, 0xb4, 
0xe6, 0xe7, 0xe8, 0xe9, 0xea, 0xeb, 0x04, 0x01, 0xa1, 0xa2, 0xa3, 0xa4, 0xa5, 0xa6, 0xa7, 0x04, 0x01, 0x14, 0x05, 0xb5, 
0xa8, 0x04, 0x01, 0x18, 0x05, 0x78, 0x04, 0x01, 0xb6, 0x05, 0xa9, 0x15, 0x08, 0xfe, 0xb7, 0x7a, 0xfe, 0x02, 0xfe, 0xb8, 
0x83, 0xfe, 0xb9, 0x83, 0xfe, 0x00, 0x87, 0xfe, 0x84, 0x06, 0x03, 0xfe, 0x02, 0xfe, 0xba, 0x07, 0x0a, 0x06, 0x03, 0xfe, 
0x02, 0xfe, 0x00, 0x07, 0x83, 0xfe, 0x00, 0x87, 0xfe, 0x84, 0x06, 0x03, 0xfe, 0x02, 0xfe, 0xbb, 0x07, 0x0a, 0x06, 0x03, 
0xfe, 0x02, 0xfe, 0x00, 0x07, 0x83, 0xfe, 0x00, 0x87, 0xfe, 0x84, 0x06, 0x03, 0xfe, 0x02, 0xfe, 0xbc, 0x07, 0x0a, 0x06, 
0x03, 0xfe, 0x02, 0xfe, 0x00, 0x07, 0x83, 0xfe, 0x00, 0x87, 0xfe, 0x84, 0x06, 0x03, 0xfe, 0x02, 0xfe, 0xbd, 0x07, 0x0a, 
0x06, 0x03, 0xfe, 0x02, 0xfe, 0x00, 0x07, 0x08, 0xfe, 0x00, 0xbe, 0xfe, 0x84, 0x06, 0x03, 0xfe, 0xf0, 0x07, 0x0a, 0x06, 
0x17, 0xfe, 0x00, 0xbf, 0x85, 0xdc, 0xfe, 0x02, 0xfe, 0x00, 0x82, 0xfe, 0xae, 0xfe, 0x09, 0xf0, 0xfe, 0x00, 0xc0, 0xc1, 
0xf0, 0xfe, 0x10, 0xfe, 0xf0, 0xc2, 0x88, 0xc3, 0xfe, 0xf0, 0xfe, 0xc4, 0xfe, 0x8a, 0xc5, 0x8b, 0xc6, 0x88, 0xc7, 0x8c, 
0xc8, 0xfe, 0xf0, 0xfe, 0xaa, 0xfe, 0x8a, 0xc9, 0x8d, 0xca, 0x8c, 0xcb, 0x8e, 0xcc, 0xfe, 0xaf, 0xfe, 0xf0, 0xfe, 0x8f, 
0xcd, 0x90, 0xce, 0x8e, 0xcf, 0x91, 0xd0, 0xfe, 0xaf, 0xfe, 0xf0, 0xfe, 0x8f, 0xd1, 0x92, 0xd2, 0x91, 0xd3, 0x93, 0x94, 
0xfe, 0xaf, 0xfe, 0x95, 0xfe, 0xf0, 0x96, 0x97, 0xd4, 0x93, 0x94, 0xfe, 0xf0, 0xfe, 0x95, 0xfe, 0xf0, 0x96, 0x97, 0xd5, 
0x92, 0xd6, 0x90, 0xd7, 0x8d, 0xd8, 0x8b, 0xd9, 0xda, 0x82, 0xfe, 0xf0, 0xfe, 0xdd, 0x86, 0x98, 0x85, 0xdc, 0xfe, 0x02, 
0xfe, 0x00, 0x82, 0xfe, 0xae, 0xfe, 0x09, 0x82, 0xfe, 0xf0, 0xfe, 0xdd, 0x86, 0xb0, 0xfe, 0x02, 0xfe, 0xdb, 0xfe, 0x79, 
0x17, 0xfe, 0x00, 0x03, 0xfe, 0x0c, 0xfe, 0x0b, 0x03, 0xfe, 0x0d, 0xfe, 0x09, 0x03, 0xfe, 0x99, 0xfe, 0x0f, 0xb0, 0xfe, 
0x02, 0xfe, 0xf0, 0xfe, 0x81, 0x17, 0xfe, 0xf0, 0x03, 0xfe, 0x0c, 0xfe, 0x0b, 0x03, 0xfe, 0x0d, 0xfe, 0x09, 0x03, 0xfe, 
0x99, 0xfe, 0x0f, 0x03, 0xfe, 0x02, 0xfe, 0x00, 0x07, 0xac, 0xf0, 0xfe, 0x00, 0x16, 0x0e, 0x01, 0x19, 0x1a, 0x1b, 0x1c, 
0x1d, 0x1e, 0x1f, 0x20, 0x21, 0x22, 0x23, 0x24, 0x25, 0x26, 0x27, 0x28, 0x29, 0x02, 0xa3, 0x66, 0xc5, 0x68, 0xa3, 0x66, 
0xc6, 0x89, 0x80, 0x3a, 0xc6, 0x89, 0x80, 0x3a, 0xa3, 0x66, 0x80, 0x3a, 0xc6, 0x89, 0x81, 0x3a, 0x80, 0x3a, 0x81, 0x3a, 
0xa3, 0x66, 0x81, 0x3a, 0x80, 0x3a, 0x82, 0x3a, 0x81, 0x3a, 0x82, 0x3a, 0xa3, 0x66, 0x82, 0x3a, 0x81, 0x3a, 0xd5, 0x64, 
0x82, 0x3a, 0xd5, 0x64, 0xa3, 0x66, 0xd5, 0x64, 0x82, 0x3a, 0xcd, 0xa9, 0xd5, 0x64, 0xcd, 0xa9, 0xd3, 0x96, 0x95, 0x48, 
0xc5, 0x68, 0x95, 0x48, 0xa3, 0x66, 0x9d, 0xa6, 0xba, 0x92, 0x95, 0x48, 0x9d, 0xa6, 0xba, 0x92, 0xba, 0x92, 0x9d, 0xa6, 
0xba, 0x92, 0xba, 0x92, 0x9d, 0xa6, 0xba, 0x92, 0xba, 0x92, 0x9d, 0xa6, 0xba, 0x92, 0xba, 0x92, 0x9d, 0xa6, 0xba, 0x92, 
0xba, 0x92, 0x9d, 0xa6, 0xba, 0x92, 0xba, 0x92, 0xd3, 0x96, 0x9d, 0xa6, 0xb7, 0x51, 0xc5, 0x68, 0xb7, 0x51, 0xa3, 0x66, 
0xd3, 0x96, 0xb7, 0x51, 0x89, 0x93, 0xd3, 0x96, 0xd3, 0x96, 0xe1, 0x43, 0xe1, 0x43, 0x89, 0x93, 0xe1, 0x43, 0x89, 0x93, 
0xe1, 0x43, 0x89, 0x93, 0x9a, 0x40, 0xe1, 0x43, 0xd3, 0x96, 0x88, 0xa0, 0x88, 0xa0, 0x9a, 0x40, 0x88, 0xa0, 0x9a, 0x40, 
0x88, 0xa0, 0x9a, 0x40, 0xcd, 0xa9, 0x88, 0xa0, 0xcd, 0xa9, 0xb2, 0x15, 0x00, 0x00, 0x2c, 0x01, 0x00, 0x00, 0x00, 0x00, 
0x00, 0x00, 0x2c, 0x01, 0x00, 0x00, 0x76, 0x00, 0x00, 0x00, 0x9b, 0x01, 0x11, 0x12, 0x01, 0x13, 0x01, 0x9c, 0x9d, 0x9e, 
0x05, 0x9f, 0xa0, 0x0e, 0x01, 0x1a, 0x05, 0x1b, 0x1c, 0x1d, 0x1e, 0x1f, 0x20, 0x21, 0x22, 0x23, 0x24, 0x25, 0x26, 0x27, 
0x28, 0x29, 0x2a, 0x2b, 0x2c, 0x2d, 0x2e, 0x2f, 0x30, 0x31, 0x32, 0x33, 0x34, 0x35, 0x36, 0x37, 0x38, 0x39, 0x3a, 0x3b, 
0x3c, 0x3d, 0x3e, 0x3f, 0x40, 0x41, 0x42, 0x43, 0x44, 0x45, 0x46, 0x47, 0x48, 0x49, 0x4a, 0x4b, 0x4c, 0x4d, 0x4e, 0x4f, 
0x50, 0x51, 0x52, 0x53, 0x54, 0x55, 0x56, 0x57, 0x58, 0x59, 0x5a, 0x5b, 0x5c, 0x5d, 0x5e, 0x5f, 0x60, 0x61, 0x62, 0x63, 
0x64, 0x65, 0x66, 0x67, 0x68, 0x69, 0x6a, 0x6b, 0x6c, 0x6d, 0x6e, 0x6f, 0x70, 0x71, 0x72, 0x73, 0x74, 0x04, 0x01, 0xa1, 
0xa2, 0x01, 0x75, 0x7b, 0x76, 0x77, 0x7c, 0x04, 0x01, 0x14, 0x05, 0x78, 0x7d, 0x7e, 0x7f, 0x85, 0xa3, 0xa4, 0xa5, 0x04, 
0x01, 0x18, 0x05, 0x86, 0x04, 0x01, 0x87, 0x05, 0x15, 0x88, 0x08, 0xfe, 0x89, 0x08, 0xfe, 0x02, 0xfe, 0x00, 0x82, 0xfe, 
0x8a, 0xfe, 0x8b, 0x08, 0xfe, 0x8c, 0xfe, 0x00, 0x83, 0xfe, 0x02, 0xfe, 0x79, 0x08, 0xfe, 0x00, 0x8d, 0xfe, 0x8e, 0x06, 
0x17, 0xfe, 0x02, 0xfe, 0x00, 0x03, 0xfe, 0x8f, 0xfe, 0x90, 0x03, 0xfe, 0x02, 0xfe, 0x00, 0x07, 0x0a, 0x06, 0x03, 0xfe, 
0x02, 0xfe, 0x00, 0x07, 0x08, 0xfe, 0x02, 0xfe, 0x91, 0xfe, 0x84, 0x7a, 0xfe, 0x10, 0xfe, 0x92, 0x08, 0xfe, 0x80, 0x82, 
0xfe, 0x0c, 0xfe, 0x0b, 0x82, 0xfe, 0x0d, 0xfe, 0x09, 0x93, 0xfe, 0x00, 0x94, 0xfe, 0x0b, 0x95, 0xfe, 0x09, 0x96, 0xfe, 
0x0f, 0x97, 0xfe, 0x00, 0xa6, 0xfe, 0xa7, 0x83, 0xfe, 0xa8, 0x83, 0xfe, 0xa9, 0xfe, 0x00, 0x83, 0xfe, 0xaa, 0xfe, 0x00, 
0x83, 0xfe, 0x02, 0xfe, 0x99, 0xfe, 0x19, 0x83, 0xfe, 0x10, 0xfe, 0xab, 0xfe, 0xac, 0xfe, 0xad, 0xfe, 0x9a, 0xfe, 0x84, 
0x82, 0xfe, 0x0c, 0xfe, 0x00, 0xae, 0xfe, 0xaf, 0xfe, 0x9a, 0xfe, 0x84, 0xb0, 0xfe, 0xb1, 0xfe, 0x99, 0xfe, 0xb2, 0xfe, 
0x81, 0x98, 0xfe, 0x00, 0xb3, 0xb4, 0xb5, 0x16, 0x0e, 0x01, 0xf1, 0x71, 0xa7, 0xc3, 0xf1, 0x71, 0xa7, 0xc3, 0xf1, 0x71, 
0x87, 0x8a, 0xa7, 0xc3, 0xe4, 0x7d, 0x87, 0x8a, 0x8e, 0x9f, 0xe4, 0x7d, 0x83, 0x59, 0x87, 0x8a, 0x83, 0x59, 0xe4, 0x7d, 
0x8e, 0x9f, 0x83, 0x59, 0x8e, 0x9f, 0x87, 0x8a, 0xb5, 0xbb, 0x8e, 0x9f, 0x8e, 0x9f, 0x9d, 0xbc, 0xf1, 0x71, 0x88, 0xa0, 
0x88, 0xa0, 0x9d, 0xbc, 0x88, 0xa0, 0x9d, 0xbc, 0x88, 0xa0, 0xb5, 0xbb, 0xb5, 0xbb, 0xb5, 0xbb, 0xa7, 0xc3, 0xe4, 0x66, 
0xb6, 0x4b, 0x95, 0x6f, 0xb6, 0x4b, 0xff, 0x59, 0xb6, 0x4b, 0xfc, 0x8f, 0x95, 0x6f, 0xe4, 0x66, 0x94, 0xb0, 0xf1, 0x71, 
0xff, 0x59, 0xff, 0x59, 0xfc, 0x8f, 0xf1, 0x71, 0xa7, 0xc3, 0x94, 0xb0, 0x94, 0xb0, 0xfc, 0x8f, 0xf1, 0x71, 0x94, 0xb0, 
0x95, 0x6f, 0xe4, 0x66, 0xf1, 0x71, 0xa7, 0xc3, 0x68, 0x15, 0x00, 0x00, 0x2a, 0x01, 0x00, 0x00, 0x00, 0x00, 0x00, 0x00, 
0x2a, 0x01, 0x00, 0x00, 0x76, 0x00, 0x00, 0x00, 0x9b, 0x01, 0x11, 0x12, 0x01, 0x13, 0x01, 0x9c, 0x9d, 0x9e, 0x05, 0x9f, 
0xa0, 0x0e, 0x01, 0x1a, 0x05, 0x1b, 0x1c, 0x1d, 0x1e, 0x1f, 0x20, 0x21, 0x22, 0x23, 0x24, 0x25, 0x26, 0x27, 0x28, 0x29, 
0x2a, 0x2b, 0x2c, 0x2d, 0x2e, 0x2f, 0x30, 0x31, 0x32, 0x33, 0x34, 0x35, 0x36, 0x37, 0x38, 0x39, 0x3a, 0x3b, 0x3c, 0x3d, 
0x3e, 0x3f, 0x40, 0x41, 0x42, 0x43, 0x44, 0x45, 0x46, 0x47, 0x48, 0x49, 0x4a, 0x4b, 0x4c, 0x4d, 0x4e, 0x4f, 0x50, 0x51, 
0x52, 0x53, 0x54, 0x55, 0x56, 0x57, 0x58, 0x59, 0x5a, 0x5b, 0x5c, 0x5d, 0x5e, 0x5f, 0x60, 0x61, 0x62, 0x63, 0x64, 0x65, 
0x66, 0x67, 0x68, 0x69, 0x6a, 0x6b, 0x6c, 0x6d, 0x6e, 0x6f, 0x70, 0x71, 0x72, 0x73, 0x74, 0x04, 0x01, 0xa1, 0xa2, 0x01, 
0x75, 0x76, 0x77, 0x04, 0x01, 0x14, 0x05, 0x78, 0x7d, 0x7e, 0x7f, 0x85, 0xa3, 0xa4, 0xa5, 0x04, 0x01, 0x18, 0x05, 0x86, 
0x04, 0x01, 0x87, 0x05, 0x15, 0x88, 0x08, 0xfe, 0x89, 0x08, 0xfe, 0x02, 0xfe, 0x00, 0x82, 0xfe, 0x8a, 0xfe, 0x8b, 0x08, 
0xfe, 0x8c, 0xfe, 0x00, 0x83, 0xfe, 0x02, 0xfe, 0x79, 0x08, 0xfe, 0x00, 0x8d, 0xfe, 0x8e, 0x06, 0x17, 0xfe, 0x02, 0xfe, 
0x00, 0x03, 0xfe, 0x8f, 0xfe, 0x90, 0x03, 0xfe, 0x02, 0xfe, 0x00, 0x07, 0x0a, 0x06, 0x03, 0xfe, 0x02, 0xfe, 0x00, 0x07, 
0x08, 0xfe, 0x02, 0xfe, 0x91, 0xfe, 0x84, 0x7a, 0xfe, 0x10, 0xfe, 0x92, 0x08, 0xfe, 0x80, 0x82, 0xfe, 0x0c, 0xfe, 0x0b, 
0x82, 0xfe, 0x0d, 0xfe, 0x09, 0x93, 0xfe, 0x00, 0x94, 0xfe, 0x0b, 0x95, 0xfe, 0x09, 0x96, 0xfe, 0x0f, 0x97, 0xfe, 0x00, 
0xa6, 0xfe, 0xa7, 0x83, 0xfe, 0xa8, 0x83, 0xfe, 0xa9, 0xfe, 0x00, 0x83, 0xfe, 0xaa, 0xfe, 0x00, 0x83, 0xfe, 0x02, 0xfe, 
0x99, 0xfe, 0x19, 0x83, 0xfe, 0x10, 0xfe, 0xab, 0xfe, 0xac, 0xfe, 0xad, 0xfe, 0x9a, 0xfe, 0x84, 0x82, 0xfe, 0x0c, 0xfe, 
0x00, 0xae, 0xfe, 0xaf, 0xfe, 0x9a, 0xfe, 0x84, 0xb0, 0xfe, 0xb1, 0xfe, 0x99, 0xfe, 0xb2, 0xfe, 0x81, 0x98, 0xfe, 0x00, 
0xb3, 0xb4, 0xb5, 0x16, 0x0e, 0x01, 0xf1, 0x71, 0xa7, 0xc3, 0xf1, 0x71, 0xa7, 0xc3, 0xf1, 0x71, 0x87, 0x8a, 0xa7, 0xc3, 
0xe4, 0x7d, 0x87, 0x8a, 0x8e, 0x9f, 0xe4, 0x7d, 0x83, 0x59, 0x87, 0x8a, 0x83, 0x59, 0xe4, 0x7d, 0x8e, 0x9f, 0x83, 0x59, 
0x8e, 0x9f, 0x87, 0x8a, 0xb5, 0xbb, 0x8e, 0x9f, 0x8e, 0x9f, 0x9d, 0xbc, 0xf1, 0x71, 0x88, 0xa0, 0x88, 0xa0, 0x9d, 0xbc, 
0x88, 0xa0, 0x9d, 0xbc, 0x88, 0xa0, 0xb5, 0xbb, 0xb5, 0xbb, 0xb5, 0xbb, 0xa7, 0xc3, 0xe4, 0x66, 0xb6, 0x4b, 0x95, 0x6f, 
0xb6, 0x4b, 0xff, 0x59, 0xb6, 0x4b, 0xfc, 0x8f, 0x95, 0x6f, 0xe4, 0x66, 0x94, 0xb0, 0xf1, 0x71, 0xff, 0x59, 0xff, 0x59, 
0xfc, 0x8f, 0xf1, 0x71, 0xa7, 0xc3, 0x94, 0xb0, 0x94, 0xb0, 0xfc, 0x8f, 0xf1, 0x71, 0x94, 0xb0, 0x95, 0x6f, 0xe4, 0x66, 
0xf1, 0x71, 0xa7, 0xc3, 0x82, 0x2d, 0x00, 0x00, 0x67, 0x02, 0x00, 0x00, 0x39, 0x00, 0x00, 0x00, 0x67, 0x02, 0x00, 0x00, 
0x13, 0x01, 0x00, 0x00, 0x11, 0x12, 0x01, 0x13, 0x01, 0x1a, 0x05, 0x1b, 0x1c, 0x1d, 0x1e, 0x1f, 0x20, 0x21, 0x22, 0x23, 
0x24, 0x25, 0x26, 0x27, 0x28, 0x29, 0x2a, 0x2b, 0x2c, 0x2d, 0x2e, 0x2f, 0x30, 0x31, 0x32, 0x33, 0x34, 0x35, 0x36, 0x37, 
0x38, 0x39, 0x3a, 0x3b, 0x3c, 0x3d, 0x3e, 0x3f, 0x40, 0x41, 0x42, 0x43, 0x44, 0x45, 0x46, 0x47, 0x48, 0x49, 0x4a, 0x4b, 
0x4c, 0x4d, 0x4e, 0x4f, 0x50, 0x51, 0x52, 0x53, 0x54, 0x55, 0x56, 0x57, 0x58, 0x59, 0x5a, 0x5b, 0x5c, 0x5d, 0x5e, 0x5f, 
0x60, 0x61, 0x62, 0x63, 0x64, 0x65, 0x66, 0x67, 0x68, 0x69, 0x6a, 0x6b, 0x6c, 0x6d, 0x6e, 0x6f, 0x70, 0x71, 0x72, 0x73, 
0x74, 0x04, 0x01, 0x9a, 0x05, 0x9b, 0x9c, 0x9d, 0x9e, 0x9f, 0xa0, 0x04, 0x01, 0xf0, 0xfe, 0xb2, 0x01, 0x75, 0x7b, 0xe0, 
0xe1, 0xe2, 0x76, 0x77, 0x7c, 0xe3, 0xe4, 0xe5, 0xb3, 0xb4, 0xe6, 0xe7, 0xe8, 0xe9, 0xea, 0xeb, 0x04, 0x01, 0xa1, 0xa2, 
0xa3, 0xa4, 0xa5, 0xa6, 0xa7, 0x04, 0x01, 0x14, 0x05, 0xb5, 0xa8, 0x04, 0x01, 0x18, 0x05, 0x78, 0x7d, 0x04, 0x01, 0xb6, 
0x05, 0xa9, 0x15, 0x08, 0xfe, 0xb7, 0x7a, 0xfe, 0x02, 0xfe, 0xb8, 0x83, 0xfe, 0xb9, 0x83, 0xfe, 0x00, 0x87, 0xfe, 0x84, 
0x06, 0x03, 0xfe, 0x02, 0xfe, 0xba, 0x07, 0x0a, 0x06, 0x03, 0xfe, 0x02, 0xfe, 0x00, 0x07, 0x83, 0xfe, 0x00, 0x87, 0xfe, 
0x84, 0x06, 0x03, 0xfe, 0x02, 0xfe, 0xbb, 0x07, 0x0a, 0x06, 0x03, 0xfe, 0x02, 0xfe, 0x00, 0x07, 0x83, 0xfe, 0x00, 0x87, 
0xfe, 0x84, 0x06, 0x03, 0xfe, 0x02, 0xfe, 0xbc, 0x07, 0x0a, 0x06, 0x03, 0xfe, 0x02, 0xfe, 0x00, 0x07, 0x83, 0xfe, 0x00, 
0x87, 0xfe, 0x84, 0x06, 0x03, 0xfe, 0x02, 0xfe, 0xbd, 0x07, 0x0a, 0x06, 0x03, 0xfe, 0x02, 0xfe, 0x00, 0x07, 0x08, 0xfe, 
0x00, 0xbe, 0xfe, 0x84, 0x06, 0x03, 0xfe, 0xf0, 0x07, 0x0a, 0x06, 0x17, 0xfe, 0x00, 0xbf, 0x85, 0xdc, 0xfe, 0x02, 0xfe, 
0x00, 0x82, 0xfe, 0xae, 0xfe, 0x09, 0xf0, 0xfe, 0x00, 0xc0, 0xc1, 0xf0, 0xfe, 0x10, 0xfe, 0xf0, 0xc2, 0x88, 0xc3, 0xfe, 
0xf0, 0xfe, 0xc4, 0xfe, 0x8a, 0xc5, 0x8b, 0xc6, 0x88, 0xc7, 0x8c, 0xc8, 0xfe, 0xf0, 0xfe, 0xaa, 0xfe, 0x8a, 0xc9, 0x8d, 
0xca, 0x8c, 0xcb, 0x8e, 0xcc, 0xfe, 0xaf, 0xfe, 0xf0, 0xfe, 0x8f, 0xcd, 0x90, 0xce, 0x8e, 0xcf, 0x91, 0xd0, 0xfe, 0xaf, 
0xfe, 0xf0, 0xfe, 0x8f, 0xd1, 0x92, 0xd2, 0x91, 0xd3, 0x93, 0x94, 0xfe, 0xaf, 0xfe, 0x95, 0xfe, 0xf0, 0x96, 0x97, 0xd4, 
0x93, 0x94, 0xfe, 0xf0, 0xfe, 0x95, 0xfe, 0xf0, 0x96, 0x97, 0xd5, 0x92, 0xd6, 0x90, 0xd7, 0x8d, 0xd8, 0x8b, 0xd9, 0xda, 
0x82, 0xfe, 0xf0, 0xfe, 0xdd, 0x86, 0x98, 0x85, 0xdc, 0xfe, 0x02, 0xfe, 0x00, 0x82, 0xfe, 0xae, 0xfe, 0x09, 0x82, 0xfe, 
0xf0, 0xfe, 0xdd, 0x86, 0xb0, 0xfe, 0x02, 0xfe, 0xdb, 0xfe, 0x79, 0x17, 0xfe, 0x00, 0x03, 0xfe, 0x0c, 0xfe, 0x0b, 0x03, 
0xfe, 0x0d, 0xfe, 0x09, 0x03, 0xfe, 0x99, 0xfe, 0x0f, 0xb0, 0xfe, 0x02, 0xfe, 0xf0, 0xfe, 0x81, 0x17, 0xfe, 0xf0, 0x03, 
0xfe, 0x0c, 0xfe, 0x0b, 0x03, 0xfe, 0x0d, 0xfe, 0x09, 0x03, 0xfe, 0x99, 0xfe, 0x0f, 0x03, 0xfe, 0x02, 0xfe, 0x00, 0x07, 
0xac, 0xf0, 0xfe, 0x00, 0xf0, 0xfe, 0xf0, 0x08, 0xfe, 0x00, 0xf0, 0x06, 0xb1, 0xfe, 0xf0, 0xfe, 0x19, 0xee, 0xfe, 0xf0, 
0x85, 0x82, 0xfe, 0x80, 0xef, 0x86, 0xee, 0xfe, 0xf0, 0x85, 0x82, 0xfe, 0x80, 0xef, 0x86, 0xb1, 0xfe, 0xf0, 0xfe, 0x09, 
0xb1, 0xfe, 0x00, 0xf0, 0xfe, 0xf0, 0x85, 0x82, 0xfe, 0xf0, 0xfe, 0xf0, 0xfe, 0x00, 0x86, 0x98, 0x85, 0x82, 0xfe, 0xf0, 
0x86, 0xb1, 0xfe, 0xf0, 0xfe, 0xf0, 0xfe, 0xf0, 0xb0, 0xfe, 0x00, 0xf0, 0x85, 0xde, 0xfe, 0xf0, 0x82, 0xfe, 0xf0, 0xfe, 
0xf0, 0xfe, 0xf0, 0xfe, 0xf0, 0xfe, 0xf0, 0x86, 0x98, 0x85, 0x82, 0xfe, 0xf0, 0x86, 0xb0, 0xfe, 0x02, 0xfe, 0xf0, 0xfe, 
0x19, 0xb0, 0xfe, 0x00, 0xf0, 0x85, 0x82, 0xfe, 0x02, 0xfe, 0xf0, 0xfe, 0xf0, 0xfe, 0xf0, 0xfe, 0xf0, 0x86, 0x98, 0x85, 
0x82, 0xfe, 0x02, 0xfe, 0x00, 0x86, 0x03, 0xfe, 0xf0, 0xfe, 0xdf, 0xfe, 0x19, 0xf0, 0xf0, 0x08, 0xfe, 0xf0, 0xf0, 0xfe, 
0x10, 0xfe, 0xf0, 0xfe, 0xf0, 0xfe, 0xf0, 0xf0, 0xfe, 0x0b, 0xf0, 0xfe, 0x09, 0xf0, 0xfe, 0x0f, 0x16, 0x0e, 0x01, 0x19, 
0x1a, 0x1b, 0x1c, 0x1d, 0x1e, 0x1f, 0x20, 0x21, 0x22, 0x23, 0x24, 0x25, 0x26, 0x27, 0x28, 0x29, 0x18, 0x2b, 0x2c, 0x2d, 
0x2e, 0x30, 0x31, 0x32, 0x33, 0x34, 0x35, 0x36, 0x73, 0x00, 0x74, 0x39, 0x3a, 0x75, 0x76, 0x77, 0x78, 0x79, 0x7a, 0x7b, 
0x3b, 0x7c, 0x7d, 0x00, 0x7e, 0x7f, 0x3c, 0x3d, 0x3e, 0x18, 0x80, 0x3f, 0x40, 0x81, 0x82, 0x83, 0x02, 0xa3, 0x66, 0xc5, 
0x68, 0xa3, 0x66, 0xc6, 0x89, 0x80, 0x3a, 0xc6, 0x89, 0x80, 0x3a, 0xa3, 0x66, 0x80, 0x3a, 0xc6, 0x89, 0x81, 0x3a, 0x80, 
0x3a, 0x81, 0x3a, 0xa3, 0x66, 0x81, 0x3a, 0x80, 0x3a, 0x82, 0x3a, 0x81, 0x3a, 0x82, 0x3a, 0xa3, 0x66, 0x82, 0x3a, 0x81, 
0x3a, 0xd5, 0x64, 0x82, 0x3a, 0xd5, 0x64, 0xa3, 0x66, 0xd5, 0x64, 0x82, 0x3a, 0xcd, 0xa9, 0xd5, 0x64, 0xcd, 0xa9, 0xd3, 
0x96, 0x95, 0x48, 0xc5, 0x68, 0x95, 0x48, 0xa3, 0x66, 0x9d, 0xa6, 0xba, 0x92, 0x95, 0x48, 0x9d, 0xa6, 0xba, 0x92, 0xba, 
0x92, 0x9d, 0xa6, 0xba, 0x92, 0xba, 0x92, 0x9d, 0xa6, 0xba, 0x92, 0xba, 0x92, 0x9d, 0xa6, 0xba, 0x92, 0xba, 0x92, 0x9d, 
0xa6, 0xba, 0x92, 0xba, 0x92, 0x9d, 0xa6, 0xba, 0x92, 0xba, 0x92, 0xd3, 0x96, 0x9d, 0xa6, 0xb7, 0x51, 0xc5, 0x68, 0xb7, 
0x51, 0xa3, 0x66, 0xd3, 0x96, 0xb7, 0x51, 0x89, 0x93, 0xd3, 0x96, 0xd3, 0x96, 0xe1, 0x43, 0xe1, 0x43, 0x89, 0x93, 0xe1, 
0x43, 0x89, 0x93, 0xe1, 0x43, 0x89, 0x93, 0x9a, 0x40, 0xe1, 0x43, 0xd3, 0x96, 0x88, 0xa0, 0x88, 0xa0, 0x9a, 0x40, 0x88, 
0xa0, 0x9a, 0x40, 0x88, 0xa0, 0x9a, 0x40, 0xcd, 0xa9, 0x88, 0xa0, 0xcd, 0xa9, 0xd2, 0x8d, 0xd7, 0xb1, 0xfe, 0xab, 0xd2, 
0x8d, 0xfe, 0xab, 0xd7, 0xb1, 0xfe, 0xab, 0xd7, 0xb1, 0xe0, 0x81, 0xd2, 0x8d, 0xb8, 0x49, 0xe0, 0x81, 0xb8, 0x49, 0xe0, 
0x81, 0xe0, 0x81, 0xb8, 0x49, 0xff, 0x33, 0xb8, 0x49, 0xfe, 0xab, 0xce, 0xa9, 0xa4, 0x4d, 0xce, 0xa9, 0xd2, 0x8d, 0xa4, 
0x4d, 0xa4, 0x4d, 0xfe, 0xab, 0xce, 0xa9, 0x83, 0xaf, 0xce, 0xa9, 0xff, 0x33, 0xf9, 0x96, 0xf9, 0x96, 0x83, 0xaf, 0xd2, 
0x8d, 0xb8, 0x49, 0xfe, 0xab, 0xf9, 0x96, 0x83, 0xaf, 0xd7, 0xb1, 0xf9, 0x96, 0xff, 0x33, 0xae, 0x89, 0xcd, 0x40, 0xae, 
0x89, 0xd7, 0xb1, 0xd7, 0xb1, 0xcd, 0x40, 0xcd, 0x40, 0xcd, 0x40, 0xa6, 0x1f, 0x00, 0x00, 0xc4, 0x01, 0x00, 0x00, 0x13, 
0x00, 0x00, 0x00, 0xc4, 0x01, 0x00, 0x00, 0xb1, 0x00, 0x00, 0x00, 0x11, 0x12, 0x01, 0x13, 0x01, 0x1a, 0x05, 0x1b, 0x1c, 
0x1d, 0x1e, 0x1f, 0x20, 0x21, 0x22, 0x23, 0x24, 0x25, 0x26, 0x27, 0x28, 0x29, 0x2a, 0x2b, 0x2c, 0x2d, 0x2e, 0x2f, 0x30, 
0x31, 0x32, 0x33, 0x34, 0x35, 0x36, 0x37, 0x38, 0x39, 0x3a, 0x3b, 0x3c, 0x3d, 0x3e, 0x3f, 0x40, 0x41, 0x42, 0x43, 0x44, 
0x45, 0x46, 0x47, 0x48, 0x49, 0x4a, 0x4b, 0x4c, 0x4d, 0x4e, 0x4f, 0x50, 0x51, 0x52, 0x53, 0x54, 0x55, 0x56, 0x57, 0x58, 
0x59, 0x5a, 0x5b, 0x5c, 0x5d, 0x5e, 0x5f, 0x60, 0x61, 0x62, 0x63, 0x64, 0x65, 0x66, 0x67, 0x68, 0x69, 0x6a, 0x6b, 0x6c, 
0x6d, 0x6e, 0x6f, 0x70, 0x71, 0x72, 0x73, 0x74, 0x04, 0x01, 0x9a, 0x05, 0x9b, 0x9c, 0x9d, 0x9e, 0x9f, 0xa0, 0x04, 0x01, 
0xf0, 0xfe, 0xb2, 0x01, 0x75, 0x7b, 0x76, 0x77, 0x7c, 0xb3, 0xb4, 0xf0, 0xf0, 0x04, 0x01, 0xa1, 0xa2, 0xa3, 0xa4, 0xa5, 
0xa6, 0xa7, 0x04, 0x01, 0x14, 0x05, 0xb5, 0xa8, 0x04, 0x01, 0x18, 0x05, 0x78, 0x04, 0x01, 0xb6, 0x05, 0xa9, 0x15, 0x08, 
0xfe, 0xb7, 0x7a, 0xfe, 0x02, 0xfe, 0xb8, 0x83, 0xfe, 0xb9, 0x83, 0xfe, 0x00, 0x87, 0xfe, 0x84, 0x06, 0x03, 0xfe, 0x02, 
0xfe, 0xba, 0x07, 0x0a, 0x06, 0x03, 0xfe, 0x02, 0xfe, 0x00, 0x07, 0x83, 0xfe, 0x00, 0x87, 0xfe, 0x84, 0x06, 0x03, 0xfe, 
0x02, 0xfe, 0xbb, 0x07, 0x0a, 0x06, 0x03, 0xfe, 0x02, 0xfe, 0x00, 0x07, 0x83, 0xfe, 0x00, 0x87, 0xfe, 0x84, 0x06, 0x03, 
0xfe, 0x02, 0xfe, 0xbc, 0x07, 0x0a, 0x06, 0x03, 0xfe, 0x02, 0xfe, 0x00, 0x07, 0x83, 0xfe, 0x00, 0x87, 0xfe, 0x84, 0x06, 
0x03, 0xfe, 0x02, 0xfe, 0xbd, 0x07, 0x0a, 0x06, 0x03, 0xfe, 0x02, 0xfe, 0x00, 0x07, 0x08, 0xfe, 0x00, 0xbe, 0xfe, 0x84, 
0x06, 0x03, 0xfe, 0xf0, 0x07, 0x0a, 0x06, 0x17, 0xfe, 0x00, 0xbf, 0x85, 0xdc, 0xfe, 0x02, 0xfe, 0x00, 0x82, 0xfe, 0xae, 
0xfe, 0x09, 0xf0, 0xfe, 0x00, 0xc0, 0xc1, 0xf0, 0xfe, 0x10, 0xfe, 0xf0, 0xc2, 0x88, 0xc3, 0xfe, 0xf0, 0xfe, 0xc4, 0xfe, 
0x8a, 0xc5, 0x8b, 0xc6, 0x88, 0xc7, 0x8c, 0xc8, 0xfe, 0xf0, 0xfe, 0xaa, 0xfe, 0x8a, 0xc9, 0x8d, 0xca, 0x8c, 0xcb, 0x8e, 
0xcc, 0xfe, 0xaf, 0xfe, 0xf0, 0xfe, 0x8f, 0xcd, 0x90, 0xce, 0x8e, 0xcf, 0x91, 0xd0, 0xfe, 0xaf, 0xfe, 0xf0, 0xfe, 0x8f, 
0xd1, 0x92, 0xd2, 0x91, 0xd3, 0x93, 0x94, 0xfe, 0xaf, 0xfe, 0x95, 0xfe, 0xf0, 0x96, 0x97, 0xd4, 0x93, 0x94, 0xfe, 0xf0, 
0xfe, 0x95, 0xfe, 0xf0, 0x96, 0x97, 0xd5, 0x92, 0xd6, 0x90, 0xd7, 0x8d, 0xd8, 0x8b, 0xd9, 0xda, 0x82, 0xfe, 0xf0, 0xfe, 
0xdd, 0x86, 0x98, 0x85, 0xdc, 0xfe, 0x02, 0xfe, 0x00, 0x82, 0xfe, 0xae, 0xfe, 0x09, 0x82, 0xfe, 0xf0, 0xfe, 0xdd, 0x86, 
0xb0, 0xfe, 0x02, 0xfe, 0xdb, 0xfe, 0x79, 0x17, 0xfe, 0x00, 0x03, 0xfe, 0x0c, 0xfe, 0x0b, 0x03, 0xfe, 0x0d, 0xfe, 0x09, 
0x03, 0xfe, 0x99, 0xfe, 0x0f, 0xb0, 0xfe, 0x02, 0xfe, 0xf0, 0xfe, 0x81, 0x17, 0xfe, 0xf0, 0x03, 0xfe, 0x0c, 0xfe, 0x0b, 
0x03, 0xfe, 0x0d, 0xfe, 0x09, 0x03, 0xfe, 0x99, 0xfe, 0x0f, 0x03, 0xfe, 0x02, 0xfe, 0x00, 0x07, 0xac, 0xf0, 0xfe, 0x00, 
0x16, 0x0e, 0x01, 0x19, 0x5b, 0x5c, 0x1a, 0x1b, 0x1c, 0x1d, 0x1e, 0x1f, 0x20, 0x21, 0x22, 0x23, 0x24, 0x25, 0x26, 0x27, 
0x28, 0x29, 0x02, 0xa3, 0x66, 0xc5, 0x68, 0xa3, 0x66, 0xc6, 0x89, 0x80, 0x3a, 0xc6, 0x89, 0x80, 0x3a, 0xa3, 0x66, 0x80, 
0x3a, 0xc6, 0x89, 0x81, 0x3a, 0x80, 0x3a, 0x81, 0x3a, 0xa3, 0x66, 0x81, 0x3a, 0x80, 0x3a, 0x82, 0x3a, 0x81, 0x3a, 0x82, 
0x3a, 0xa3, 0x66, 0x82, 0x3a, 0x81, 0x3a, 0xd5, 0x64, 0x82, 0x3a, 0xd5, 0x64, 0xa3, 0x66, 0xd5, 0x64, 0x82, 0x3a, 0xcd, 
0xa9, 0xd5, 0x64, 0xcd, 0xa9, 0xd3, 0x96, 0x95, 0x48, 0xc5, 0x68, 0x95, 0x48, 0xa3, 0x66, 0x9d, 0xa6, 0xba, 0x92, 0x95, 
0x48, 0x9d, 0xa6, 0xba, 0x92, 0xba, 0x92, 0x9d, 0xa6, 0xba, 0x92, 0xba, 0x92, 0x9d, 0xa6, 0xba, 0x92, 0xba, 0x92, 0x9d, 
0xa6, 0xba, 0x92, 0xba, 0x92, 0x9d, 0xa6, 0xba, 0x92, 0xba, 0x92, 0x9d, 0xa6, 0xba, 0x92, 0xba, 0x92, 0xd3, 0x96, 0x9d, 
0xa6, 0xb7, 0x51, 0xc5, 0x68, 0xb7, 0x51, 0xa3, 0x66, 0xd3, 0x96, 0xb7, 0x51, 0x89, 0x93, 0xd3, 0x96, 0xd3, 0x96, 0xe1, 
0x43, 0xe1, 0x43, 0x89, 0x93, 0xe1, 0x43, 0x89, 0x93, 0xe1, 0x43, 0x89, 0x93, 0x9a, 0x40, 0xe1, 0x43, 0xd3, 0x96, 0x88, 
0xa0, 0x88, 0xa0, 0x9a, 0x40, 0x88, 0xa0, 0x9a, 0x40, 0x88, 0xa0, 0x9a, 0x40, 0xcd, 0xa9, 0x88, 0xa0, 0xcd, 0xa9, 0x20, 
0x43, 0x52, 0x43, 0x5f, 0x54, 0x41, 0x4d, 0x04, 0x00, 0x00, 0x00, 0xeb, 0xd1, 0xeb, 0xde, 

};

