#include "image_web_combined.h"
#include <stdint.h>
const uint8_t IMAGE_PACKAGE[] = {
// IMAGE
0x53, 0x52, 0x45, 0x56, 0x5f, 0x54, 0x41, 0x4d, 0x04, 0x00, 0x00, 0x00, 0x4c, 0x00, 0x00, 0x00, 0x54, 0x41, 0x45, 0x46, 
0x5f, 0x54, 0x41, 0x4d, 0x01, 0x00, 0x00, 0x00, 0x01, 0x45, 0x4d, 0x41, 0x4e, 0x5f, 0x54, 0x41, 0x4d, 0x06, 0x00, 0x00, 
0x00, 0x49, 0x6d, 0x61, 0x67, 0x65, 0x00, 0x4d, 0x52, 0x50, 0x43, 0x5f, 0x54, 0x41, 0x4d, 0x14, 0x00, 0x00, 0x00, 0x2d, 
0x61, 0x20, 0x6f, 0x70, 0x65, 0x6e, 0x67, 0x6c, 0x20, 0x2d, 0x61, 0x20, 0x77, 0x65, 0x62, 0x67, 0x70, 0x75, 0x00, 0x4c, 
0x44, 0x4d, 0x53, 0x5f, 0x54, 0x41, 0x4d, 0x04, 0x00, 0x00, 0x00, 0x06, 0x00, 0x00, 0x00, 0x4e, 0x4d, 0x4f, 0x44, 0x5f, 
0x54, 0x41, 0x4d, 0x01, 0x00, 0x00, 0x00, 0x00, 0x54, 0x4c, 0x46, 0x56, 0x5f, 0x54, 0x41, 0x4d, 0x04, 0x00, 0x00, 0x00, 
0x2c, 0x00, 0x00, 0x00, 0x20, 0x42, 0x49, 0x55, 0x5f, 0x54, 0x41, 0x4d, 0x99, 0x00, 0x00, 0x00, 0x4d, 0x61, 0x74, 0x65, 
0x72, 0x69, 0x61, 0x6c, 0x50, 0x61, 0x72, 0x61, 0x6d, 0x73, 0x00, 0x06, 0x00, 0x00, 0x00, 0x00, 0x00, 0x00, 0x00, 0x74, 
0x72, 0x61, 0x6e, 0x73, 0x66, 0x6f, 0x72, 0x6d, 0x00, 0x00, 0x00, 0x00, 0x00, 0x00, 0x00, 0x00, 0x00, 0x11, 0x02, 0x00, 
0x62, 0x61, 0x63, 0x6b, 0x67, 0x72, 0x6f, 0x75, 0x6e, 0x64, 0x43, 0x6f, 0x6c, 0x6f, 0x72, 0x00, 0x00, 0x00, 0x00, 0x00, 
0x00, 0x00, 0x00, 0x00, 0x07, 0x03, 0x00, 0x73, 0x68, 0x6f, 0x77, 0x49, 0x6d, 0x61, 0x67, 0x65, 0x00, 0x00, 0x00, 0x00, 
0x00, 0x00, 0x00, 0x00, 0x00, 0x08, 0x03, 0x00, 0x69, 0x73, 0x43, 0x75, 0x62, 0x65, 0x4d, 0x61, 0x70, 0x00, 0x00, 0x00, 
0x00, 0x00, 0x00, 0x00, 0x00, 0x00, 0x08, 0x03, 0x00, 0x63, 0x75, 0x62, 0x65, 0x4d, 0x61, 0x70, 0x46, 0x61, 0x63, 0x65, 
0x00, 0x00, 0x00, 0x00, 0x00, 0x00, 0x00, 0x00, 0x00, 0x08, 0x03, 0x00, 0x64, 0x65, 0x70, 0x74, 0x68, 0x00, 0x00, 0x00, 
0x00, 0x00, 0x00, 0x00, 0x00, 0x00, 0x04, 0x03, 0x00, 0x20, 0x42, 0x49, 0x53, 0x5f, 0x54, 0x41, 0x4d, 0x33, 0x00, 0x00, 
0x00, 0x4d, 0x61, 0x74, 0x65, 0x72, 0x69, 0x61, 0x6c, 0x50, 0x61, 0x72, 0x61, 0x6d, 0x73, 0x00, 0x02, 0x00, 0x00, 0x00, 
0x00, 0x00, 0x00, 0x00, 0x69, 0x6d, 0x61, 0x67, 0x65, 0x00, 0x01, 0x00, 0x02, 0x03, 0x01, 0x00, 0x00, 0x63, 0x75, 0x62, 
0x65, 0x4d, 0x61, 0x70, 0x00, 0x02, 0x02, 0x02, 0x03, 0x01, 0x00, 0x00, 0x49, 0x44, 0x42, 0x44, 0x5f, 0x54, 0x41, 0x4d, 
0x42, 0x00, 0x00, 0x00, 0x03, 0x4d, 0x61, 0x74, 0x65, 0x72, 0x69, 0x61, 0x6c, 0x50, 0x61, 0x72, 0x61, 0x6d, 0x73, 0x00, 
0x1a, 0x00, 0x6d, 0x61, 0x74, 0x65, 0x72, 0x69, 0x61, 0x6c, 0x50, 0x61, 0x72, 0x61, 0x6d, 0x73, 0x5f, 0x69, 0x6d, 0x61, 
0x67, 0x65, 0x00, 0x00, 0x01, 0x6d, 0x61, 0x74, 0x65, 0x72, 0x69, 0x61, 0x6c, 0x50, 0x61, 0x72, 0x61, 0x6d, 0x73, 0x5f, 
0x63, 0x75, 0x62, 0x65, 0x4d, 0x61, 0x70, 0x00, 0x08, 0x02, 0x49, 0x4c, 0x53, 0x44, 0x5f, 0x54, 0x41, 0x4d, 0x13, 0x00, 
0x00, 0x00, 0x03, 0x1a, 0x03, 0x00, 0x01, 0x00, 0x00, 0x00, 0x03, 0x01, 0x00, 0x00, 0x00, 0x08, 0x03, 0x02, 0x00, 0x00, 
0x00, 0x53, 0x4e, 0x4f, 0x43, 0x5f, 0x54, 0x41, 0x4d, 0x08, 0x00, 0x00, 0x00, 0x00, 0x00, 0x00, 0x00, 0x00, 0x00, 0x00, 
0x00, 0x4e, 0x4f, 0x43, 0x50, 0x5f, 0x54, 0x41, 0x4d, 0x2d, 0x00, 0x00, 0x00, 0x70, 0x75, 0x73, 0x68, 0x43, 0x6f, 0x6e, 
0x73, 0x74, 0x61, 0x6e, 0x74, 0x73, 0x00, 0x01, 0x00, 0x00, 0x00, 0x00, 0x00, 0x00, 0x00, 0x6d, 0x6f, 0x72, 0x70, 0x68, 
0x69, 0x6e, 0x67, 0x42, 0x75, 0x66, 0x66, 0x65, 0x72, 0x4f, 0x66, 0x66, 0x73, 0x65, 0x74, 0x00, 0x00, 0x00, 0x20, 0x42, 
0x55, 0x53, 0x5f, 0x54, 0x41, 0x4d, 0x17, 0x00, 0x00, 0x00, 0x4d, 0x61, 0x74, 0x65, 0x72, 0x69, 0x61, 0x6c, 0x50, 0x61, 
0x72, 0x61, 0x6d, 0x73, 0x00, 0x00, 0x00, 0x00, 0x00, 0x00, 0x00, 0x00, 0x00, 0x53, 0x53, 0x4f, 0x44, 0x5f, 0x54, 0x41, 
0x4d, 0x01, 0x00, 0x00, 0x00, 0x00, 0x49, 0x53, 0x4f, 0x44, 0x5f, 0x54, 0x41, 0x4d, 0x01, 0x00, 0x00, 0x00, 0x00, 0x4e, 
0x45, 0x4c, 0x42, 0x5f, 0x54, 0x41, 0x4d, 0x01, 0x00, 0x00, 0x00, 0x00, 0x44, 0x4d, 0x52, 0x54, 0x5f, 0x54, 0x41, 0x4d, 
0x01, 0x00, 0x00, 0x00, 0x00, 0x4c, 0x46, 0x45, 0x52, 0x5f, 0x54, 0x41, 0x4d, 0x01, 0x00, 0x00, 0x00, 0x00, 0x49, 0x52, 
0x57, 0x43, 0x5f, 0x54, 0x41, 0x4d, 0x01, 0x00, 0x00, 0x00, 0x01, 0x53, 0x57, 0x45, 0x44, 0x5f, 0x54, 0x41, 0x4d, 0x01, 
0x00, 0x00, 0x00, 0x01, 0x49, 0x52, 0x57, 0x44, 0x5f, 0x54, 0x41, 0x4d, 0x01, 0x00, 0x00, 0x00, 0x00, 0x53, 0x45, 0x54, 
0x44, 0x5f, 0x54, 0x41, 0x4d, 0x01, 0x00, 0x00, 0x00, 0x01, 0x54, 0x53, 0x4e, 0x49, 0x5f, 0x54, 0x41, 0x4d, 0x01, 0x00, 
0x00, 0x00, 0x00, 0x53, 0x43, 0x32, 0x41, 0x5f, 0x54, 0x41, 0x4d, 0x01, 0x00, 0x00, 0x00, 0x00, 0x4f, 0x43, 0x32, 0x41, 
0x5f, 0x54, 0x41, 0x4d, 0x01, 0x00, 0x00, 0x00, 0x00, 0x4f, 0x4d, 0x55, 0x43, 0x5f, 0x54, 0x41, 0x4d, 0x01, 0x00, 0x00, 
0x00, 0x00, 0x50, 0x4f, 0x52, 0x50, 0x5f, 0x54, 0x41, 0x4d, 0x08, 0x00, 0x00, 0x00, 0x01, 0x00, 0x00, 0x00, 0x00, 0x00, 
0x00, 0x00, 0x52, 0x45, 0x54, 0x53, 0x5f, 0x54, 0x41, 0x4d, 0x01, 0x00, 0x00, 0x00, 0x01, 0x44, 0x49, 0x55, 0x55, 0x5f, 
0x54, 0x41, 0x4d, 0x08, 0x00, 0x00, 0x00, 0x9f, 0xe2, 0x50, 0x54, 0xa7, 0x4f, 0x1a, 0x6b, 0x44, 0x41, 0x48, 0x53, 0x5f, 
0x54, 0x41, 0x4d, 0x01, 0x00, 0x00, 0x00, 0x00, 0x4c, 0x4d, 0x48, 0x53, 0x5f, 0x54, 0x41, 0x4d, 0x01, 0x00, 0x00, 0x00, 
0x00, 0x4d, 0x46, 0x45, 0x52, 0x5f, 0x54, 0x41, 0x4d, 0x01, 0x00, 0x00, 0x00, 0x00, 0x54, 0x46, 0x45, 0x52, 0x5f, 0x54, 
0x41, 0x4d, 0x01, 0x00, 0x00, 0x00, 0x00, 0x52, 0x4f, 0x49, 0x43, 0x5f, 0x54, 0x41, 0x4d, 0x01, 0x00, 0x00, 0x00, 0x01, 
0x41, 0x51, 0x45, 0x52, 0x5f, 0x54, 0x41, 0x4d, 0x04, 0x00, 0x00, 0x00, 0x01, 0x00, 0x00, 0x00, 0x41, 0x41, 0x50, 0x53, 
0x5f, 0x54, 0x41, 0x4d, 0x01, 0x00, 0x00, 0x00, 0x00, 0x52, 0x41, 0x56, 0x53, 0x5f, 0x54, 0x41, 0x4d, 0x04, 0x00, 0x00, 
0x00, 0x9a, 0x99, 0x19, 0x3e, 0x52, 0x48, 0x54, 0x53, 0x5f, 0x54, 0x41, 0x4d, 0x04, 0x00, 0x00, 0x00, 0xcd, 0xcc, 0x4c, 
0x3e, 0x4f, 0x44, 0x45, 0x56, 0x5f, 0x54, 0x41, 0x4d, 0x01, 0x00, 0x00, 0x00, 0x03, 0x52, 0x54, 0x4e, 0x49, 0x5f, 0x54, 
0x41, 0x4d, 0x01, 0x00, 0x00, 0x00, 0x00, 0x50, 0x44, 0x53, 0x43, 0x5f, 0x54, 0x41, 0x4d, 0x01, 0x00, 0x00, 0x00, 0x01, 
0x54, 0x58, 0x45, 0x54, 0x5f, 0x43, 0x49, 0x44, 0xa3, 0x64, 0x00, 0x00, 0x5e, 0x03, 0x00, 0x00, 0x7d, 0x0a, 0x00, 0x7b, 
0x0a, 0x00, 0x3b, 0x0a, 0x00, 0x0a, 0x00, 0x3d, 0x00, 0x65, 0x6c, 0x73, 0x65, 0x0a, 0x00, 0x2c, 0x00, 0x76, 0x65, 0x63, 
0x34, 0x20, 0x00, 0x20, 0x20, 0x7d, 0x0a, 0x00, 0x20, 0x20, 0x7d, 0x20, 0x65, 0x6c, 0x73, 0x65, 0x20, 0x7b, 0x0a, 0x00, 
0x2e, 0x79, 0x3b, 0x0a, 0x00, 0x76, 0x65, 0x63, 0x32, 0x20, 0x00, 0x66, 0x6c, 0x6f, 0x61, 0x74, 0x20, 0x00, 0x76, 0x65, 
0x63, 0x33, 0x20, 0x00, 0x2e, 0x78, 0x3b, 0x0a, 0x00, 0x2e, 0x78, 0x3d, 0x00, 0x2e, 0x7a, 0x3b, 0x0a, 0x00, 0x2e, 0x79, 
0x3d, 0x00, 0x76, 0x6f, 0x69, 0x64, 0x20, 0x6d, 0x61, 0x69, 0x6e, 0x28, 0x29, 0x0a, 0x00, 0x2e, 0x77, 0x29, 0x29, 0x3b, 
0x0a, 0x00, 0x64, 0x69, 0x61, 0x67, 0x6e, 0x6f, 0x73, 0x74, 0x69, 0x63, 0x28, 0x6f, 0x66, 0x66, 0x2c, 0x20, 0x64, 0x65, 
0x72, 0x69, 0x76, 0x61, 0x74, 0x69, 0x76, 0x65, 0x5f, 0x75, 0x6e, 0x69, 0x66, 0x6f, 0x72, 0x6d, 0x69, 0x74, 0x79, 0x29, 
0x3b, 0x0a, 0x00, 0x64, 0x69, 0x61, 0x67, 0x6e, 0x6f, 0x73, 0x74, 0x69, 0x63, 0x28, 0x6f, 0x66, 0x66, 0x2c, 0x20, 0x63, 
0x68, 0x72, 0x6f, 0x6d, 0x69, 0x75, 0x6d, 0x2e, 0x75, 0x6e, 0x72, 0x65, 0x61, 0x63, 0x68, 0x61, 0x62, 0x6c, 0x65, 0x5f, 
0x63, 0x6f, 0x64, 0x65, 0x29, 0x3b, 0x0a, 0x00, 0x7d, 0x3b, 0x0a, 0x00, 0x6d, 0x61, 0x74, 0x34, 0x20, 0x61, 0x3b, 0x0a, 
0x00, 0x73, 0x74, 0x72, 0x75, 0x63, 0x74, 0x20, 0x74, 0x69, 0x6e, 0x74, 0x5f, 0x73, 0x79, 0x6d, 0x62, 0x6f, 0x6c, 0x20, 
0x7b, 0x0a, 0x00, 0x23, 0x65, 0x6e, 0x64, 0x69, 0x66, 0x0a, 0x00, 0x6c, 0x61, 0x79, 0x6f, 0x75, 0x74, 0x28, 0x73, 0x74, 
0x64, 0x31, 0x34, 0x30, 0x29, 0x20, 0x75, 0x6e, 0x69, 0x66, 0x6f, 0x72, 0x6d, 0x20, 0x46, 0x72, 0x61, 0x6d, 0x65, 0x55, 
0x6e, 0x69, 0x66, 0x6f, 0x72, 0x6d, 0x73, 0x0a, 0x00, 0x7d, 0x20, 0x66, 0x72, 0x61, 0x6d, 0x65, 0x55, 0x6e, 0x69, 0x66, 
0x6f, 0x72, 0x6d, 0x73, 0x3b, 0x0a, 0x00, 0x2e, 0x77, 0x3b, 0x0a, 0x00, 0x69, 0x6e, 0x74, 0x20, 0x00, 0x73, 0x74, 0x72, 
0x75, 0x63, 0x74, 0x20, 0x46, 0x72, 0x61, 0x6d, 0x65, 0x55, 0x6e, 0x69, 0x66, 0x6f, 0x72, 0x6d, 0x73, 0x5f, 0x31, 0x20, 
0x7b, 0x0a, 0x00, 0x20, 0x20, 0x76, 0x69, 0x65, 0x77, 0x46, 0x72, 0x6f, 0x6d, 0x57, 0x6f, 0x72, 0x6c, 0x64, 0x4d, 0x61, 
0x74, 0x72, 0x69, 0x78, 0x20, 0x3a, 0x20, 0x6d, 0x61, 0x74, 0x34, 0x78, 0x34, 0x3c, 0x66, 0x33, 0x32, 0x3e, 0x2c, 0x0a, 
0x00, 0x20, 0x20, 0x77, 0x6f, 0x72, 0x6c, 0x64, 0x46, 0x72, 0x6f, 0x6d, 0x56, 0x69, 0x65, 0x77, 0x4d, 0x61, 0x74, 0x72, 
0x69, 0x78, 0x20, 0x3a, 0x20, 0x6d, 0x61, 0x74, 0x34, 0x78, 0x34, 0x3c, 0x66, 0x33, 0x32, 0x3e, 0x2c, 0x0a, 0x00, 0x20, 
0x20, 0x63, 0x6c, 0x69, 0x70, 0x46, 0x72, 0x6f, 0x6d, 0x56, 0x69, 0x65, 0x77, 0x4d, 0x61, 0x74, 0x72, 0x69, 0x78, 0x20, 
0x3a, 0x20, 0x6d, 0x61, 0x74, 0x34, 0x78, 0x34, 0x3c, 0x66, 0x33, 0x32, 0x3e, 0x2c, 0x0a, 0x00, 0x20, 0x20, 0x76, 0x69, 
0x65, 0x77, 0x46, 0x72, 0x6f, 0x6d, 0x43, 0x6c, 0x69, 0x70, 0x4d, 0x61, 0x74, 0x72, 0x69, 0x78, 0x20, 0x3a, 0x20, 0x6d, 
0x61, 0x74, 0x34, 0x78, 0x34, 0x3c, 0x66, 0x33, 0x32, 0x3e, 0x2c, 0x0a, 0x00, 0x20, 0x20, 0x65, 0x79, 0x65, 0x46, 0x72, 
0x6f, 0x6d, 0x56, 0x69, 0x65, 0x77, 0x4d, 0x61, 0x74, 0x72, 0x69, 0x78, 0x20, 0x3a, 0x20, 0x61, 0x72, 0x72, 0x61, 0x79, 
0x3c, 0x6d, 0x61, 0x74, 0x34, 0x78, 0x34, 0x3c, 0x66, 0x33, 0x32, 0x3e, 0x2c, 0x20, 0x34, 0x75, 0x3e, 0x2c, 0x0a, 0x00, 
0x20, 0x20, 0x63, 0x6c, 0x69, 0x70, 0x46, 0x72, 0x6f, 0x6d, 0x57, 0x6f, 0x72, 0x6c, 0x64, 0x4d, 0x61, 0x74, 0x72, 0x69, 
0x78, 0x20, 0x3a, 0x20, 0x61, 0x72, 0x72, 0x61, 0x79, 0x3c, 0x6d, 0x61, 0x74, 0x34, 0x78, 0x34, 0x3c, 0x66, 0x33, 0x32, 
0x3e, 0x2c, 0x20, 0x34, 0x75, 0x3e, 0x2c, 0x0a, 0x00, 0x20, 0x20, 0x77, 0x6f, 0x72, 0x6c, 0x64, 0x46, 0x72, 0x6f, 0x6d, 
0x43, 0x6c, 0x69, 0x70, 0x4d, 0x61, 0x74, 0x72, 0x69, 0x78, 0x20, 0x3a, 0x20, 0x6d, 0x61, 0x74, 0x34, 0x78, 0x34, 0x3c, 
0x66, 0x33, 0x32, 0x3e, 0x2c, 0x0a, 0x00, 0x20, 0x20, 0x77, 0x6f, 0x72, 0x6c, 0x64, 0x52, 0x61, 0x79, 0x46, 0x72, 0x6f, 
0x6d, 0x43, 0x6c, 0x69, 0x70, 0x4d, 0x61, 0x74, 0x72, 0x69, 0x78, 0x20, 0x3a, 0x20, 0x6d, 0x61, 0x74, 0x33, 0x78, 0x33, 
0x3c, 0x66, 0x33, 0x32, 0x3e, 0x2c, 0x0a, 0x00, 0x20, 0x20, 0x75, 0x73, 0x65, 0x72, 0x57, 0x6f, 0x72, 0x6c, 0x64, 0x46, 
0x72, 0x6f, 0x6d, 0x57, 0x6f, 0x72, 0x6c, 0x64, 0x4d, 0x61, 0x74, 0x72, 0x69, 0x78, 0x20, 0x3a, 0x20, 0x6d, 0x61, 0x74, 
0x34, 0x78, 0x34, 0x3c, 0x66, 0x33, 0x32, 0x3e, 0x2c, 0x0a, 0x00, 0x20, 0x20, 0x63, 0x6c, 0x69, 0x70, 0x54, 0x72, 0x61, 
0x6e, 0x73, 0x66, 0x6f, 0x72, 0x6d, 0x20, 0x3a, 0x20, 0x76, 0x65, 0x63, 0x34, 0x3c, 0x66, 0x33, 0x32, 0x3e, 0x2c, 0x0a, 
0x00, 0x20, 0x20, 0x63, 0x6c, 0x69, 0x70, 0x43, 0x6f, 0x6e, 0x74, 0x72, 0x6f, 0x6c, 0x20, 0x3a, 0x20, 0x76, 0x65, 0x63, 
0x32, 0x3c, 0x66, 0x33, 0x32, 0x3e, 0x2c, 0x0a, 0x00, 0x20, 0x20, 0x74, 0x69, 0x6d, 0x65, 0x20, 0x3a, 0x20, 0x66, 0x33, 
0x32, 0x2c, 0x0a, 0x00, 0x20, 0x20, 0x74, 0x65, 0x6d, 0x70, 0x6f, 0x72, 0x61, 0x6c, 0x4e, 0x6f, 0x69, 0x73, 0x65, 0x20, 
0x3a, 0x20, 0x66, 0x33, 0x32, 0x2c, 0x0a, 0x00, 0x20, 0x20, 0x75, 0x73, 0x65, 0x72, 0x54, 0x69, 0x6d, 0x65, 0x20, 0x3a, 
0x20, 0x76, 0x65, 0x63, 0x34, 0x3c, 0x66, 0x33, 0x32, 0x3e, 0x2c, 0x0a, 0x00, 0x20, 0x20, 0x72, 0x65, 0x73, 0x6f, 0x6c, 
0x75, 0x74, 0x69, 0x6f, 0x6e, 0x20, 0x3a, 0x20, 0x76, 0x65, 0x63, 0x34, 0x3c, 0x66, 0x33, 0x32, 0x3e, 0x2c, 0x0a, 0x00, 
0x20, 0x20, 0x6c, 0x6f, 0x67, 0x69, 0x63, 0x61, 0x6c, 0x56, 0x69, 0x65, 0x77, 0x70, 0x6f, 0x72, 0x74, 0x53, 0x63, 0x61, 
0x6c, 0x65, 0x20, 0x3a, 0x20, 0x76, 0x65, 0x63, 0x32, 0x3c, 0x66, 0x33, 0x32, 0x3e, 0x2c, 0x0a, 0x00, 0x20, 0x20, 0x6c, 
0x6f, 0x67, 0x69, 0x63, 0x61, 0x6c, 0x56, 0x69, 0x65, 0x77, 0x70, 0x6f, 0x72, 0x74, 0x4f, 0x66, 0x66, 0x73, 0x65, 0x74, 
0x20, 0x3a, 0x20, 0x76, 0x65, 0x63, 0x32, 0x3c, 0x66, 0x33, 0x32, 0x3e, 0x2c, 0x0a, 0x00, 0x20, 0x20, 0x6c, 0x6f, 0x64, 
0x42, 0x69, 0x61, 0x73, 0x20, 0x3a, 0x20, 0x66, 0x33, 0x32, 0x2c, 0x0a, 0x00, 0x20, 0x20, 0x72, 0x65, 0x66, 0x72, 0x61, 
0x63, 0x74, 0x69, 0x6f, 0x6e, 0x4c, 0x6f, 0x64, 0x4f, 0x66, 0x66, 0x73, 0x65, 0x74, 0x20, 0x3a, 0x20, 0x66, 0x33, 0x32, 
0x2c, 0x0a, 0x00, 0x20, 0x20, 0x64, 0x65, 0x72, 0x69, 0x76, 0x61, 0x74, 0x69, 0x76, 0x65, 0x73, 0x53, 0x63, 0x61, 0x6c, 
0x65, 0x20, 0x3a, 0x20, 0x76, 0x65, 0x63, 0x32, 0x3c, 0x66, 0x33, 0x32, 0x3e, 0x2c, 0x0a, 0x00, 0x20, 0x20, 0x6f, 0x6e, 
0x65, 0x4f, 0x76, 0x65, 0x72, 0x46, 0x61, 0x72, 0x4d, 0x69, 0x6e, 0x75, 0x73, 0x4e, 0x65, 0x61, 0x72, 0x20, 0x3a, 0x20, 
0x66, 0x33, 0x32, 0x2c, 0x0a, 0x00, 0x20, 0x20, 0x6e, 0x65, 0x61, 0x72, 0x4f, 0x76, 0x65, 0x72, 0x46, 0x61, 0x72, 0x4d, 
0x69, 0x6e, 0x75, 0x73, 0x4e, 0x65, 0x61, 0x72, 0x20, 0x3a, 0x20, 0x66, 0x33, 0x32, 0x2c, 0x0a, 0x00, 0x20, 0x20, 0x63, 
0x61, 0x6d, 0x65, 0x72, 0x61, 0x46, 0x61, 0x72, 0x20, 0x3a, 0x20, 0x66, 0x33, 0x32, 0x2c, 0x0a, 0x00, 0x20, 0x20, 0x65, 
0x78, 0x70, 0x6f, 0x73, 0x75, 0x72, 0x65, 0x20, 0x3a, 0x20, 0x66, 0x33, 0x32, 0x2c, 0x0a, 0x00, 0x20, 0x20, 0x65, 0x76, 
0x31, 0x30, 0x30, 0x20, 0x3a, 0x20, 0x66, 0x33, 0x32, 0x2c, 0x0a, 0x00, 0x20, 0x20, 0x6e, 0x65, 0x65, 0x64, 0x73, 0x41, 
0x6c, 0x70, 0x68, 0x61, 0x43, 0x68, 0x61, 0x6e, 0x6e, 0x65, 0x6c, 0x20, 0x3a, 0x20, 0x66, 0x33, 0x32, 0x2c, 0x0a, 0x00, 
0x20, 0x20, 0x61, 0x6f, 0x53, 0x61, 0x6d, 0x70, 0x6c, 0x69, 0x6e, 0x67, 0x51, 0x75, 0x61, 0x6c, 0x69, 0x74, 0x79, 0x41, 
0x6e, 0x64, 0x45, 0x64, 0x67, 0x65, 0x44, 0x69, 0x73, 0x74, 0x61, 0x6e, 0x63, 0x65, 0x20, 0x3a, 0x20, 0x66, 0x33, 0x32, 
0x2c, 0x0a, 0x00, 0x20, 0x20, 0x61, 0x6f, 0x42, 0x65, 0x6e, 0x74, 0x4e, 0x6f, 0x72, 0x6d, 0x61, 0x6c, 0x73, 0x20, 0x3a, 
0x20, 0x66, 0x33, 0x32, 0x2c, 0x0a, 0x00, 0x20, 0x20, 0x7a, 0x50, 0x61, 0x72, 0x61, 0x6d, 0x73, 0x20, 0x3a, 0x20, 0x76, 
0x65, 0x63, 0x34, 0x3c, 0x66, 0x33, 0x32, 0x3e, 0x2c, 0x0a, 0x00, 0x20, 0x20, 0x66, 0x50, 0x61, 0x72, 0x61, 0x6d, 0x73, 
0x20, 0x3a, 0x20, 0x76, 0x65, 0x63, 0x33, 0x3c, 0x75, 0x33, 0x32, 0x3e, 0x2c, 0x0a, 0x00, 0x20, 0x20, 0x6c, 0x69, 0x67, 
0x68, 0x74, 0x43, 0x68, 0x61, 0x6e, 0x6e, 0x65, 0x6c, 0x73, 0x20, 0x3a, 0x20, 0x69, 0x33, 0x32, 0x2c, 0x0a, 0x00, 0x20, 
0x20, 0x66, 0x72, 0x6f, 0x78, 0x65, 0x6c, 0x43, 0x6f, 0x75, 0x6e, 0x74, 0x58, 0x59, 0x20, 0x3a, 0x20, 0x76, 0x65, 0x63, 
0x32, 0x3c, 0x66, 0x33, 0x32, 0x3e, 0x2c, 0x0a, 0x00, 0x20, 0x20, 0x65, 0x6e, 0x61, 0x62, 0x6c, 0x65, 0x46, 0x72, 0x6f, 
0x78, 0x65, 0x6c, 0x56, 0x69, 0x7a, 0x20, 0x3a, 0x20, 0x69, 0x33, 0x32, 0x2c, 0x0a, 0x00, 0x20, 0x20, 0x64, 0x79, 0x6e, 
0x52, 0x65, 0x73, 0x65, 0x72, 0x76, 0x65, 0x64, 0x30, 0x20, 0x3a, 0x20, 0x69, 0x33, 0x32, 0x2c, 0x0a, 0x00, 0x20, 0x20, 
0x64, 0x79, 0x6e, 0x52, 0x65, 0x73, 0x65, 0x72, 0x76, 0x65, 0x64, 0x31, 0x20, 0x3a, 0x20, 0x69, 0x33, 0x32, 0x2c, 0x0a, 
0x00, 0x20, 0x20, 0x64, 0x79, 0x6e, 0x52, 0x65, 0x73, 0x65, 0x72, 0x76, 0x65, 0x64, 0x32, 0x20, 0x3a, 0x20, 0x69, 0x33, 
0x32, 0x2c, 0x0a, 0x00, 0x20, 0x20, 0x69, 0x62, 0x6c, 0x4c, 0x75, 0x6d, 0x69, 0x6e, 0x61, 0x6e, 0x63, 0x65, 0x20, 0x3a, 
0x20, 0x66, 0x33, 0x32, 0x2c, 0x0a, 0x00, 0x20, 0x20, 0x69, 0x62, 0x6c, 0x52, 0x6f, 0x75, 0x67, 0x68, 0x6e, 0x65, 0x73, 
0x73, 0x4f, 0x6e, 0x65, 0x4c, 0x65, 0x76, 0x65, 0x6c, 0x20, 0x3a, 0x20, 0x66, 0x33, 0x32, 0x2c, 0x0a, 0x00, 0x20, 0x20, 
0x69, 0x62, 0x6c, 0x53, 0x48, 0x20, 0x3a, 0x20, 0x61, 0x72, 0x72, 0x61, 0x79, 0x3c, 0x76, 0x65, 0x63, 0x33, 0x3c, 0x66, 
0x33, 0x32, 0x3e, 0x2c, 0x20, 0x39, 0x75, 0x3e, 0x2c, 0x0a, 0x00, 0x20, 0x20, 0x6c, 0x69, 0x67, 0x68, 0x74, 0x44, 0x69, 
0x72, 0x65, 0x63, 0x74, 0x69, 0x6f, 0x6e, 0x20, 0x3a, 0x20, 0x76, 0x65, 0x63, 0x33, 0x3c, 0x66, 0x33, 0x32, 0x3e, 0x2c, 
0x0a, 0x00, 0x20, 0x20, 0x70, 0x61, 0x64, 0x64, 0x69, 0x6e, 0x67, 0x30, 0x20, 0x3a, 0x20, 0x66, 0x33, 0x32, 0x2c, 0x0a, 
0x00, 0x20, 0x20, 0x6c, 0x69, 0x67, 0x68, 0x74, 0x43, 0x6f, 0x6c, 0x6f, 0x72, 0x49, 0x6e, 0x74, 0x65, 0x6e, 0x73, 0x69, 
0x74, 0x79, 0x20, 0x3a, 0x20, 0x76, 0x65, 0x63, 0x34, 0x3c, 0x66, 0x33, 0x32, 0x3e, 0x2c, 0x0a, 0x00, 0x20, 0x20, 0x73, 
0x75, 0x6e, 0x20, 0x3a, 0x20, 0x76, 0x65, 0x63, 0x34, 0x3c, 0x66, 0x33, 0x32, 0x3e, 0x2c, 0x0a, 0x00, 0x20, 0x20, 0x73, 
0x68, 0x61, 0x64, 0x6f, 0x77, 0x46, 0x61, 0x72, 0x41, 0x74, 0x74, 0x65, 0x6e, 0x75, 0x61, 0x74, 0x69, 0x6f, 0x6e, 0x50, 
0x61, 0x72, 0x61, 0x6d, 0x73, 0x20, 0x3a, 0x20, 0x76, 0x65, 0x63, 0x32, 0x3c, 0x66, 0x33, 0x32, 0x3e, 0x2c, 0x0a, 0x00, 
0x20, 0x20, 0x64, 0x69, 0x72, 0x65, 0x63, 0x74, 0x69, 0x6f, 0x6e, 0x61, 0x6c, 0x53, 0x68, 0x61, 0x64, 0x6f, 0x77, 0x73, 
0x20, 0x3a, 0x20, 0x69, 0x33, 0x32, 0x2c, 0x0a, 0x00, 0x20, 0x20, 0x73, 0x73, 0x43, 0x6f, 0x6e, 0x74, 0x61, 0x63, 0x74, 
0x53, 0x68, 0x61, 0x64, 0x6f, 0x77, 0x44, 0x69, 0x73, 0x74, 0x61, 0x6e, 0x63, 0x65, 0x20, 0x3a, 0x20, 0x66, 0x33, 0x32, 
0x2c, 0x0a, 0x00, 0x20, 0x20, 0x73, 0x68, 0x61, 0x64, 0x6f, 0x77, 0x41, 0x74, 0x6c, 0x61, 0x73, 0x52, 0x65, 0x73, 0x6f, 
0x6c, 0x75, 0x74, 0x69, 0x6f, 0x6e, 0x20, 0x3a, 0x20, 0x76, 0x65, 0x63, 0x32, 0x3c, 0x66, 0x33, 0x32, 0x3e, 0x2c, 0x0a, 
0x00, 0x20, 0x20, 0x73, 0x68, 0x61, 0x64, 0x6f, 0x77, 0x52, 0x65, 0x73, 0x65, 0x72, 0x76, 0x65, 0x64, 0x30, 0x20, 0x3a, 
0x20, 0x66, 0x33, 0x32, 0x2c, 0x0a, 0x00, 0x20, 0x20, 0x73, 0x68, 0x61, 0x64, 0x6f, 0x77, 0x52, 0x65, 0x73, 0x65, 0x72, 
0x76, 0x65, 0x64, 0x31, 0x20, 0x3a, 0x20, 0x66, 0x33, 0x32, 0x2c, 0x0a, 0x00, 0x20, 0x20, 0x63, 0x61, 0x73, 0x63, 0x61, 
0x64, 0x65, 0x53, 0x70, 0x6c, 0x69, 0x74, 0x73, 0x20, 0x3a, 0x20, 0x76, 0x65, 0x63, 0x34, 0x3c, 0x66, 0x33, 0x32, 0x3e, 
0x2c, 0x0a, 0x00, 0x20, 0x20, 0x63, 0x61, 0x73, 0x63, 0x61, 0x64, 0x65, 0x73, 0x20, 0x3a, 0x20, 0x69, 0x33, 0x32, 0x2c, 
0x0a, 0x00, 0x20, 0x20, 0x72, 0x65, 0x73, 0x65, 0x72, 0x76, 0x65, 0x64, 0x4c, 0x69, 0x67, 0x68, 0x74, 0x30, 0x20, 0x3a, 
0x20, 0x66, 0x33, 0x32, 0x2c, 0x0a, 0x00, 0x20, 0x20, 0x6c, 0x69, 0x67, 0x68, 0x74, 0x46, 0x61, 0x72, 0x41, 0x74, 0x74, 
0x65, 0x6e, 0x75, 0x61, 0x74, 0x69, 0x6f, 0x6e, 0x50, 0x61, 0x72, 0x61, 0x6d, 0x73, 0x20, 0x3a, 0x20, 0x76, 0x65, 0x63, 
0x32, 0x3c, 0x66, 0x33, 0x32, 0x3e, 0x2c, 0x0a, 0x00, 0x20, 0x20, 0x76, 0x73, 0x6d, 0x45, 0x78, 0x70, 0x6f, 0x6e, 0x65, 
0x6e, 0x74, 0x20, 0x3a, 0x20, 0x66, 0x33, 0x32, 0x2c, 0x0a, 0x00, 0x20, 0x20, 0x76, 0x73, 0x6d, 0x4d, 0x61, 0x78, 0x4d, 
0x6f, 0x6d, 0x65, 0x6e, 0x74, 0x20, 0x3a, 0x20, 0x66, 0x33, 0x32, 0x2c, 0x0a, 0x00, 0x20, 0x20, 0x76, 0x73, 0x6d, 0x4c, 
0x69, 0x67, 0x68, 0x74, 0x42, 0x6c, 0x65, 0x65, 0x64, 0x52, 0x65, 0x64, 0x75, 0x63, 0x74, 0x69, 0x6f, 0x6e, 0x20, 0x3a, 
0x20, 0x66, 0x33, 0x32, 0x2c, 0x0a, 0x00, 0x20, 0x20, 0x73, 0x68, 0x61, 0x64, 0x6f, 0x77, 0x53, 0x61, 0x6d, 0x70, 0x6c, 
0x69, 0x6e, 0x67, 0x54, 0x79, 0x70, 0x65, 0x20, 0x3a, 0x20, 0x75, 0x33, 0x32, 0x2c, 0x0a, 0x00, 0x20, 0x20, 0x66, 0x6f, 
0x67, 0x44, 0x65, 0x6e, 0x73, 0x69, 0x74, 0x79, 0x20, 0x3a, 0x20, 0x76, 0x65, 0x63, 0x33, 0x3c, 0x66, 0x33, 0x32, 0x3e, 
0x2c, 0x0a, 0x00, 0x20, 0x20, 0x66, 0x6f, 0x67, 0x53, 0x74, 0x61, 0x72, 0x74, 0x20, 0x3a, 0x20, 0x66, 0x33, 0x32, 0x2c, 
0x0a, 0x00, 0x20, 0x20, 0x66, 0x6f, 0x67, 0x4d, 0x61, 0x78, 0x4f, 0x70, 0x61, 0x63, 0x69, 0x74, 0x79, 0x20, 0x3a, 0x20, 
0x66, 0x33, 0x32, 0x2c, 0x0a, 0x00, 0x20, 0x20, 0x66, 0x6f, 0x67, 0x4d, 0x69, 0x6e, 0x4d, 0x61, 0x78, 0x4d, 0x69, 0x70, 
0x20, 0x3a, 0x20, 0x75, 0x33, 0x32, 0x2c, 0x0a, 0x00, 0x20, 0x20, 0x66, 0x6f, 0x67, 0x48, 0x65, 0x69, 0x67, 0x68, 0x74, 
0x46, 0x61, 0x6c, 0x6c, 0x6f, 0x66, 0x66, 0x20, 0x3a, 0x20, 0x66, 0x33, 0x32, 0x2c, 0x0a, 0x00, 0x20, 0x20, 0x66, 0x6f, 
0x67, 0x43, 0x75, 0x74, 0x4f, 0x66, 0x66, 0x44, 0x69, 0x73, 0x74, 0x61, 0x6e, 0x63, 0x65, 0x20, 0x3a, 0x20, 0x66, 0x33, 
0x32, 0x2c, 0x0a, 0x00, 0x20, 0x20, 0x66, 0x6f, 0x67, 0x43, 0x6f, 0x6c, 0x6f, 0x72, 0x20, 0x3a, 0x20, 0x76, 0x65, 0x63, 
0x33, 0x3c, 0x66, 0x33, 0x32, 0x3e, 0x2c, 0x0a, 0x00, 0x20, 0x20, 0x66, 0x6f, 0x67, 0x43, 0x6f, 0x6c, 0x6f, 0x72, 0x46, 
0x72, 0x6f, 0x6d, 0x49, 0x62, 0x6c, 0x20, 0x3a, 0x20, 0x66, 0x33, 0x32, 0x2c, 0x0a, 0x00, 0x20, 0x20, 0x66, 0x6f, 0x67, 
0x49, 0x6e, 0x73, 0x63, 0x61, 0x74, 0x74, 0x65, 0x72, 0x69, 0x6e, 0x67, 0x53, 0x74, 0x61, 0x72, 0x74, 0x20, 0x3a, 0x20, 
0x66, 0x33, 0x32, 0x2c, 0x0a, 0x00, 0x20, 0x20, 0x66, 0x6f, 0x67, 0x49, 0x6e, 0x73, 0x63, 0x61, 0x74, 0x74, 0x65, 0x72, 
0x69, 0x6e, 0x67, 0x53, 0x69, 0x7a, 0x65, 0x20, 0x3a, 0x20, 0x66, 0x33, 0x32, 0x2c, 0x0a, 0x00, 0x20, 0x20, 0x66, 0x6f, 
0x67, 0x4f, 0x6e, 0x65, 0x4f, 0x76, 0x65, 0x72, 0x46, 0x61, 0x72, 0x4d, 0x69, 0x6e, 0x75, 0x73, 0x4e, 0x65, 0x61, 0x72, 
0x20, 0x3a, 0x20, 0x66, 0x33, 0x32, 0x2c, 0x0a, 0x00, 0x20, 0x20, 0x66, 0x6f, 0x67, 0x4e, 0x65, 0x61, 0x72, 0x4f, 0x76, 
0x65, 0x72, 0x46, 0x61, 0x72, 0x4d, 0x69, 0x6e, 0x75, 0x73, 0x4e, 0x65, 0x61, 0x72, 0x20, 0x3a, 0x20, 0x66, 0x33, 0x32, 
0x2c, 0x0a, 0x00, 0x20, 0x20, 0x66, 0x6f, 0x67, 0x46, 0x72, 0x6f, 0x6d, 0x57, 0x6f, 0x72, 0x6c, 0x64, 0x4d, 0x61, 0x74, 
0x72, 0x69, 0x78, 0x20, 0x3a, 0x20, 0x6d, 0x61, 0x74, 0x33, 0x78, 0x33, 0x3c, 0x66, 0x33, 0x32, 0x3e, 0x2c, 0x0a, 0x00, 
0x20, 0x20, 0x66, 0x6f, 0x67, 0x4c, 0x69, 0x6e, 0x65, 0x61, 0x72, 0x50, 0x61, 0x72, 0x61, 0x6d, 0x73, 0x20, 0x3a, 0x20, 
0x76, 0x65, 0x63, 0x32, 0x3c, 0x66, 0x33, 0x32, 0x3e, 0x2c, 0x0a, 0x00, 0x20, 0x20, 0x66, 0x6f, 0x67, 0x52, 0x65, 0x73, 
0x65, 0x72, 0x76, 0x65, 0x64, 0x30, 0x20, 0x3a, 0x20, 0x76, 0x65, 0x63, 0x32, 0x3c, 0x66, 0x33, 0x32, 0x3e, 0x2c, 0x0a, 
0x00, 0x20, 0x20, 0x73, 0x73, 0x72, 0x52, 0x65, 0x70, 0x72, 0x6f, 0x6a, 0x65, 0x63, 0x74, 0x69, 0x6f, 0x6e, 0x20, 0x3a, 
0x20, 0x6d, 0x61, 0x74, 0x34, 0x78, 0x34, 0x3c, 0x66, 0x33, 0x32, 0x3e, 0x2c, 0x0a, 0x00, 0x20, 0x20, 0x73, 0x73, 0x72, 
0x55, 0x76, 0x46, 0x72, 0x6f, 0x6d, 0x56, 0x69, 0x65, 0x77, 0x4d, 0x61, 0x74, 0x72, 0x69, 0x78, 0x20, 0x3a, 0x20, 0x6d, 
0x61, 0x74, 0x34, 0x78, 0x34, 0x3c, 0x66, 0x33, 0x32, 0x3e, 0x2c, 0x0a, 0x00, 0x20, 0x20, 0x73, 0x73, 0x72, 0x54, 0x68, 
0x69, 0x63, 0x6b, 0x6e, 0x65, 0x73, 0x73, 0x20, 0x3a, 0x20, 0x66, 0x33, 0x32, 0x2c, 0x0a, 0x00, 0x20, 0x20, 0x73, 0x73, 
0x72, 0x42, 0x69, 0x61, 0x73, 0x20, 0x3a, 0x20, 0x66, 0x33, 0x32, 0x2c, 0x0a, 0x00, 0x20, 0x20, 0x73, 0x73, 0x72, 0x44, 
0x69, 0x73, 0x74, 0x61, 0x6e, 0x63, 0x65, 0x20, 0x3a, 0x20, 0x66, 0x33, 0x32, 0x2c, 0x0a, 0x00, 0x20, 0x20, 0x73, 0x73, 
0x72, 0x53, 0x74, 0x72, 0x69, 0x64, 0x65, 0x20, 0x3a, 0x20, 0x66, 0x33, 0x32, 0x2c, 0x0a, 0x00, 0x20, 0x20, 0x63, 0x75, 
0x73, 0x74, 0x6f, 0x6d, 0x20, 0x3a, 0x20, 0x61, 0x72, 0x72, 0x61, 0x79, 0x3c, 0x76, 0x65, 0x63, 0x34, 0x3c, 0x66, 0x33, 
0x32, 0x3e, 0x2c, 0x20, 0x34, 0x75, 0x3e, 0x2c, 0x0a, 0x00, 0x20, 0x20, 0x72, 0x65, 0x63, 0x37, 0x30, 0x39, 0x20, 0x3a, 
0x20, 0x69, 0x33, 0x32, 0x2c, 0x0a, 0x00, 0x20, 0x20, 0x65, 0x73, 0x32, 0x52, 0x65, 0x73, 0x65, 0x72, 0x76, 0x65, 0x64, 
0x30, 0x20, 0x3a, 0x20, 0x66, 0x33, 0x32, 0x2c, 0x0a, 0x00, 0x20, 0x20, 0x65, 0x73, 0x32, 0x52, 0x65, 0x73, 0x65, 0x72, 
0x76, 0x65, 0x64, 0x31, 0x20, 0x3a, 0x20, 0x66, 0x33, 0x32, 0x2c, 0x0a, 0x00, 0x20, 0x20, 0x65, 0x73, 0x32, 0x52, 0x65, 
0x73, 0x65, 0x72, 0x76, 0x65, 0x64, 0x32, 0x20, 0x3a, 0x20, 0x66, 0x33, 0x32, 0x2c, 0x0a, 0x00, 0x20, 0x20, 0x65, 0x78, 
0x74, 0x72, 0x61, 0x4c, 0x69, 0x67, 0x68, 0x74, 0x44, 0x69, 0x72, 0x65, 0x63, 0x74, 0x69, 0x6f, 0x6e, 0x20, 0x3a, 0x20, 
0x61, 0x72, 0x72, 0x61, 0x79, 0x3c, 0x76, 0x65, 0x63, 0x34, 0x3c, 0x66, 0x33, 0x32, 0x3e, 0x2c, 0x20, 0x34, 0x75, 0x3e, 
0x2c, 0x0a, 0x00, 0x20, 0x20, 0x65, 0x78, 0x74, 0x72, 0x61, 0x4c, 0x69, 0x67, 0x68, 0x74, 0x43, 0x6f, 0x6c, 0x6f, 0x72, 
0x49, 0x6e, 0x74, 0x65, 0x6e, 0x73, 0x69, 0x74, 0x79, 0x20, 0x3a, 0x20, 0x61, 0x72, 0x72, 0x61, 0x79, 0x3c, 0x76, 0x65, 
0x63, 0x34, 0x3c, 0x66, 0x33, 0x32, 0x3e, 0x2c, 0x20, 0x34, 0x75, 0x3e, 0x2c, 0x0a, 0x00, 0x20, 0x20, 0x65, 0x78, 0x74, 
0x72, 0x61, 0x4c, 0x69, 0x67, 0x68, 0x74, 0x43, 0x6f, 0x75, 0x6e, 0x74, 0x20, 0x3a, 0x20, 0x69, 0x33, 0x32, 0x2c, 0x0a, 
0x00, 0x20, 0x20, 0x65, 0x78, 0x74, 0x72, 0x61, 0x44, 0x69, 0x72, 0x52, 0x65, 0x73, 0x65, 0x72, 0x76, 0x65, 0x64, 0x30, 
0x20, 0x3a, 0x20, 0x69, 0x33, 0x32, 0x2c, 0x0a, 0x00, 0x20, 0x20, 0x65, 0x78, 0x74, 0x72, 0x61, 0x44, 0x69, 0x72, 0x52, 
0x65, 0x73, 0x65, 0x72, 0x76, 0x65, 0x64, 0x31, 0x20, 0x3a, 0x20, 0x69, 0x33, 0x32, 0x2c, 0x0a, 0x00, 0x20, 0x20, 0x65, 
0x78, 0x74, 0x72, 0x61, 0x44, 0x69, 0x72, 0x52, 0x65, 0x73, 0x65, 0x72, 0x76, 0x65, 0x64, 0x32, 0x20, 0x3a, 0x20, 0x69, 
0x33, 0x32, 0x2c, 0x0a, 0x00, 0x20, 0x20, 0x72, 0x65, 0x73, 0x65, 0x72, 0x76, 0x65, 0x64, 0x20, 0x3a, 0x20, 0x61, 0x72, 
0x72, 0x61, 0x79, 0x3c, 0x76, 0x65, 0x63, 0x34, 0x3c, 0x66, 0x33, 0x32, 0x3e, 0x2c, 0x20, 0x39, 0x75, 0x3e, 0x2c, 0x0a, 
0x00, 0x40, 0x67, 0x72, 0x6f, 0x75, 0x70, 0x28, 0x30, 0x75, 0x29, 0x20, 0x40, 0x62, 0x69, 0x6e, 0x64, 0x69, 0x6e, 0x67, 
0x28, 0x30, 0x75, 0x29, 0x20, 0x76, 0x61, 0x72, 0x3c, 0x75, 0x6e, 0x69, 0x66, 0x6f, 0x72, 0x6d, 0x3e, 0x20, 0x66, 0x72, 
0x61, 0x6d, 0x65, 0x55, 0x6e, 0x69, 0x66, 0x6f, 0x72, 0x6d, 0x73, 0x20, 0x3a, 0x20, 0x46, 0x72, 0x61, 0x6d, 0x65, 0x55, 
0x6e, 0x69, 0x66, 0x6f, 0x72, 0x6d, 0x73, 0x5f, 0x31, 0x3b, 0x0a, 0x00, 0x20, 0x20, 0x40, 0x6c, 0x6f, 0x63, 0x61, 0x74, 
0x69, 0x6f, 0x6e, 0x28, 0x30, 0x75, 0x29, 0x0a, 0x00, 0x29, 0x3b, 0x0a, 0x00, 0x6d, 0x61, 0x74, 0x34, 0x20, 0x62, 0x3b, 
0x0a, 0x00, 0x6d, 0x61, 0x74, 0x34, 0x20, 0x63, 0x3b, 0x0a, 0x00, 0x6d, 0x61, 0x74, 0x34, 0x20, 0x64, 0x3b, 0x0a, 0x00, 
0x6d, 0x61, 0x74, 0x34, 0x20, 0x65, 0x5b, 0x34, 0x5d, 0x3b, 0x0a, 0x00, 0x6d, 0x61, 0x74, 0x34, 0x20, 0x66, 0x5b, 0x34, 
0x5d, 0x3b, 0x0a, 0x00, 0x6d, 0x61, 0x74, 0x34, 0x20, 0x67, 0x3b, 0x0a, 0x00, 0x6d, 0x61, 0x74, 0x33, 0x20, 0x68, 0x3b, 
0x0a, 0x00, 0x6d, 0x61, 0x74, 0x34, 0x20, 0x69, 0x3b, 0x0a, 0x00, 0x76, 0x65, 0x63, 0x34, 0x20, 0x6a, 0x3b, 0x0a, 0x00, 
0x76, 0x65, 0x63, 0x32, 0x20, 0x6b, 0x3b, 0x0a, 0x00, 0x66, 0x6c, 0x6f, 0x61, 0x74, 0x20, 0x6c, 0x3b, 0x0a, 0x00, 0x66, 
0x6c, 0x6f, 0x61, 0x74, 0x20, 0x6d, 0x3b, 0x0a, 0x00, 0x76, 0x65, 0x63, 0x34, 0x20, 0x6e, 0x3b, 0x0a, 0x00, 0x76, 0x65, 
0x63, 0x34, 0x20, 0x6f, 0x3b, 0x0a, 0x00, 0x76, 0x65, 0x63, 0x32, 0x20, 0x70, 0x3b, 0x0a, 0x00, 0x76, 0x65, 0x63, 0x32, 
0x20, 0x71, 0x3b, 0x0a, 0x00, 0x66, 0x6c, 0x6f, 0x61, 0x74, 0x20, 0x75, 0x3b, 0x0a, 0x00, 0x66, 0x6c, 0x6f, 0x61, 0x74, 
0x20, 0x76, 0x3b, 0x0a, 0x00, 0x66, 0x6c, 0x6f, 0x61, 0x74, 0x20, 0x77, 0x3b, 0x0a, 0x00, 0x66, 0x6c, 0x6f, 0x61, 0x74, 
0x20, 0x78, 0x3b, 0x0a, 0x00, 0x76, 0x65, 0x63, 0x33, 0x20, 0x6e, 0x7a, 0x3b, 0x0a, 0x00, 0x76, 0x65, 0x63, 0x32, 0x20, 
0x72, 0x7a, 0x3b, 0x0a, 0x00, 0x76, 0x65, 0x63, 0x32, 0x20, 0x75, 0x7a, 0x3b, 0x0a, 0x00, 0x76, 0x65, 0x63, 0x34, 0x20, 
0x78, 0x7a, 0x3b, 0x0a, 0x00, 0x76, 0x65, 0x63, 0x32, 0x20, 0x61, 0x7a, 0x7a, 0x3b, 0x0a, 0x00, 0x66, 0x6c, 0x6f, 0x61, 
0x74, 0x20, 0x63, 0x7a, 0x7a, 0x3b, 0x0a, 0x00, 0x76, 0x65, 0x63, 0x33, 0x20, 0x66, 0x7a, 0x7a, 0x3b, 0x0a, 0x00, 0x66, 
0x6c, 0x6f, 0x61, 0x74, 0x20, 0x67, 0x7a, 0x7a, 0x3b, 0x0a, 0x00, 0x75, 0x69, 0x6e, 0x74, 0x20, 0x69, 0x7a, 0x7a, 0x3b, 
0x0a, 0x00, 0x66, 0x6c, 0x6f, 0x61, 0x74, 0x20, 0x6a, 0x7a, 0x7a, 0x3b, 0x0a, 0x00, 0x66, 0x6c, 0x6f, 0x61, 0x74, 0x20, 
0x6b, 0x7a, 0x7a, 0x3b, 0x0a, 0x00, 0x66, 0x6c, 0x6f, 0x61, 0x74, 0x20, 0x6e, 0x7a, 0x7a, 0x3b, 0x0a, 0x00, 0x66, 0x6c, 
0x6f, 0x61, 0x74, 0x20, 0x70, 0x7a, 0x7a, 0x3b, 0x0a, 0x00, 0x66, 0x6c, 0x6f, 0x61, 0x74, 0x20, 0x71, 0x7a, 0x7a, 0x3b, 
0x0a, 0x00, 0x6d, 0x61, 0x74, 0x33, 0x20, 0x72, 0x7a, 0x7a, 0x3b, 0x0a, 0x00, 0x76, 0x65, 0x63, 0x32, 0x20, 0x73, 0x7a, 
0x7a, 0x3b, 0x0a, 0x00, 0x76, 0x65, 0x63, 0x32, 0x20, 0x74, 0x7a, 0x7a, 0x3b, 0x0a, 0x00, 0x6d, 0x61, 0x74, 0x34, 0x20, 
0x75, 0x7a, 0x7a, 0x3b, 0x0a, 0x00, 0x6d, 0x61, 0x74, 0x34, 0x20, 0x76, 0x7a, 0x7a, 0x3b, 0x0a, 0x00, 0x76, 0x65, 0x63, 
0x34, 0x20, 0x61, 0x7a, 0x7a, 0x7a, 0x5b, 0x34, 0x5d, 0x3b, 0x0a, 0x00, 0x76, 0x65, 0x63, 0x34, 0x20, 0x66, 0x7a, 0x7a, 
0x7a, 0x5b, 0x34, 0x5d, 0x3b, 0x0a, 0x00, 0x3d, 0x28, 0x00, 0x69, 0x66, 0x20, 0x28, 0x61, 0x62, 0x73, 0x28, 0x00, 0x66, 
0x6c, 0x6f, 0x61, 0x74, 0x20, 0x72, 0x3b, 0x0a, 0x00, 0x66, 0x6c, 0x6f, 0x61, 0x74, 0x20, 0x73, 0x3b, 0x0a, 0x00, 0x76, 
0x65, 0x63, 0x32, 0x20, 0x74, 0x3b, 0x0a, 0x00, 0x66, 0x6c, 0x6f, 0x61, 0x74, 0x20, 0x79, 0x3b, 0x0a, 0x00, 0x66, 0x6c, 
0x6f, 0x61, 0x74, 0x20, 0x7a, 0x3b, 0x0a, 0x00, 0x66, 0x6c, 0x6f, 0x61, 0x74, 0x20, 0x61, 0x7a, 0x3b, 0x0a, 0x00, 0x66, 
0x6c, 0x6f, 0x61, 0x74, 0x20, 0x62, 0x7a, 0x3b, 0x0a, 0x00, 0x76, 0x65, 0x63, 0x34, 0x20, 0x63, 0x7a, 0x3b, 0x0a, 0x00, 
0x75, 0x76, 0x65, 0x63, 0x33, 0x20, 0x64, 0x7a, 0x3b, 0x0a, 0x00, 0x69, 0x6e, 0x74, 0x20, 0x65, 0x7a, 0x3b, 0x0a, 0x00, 
0x76, 0x65, 0x63, 0x32, 0x20, 0x66, 0x7a, 0x3b, 0x0a, 0x00, 0x69, 0x6e, 0x74, 0x20, 0x67, 0x7a, 0x3b, 0x0a, 0x00, 0x69, 
0x6e, 0x74, 0x20, 0x68, 0x7a, 0x3b, 0x0a, 0x00, 0x69, 0x6e, 0x74, 0x20, 0x69, 0x7a, 0x3b, 0x0a, 0x00, 0x69, 0x6e, 0x74, 
0x20, 0x6a, 0x7a, 0x3b, 0x0a, 0x00, 0x66, 0x6c, 0x6f, 0x61, 0x74, 0x20, 0x6b, 0x7a, 0x3b, 0x0a, 0x00, 0x66, 0x6c, 0x6f, 
0x61, 0x74, 0x20, 0x6c, 0x7a, 0x3b, 0x0a, 0x00, 0x76, 0x65, 0x63, 0x33, 0x20, 0x6d, 0x7a, 0x5b, 0x39, 0x5d, 0x3b, 0x0a, 
0x00, 0x66, 0x6c, 0x6f, 0x61, 0x74, 0x20, 0x6f, 0x7a, 0x3b, 0x0a, 0x00, 0x76, 0x65, 0x63, 0x34, 0x20, 0x70, 0x7a, 0x3b, 
0x0a, 0x00, 0x76, 0x65, 0x63, 0x34, 0x20, 0x71, 0x7a, 0x3b, 0x0a, 0x00, 0x69, 0x6e, 0x74, 0x20, 0x73, 0x7a, 0x3b, 0x0a, 
0x00, 0x66, 0x6c, 0x6f, 0x61, 0x74, 0x20, 0x74, 0x7a, 0x3b, 0x0a, 0x00, 0x66, 0x6c, 0x6f, 0x61, 0x74, 0x20, 0x76, 0x7a, 
0x3b, 0x0a, 0x00, 0x66, 0x6c, 0x6f, 0x61, 0x74, 0x20, 0x77, 0x7a, 0x3b, 0x0a, 0x00, 0x69, 0x6e, 0x74, 0x20, 0x79, 0x7a, 
0x3b, 0x0a, 0x00, 0x66, 0x6c, 0x6f, 0x61, 0x74, 0x20, 0x7a, 0x7a, 0x3b, 0x0a, 0x00, 0x66, 0x6c, 0x6f, 0x61, 0x74, 0x20, 
0x62, 0x7a, 0x7a, 0x3b, 0x0a, 0x00, 0x66, 0x6c, 0x6f, 0x61, 0x74, 0x20, 0x64, 0x7a, 0x7a, 0x3b, 0x0a, 0x00, 0x75, 0x69, 
0x6e, 0x74, 0x20, 0x65, 0x7a, 0x7a, 0x3b, 0x0a, 0x00, 0x66, 0x6c, 0x6f, 0x61, 0x74, 0x20, 0x68, 0x7a, 0x7a, 0x3b, 0x0a, 
0x00, 0x76, 0x65, 0x63, 0x33, 0x20, 0x6c, 0x7a, 0x7a, 0x3b, 0x0a, 0x00, 0x66, 0x6c, 0x6f, 0x61, 0x74, 0x20, 0x6d, 0x7a, 
0x7a, 0x3b, 0x0a, 0x00, 0x66, 0x6c, 0x6f, 0x61, 0x74, 0x20, 0x6f, 0x7a, 0x7a, 0x3b, 0x0a, 0x00, 0x66, 0x6c, 0x6f, 0x61, 
0x74, 0x20, 0x77, 0x7a, 0x7a, 0x3b, 0x0a, 0x00, 0x66, 0x6c, 0x6f, 0x61, 0x74, 0x20, 0x78, 0x7a, 0x7a, 0x3b, 0x0a, 0x00, 
0x66, 0x6c, 0x6f, 0x61, 0x74, 0x20, 0x79, 0x7a, 0x7a, 0x3b, 0x0a, 0x00, 0x66, 0x6c, 0x6f, 0x61, 0x74, 0x20, 0x7a, 0x7a, 
0x7a, 0x3b, 0x0a, 0x00, 0x69, 0x6e, 0x74, 0x20, 0x62, 0x7a, 0x7a, 0x7a, 0x3b, 0x0a, 0x00, 0x66, 0x6c, 0x6f, 0x61, 0x74, 
0x20, 0x63, 0x7a, 0x7a, 0x7a, 0x3b, 0x0a, 0x00, 0x66, 0x6c, 0x6f, 0x61, 0x74, 0x20, 0x64, 0x7a, 0x7a, 0x7a, 0x3b, 0x0a, 
0x00, 0x66, 0x6c, 0x6f, 0x61, 0x74, 0x20, 0x65, 0x7a, 0x7a, 0x7a, 0x3b, 0x0a, 0x00, 0x76, 0x65, 0x63, 0x34, 0x20, 0x67, 
0x7a, 0x7a, 0x7a, 0x5b, 0x34, 0x5d, 0x3b, 0x0a, 0x00, 0x69, 0x6e, 0x74, 0x20, 0x68, 0x7a, 0x7a, 0x7a, 0x3b, 0x0a, 0x00, 
0x69, 0x6e, 0x74, 0x20, 0x69, 0x7a, 0x7a, 0x7a, 0x3b, 0x0a, 0x00, 0x69, 0x6e, 0x74, 0x20, 0x6a, 0x7a, 0x7a, 0x7a, 0x3b, 
0x0a, 0x00, 0x69, 0x6e, 0x74, 0x20, 0x6b, 0x7a, 0x7a, 0x7a, 0x3b, 0x0a, 0x00, 0x76, 0x65, 0x63, 0x34, 0x20, 0x6c, 0x7a, 
0x7a, 0x7a, 0x5b, 0x39, 0x5d, 0x3b, 0x0a, 0x00, 0x23, 0x76, 0x65, 0x72, 0x73, 0x69, 0x6f, 0x6e, 0x20, 0x33, 0x30, 0x30, 
0x20, 0x65, 0x73, 0x0a, 0x00, 0x23, 0x76, 0x65, 0x72, 0x73, 0x69, 0x6f, 0x6e, 0x20, 0x34, 0x31, 0x30, 0x0a, 0x00, 0x23, 
0x65, 0x78, 0x74, 0x65, 0x6e, 0x73, 0x69, 0x6f, 0x6e, 0x20, 0x47, 0x4c, 0x5f, 0x41, 0x52, 0x42, 0x5f, 0x73, 0x68, 0x61, 
0x64, 0x69, 0x6e, 0x67, 0x5f, 0x6c, 0x61, 0x6e, 0x67, 0x75, 0x61, 0x67, 0x65, 0x5f, 0x70, 0x61, 0x63, 0x6b, 0x69, 0x6e, 
0x67, 0x20, 0x3a, 0x20, 0x65, 0x6e, 0x61, 0x62, 0x6c, 0x65, 0x0a, 0x00, 0x2e, 0x7a, 0x3d, 0x28, 0x00, 0x4d, 0x61, 0x74, 
0x65, 0x72, 0x69, 0x61, 0x6c, 0x56, 0x65, 0x72, 0x74, 0x65, 0x78, 0x49, 0x6e, 0x70, 0x75, 0x74, 0x73, 0x20, 0x00, 0x2e, 
0x69, 0x6d, 0x61, 0x67, 0x65, 0x55, 0x56, 0x3b, 0x0a, 0x00, 0x20, 0x20, 0x67, 0x6c, 0x5f, 0x50, 0x6f, 0x73, 0x69, 0x74, 
0x69, 0x6f, 0x6e, 0x20, 0x3a, 0x20, 0x76, 0x65, 0x63, 0x34, 0x3c, 0x66, 0x33, 0x32, 0x3e, 0x2c, 0x0a, 0x00, 0x73, 0x74, 
0x72, 0x75, 0x63, 0x74, 0x20, 0x4d, 0x61, 0x74, 0x65, 0x72, 0x69, 0x61, 0x6c, 0x56, 0x65, 0x72, 0x74, 0x65, 0x78, 0x49, 
0x6e, 0x70, 0x75, 0x74, 0x73, 0x0a, 0x00, 0x76, 0x65, 0x63, 0x34, 0x20, 0x69, 0x6d, 0x61, 0x67, 0x65, 0x55, 0x56, 0x3b, 
0x0a, 0x00, 0x76, 0x65, 0x63, 0x34, 0x20, 0x77, 0x6f, 0x72, 0x6c, 0x64, 0x50, 0x6f, 0x73, 0x69, 0x74, 0x69, 0x6f, 0x6e, 
0x3b, 0x0a, 0x00, 0x23, 0x69, 0x66, 0x6e, 0x64, 0x65, 0x66, 0x20, 0x53, 0x50, 0x49, 0x52, 0x56, 0x5f, 0x43, 0x52, 0x4f, 
0x53, 0x53, 0x5f, 0x43, 0x4f, 0x4e, 0x53, 0x54, 0x41, 0x4e, 0x54, 0x5f, 0x49, 0x44, 0x5f, 0x35, 0x0a, 0x00, 0x23, 0x64, 
0x65, 0x66, 0x69, 0x6e, 0x65, 0x20, 0x53, 0x50, 0x49, 0x52, 0x56, 0x5f, 0x43, 0x52, 0x4f, 0x53, 0x53, 0x5f, 0x43, 0x4f, 
0x4e, 0x53, 0x54, 0x41, 0x4e, 0x54, 0x5f, 0x49, 0x44, 0x5f, 0x35, 0x20, 0x66, 0x61, 0x6c, 0x73, 0x65, 0x0a, 0x00, 0x63, 
0x6f, 0x6e, 0x73, 0x74, 0x20, 0x62, 0x6f, 0x6f, 0x6c, 0x20, 0x43, 0x4f, 0x4e, 0x46, 0x49, 0x47, 0x5f, 0x50, 0x4f, 0x57, 
0x45, 0x52, 0x5f, 0x56, 0x52, 0x5f, 0x53, 0x48, 0x41, 0x44, 0x45, 0x52, 0x5f, 0x57, 0x4f, 0x52, 0x4b, 0x41, 0x52, 0x4f, 
0x55, 0x4e, 0x44, 0x53, 0x3d, 0x53, 0x50, 0x49, 0x52, 0x56, 0x5f, 0x43, 0x52, 0x4f, 0x53, 0x53, 0x5f, 0x43, 0x4f, 0x4e, 
0x53, 0x54, 0x41, 0x4e, 0x54, 0x5f, 0x49, 0x44, 0x5f, 0x35, 0x3b, 0x0a, 0x00, 0x6c, 0x61, 0x79, 0x6f, 0x75, 0x74, 0x28, 
0x6c, 0x6f, 0x63, 0x61, 0x74, 0x69, 0x6f, 0x6e, 0x3d, 0x30, 0x29, 0x20, 0x69, 0x6e, 0x20, 0x76, 0x65, 0x63, 0x34, 0x20, 
0x6d, 0x65, 0x73, 0x68, 0x5f, 0x70, 0x6f, 0x73, 0x69, 0x74, 0x69, 0x6f, 0x6e, 0x3b, 0x0a, 0x00, 0x69, 0x66, 0x20, 0x28, 
0x43, 0x4f, 0x4e, 0x46, 0x49, 0x47, 0x5f, 0x50, 0x4f, 0x57, 0x45, 0x52, 0x5f, 0x56, 0x52, 0x5f, 0x53, 0x48, 0x41, 0x44, 
0x45, 0x52, 0x5f, 0x57, 0x4f, 0x52, 0x4b, 0x41, 0x52, 0x4f, 0x55, 0x4e, 0x44, 0x53, 0x29, 0x0a, 0x00, 0x69, 0x6e, 0x73, 
0x74, 0x61, 0x6e, 0x63, 0x65, 0x5f, 0x69, 0x6e, 0x64, 0x65, 0x78, 0x3d, 0x28, 0x31, 0x2b, 0x67, 0x6c, 0x5f, 0x49, 0x6e, 
0x73, 0x74, 0x61, 0x6e, 0x63, 0x65, 0x49, 0x44, 0x29, 0x2d, 0x31, 0x3b, 0x0a, 0x00, 0x69, 0x6e, 0x73, 0x74, 0x61, 0x6e, 
0x63, 0x65, 0x5f, 0x69, 0x6e, 0x64, 0x65, 0x78, 0x3d, 0x67, 0x6c, 0x5f, 0x49, 0x6e, 0x73, 0x74, 0x61, 0x6e, 0x63, 0x65, 
0x49, 0x44, 0x3b, 0x0a, 0x00, 0x3d, 0x6d, 0x65, 0x73, 0x68, 0x5f, 0x70, 0x6f, 0x73, 0x69, 0x74, 0x69, 0x6f, 0x6e, 0x3b, 
0x0a, 0x00, 0x2e, 0x7a, 0x2a, 0x28, 0x2d, 0x30, 0x2e, 0x35, 0x29, 0x29, 0x2b, 0x30, 0x2e, 0x35, 0x3b, 0x0a, 0x00, 0x3d, 
0x66, 0x72, 0x61, 0x6d, 0x65, 0x55, 0x6e, 0x69, 0x66, 0x6f, 0x72, 0x6d, 0x73, 0x2e, 0x67, 0x2a, 0x00, 0x29, 0x3c, 0x31, 
0x2e, 0x30, 0x38, 0x34, 0x32, 0x30, 0x32, 0x32, 0x65, 0x2d, 0x31, 0x39, 0x29, 0x0a, 0x00, 0x2e, 0x77, 0x3d, 0x28, 0x00, 
0x3c, 0x30, 0x2e, 0x30, 0x29, 0x20, 0x3f, 0x20, 0x28, 0x2d, 0x31, 0x2e, 0x30, 0x38, 0x34, 0x32, 0x30, 0x32, 0x32, 0x65, 
0x2d, 0x31, 0x39, 0x29, 0x20, 0x3a, 0x20, 0x31, 0x2e, 0x30, 0x38, 0x34, 0x32, 0x30, 0x32, 0x32, 0x65, 0x2d, 0x31, 0x39, 
0x3b, 0x0a, 0x00, 0x3d, 0x4d, 0x61, 0x74, 0x65, 0x72, 0x69, 0x61, 0x6c, 0x56, 0x65, 0x72, 0x74, 0x65, 0x78, 0x49, 0x6e, 
0x70, 0x75, 0x74, 0x73, 0x28, 0x76, 0x65, 0x63, 0x34, 0x28, 0x30, 0x2e, 0x30, 0x29, 0x2c, 0x00, 0x2a, 0x28, 0x31, 0x2e, 
0x30, 0x2f, 0x00, 0x2e, 0x78, 0x79, 0x2a, 0x30, 0x2e, 0x35, 0x29, 0x2b, 0x76, 0x65, 0x63, 0x32, 0x28, 0x30, 0x2e, 0x35, 
0x29, 0x3b, 0x0a, 0x00, 0x3d, 0x4d, 0x61, 0x74, 0x65, 0x72, 0x69, 0x61, 0x6c, 0x56, 0x65, 0x72, 0x74, 0x65, 0x78, 0x49, 
0x6e, 0x70, 0x75, 0x74, 0x73, 0x28, 0x00, 0x2e, 0x77, 0x6f, 0x72, 0x6c, 0x64, 0x50, 0x6f, 0x73, 0x69, 0x74, 0x69, 0x6f, 
0x6e, 0x29, 0x3b, 0x0a, 0x00, 0x76, 0x61, 0x72, 0x69, 0x61, 0x62, 0x6c, 0x65, 0x5f, 0x69, 0x6d, 0x61, 0x67, 0x65, 0x55, 
0x56, 0x3d, 0x00, 0x2e, 0x77, 0x6f, 0x72, 0x6c, 0x64, 0x50, 0x6f, 0x73, 0x69, 0x74, 0x69, 0x6f, 0x6e, 0x2e, 0x78, 0x79, 
0x7a, 0x3b, 0x0a, 0x00, 0x76, 0x65, 0x72, 0x74, 0x65, 0x78, 0x5f, 0x77, 0x6f, 0x72, 0x6c, 0x64, 0x50, 0x6f, 0x73, 0x69, 
0x74, 0x69, 0x6f, 0x6e, 0x2e, 0x78, 0x3d, 0x00, 0x76, 0x65, 0x72, 0x74, 0x65, 0x78, 0x5f, 0x77, 0x6f, 0x72, 0x6c, 0x64, 
0x50, 0x6f, 0x73, 0x69, 0x74, 0x69, 0x6f, 0x6e, 0x2e, 0x79, 0x3d, 0x00, 0x76, 0x65, 0x72, 0x74, 0x65, 0x78, 0x5f, 0x77, 
0x6f, 0x72, 0x6c, 0x64, 0x50, 0x6f, 0x73, 0x69, 0x74, 0x69, 0x6f, 0x6e, 0x2e, 0x7a, 0x3d, 0x00, 0x76, 0x65, 0x72, 0x74, 
0x65, 0x78, 0x5f, 0x70, 0x6f, 0x73, 0x69, 0x74, 0x69, 0x6f, 0x6e, 0x3d, 0x00, 0x2e, 0x7a, 0x2a, 0x66, 0x72, 0x61, 0x6d, 
0x65, 0x55, 0x6e, 0x69, 0x66, 0x6f, 0x72, 0x6d, 0x73, 0x2e, 0x6b, 0x2e, 0x78, 0x29, 0x2b, 0x28, 0x00, 0x2e, 0x77, 0x2a, 
0x66, 0x72, 0x61, 0x6d, 0x65, 0x55, 0x6e, 0x69, 0x66, 0x6f, 0x72, 0x6d, 0x73, 0x2e, 0x6b, 0x2e, 0x79, 0x29, 0x3b, 0x0a, 
0x00, 0x67, 0x6c, 0x5f, 0x50, 0x6f, 0x73, 0x69, 0x74, 0x69, 0x6f, 0x6e, 0x3d, 0x00, 0x2a, 0x66, 0x6c, 0x6f, 0x61, 0x74, 
0x28, 0x00, 0x29, 0x2a, 0x00, 0x2e, 0x77, 0x29, 0x3b, 0x0a, 0x00, 0x76, 0x61, 0x72, 0x3c, 0x70, 0x72, 0x69, 0x76, 0x61, 
0x74, 0x65, 0x3e, 0x20, 0x69, 0x6e, 0x73, 0x74, 0x61, 0x6e, 0x63, 0x65, 0x5f, 0x69, 0x6e, 0x64, 0x65, 0x78, 0x20, 0x3a, 
0x20, 0x69, 0x33, 0x32, 0x3b, 0x0a, 0x00, 0x76, 0x61, 0x72, 0x3c, 0x70, 0x72, 0x69, 0x76, 0x61, 0x74, 0x65, 0x3e, 0x20, 
0x76, 0x61, 0x72, 0x69, 0x61, 0x62, 0x6c, 0x65, 0x5f, 0x69, 0x6d, 0x61, 0x67, 0x65, 0x55, 0x56, 0x20, 0x3a, 0x20, 0x76, 
0x65, 0x63, 0x34, 0x3c, 0x66, 0x33, 0x32, 0x3e, 0x3b, 0x0a, 0x00, 0x76, 0x61, 0x72, 0x3c, 0x70, 0x72, 0x69, 0x76, 0x61, 
0x74, 0x65, 0x3e, 0x20, 0x76, 0x65, 0x72, 0x74, 0x65, 0x78, 0x5f, 0x77, 0x6f, 0x72, 0x6c, 0x64, 0x50, 0x6f, 0x73, 0x69, 
0x74, 0x69, 0x6f, 0x6e, 0x20, 0x3a, 0x20, 0x76, 0x65, 0x63, 0x34, 0x3c, 0x66, 0x33, 0x32, 0x3e, 0x3b, 0x0a, 0x00, 0x76, 
0x61, 0x72, 0x3c, 0x70, 0x72, 0x69, 0x76, 0x61, 0x74, 0x65, 0x3e, 0x20, 0x76, 0x65, 0x72, 0x74, 0x65, 0x78, 0x5f, 0x70, 
0x6f, 0x73, 0x69, 0x74, 0x69, 0x6f, 0x6e, 0x20, 0x3a, 0x20, 0x76, 0x65, 0x63, 0x34, 0x3c, 0x66, 0x33, 0x32, 0x3e, 0x3b, 
0x0a, 0x00, 0x73, 0x74, 0x72, 0x75, 0x63, 0x74, 0x20, 0x67, 0x6c, 0x5f, 0x50, 0x65, 0x72, 0x56, 0x65, 0x72, 0x74, 0x65, 
0x78, 0x20, 0x7b, 0x0a, 0x00, 0x20, 0x20, 0x67, 0x6c, 0x5f, 0x50, 0x6f, 0x69, 0x6e, 0x74, 0x53, 0x69, 0x7a, 0x65, 0x20, 
0x3a, 0x20, 0x66, 0x33, 0x32, 0x2c, 0x0a, 0x00, 0x76, 0x61, 0x72, 0x3c, 0x70, 0x72, 0x69, 0x76, 0x61, 0x74, 0x65, 0x3e, 
0x20, 0x76, 0x20, 0x3a, 0x20, 0x67, 0x6c, 0x5f, 0x50, 0x65, 0x72, 0x56, 0x65, 0x72, 0x74, 0x65, 0x78, 0x3b, 0x0a, 0x00, 
0x73, 0x74, 0x72, 0x75, 0x63, 0x74, 0x20, 0x4d, 0x61, 0x74, 0x65, 0x72, 0x69, 0x61, 0x6c, 0x56, 0x65, 0x72, 0x74, 0x65, 
0x78, 0x49, 0x6e, 0x70, 0x75, 0x74, 0x73, 0x20, 0x7b, 0x0a, 0x00, 0x20, 0x20, 0x69, 0x6d, 0x61, 0x67, 0x65, 0x55, 0x56, 
0x20, 0x3a, 0x20, 0x76, 0x65, 0x63, 0x34, 0x3c, 0x66, 0x33, 0x32, 0x3e, 0x2c, 0x0a, 0x00, 0x20, 0x20, 0x77, 0x6f, 0x72, 
0x6c, 0x64, 0x50, 0x6f, 0x73, 0x69, 0x74, 0x69, 0x6f, 0x6e, 0x20, 0x3a, 0x20, 0x76, 0x65, 0x63, 0x34, 0x3c, 0x66, 0x33, 
0x32, 0x3e, 0x2c, 0x0a, 0x00, 0x66, 0x6e, 0x20, 0x6d, 0x61, 0x69, 0x6e, 0x5f, 0x69, 0x6e, 0x6e, 0x65, 0x72, 0x28, 0x6d, 
0x65, 0x73, 0x68, 0x5f, 0x70, 0x6f, 0x73, 0x69, 0x74, 0x69, 0x6f, 0x6e, 0x20, 0x3a, 0x20, 0x76, 0x65, 0x63, 0x34, 0x3c, 
0x66, 0x33, 0x32, 0x3e, 0x2c, 0x20, 0x67, 0x6c, 0x5f, 0x49, 0x6e, 0x73, 0x74, 0x61, 0x6e, 0x63, 0x65, 0x49, 0x6e, 0x64, 
0x65, 0x78, 0x20, 0x3a, 0x20, 0x69, 0x33, 0x32, 0x29, 0x20, 0x7b, 0x0a, 0x00, 0x20, 0x20, 0x69, 0x6e, 0x73, 0x74, 0x61, 
0x6e, 0x63, 0x65, 0x5f, 0x69, 0x6e, 0x64, 0x65, 0x78, 0x20, 0x3d, 0x20, 0x67, 0x6c, 0x5f, 0x49, 0x6e, 0x73, 0x74, 0x61, 
0x6e, 0x63, 0x65, 0x49, 0x6e, 0x64, 0x65, 0x78, 0x3b, 0x0a, 0x00, 0x20, 0x20, 0x40, 0x6c, 0x6f, 0x63, 0x61, 0x74, 0x69, 
0x6f, 0x6e, 0x28, 0x31, 0x30, 0x75, 0x29, 0x20, 0x40, 0x69, 0x6e, 0x74, 0x65, 0x72, 0x70, 0x6f, 0x6c, 0x61, 0x74, 0x65, 
0x28, 0x66, 0x6c, 0x61, 0x74, 0x29, 0x0a, 0x00, 0x20, 0x20, 0x69, 0x6e, 0x73, 0x74, 0x61, 0x6e, 0x63, 0x65, 0x5f, 0x69, 
0x6e, 0x64, 0x65, 0x78, 0x20, 0x3a, 0x20, 0x69, 0x33, 0x32, 0x2c, 0x0a, 0x00, 0x20, 0x20, 0x76, 0x61, 0x72, 0x69, 0x61, 
0x62, 0x6c, 0x65, 0x5f, 0x69, 0x6d, 0x61, 0x67, 0x65, 0x55, 0x56, 0x20, 0x3a, 0x20, 0x76, 0x65, 0x63, 0x34, 0x3c, 0x66, 
0x33, 0x32, 0x3e, 0x2c, 0x0a, 0x00, 0x20, 0x20, 0x40, 0x6c, 0x6f, 0x63, 0x61, 0x74, 0x69, 0x6f, 0x6e, 0x28, 0x36, 0x75, 
0x29, 0x0a, 0x00, 0x20, 0x20, 0x76, 0x65, 0x72, 0x74, 0x65, 0x78, 0x5f, 0x77, 0x6f, 0x72, 0x6c, 0x64, 0x50, 0x6f, 0x73, 
0x69, 0x74, 0x69, 0x6f, 0x6e, 0x20, 0x3a, 0x20, 0x76, 0x65, 0x63, 0x34, 0x3c, 0x66, 0x33, 0x32, 0x3e, 0x2c, 0x0a, 0x00, 
0x20, 0x20, 0x40, 0x6c, 0x6f, 0x63, 0x61, 0x74, 0x69, 0x6f, 0x6e, 0x28, 0x39, 0x75, 0x29, 0x0a, 0x00, 0x20, 0x20, 0x76, 
0x65, 0x72, 0x74, 0x65, 0x78, 0x5f, 0x70, 0x6f, 0x73, 0x69, 0x74, 0x69, 0x6f, 0x6e, 0x20, 0x3a, 0x20, 0x76, 0x65, 0x63, 
0x34, 0x3c, 0x66, 0x33, 0x32, 0x3e, 0x2c, 0x0a, 0x00, 0x20, 0x20, 0x40, 0x62, 0x75, 0x69, 0x6c, 0x74, 0x69, 0x6e, 0x28, 
0x70, 0x6f, 0x73, 0x69, 0x74, 0x69, 0x6f, 0x6e, 0x29, 0x0a, 0x00, 0x40, 0x76, 0x65, 0x72, 0x74, 0x65, 0x78, 0x0a, 0x00, 
0x66, 0x6e, 0x20, 0x6d, 0x61, 0x69, 0x6e, 0x28, 0x40, 0x6c, 0x6f, 0x63, 0x61, 0x74, 0x69, 0x6f, 0x6e, 0x28, 0x30, 0x75, 
0x29, 0x20, 0x6d, 0x65, 0x73, 0x68, 0x5f, 0x70, 0x6f, 0x73, 0x69, 0x74, 0x69, 0x6f, 0x6e, 0x20, 0x3a, 0x20, 0x76, 0x65, 
0x63, 0x34, 0x3c, 0x66, 0x33, 0x32, 0x3e, 0x2c, 0x20, 0x40, 0x62, 0x75, 0x69, 0x6c, 0x74, 0x69, 0x6e, 0x28, 0x69, 0x6e, 
0x73, 0x74, 0x61, 0x6e, 0x63, 0x65, 0x5f, 0x69, 0x6e, 0x64, 0x65, 0x78, 0x29, 0x20, 0x67, 0x6c, 0x5f, 0x49, 0x6e, 0x73, 
0x74, 0x61, 0x6e, 0x63, 0x65, 0x49, 0x6e, 0x64, 0x65, 0x78, 0x20, 0x3a, 0x20, 0x75, 0x33, 0x32, 0x29, 0x20, 0x2d, 0x3e, 
0x20, 0x74, 0x69, 0x6e, 0x74, 0x5f, 0x73, 0x79, 0x6d, 0x62, 0x6f, 0x6c, 0x20, 0x7b, 0x0a, 0x00, 0x20, 0x20, 0x6d, 0x61, 
0x69, 0x6e, 0x5f, 0x69, 0x6e, 0x6e, 0x65, 0x72, 0x28, 0x6d, 0x65, 0x73, 0x68, 0x5f, 0x70, 0x6f, 0x73, 0x69, 0x74, 0x69, 
0x6f, 0x6e, 0x2c, 0x20, 0x69, 0x33, 0x32, 0x28, 0x67, 0x6c, 0x5f, 0x49, 0x6e, 0x73, 0x74, 0x61, 0x6e, 0x63, 0x65, 0x49, 
0x6e, 0x64, 0x65, 0x78, 0x29, 0x29, 0x3b, 0x0a, 0x00, 0x6d, 0x65, 0x64, 0x69, 0x75, 0x6d, 0x70, 0x20, 0x66, 0x6c, 0x6f, 
0x61, 0x74, 0x20, 0x72, 0x3b, 0x0a, 0x00, 0x6d, 0x65, 0x64, 0x69, 0x75, 0x6d, 0x70, 0x20, 0x66, 0x6c, 0x6f, 0x61, 0x74, 
0x20, 0x73, 0x3b, 0x0a, 0x00, 0x6d, 0x65, 0x64, 0x69, 0x75, 0x6d, 0x70, 0x20, 0x76, 0x65, 0x63, 0x32, 0x20, 0x74, 0x3b, 
0x0a, 0x00, 0x6d, 0x65, 0x64, 0x69, 0x75, 0x6d, 0x70, 0x20, 0x66, 0x6c, 0x6f, 0x61, 0x74, 0x20, 0x79, 0x3b, 0x0a, 0x00, 
0x6d, 0x65, 0x64, 0x69, 0x75, 0x6d, 0x70, 0x20, 0x66, 0x6c, 0x6f, 0x61, 0x74, 0x20, 0x7a, 0x3b, 0x0a, 0x00, 0x6d, 0x65, 
0x64, 0x69, 0x75, 0x6d, 0x70, 0x20, 0x66, 0x6c, 0x6f, 0x61, 0x74, 0x20, 0x61, 0x7a, 0x3b, 0x0a, 0x00, 0x6d, 0x65, 0x64, 
0x69, 0x75, 0x6d, 0x70, 0x20, 0x66, 0x6c, 0x6f, 0x61, 0x74, 0x20, 0x62, 0x7a, 0x3b, 0x0a, 0x00, 0x6d, 0x65, 0x64, 0x69, 
0x75, 0x6d, 0x70, 0x20, 0x76, 0x65, 0x63, 0x34, 0x20, 0x63, 0x7a, 0x3b, 0x0a, 0x00, 0x6d, 0x65, 0x64, 0x69, 0x75, 0x6d, 
0x70, 0x20, 0x75, 0x76, 0x65, 0x63, 0x33, 0x20, 0x64, 0x7a, 0x3b, 0x0a, 0x00, 0x6d, 0x65, 0x64, 0x69, 0x75, 0x6d, 0x70, 
0x20, 0x69, 0x6e, 0x74, 0x20, 0x65, 0x7a, 0x3b, 0x0a, 0x00, 0x6d, 0x65, 0x64, 0x69, 0x75, 0x6d, 0x70, 0x20, 0x76, 0x65, 
0x63, 0x32, 0x20, 0x66, 0x7a, 0x3b, 0x0a, 0x00, 0x6d, 0x65, 0x64, 0x69, 0x75, 0x6d, 0x70, 0x20, 0x69, 0x6e, 0x74, 0x20, 
0x67, 0x7a, 0x3b, 0x0a, 0x00, 0x6d, 0x65, 0x64, 0x69, 0x75, 0x6d, 0x70, 0x20, 0x69, 0x6e, 0x74, 0x20, 0x68, 0x7a, 0x3b, 
0x0a, 0x00, 0x6d, 0x65, 0x64, 0x69, 0x75, 0x6d, 0x70, 0x20, 0x69, 0x6e, 0x74, 0x20, 0x69, 0x7a, 0x3b, 0x0a, 0x00, 0x6d, 
0x65, 0x64, 0x69, 0x75, 0x6d, 0x70, 0x20, 0x69, 0x6e, 0x74, 0x20, 0x6a, 0x7a, 0x3b, 0x0a, 0x00, 0x6d, 0x65, 0x64, 0x69, 
0x75, 0x6d, 0x70, 0x20, 0x66, 0x6c, 0x6f, 0x61, 0x74, 0x20, 0x6b, 0x7a, 0x3b, 0x0a, 0x00, 0x6d, 0x65, 0x64, 0x69, 0x75, 
0x6d, 0x70, 0x20, 0x66, 0x6c, 0x6f, 0x61, 0x74, 0x20, 0x6c, 0x7a, 0x3b, 0x0a, 0x00, 0x6d, 0x65, 0x64, 0x69, 0x75, 0x6d, 
0x70, 0x20, 0x76, 0x65, 0x63, 0x33, 0x20, 0x6d, 0x7a, 0x5b, 0x39, 0x5d, 0x3b, 0x0a, 0x00, 0x6d, 0x65, 0x64, 0x69, 0x75, 
0x6d, 0x70, 0x20, 0x66, 0x6c, 0x6f, 0x61, 0x74, 0x20, 0x6f, 0x7a, 0x3b, 0x0a, 0x00, 0x6d, 0x65, 0x64, 0x69, 0x75, 0x6d, 
0x70, 0x20, 0x76, 0x65, 0x63, 0x34, 0x20, 0x70, 0x7a, 0x3b, 0x0a, 0x00, 0x6d, 0x65, 0x64, 0x69, 0x75, 0x6d, 0x70, 0x20, 
0x76, 0x65, 0x63, 0x34, 0x20, 0x71, 0x7a, 0x3b, 0x0a, 0x00, 0x6d, 0x65, 0x64, 0x69, 0x75, 0x6d, 0x70, 0x20, 0x69, 0x6e, 
0x74, 0x20, 0x73, 0x7a, 0x3b, 0x0a, 0x00, 0x6d, 0x65, 0x64, 0x69, 0x75, 0x6d, 0x70, 0x20, 0x66, 0x6c, 0x6f, 0x61, 0x74, 
0x20, 0x74, 0x7a, 0x3b, 0x0a, 0x00, 0x6d, 0x65, 0x64, 0x69, 0x75, 0x6d, 0x70, 0x20, 0x66, 0x6c, 0x6f, 0x61, 0x74, 0x20, 
0x76, 0x7a, 0x3b, 0x0a, 0x00, 0x6d, 0x65, 0x64, 0x69, 0x75, 0x6d, 0x70, 0x20, 0x66, 0x6c, 0x6f, 0x61, 0x74, 0x20, 0x77, 
0x7a, 0x3b, 0x0a, 0x00, 0x6d, 0x65, 0x64, 0x69, 0x75, 0x6d, 0x70, 0x20, 0x69, 0x6e, 0x74, 0x20, 0x79, 0x7a, 0x3b, 0x0a, 
0x00, 0x6d, 0x65, 0x64, 0x69, 0x75, 0x6d, 0x70, 0x20, 0x66, 0x6c, 0x6f, 0x61, 0x74, 0x20, 0x7a, 0x7a, 0x3b, 0x0a, 0x00, 
0x6d, 0x65, 0x64, 0x69, 0x75, 0x6d, 0x70, 0x20, 0x66, 0x6c, 0x6f, 0x61, 0x74, 0x20, 0x62, 0x7a, 0x7a, 0x3b, 0x0a, 0x00, 
0x6d, 0x65, 0x64, 0x69, 0x75, 0x6d, 0x70, 0x20, 0x66, 0x6c, 0x6f, 0x61, 0x74, 0x20, 0x64, 0x7a, 0x7a, 0x3b, 0x0a, 0x00, 
0x6d, 0x65, 0x64, 0x69, 0x75, 0x6d, 0x70, 0x20, 0x75, 0x69, 0x6e, 0x74, 0x20, 0x65, 0x7a, 0x7a, 0x3b, 0x0a, 0x00, 0x6d, 
0x65, 0x64, 0x69, 0x75, 0x6d, 0x70, 0x20, 0x66, 0x6c, 0x6f, 0x61, 0x74, 0x20, 0x68, 0x7a, 0x7a, 0x3b, 0x0a, 0x00, 0x6d, 
0x65, 0x64, 0x69, 0x75, 0x6d, 0x70, 0x20, 0x76, 0x65, 0x63, 0x33, 0x20, 0x6c, 0x7a, 0x7a, 0x3b, 0x0a, 0x00, 0x6d, 0x65, 
0x64, 0x69, 0x75, 0x6d, 0x70, 0x20, 0x66, 0x6c, 0x6f, 0x61, 0x74, 0x20, 0x6d, 0x7a, 0x7a, 0x3b, 0x0a, 0x00, 0x6d, 0x65, 
0x64, 0x69, 0x75, 0x6d, 0x70, 0x20, 0x66, 0x6c, 0x6f, 0x61, 0x74, 0x20, 0x6f, 0x7a, 0x7a, 0x3b, 0x0a, 0x00, 0x6d, 0x65, 
0x64, 0x69, 0x75, 0x6d, 0x70, 0x20, 0x66, 0x6c, 0x6f, 0x61, 0x74, 0x20, 0x77, 0x7a, 0x7a, 0x3b, 0x0a, 0x00, 0x6d, 0x65, 
0x64, 0x69, 0x75, 0x6d, 0x70, 0x20, 0x66, 0x6c, 0x6f, 0x61, 0x74, 0x20, 0x78, 0x7a, 0x7a, 0x3b, 0x0a, 0x00, 0x6d, 0x65, 
0x64, 0x69, 0x75, 0x6d, 0x70, 0x20, 0x66, 0x6c, 0x6f, 0x61, 0x74, 0x20, 0x79, 0x7a, 0x7a, 0x3b, 0x0a, 0x00, 0x6d, 0x65, 
0x64, 0x69, 0x75, 0x6d, 0x70, 0x20, 0x66, 0x6c, 0x6f, 0x61, 0x74, 0x20, 0x7a, 0x7a, 0x7a, 0x3b, 0x0a, 0x00, 0x6d, 0x65, 
0x64, 0x69, 0x75, 0x6d, 0x70, 0x20, 0x69, 0x6e, 0x74, 0x20, 0x62, 0x7a, 0x7a, 0x7a, 0x3b, 0x0a, 0x00, 0x6d, 0x65, 0x64, 
0x69, 0x75, 0x6d, 0x70, 0x20, 0x66, 0x6c, 0x6f, 0x61, 0x74, 0x20, 0x63, 0x7a, 0x7a, 0x7a, 0x3b, 0x0a, 0x00, 0x6d, 0x65, 
0x64, 0x69, 0x75, 0x6d, 0x70, 0x20, 0x66, 0x6c, 0x6f, 0x61, 0x74, 0x20, 0x64, 0x7a, 0x7a, 0x7a, 0x3b, 0x0a, 0x00, 0x6d, 
0x65, 0x64, 0x69, 0x75, 0x6d, 0x70, 0x20, 0x66, 0x6c, 0x6f, 0x61, 0x74, 0x20, 0x65, 0x7a, 0x7a, 0x7a, 0x3b, 0x0a, 0x00, 
0x6d, 0x65, 0x64, 0x69, 0x75, 0x6d, 0x70, 0x20, 0x76, 0x65, 0x63, 0x34, 0x20, 0x67, 0x7a, 0x7a, 0x7a, 0x5b, 0x34, 0x5d, 
0x3b, 0x0a, 0x00, 0x6d, 0x65, 0x64, 0x69, 0x75, 0x6d, 0x70, 0x20, 0x69, 0x6e, 0x74, 0x20, 0x68, 0x7a, 0x7a, 0x7a, 0x3b, 
0x0a, 0x00, 0x6d, 0x65, 0x64, 0x69, 0x75, 0x6d, 0x70, 0x20, 0x69, 0x6e, 0x74, 0x20, 0x69, 0x7a, 0x7a, 0x7a, 0x3b, 0x0a, 
0x00, 0x6d, 0x65, 0x64, 0x69, 0x75, 0x6d, 0x70, 0x20, 0x69, 0x6e, 0x74, 0x20, 0x6a, 0x7a, 0x7a, 0x7a, 0x3b, 0x0a, 0x00, 
0x6d, 0x65, 0x64, 0x69, 0x75, 0x6d, 0x70, 0x20, 0x69, 0x6e, 0x74, 0x20, 0x6b, 0x7a, 0x7a, 0x7a, 0x3b, 0x0a, 0x00, 0x6d, 
0x65, 0x64, 0x69, 0x75, 0x6d, 0x70, 0x20, 0x76, 0x65, 0x63, 0x34, 0x20, 0x6c, 0x7a, 0x7a, 0x7a, 0x5b, 0x39, 0x5d, 0x3b, 
0x0a, 0x00, 0x66, 0x6c, 0x61, 0x74, 0x20, 0x6f, 0x75, 0x74, 0x20, 0x69, 0x6e, 0x74, 0x20, 0x69, 0x6e, 0x73, 0x74, 0x61, 
0x6e, 0x63, 0x65, 0x5f, 0x69, 0x6e, 0x64, 0x65, 0x78, 0x3b, 0x0a, 0x00, 0x6f, 0x75, 0x74, 0x20, 0x76, 0x65, 0x63, 0x34, 
0x20, 0x76, 0x61, 0x72, 0x69, 0x61, 0x62, 0x6c, 0x65, 0x5f, 0x69, 0x6d, 0x61, 0x67, 0x65, 0x55, 0x56, 0x3b, 0x0a, 0x00, 
0x6f, 0x75, 0x74, 0x20, 0x76, 0x65, 0x63, 0x34, 0x20, 0x76, 0x65, 0x72, 0x74, 0x65, 0x78, 0x5f, 0x77, 0x6f, 0x72, 0x6c, 
0x64, 0x50, 0x6f, 0x73, 0x69, 0x74, 0x69, 0x6f, 0x6e, 0x3b, 0x0a, 0x00, 0x6f, 0x75, 0x74, 0x20, 0x76, 0x65, 0x63, 0x34, 
0x20, 0x76, 0x65, 0x72, 0x74, 0x65, 0x78, 0x5f, 0x70, 0x6f, 0x73, 0x69, 0x74, 0x69, 0x6f, 0x6e, 0x3b, 0x0a, 0x00, 0x23, 
0x69, 0x66, 0x6e, 0x64, 0x65, 0x66, 0x20, 0x53, 0x50, 0x49, 0x52, 0x56, 0x5f, 0x43, 0x52, 0x4f, 0x53, 0x53, 0x5f, 0x43, 
0x4f, 0x4e, 0x53, 0x54, 0x41, 0x4e, 0x54, 0x5f, 0x49, 0x44, 0x5f, 0x38, 0x0a, 0x00, 0x23, 0x64, 0x65, 0x66, 0x69, 0x6e, 
0x65, 0x20, 0x53, 0x50, 0x49, 0x52, 0x56, 0x5f, 0x43, 0x52, 0x4f, 0x53, 0x53, 0x5f, 0x43, 0x4f, 0x4e, 0x53, 0x54, 0x41, 
0x4e, 0x54, 0x5f, 0x49, 0x44, 0x5f, 0x38, 0x20, 0x32, 0x0a, 0x00, 0x63, 0x6f, 0x6e, 0x73, 0x74, 0x20, 0x69, 0x6e, 0x74, 
0x20, 0x43, 0x4f, 0x4e, 0x46, 0x49, 0x47, 0x5f, 0x53, 0x54, 0x45, 0x52, 0x45, 0x4f, 0x5f, 0x45, 0x59, 0x45, 0x5f, 0x43, 
0x4f, 0x55, 0x4e, 0x54, 0x3d, 0x53, 0x50, 0x49, 0x52, 0x56, 0x5f, 0x43, 0x52, 0x4f, 0x53, 0x53, 0x5f, 0x43, 0x4f, 0x4e, 
0x53, 0x54, 0x41, 0x4e, 0x54, 0x5f, 0x49, 0x44, 0x5f, 0x38, 0x3b, 0x0a, 0x00, 0x3d, 0x69, 0x6e, 0x73, 0x74, 0x61, 0x6e, 
0x63, 0x65, 0x5f, 0x69, 0x6e, 0x64, 0x65, 0x78, 0x20, 0x25, 0x20, 0x43, 0x4f, 0x4e, 0x46, 0x49, 0x47, 0x5f, 0x53, 0x54, 
0x45, 0x52, 0x45, 0x4f, 0x5f, 0x45, 0x59, 0x45, 0x5f, 0x43, 0x4f, 0x55, 0x4e, 0x54, 0x3b, 0x0a, 0x00, 0x3d, 0x66, 0x6c, 
0x6f, 0x61, 0x74, 0x28, 0x43, 0x4f, 0x4e, 0x46, 0x49, 0x47, 0x5f, 0x53, 0x54, 0x45, 0x52, 0x45, 0x4f, 0x5f, 0x45, 0x59, 
0x45, 0x5f, 0x43, 0x4f, 0x55, 0x4e, 0x54, 0x29, 0x3b, 0x0a, 0x00, 0x3d, 0x32, 0x2e, 0x30, 0x2f, 0x00, 0x2e, 0x78, 0x2a, 
0x28, 0x31, 0x2e, 0x30, 0x2f, 0x00, 0x2e, 0x78, 0x2b, 0x28, 0x28, 0x28, 0x28, 0x2d, 0x31, 0x2e, 0x30, 0x29, 0x2b, 0x28, 
0x00, 0x2f, 0x32, 0x2e, 0x30, 0x29, 0x29, 0x2b, 0x00, 0x67, 0x6c, 0x5f, 0x43, 0x6c, 0x69, 0x70, 0x44, 0x69, 0x73, 0x74, 
0x61, 0x6e, 0x63, 0x65, 0x5b, 0x30, 0x5d, 0x3d, 0x00, 0x2e, 0x78, 0x2b, 0x28, 0x28, 0x31, 0x2e, 0x30, 0x2d, 0x00, 0x67, 
0x6c, 0x5f, 0x43, 0x6c, 0x69, 0x70, 0x44, 0x69, 0x73, 0x74, 0x61, 0x6e, 0x63, 0x65, 0x5b, 0x31, 0x5d, 0x3d, 0x2d, 0x28, 
0x00, 0x2e, 0x78, 0x2b, 0x28, 0x28, 0x31, 0x2e, 0x30, 0x2d, 0x28, 0x00, 0x2b, 0x31, 0x29, 0x29, 0x29, 0x2a, 0x00, 0x69, 
0x6e, 0x73, 0x74, 0x61, 0x6e, 0x63, 0x65, 0x5f, 0x69, 0x6e, 0x64, 0x65, 0x78, 0x20, 0x2f, 0x3d, 0x20, 0x43, 0x4f, 0x4e, 
0x46, 0x49, 0x47, 0x5f, 0x53, 0x54, 0x45, 0x52, 0x45, 0x4f, 0x5f, 0x45, 0x59, 0x45, 0x5f, 0x43, 0x4f, 0x55, 0x4e, 0x54, 
0x3b, 0x0a, 0x00, 0x6c, 0x61, 0x79, 0x6f, 0x75, 0x74, 0x28, 0x6c, 0x6f, 0x63, 0x61, 0x74, 0x69, 0x6f, 0x6e, 0x3d, 0x31, 
0x30, 0x29, 0x20, 0x66, 0x6c, 0x61, 0x74, 0x20, 0x6f, 0x75, 0x74, 0x20, 0x69, 0x6e, 0x74, 0x20, 0x69, 0x6e, 0x73, 0x74, 
0x61, 0x6e, 0x63, 0x65, 0x5f, 0x69, 0x6e, 0x64, 0x65, 0x78, 0x3b, 0x0a, 0x00, 0x6c, 0x61, 0x79, 0x6f, 0x75, 0x74, 0x28, 
0x6c, 0x6f, 0x63, 0x61, 0x74, 0x69, 0x6f, 0x6e, 0x3d, 0x30, 0x29, 0x20, 0x6f, 0x75, 0x74, 0x20, 0x76, 0x65, 0x63, 0x34, 
0x20, 0x76, 0x61, 0x72, 0x69, 0x61, 0x62, 0x6c, 0x65, 0x5f, 0x69, 0x6d, 0x61, 0x67, 0x65, 0x55, 0x56, 0x3b, 0x0a, 0x00, 
0x6c, 0x61, 0x79, 0x6f, 0x75, 0x74, 0x28, 0x6c, 0x6f, 0x63, 0x61, 0x74, 0x69, 0x6f, 0x6e, 0x3d, 0x36, 0x29, 0x20, 0x6f, 
0x75, 0x74, 0x20, 0x76, 0x65, 0x63, 0x34, 0x20, 0x76, 0x65, 0x72, 0x74, 0x65, 0x78, 0x5f, 0x77, 0x6f, 0x72, 0x6c, 0x64, 
0x50, 0x6f, 0x73, 0x69, 0x74, 0x69, 0x6f, 0x6e, 0x3b, 0x0a, 0x00, 0x6c, 0x61, 0x79, 0x6f, 0x75, 0x74, 0x28, 0x6c, 0x6f, 
0x63, 0x61, 0x74, 0x69, 0x6f, 0x6e, 0x3d, 0x39, 0x29, 0x20, 0x6f, 0x75, 0x74, 0x20, 0x76, 0x65, 0x63, 0x34, 0x20, 0x76, 
0x65, 0x72, 0x74, 0x65, 0x78, 0x5f, 0x70, 0x6f, 0x73, 0x69, 0x74, 0x69, 0x6f, 0x6e, 0x3b, 0x0a, 0x00, 0x20, 0x20, 0x6c, 
0x65, 0x74, 0x20, 0x76, 0x5f, 0x31, 0x20, 0x3d, 0x20, 0x66, 0x72, 0x61, 0x6d, 0x65, 0x55, 0x6e, 0x69, 0x66, 0x6f, 0x72, 
0x6d, 0x73, 0x2e, 0x77, 0x6f, 0x72, 0x6c, 0x64, 0x46, 0x72, 0x6f, 0x6d, 0x43, 0x6c, 0x69, 0x70, 0x4d, 0x61, 0x74, 0x72, 
0x69, 0x78, 0x3b, 0x0a, 0x00, 0x20, 0x20, 0x76, 0x61, 0x72, 0x20, 0x76, 0x5f, 0x32, 0x20, 0x3a, 0x20, 0x76, 0x65, 0x63, 
0x34, 0x3c, 0x66, 0x33, 0x32, 0x3e, 0x20, 0x3d, 0x20, 0x6d, 0x65, 0x73, 0x68, 0x5f, 0x70, 0x6f, 0x73, 0x69, 0x74, 0x69, 
0x6f, 0x6e, 0x3b, 0x0a, 0x00, 0x20, 0x20, 0x76, 0x5f, 0x32, 0x2e, 0x7a, 0x20, 0x3d, 0x20, 0x28, 0x28, 0x6d, 0x65, 0x73, 
0x68, 0x5f, 0x70, 0x6f, 0x73, 0x69, 0x74, 0x69, 0x6f, 0x6e, 0x2e, 0x7a, 0x20, 0x2a, 0x20, 0x2d, 0x30, 0x2e, 0x35, 0x66, 
0x29, 0x20, 0x2b, 0x20, 0x30, 0x2e, 0x35, 0x66, 0x29, 0x3b, 0x0a, 0x00, 0x20, 0x20, 0x6c, 0x65, 0x74, 0x20, 0x76, 0x5f, 
0x33, 0x20, 0x3d, 0x20, 0x76, 0x5f, 0x32, 0x3b, 0x0a, 0x00, 0x20, 0x20, 0x6c, 0x65, 0x74, 0x20, 0x76, 0x5f, 0x34, 0x20, 
0x3d, 0x20, 0x28, 0x76, 0x5f, 0x31, 0x20, 0x2a, 0x20, 0x76, 0x5f, 0x33, 0x29, 0x3b, 0x0a, 0x00, 0x20, 0x20, 0x6c, 0x65, 
0x74, 0x20, 0x76, 0x5f, 0x35, 0x20, 0x3d, 0x20, 0x76, 0x5f, 0x34, 0x2e, 0x77, 0x3b, 0x0a, 0x00, 0x20, 0x20, 0x76, 0x61, 
0x72, 0x20, 0x76, 0x5f, 0x36, 0x20, 0x3a, 0x20, 0x76, 0x65, 0x63, 0x34, 0x3c, 0x66, 0x33, 0x32, 0x3e, 0x3b, 0x0a, 0x00, 
0x20, 0x20, 0x69, 0x66, 0x20, 0x28, 0x28, 0x61, 0x62, 0x73, 0x28, 0x76, 0x5f, 0x35, 0x29, 0x20, 0x3c, 0x20, 0x31, 0x2e, 
0x30, 0x38, 0x34, 0x32, 0x30, 0x32, 0x31, 0x37, 0x65, 0x2d, 0x31, 0x39, 0x66, 0x29, 0x29, 0x20, 0x7b, 0x0a, 0x00, 0x20, 
0x20, 0x20, 0x20, 0x76, 0x61, 0x72, 0x20, 0x76, 0x5f, 0x37, 0x20, 0x3a, 0x20, 0x76, 0x65, 0x63, 0x34, 0x3c, 0x66, 0x33, 
0x32, 0x3e, 0x20, 0x3d, 0x20, 0x76, 0x5f, 0x34, 0x3b, 0x0a, 0x00, 0x20, 0x20, 0x20, 0x20, 0x76, 0x5f, 0x37, 0x2e, 0x77, 
0x20, 0x3d, 0x20, 0x73, 0x65, 0x6c, 0x65, 0x63, 0x74, 0x28, 0x31, 0x2e, 0x30, 0x38, 0x34, 0x32, 0x30, 0x32, 0x31, 0x37, 
0x65, 0x2d, 0x31, 0x39, 0x66, 0x2c, 0x20, 0x2d, 0x31, 0x2e, 0x30, 0x38, 0x34, 0x32, 0x30, 0x32, 0x31, 0x37, 0x65, 0x2d, 
0x31, 0x39, 0x66, 0x2c, 0x20, 0x28, 0x76, 0x5f, 0x35, 0x20, 0x3c, 0x20, 0x30, 0x2e, 0x30, 0x66, 0x29, 0x29, 0x3b, 0x0a, 
0x00, 0x20, 0x20, 0x20, 0x20, 0x76, 0x5f, 0x36, 0x20, 0x3d, 0x20, 0x76, 0x5f, 0x37, 0x3b, 0x0a, 0x00, 0x20, 0x20, 0x20, 
0x20, 0x76, 0x5f, 0x36, 0x20, 0x3d, 0x20, 0x76, 0x5f, 0x34, 0x3b, 0x0a, 0x00, 0x20, 0x20, 0x6c, 0x65, 0x74, 0x20, 0x76, 
0x5f, 0x38, 0x20, 0x3d, 0x20, 0x76, 0x5f, 0x36, 0x3b, 0x0a, 0x00, 0x20, 0x20, 0x6c, 0x65, 0x74, 0x20, 0x76, 0x5f, 0x39, 
0x20, 0x3d, 0x20, 0x4d, 0x61, 0x74, 0x65, 0x72, 0x69, 0x61, 0x6c, 0x56, 0x65, 0x72, 0x74, 0x65, 0x78, 0x49, 0x6e, 0x70, 
0x75, 0x74, 0x73, 0x28, 0x76, 0x65, 0x63, 0x34, 0x3c, 0x66, 0x33, 0x32, 0x3e, 0x28, 0x29, 0x2c, 0x20, 0x28, 0x76, 0x5f, 
0x38, 0x20, 0x2a, 0x20, 0x28, 0x31, 0x2e, 0x30, 0x66, 0x20, 0x2f, 0x20, 0x76, 0x5f, 0x38, 0x2e, 0x77, 0x29, 0x29, 0x29, 
0x3b, 0x0a, 0x00, 0x20, 0x20, 0x6c, 0x65, 0x74, 0x20, 0x76, 0x5f, 0x31, 0x30, 0x20, 0x3d, 0x20, 0x28, 0x28, 0x6d, 0x65, 
0x73, 0x68, 0x5f, 0x70, 0x6f, 0x73, 0x69, 0x74, 0x69, 0x6f, 0x6e, 0x2e, 0x78, 0x79, 0x20, 0x2a, 0x20, 0x30, 0x2e, 0x35, 
0x66, 0x29, 0x20, 0x2b, 0x20, 0x76, 0x65, 0x63, 0x32, 0x3c, 0x66, 0x33, 0x32, 0x3e, 0x28, 0x30, 0x2e, 0x35, 0x66, 0x29, 
0x29, 0x3b, 0x0a, 0x00, 0x20, 0x20, 0x76, 0x61, 0x72, 0x20, 0x76, 0x5f, 0x31, 0x31, 0x20, 0x3a, 0x20, 0x76, 0x65, 0x63, 
0x34, 0x3c, 0x66, 0x33, 0x32, 0x3e, 0x20, 0x3d, 0x20, 0x76, 0x5f, 0x39, 0x2e, 0x69, 0x6d, 0x61, 0x67, 0x65, 0x55, 0x56, 
0x3b, 0x0a, 0x00, 0x20, 0x20, 0x76, 0x5f, 0x31, 0x31, 0x2e, 0x78, 0x20, 0x3d, 0x20, 0x76, 0x5f, 0x31, 0x30, 0x2e, 0x78, 
0x3b, 0x0a, 0x00, 0x20, 0x20, 0x76, 0x61, 0x72, 0x20, 0x76, 0x5f, 0x31, 0x32, 0x20, 0x3a, 0x20, 0x76, 0x65, 0x63, 0x34, 
0x3c, 0x66, 0x33, 0x32, 0x3e, 0x20, 0x3d, 0x20, 0x76, 0x5f, 0x31, 0x31, 0x3b, 0x0a, 0x00, 0x20, 0x20, 0x76, 0x5f, 0x31, 
0x32, 0x2e, 0x79, 0x20, 0x3d, 0x20, 0x76, 0x5f, 0x31, 0x30, 0x2e, 0x79, 0x3b, 0x0a, 0x00, 0x20, 0x20, 0x6c, 0x65, 0x74, 
0x20, 0x76, 0x5f, 0x31, 0x33, 0x20, 0x3d, 0x20, 0x4d, 0x61, 0x74, 0x65, 0x72, 0x69, 0x61, 0x6c, 0x56, 0x65, 0x72, 0x74, 
0x65, 0x78, 0x49, 0x6e, 0x70, 0x75, 0x74, 0x73, 0x28, 0x76, 0x5f, 0x31, 0x32, 0x2c, 0x20, 0x76, 0x5f, 0x39, 0x2e, 0x77, 
0x6f, 0x72, 0x6c, 0x64, 0x50, 0x6f, 0x73, 0x69, 0x74, 0x69, 0x6f, 0x6e, 0x29, 0x3b, 0x0a, 0x00, 0x20, 0x20, 0x76, 0x61, 
0x72, 0x69, 0x61, 0x62, 0x6c, 0x65, 0x5f, 0x69, 0x6d, 0x61, 0x67, 0x65, 0x55, 0x56, 0x20, 0x3d, 0x20, 0x76, 0x5f, 0x31, 
0x33, 0x2e, 0x69, 0x6d, 0x61, 0x67, 0x65, 0x55, 0x56, 0x3b, 0x0a, 0x00, 0x20, 0x20, 0x6c, 0x65, 0x74, 0x20, 0x76, 0x5f, 
0x31, 0x34, 0x20, 0x3d, 0x20, 0x76, 0x5f, 0x31, 0x33, 0x2e, 0x77, 0x6f, 0x72, 0x6c, 0x64, 0x50, 0x6f, 0x73, 0x69, 0x74, 
0x69, 0x6f, 0x6e, 0x2e, 0x78, 0x79, 0x7a, 0x3b, 0x0a, 0x00, 0x20, 0x20, 0x76, 0x65, 0x72, 0x74, 0x65, 0x78, 0x5f, 0x77, 
0x6f, 0x72, 0x6c, 0x64, 0x50, 0x6f, 0x73, 0x69, 0x74, 0x69, 0x6f, 0x6e, 0x2e, 0x78, 0x20, 0x3d, 0x20, 0x76, 0x5f, 0x31, 
0x34, 0x2e, 0x78, 0x3b, 0x0a, 0x00, 0x20, 0x20, 0x76, 0x65, 0x72, 0x74, 0x65, 0x78, 0x5f, 0x77, 0x6f, 0x72, 0x6c, 0x64, 
0x50, 0x6f, 0x73, 0x69, 0x74, 0x69, 0x6f, 0x6e, 0x2e, 0x79, 0x20, 0x3d, 0x20, 0x76, 0x5f, 0x31, 0x34, 0x2e, 0x79, 0x3b, 
0x0a, 0x00, 0x20, 0x20, 0x76, 0x65, 0x72, 0x74, 0x65, 0x78, 0x5f, 0x77, 0x6f, 0x72, 0x6c, 0x64, 0x50, 0x6f, 0x73, 0x69, 
0x74, 0x69, 0x6f, 0x6e, 0x2e, 0x7a, 0x20, 0x3d, 0x20, 0x76, 0x5f, 0x31, 0x34, 0x2e, 0x7a, 0x3b, 0x0a, 0x00, 0x20, 0x20, 
0x76, 0x65, 0x72, 0x74, 0x65, 0x78, 0x5f, 0x70, 0x6f, 0x73, 0x69, 0x74, 0x69, 0x6f, 0x6e, 0x20, 0x3d, 0x20, 0x76, 0x5f, 
0x33, 0x3b, 0x0a, 0x00, 0x20, 0x20, 0x76, 0x2e, 0x67, 0x6c, 0x5f, 0x50, 0x6f, 0x73, 0x69, 0x74, 0x69, 0x6f, 0x6e, 0x20, 
0x3d, 0x20, 0x76, 0x5f, 0x33, 0x3b, 0x0a, 0x00, 0x20, 0x20, 0x72, 0x65, 0x74, 0x75, 0x72, 0x6e, 0x20, 0x74, 0x69, 0x6e, 
0x74, 0x5f, 0x73, 0x79, 0x6d, 0x62, 0x6f, 0x6c, 0x28, 0x69, 0x6e, 0x73, 0x74, 0x61, 0x6e, 0x63, 0x65, 0x5f, 0x69, 0x6e, 
0x64, 0x65, 0x78, 0x2c, 0x20, 0x76, 0x61, 0x72, 0x69, 0x61, 0x62, 0x6c, 0x65, 0x5f, 0x69, 0x6d, 0x61, 0x67, 0x65, 0x55, 
0x56, 0x2c, 0x20, 0x76, 0x65, 0x72, 0x74, 0x65, 0x78, 0x5f, 0x77, 0x6f, 0x72, 0x6c, 0x64, 0x50, 0x6f, 0x73, 0x69, 0x74, 
0x69, 0x6f, 0x6e, 0x2c, 0x20, 0x76, 0x65, 0x72, 0x74, 0x65, 0x78, 0x5f, 0x70, 0x6f, 0x73, 0x69, 0x74, 0x69, 0x6f, 0x6e, 
0x2c, 0x20, 0x76, 0x2e, 0x67, 0x6c, 0x5f, 0x50, 0x6f, 0x73, 0x69, 0x74, 0x69, 0x6f, 0x6e, 0x29, 0x3b, 0x0a, 0x00, 0x65, 
0x6e, 0x61, 0x62, 0x6c, 0x65, 0x20, 0x63, 0x6c, 0x69, 0x70, 0x5f, 0x64, 0x69, 0x73, 0x74, 0x61, 0x6e, 0x63, 0x65, 0x73, 
0x3b, 0x0a, 0x00, 0x40, 0x69, 0x64, 0x28, 0x38, 0x29, 0x20, 0x6f, 0x76, 0x65, 0x72, 0x72, 0x69, 0x64, 0x65, 0x20, 0x43, 
0x4f, 0x4e, 0x46, 0x49, 0x47, 0x5f, 0x53, 0x54, 0x45, 0x52, 0x45, 0x4f, 0x5f, 0x45, 0x59, 0x45, 0x5f, 0x43, 0x4f, 0x55, 
0x4e, 0x54, 0x20, 0x3a, 0x20, 0x69, 0x33, 0x32, 0x20, 0x3d, 0x20, 0x32, 0x69, 0x3b, 0x0a, 0x00, 0x20, 0x20, 0x6c, 0x65, 
0x74, 0x20, 0x76, 0x5f, 0x31, 0x20, 0x3d, 0x20, 0x28, 0x69, 0x6e, 0x73, 0x74, 0x61, 0x6e, 0x63, 0x65, 0x5f, 0x69, 0x6e, 
0x64, 0x65, 0x78, 0x20, 0x2f, 0x20, 0x43, 0x4f, 0x4e, 0x46, 0x49, 0x47, 0x5f, 0x53, 0x54, 0x45, 0x52, 0x45, 0x4f, 0x5f, 
0x45, 0x59, 0x45, 0x5f, 0x43, 0x4f, 0x55, 0x4e, 0x54, 0x29, 0x3b, 0x0a, 0x00, 0x20, 0x20, 0x6c, 0x65, 0x74, 0x20, 0x76, 
0x5f, 0x32, 0x20, 0x3d, 0x20, 0x66, 0x72, 0x61, 0x6d, 0x65, 0x55, 0x6e, 0x69, 0x66, 0x6f, 0x72, 0x6d, 0x73, 0x2e, 0x77, 
0x6f, 0x72, 0x6c, 0x64, 0x46, 0x72, 0x6f, 0x6d, 0x43, 0x6c, 0x69, 0x70, 0x4d, 0x61, 0x74, 0x72, 0x69, 0x78, 0x3b, 0x0a, 
0x00, 0x20, 0x20, 0x76, 0x61, 0x72, 0x20, 0x76, 0x5f, 0x33, 0x20, 0x3a, 0x20, 0x76, 0x65, 0x63, 0x34, 0x3c, 0x66, 0x33, 
0x32, 0x3e, 0x20, 0x3d, 0x20, 0x6d, 0x65, 0x73, 0x68, 0x5f, 0x70, 0x6f, 0x73, 0x69, 0x74, 0x69, 0x6f, 0x6e, 0x3b, 0x0a, 
0x00, 0x20, 0x20, 0x76, 0x5f, 0x33, 0x2e, 0x7a, 0x20, 0x3d, 0x20, 0x28, 0x28, 0x6d, 0x65, 0x73, 0x68, 0x5f, 0x70, 0x6f, 
0x73, 0x69, 0x74, 0x69, 0x6f, 0x6e, 0x2e, 0x7a, 0x20, 0x2a, 0x20, 0x2d, 0x30, 0x2e, 0x35, 0x66, 0x29, 0x20, 0x2b, 0x20, 
0x30, 0x2e, 0x35, 0x66, 0x29, 0x3b, 0x0a, 0x00, 0x20, 0x20, 0x6c, 0x65, 0x74, 0x20, 0x76, 0x5f, 0x34, 0x20, 0x3d, 0x20, 
0x76, 0x5f, 0x33, 0x3b, 0x0a, 0x00, 0x20, 0x20, 0x6c, 0x65, 0x74, 0x20, 0x76, 0x5f, 0x35, 0x20, 0x3d, 0x20, 0x28, 0x76, 
0x5f, 0x32, 0x20, 0x2a, 0x20, 0x76, 0x5f, 0x34, 0x29, 0x3b, 0x0a, 0x00, 0x20, 0x20, 0x6c, 0x65, 0x74, 0x20, 0x76, 0x5f, 
0x36, 0x20, 0x3d, 0x20, 0x76, 0x5f, 0x35, 0x2e, 0x77, 0x3b, 0x0a, 0x00, 0x20, 0x20, 0x76, 0x61, 0x72, 0x20, 0x76, 0x5f, 
0x37, 0x20, 0x3a, 0x20, 0x76, 0x65, 0x63, 0x34, 0x3c, 0x66, 0x33, 0x32, 0x3e, 0x3b, 0x0a, 0x00, 0x20, 0x20, 0x69, 0x66, 
0x20, 0x28, 0x28, 0x61, 0x62, 0x73, 0x28, 0x76, 0x5f, 0x36, 0x29, 0x20, 0x3c, 0x20, 0x31, 0x2e, 0x30, 0x38, 0x34, 0x32, 
0x30, 0x32, 0x31, 0x37, 0x65, 0x2d, 0x31, 0x39, 0x66, 0x29, 0x29, 0x20, 0x7b, 0x0a, 0x00, 0x20, 0x20, 0x20, 0x20, 0x76, 
0x61, 0x72, 0x20, 0x76, 0x5f, 0x38, 0x20, 0x3a, 0x20, 0x76, 0x65, 0x63, 0x34, 0x3c, 0x66, 0x33, 0x32, 0x3e, 0x20, 0x3d, 
0x20, 0x76, 0x5f, 0x35, 0x3b, 0x0a, 0x00, 0x20, 0x20, 0x20, 0x20, 0x76, 0x5f, 0x38, 0x2e, 0x77, 0x20, 0x3d, 0x20, 0x73, 
0x65, 0x6c, 0x65, 0x63, 0x74, 0x28, 0x31, 0x2e, 0x30, 0x38, 0x34, 0x32, 0x30, 0x32, 0x31, 0x37, 0x65, 0x2d, 0x31, 0x39, 
0x66, 0x2c, 0x20, 0x2d, 0x31, 0x2e, 0x30, 0x38, 0x34, 0x32, 0x30, 0x32, 0x31, 0x37, 0x65, 0x2d, 0x31, 0x39, 0x66, 0x2c, 
0x20, 0x28, 0x76, 0x5f, 0x36, 0x20, 0x3c, 0x20, 0x30, 0x2e, 0x30, 0x66, 0x29, 0x29, 0x3b, 0x0a, 0x00, 0x20, 0x20, 0x20, 
0x20, 0x76, 0x5f, 0x37, 0x20, 0x3d, 0x20, 0x76, 0x5f, 0x38, 0x3b, 0x0a, 0x00, 0x20, 0x20, 0x20, 0x20, 0x76, 0x5f, 0x37, 
0x20, 0x3d, 0x20, 0x76, 0x5f, 0x35, 0x3b, 0x0a, 0x00, 0x20, 0x20, 0x6c, 0x65, 0x74, 0x20, 0x76, 0x5f, 0x39, 0x20, 0x3d, 
0x20, 0x76, 0x5f, 0x37, 0x3b, 0x0a, 0x00, 0x20, 0x20, 0x6c, 0x65, 0x74, 0x20, 0x76, 0x5f, 0x31, 0x30, 0x20, 0x3d, 0x20, 
0x4d, 0x61, 0x74, 0x65, 0x72, 0x69, 0x61, 0x6c, 0x56, 0x65, 0x72, 0x74, 0x65, 0x78, 0x49, 0x6e, 0x70, 0x75, 0x74, 0x73, 
0x28, 0x76, 0x65, 0x63, 0x34, 0x3c, 0x66, 0x33, 0x32, 0x3e, 0x28, 0x29, 0x2c, 0x20, 0x28, 0x76, 0x5f, 0x39, 0x20, 0x2a, 
0x20, 0x28, 0x31, 0x2e, 0x30, 0x66, 0x20, 0x2f, 0x20, 0x76, 0x5f, 0x39, 0x2e, 0x77, 0x29, 0x29, 0x29, 0x3b, 0x0a, 0x00, 
0x20, 0x20, 0x6c, 0x65, 0x74, 0x20, 0x76, 0x5f, 0x31, 0x31, 0x20, 0x3d, 0x20, 0x28, 0x28, 0x6d, 0x65, 0x73, 0x68, 0x5f, 
0x70, 0x6f, 0x73, 0x69, 0x74, 0x69, 0x6f, 0x6e, 0x2e, 0x78, 0x79, 0x20, 0x2a, 0x20, 0x30, 0x2e, 0x35, 0x66, 0x29, 0x20, 
0x2b, 0x20, 0x76, 0x65, 0x63, 0x32, 0x3c, 0x66, 0x33, 0x32, 0x3e, 0x28, 0x30, 0x2e, 0x35, 0x66, 0x29, 0x29, 0x3b, 0x0a, 
0x00, 0x20, 0x20, 0x76, 0x61, 0x72, 0x20, 0x76, 0x5f, 0x31, 0x32, 0x20, 0x3a, 0x20, 0x76, 0x65, 0x63, 0x34, 0x3c, 0x66, 
0x33, 0x32, 0x3e, 0x20, 0x3d, 0x20, 0x76, 0x5f, 0x31, 0x30, 0x2e, 0x69, 0x6d, 0x61, 0x67, 0x65, 0x55, 0x56, 0x3b, 0x0a, 
0x00, 0x20, 0x20, 0x76, 0x5f, 0x31, 0x32, 0x2e, 0x78, 0x20, 0x3d, 0x20, 0x76, 0x5f, 0x31, 0x31, 0x2e, 0x78, 0x3b, 0x0a, 
0x00, 0x20, 0x20, 0x76, 0x61, 0x72, 0x20, 0x76, 0x5f, 0x31, 0x33, 0x20, 0x3a, 0x20, 0x76, 0x65, 0x63, 0x34, 0x3c, 0x66, 
0x33, 0x32, 0x3e, 0x20, 0x3d, 0x20, 0x76, 0x5f, 0x31, 0x32, 0x3b, 0x0a, 0x00, 0x20, 0x20, 0x76, 0x5f, 0x31, 0x33, 0x2e, 
0x79, 0x20, 0x3d, 0x20, 0x76, 0x5f, 0x31, 0x31, 0x2e, 0x79, 0x3b, 0x0a, 0x00, 0x20, 0x20, 0x6c, 0x65, 0x74, 0x20, 0x76, 
0x5f, 0x31, 0x34, 0x20, 0x3d, 0x20, 0x4d, 0x61, 0x74, 0x65, 0x72, 0x69, 0x61, 0x6c, 0x56, 0x65, 0x72, 0x74, 0x65, 0x78, 
0x49, 0x6e, 0x70, 0x75, 0x74, 0x73, 0x28, 0x76, 0x5f, 0x31, 0x33, 0x2c, 0x20, 0x76, 0x5f, 0x31, 0x30, 0x2e, 0x77, 0x6f, 
0x72, 0x6c, 0x64, 0x50, 0x6f, 0x73, 0x69, 0x74, 0x69, 0x6f, 0x6e, 0x29, 0x3b, 0x0a, 0x00, 0x20, 0x20, 0x76, 0x61, 0x72, 
0x69, 0x61, 0x62, 0x6c, 0x65, 0x5f, 0x69, 0x6d, 0x61, 0x67, 0x65, 0x55, 0x56, 0x20, 0x3d, 0x20, 0x76, 0x5f, 0x31, 0x34, 
0x2e, 0x69, 0x6d, 0x61, 0x67, 0x65, 0x55, 0x56, 0x3b, 0x0a, 0x00, 0x20, 0x20, 0x6c, 0x65, 0x74, 0x20, 0x76, 0x5f, 0x31, 
0x35, 0x20, 0x3d, 0x20, 0x76, 0x5f, 0x31, 0x34, 0x2e, 0x77, 0x6f, 0x72, 0x6c, 0x64, 0x50, 0x6f, 0x73, 0x69, 0x74, 0x69, 
0x6f, 0x6e, 0x2e, 0x78, 0x79, 0x7a, 0x3b, 0x0a, 0x00, 0x20, 0x20, 0x76, 0x65, 0x72, 0x74, 0x65, 0x78, 0x5f, 0x77, 0x6f, 
0x72, 0x6c, 0x64, 0x50, 0x6f, 0x73, 0x69, 0x74, 0x69, 0x6f, 0x6e, 0x2e, 0x78, 0x20, 0x3d, 0x20, 0x76, 0x5f, 0x31, 0x35, 
0x2e, 0x78, 0x3b, 0x0a, 0x00, 0x20, 0x20, 0x76, 0x65, 0x72, 0x74, 0x65, 0x78, 0x5f, 0x77, 0x6f, 0x72, 0x6c, 0x64, 0x50, 
0x6f, 0x73, 0x69, 0x74, 0x69, 0x6f, 0x6e, 0x2e, 0x79, 0x20, 0x3d, 0x20, 0x76, 0x5f, 0x31, 0x35, 0x2e, 0x79, 0x3b, 0x0a, 
0x00, 0x20, 0x20, 0x76, 0x65, 0x72, 0x74, 0x65, 0x78, 0x5f, 0x77, 0x6f, 0x72, 0x6c, 0x64, 0x50, 0x6f, 0x73, 0x69, 0x74, 
0x69, 0x6f, 0x6e, 0x2e, 0x7a, 0x20, 0x3d, 0x20, 0x76, 0x5f, 0x31, 0x35, 0x2e, 0x7a, 0x3b, 0x0a, 0x00, 0x20, 0x20, 0x76, 
0x65, 0x72, 0x74, 0x65, 0x78, 0x5f, 0x70, 0x6f, 0x73, 0x69, 0x74, 0x69, 0x6f, 0x6e, 0x20, 0x3d, 0x20, 0x76, 0x5f, 0x34, 
0x3b, 0x0a, 0x00, 0x20, 0x20, 0x6c, 0x65, 0x74, 0x20, 0x76, 0x5f, 0x31, 0x36, 0x20, 0x3d, 0x20, 0x28, 0x69, 0x6e, 0x73, 
0x74, 0x61, 0x6e, 0x63, 0x65, 0x5f, 0x69, 0x6e, 0x64, 0x65, 0x78, 0x20, 0x25, 0x20, 0x43, 0x4f, 0x4e, 0x46, 0x49, 0x47, 
0x5f, 0x53, 0x54, 0x45, 0x52, 0x45, 0x4f, 0x5f, 0x45, 0x59, 0x45, 0x5f, 0x43, 0x4f, 0x55, 0x4e, 0x54, 0x29, 0x3b, 0x0a, 
0x00, 0x20, 0x20, 0x6c, 0x65, 0x74, 0x20, 0x76, 0x5f, 0x31, 0x37, 0x20, 0x3d, 0x20, 0x66, 0x33, 0x32, 0x28, 0x43, 0x4f, 
0x4e, 0x46, 0x49, 0x47, 0x5f, 0x53, 0x54, 0x45, 0x52, 0x45, 0x4f, 0x5f, 0x45, 0x59, 0x45, 0x5f, 0x43, 0x4f, 0x55, 0x4e, 
0x54, 0x29, 0x3b, 0x0a, 0x00, 0x20, 0x20, 0x6c, 0x65, 0x74, 0x20, 0x76, 0x5f, 0x31, 0x38, 0x20, 0x3d, 0x20, 0x28, 0x32, 
0x2e, 0x30, 0x66, 0x20, 0x2f, 0x20, 0x76, 0x5f, 0x31, 0x37, 0x29, 0x3b, 0x0a, 0x00, 0x20, 0x20, 0x6c, 0x65, 0x74, 0x20, 
0x76, 0x5f, 0x31, 0x39, 0x20, 0x3d, 0x20, 0x28, 0x76, 0x5f, 0x31, 0x38, 0x20, 0x2a, 0x20, 0x66, 0x33, 0x32, 0x28, 0x76, 
0x5f, 0x31, 0x36, 0x29, 0x29, 0x3b, 0x0a, 0x00, 0x20, 0x20, 0x76, 0x61, 0x72, 0x20, 0x76, 0x5f, 0x32, 0x30, 0x20, 0x3a, 
0x20, 0x76, 0x65, 0x63, 0x34, 0x3c, 0x66, 0x33, 0x32, 0x3e, 0x20, 0x3d, 0x20, 0x76, 0x5f, 0x34, 0x3b, 0x0a, 0x00, 0x20, 
0x20, 0x76, 0x5f, 0x32, 0x30, 0x2e, 0x78, 0x20, 0x3d, 0x20, 0x28, 0x76, 0x5f, 0x34, 0x2e, 0x78, 0x20, 0x2a, 0x20, 0x28, 
0x31, 0x2e, 0x30, 0x66, 0x20, 0x2f, 0x20, 0x76, 0x5f, 0x31, 0x37, 0x29, 0x29, 0x3b, 0x0a, 0x00, 0x20, 0x20, 0x6c, 0x65, 
0x74, 0x20, 0x76, 0x5f, 0x32, 0x31, 0x20, 0x3d, 0x20, 0x76, 0x5f, 0x32, 0x30, 0x3b, 0x0a, 0x00, 0x20, 0x20, 0x76, 0x61, 
0x72, 0x20, 0x76, 0x5f, 0x32, 0x32, 0x20, 0x3a, 0x20, 0x76, 0x65, 0x63, 0x34, 0x3c, 0x66, 0x33, 0x32, 0x3e, 0x20, 0x3d, 
0x20, 0x76, 0x5f, 0x32, 0x31, 0x3b, 0x0a, 0x00, 0x20, 0x20, 0x76, 0x5f, 0x32, 0x32, 0x2e, 0x78, 0x20, 0x3d, 0x20, 0x28, 
0x76, 0x5f, 0x32, 0x31, 0x2e, 0x78, 0x20, 0x2b, 0x20, 0x28, 0x28, 0x28, 0x2d, 0x31, 0x2e, 0x30, 0x66, 0x20, 0x2b, 0x20, 
0x28, 0x76, 0x5f, 0x31, 0x38, 0x20, 0x2f, 0x20, 0x32, 0x2e, 0x30, 0x66, 0x29, 0x29, 0x20, 0x2b, 0x20, 0x76, 0x5f, 0x31, 
0x39, 0x29, 0x20, 0x2a, 0x20, 0x76, 0x5f, 0x32, 0x31, 0x2e, 0x77, 0x29, 0x29, 0x3b, 0x0a, 0x00, 0x20, 0x20, 0x6c, 0x65, 
0x74, 0x20, 0x76, 0x5f, 0x32, 0x33, 0x20, 0x3d, 0x20, 0x76, 0x5f, 0x32, 0x32, 0x3b, 0x0a, 0x00, 0x20, 0x20, 0x6c, 0x65, 
0x74, 0x20, 0x76, 0x5f, 0x32, 0x34, 0x20, 0x3d, 0x20, 0x76, 0x5f, 0x32, 0x33, 0x2e, 0x78, 0x3b, 0x0a, 0x00, 0x20, 0x20, 
0x6c, 0x65, 0x74, 0x20, 0x76, 0x5f, 0x32, 0x35, 0x20, 0x3d, 0x20, 0x76, 0x5f, 0x32, 0x33, 0x2e, 0x77, 0x3b, 0x0a, 0x00, 
0x20, 0x20, 0x76, 0x2e, 0x67, 0x6c, 0x5f, 0x50, 0x6f, 0x73, 0x69, 0x74, 0x69, 0x6f, 0x6e, 0x20, 0x3d, 0x20, 0x76, 0x5f, 
0x32, 0x33, 0x3b, 0x0a, 0x00, 0x20, 0x20, 0x69, 0x6e, 0x73, 0x74, 0x61, 0x6e, 0x63, 0x65, 0x5f, 0x69, 0x6e, 0x64, 0x65, 
0x78, 0x20, 0x3d, 0x20, 0x76, 0x5f, 0x31, 0x3b, 0x0a, 0x00, 0x20, 0x20, 0x40, 0x62, 0x75, 0x69, 0x6c, 0x74, 0x69, 0x6e, 
0x28, 0x63, 0x6c, 0x69, 0x70, 0x5f, 0x64, 0x69, 0x73, 0x74, 0x61, 0x6e, 0x63, 0x65, 0x73, 0x29, 0x0a, 0x00, 0x20, 0x20, 
0x67, 0x6c, 0x5f, 0x43, 0x75, 0x6c, 0x6c, 0x44, 0x69, 0x73, 0x74, 0x61, 0x6e, 0x63, 0x65, 0x20, 0x3a, 0x20, 0x61, 0x72, 
0x72, 0x61, 0x79, 0x3c, 0x66, 0x33, 0x32, 0x2c, 0x20, 0x31, 0x75, 0x3e, 0x2c, 0x0a, 0x00, 0x20, 0x20, 0x67, 0x6c, 0x5f, 
0x43, 0x6c, 0x69, 0x70, 0x44, 0x69, 0x73, 0x74, 0x61, 0x6e, 0x63, 0x65, 0x20, 0x3a, 0x20, 0x61, 0x72, 0x72, 0x61, 0x79, 
0x3c, 0x66, 0x33, 0x32, 0x2c, 0x20, 0x32, 0x75, 0x3e, 0x2c, 0x0a, 0x00, 0x23, 0x65, 0x78, 0x74, 0x65, 0x6e, 0x73, 0x69, 
0x6f, 0x6e, 0x20, 0x47, 0x4c, 0x5f, 0x45, 0x58, 0x54, 0x5f, 0x63, 0x6c, 0x69, 0x70, 0x5f, 0x63, 0x75, 0x6c, 0x6c, 0x5f, 
0x64, 0x69, 0x73, 0x74, 0x61, 0x6e, 0x63, 0x65, 0x20, 0x3a, 0x20, 0x72, 0x65, 0x71, 0x75, 0x69, 0x72, 0x65, 0x0a, 0x00, 
0x76, 0x61, 0x72, 0x3c, 0x70, 0x72, 0x69, 0x76, 0x61, 0x74, 0x65, 0x3e, 0x20, 0x66, 0x69, 0x6c, 0x61, 0x6d, 0x65, 0x6e, 
0x74, 0x5f, 0x67, 0x6c, 0x5f, 0x43, 0x6c, 0x69, 0x70, 0x44, 0x69, 0x73, 0x74, 0x61, 0x6e, 0x63, 0x65, 0x20, 0x3a, 0x20, 
0x61, 0x72, 0x72, 0x61, 0x79, 0x3c, 0x66, 0x33, 0x32, 0x2c, 0x20, 0x32, 0x75, 0x3e, 0x3b, 0x0a, 0x00, 0x20, 0x20, 0x66, 
0x69, 0x6c, 0x61, 0x6d, 0x65, 0x6e, 0x74, 0x5f, 0x67, 0x6c, 0x5f, 0x43, 0x6c, 0x69, 0x70, 0x44, 0x69, 0x73, 0x74, 0x61, 
0x6e, 0x63, 0x65, 0x5b, 0x30, 0x69, 0x5d, 0x20, 0x3d, 0x20, 0x28, 0x76, 0x5f, 0x32, 0x34, 0x20, 0x2b, 0x20, 0x28, 0x28, 
0x31, 0x2e, 0x30, 0x66, 0x20, 0x2d, 0x20, 0x76, 0x5f, 0x31, 0x39, 0x29, 0x20, 0x2a, 0x20, 0x76, 0x5f, 0x32, 0x35, 0x29, 
0x29, 0x3b, 0x0a, 0x00, 0x20, 0x20, 0x66, 0x69, 0x6c, 0x61, 0x6d, 0x65, 0x6e, 0x74, 0x5f, 0x67, 0x6c, 0x5f, 0x43, 0x6c, 
0x69, 0x70, 0x44, 0x69, 0x73, 0x74, 0x61, 0x6e, 0x63, 0x65, 0x5b, 0x31, 0x69, 0x5d, 0x20, 0x3d, 0x20, 0x2d, 0x28, 0x28, 
0x76, 0x5f, 0x32, 0x34, 0x20, 0x2b, 0x20, 0x28, 0x28, 0x31, 0x2e, 0x30, 0x66, 0x20, 0x2d, 0x20, 0x28, 0x76, 0x5f, 0x31, 
0x38, 0x20, 0x2a, 0x20, 0x66, 0x33, 0x32, 0x28, 0x28, 0x76, 0x5f, 0x31, 0x36, 0x20, 0x2b, 0x20, 0x31, 0x69, 0x29, 0x29, 
0x29, 0x29, 0x20, 0x2a, 0x20, 0x76, 0x5f, 0x32, 0x35, 0x29, 0x29, 0x29, 0x3b, 0x0a, 0x00, 0x20, 0x20, 0x66, 0x69, 0x6c, 
0x61, 0x6d, 0x65, 0x6e, 0x74, 0x5f, 0x67, 0x6c, 0x5f, 0x43, 0x6c, 0x69, 0x70, 0x44, 0x69, 0x73, 0x74, 0x61, 0x6e, 0x63, 
0x65, 0x20, 0x3a, 0x20, 0x61, 0x72, 0x72, 0x61, 0x79, 0x3c, 0x66, 0x33, 0x32, 0x2c, 0x20, 0x32, 0x75, 0x3e, 0x2c, 0x0a, 
0x00, 0x20, 0x20, 0x72, 0x65, 0x74, 0x75, 0x72, 0x6e, 0x20, 0x74, 0x69, 0x6e, 0x74, 0x5f, 0x73, 0x79, 0x6d, 0x62, 0x6f, 
0x6c, 0x28, 0x69, 0x6e, 0x73, 0x74, 0x61, 0x6e, 0x63, 0x65, 0x5f, 0x69, 0x6e, 0x64, 0x65, 0x78, 0x2c, 0x20, 0x76, 0x61, 
0x72, 0x69, 0x61, 0x62, 0x6c, 0x65, 0x5f, 0x69, 0x6d, 0x61, 0x67, 0x65, 0x55, 0x56, 0x2c, 0x20, 0x76, 0x65, 0x72, 0x74, 
0x65, 0x78, 0x5f, 0x77, 0x6f, 0x72, 0x6c, 0x64, 0x50, 0x6f, 0x73, 0x69, 0x74, 0x69, 0x6f, 0x6e, 0x2c, 0x20, 0x76, 0x65, 
0x72, 0x74, 0x65, 0x78, 0x5f, 0x70, 0x6f, 0x73, 0x69, 0x74, 0x69, 0x6f, 0x6e, 0x2c, 0x20, 0x66, 0x69, 0x6c, 0x61, 0x6d, 
0x65, 0x6e, 0x74, 0x5f, 0x67, 0x6c, 0x5f, 0x43, 0x6c, 0x69, 0x70, 0x44, 0x69, 0x73, 0x74, 0x61, 0x6e, 0x63, 0x65, 0x2c, 
0x20, 0x76, 0x2e, 0x67, 0x6c, 0x5f, 0x50, 0x6f, 0x73, 0x69, 0x74, 0x69, 0x6f, 0x6e, 0x29, 0x3b, 0x0a, 0x00, 0x20, 0x20, 
0x67, 0x6c, 0x5f, 0x43, 0x6c, 0x69, 0x70, 0x44, 0x69, 0x73, 0x74, 0x61, 0x6e, 0x63, 0x65, 0x20, 0x3a, 0x20, 0x61, 0x72, 
0x72, 0x61, 0x79, 0x3c, 0x66, 0x33, 0x32, 0x2c, 0x20, 0x31, 0x75, 0x3e, 0x2c, 0x0a, 0x00, 0x20, 0x20, 0x76, 0x2e, 0x67, 
0x6c, 0x5f, 0x43, 0x6c, 0x69, 0x70, 0x44, 0x69, 0x73, 0x74, 0x61, 0x6e, 0x63, 0x65, 0x5b, 0x30, 0x69, 0x5d, 0x20, 0x3d, 
0x20, 0x28, 0x76, 0x5f, 0x32, 0x34, 0x20, 0x2b, 0x20, 0x28, 0x28, 0x31, 0x2e, 0x30, 0x66, 0x20, 0x2d, 0x20, 0x76, 0x5f, 
0x31, 0x39, 0x29, 0x20, 0x2a, 0x20, 0x76, 0x5f, 0x32, 0x35, 0x29, 0x29, 0x3b, 0x0a, 0x00, 0x20, 0x20, 0x76, 0x2e, 0x67, 
0x6c, 0x5f, 0x43, 0x6c, 0x69, 0x70, 0x44, 0x69, 0x73, 0x74, 0x61, 0x6e, 0x63, 0x65, 0x5b, 0x31, 0x69, 0x5d, 0x20, 0x3d, 
0x20, 0x2d, 0x28, 0x28, 0x76, 0x5f, 0x32, 0x34, 0x20, 0x2b, 0x20, 0x28, 0x28, 0x31, 0x2e, 0x30, 0x66, 0x20, 0x2d, 0x20, 
0x28, 0x76, 0x5f, 0x31, 0x38, 0x20, 0x2a, 0x20, 0x66, 0x33, 0x32, 0x28, 0x28, 0x76, 0x5f, 0x31, 0x36, 0x20, 0x2b, 0x20, 
0x31, 0x69, 0x29, 0x29, 0x29, 0x29, 0x20, 0x2a, 0x20, 0x76, 0x5f, 0x32, 0x35, 0x29, 0x29, 0x29, 0x3b, 0x0a, 0x00, 0x20, 
0x20, 0x72, 0x65, 0x74, 0x75, 0x72, 0x6e, 0x20, 0x74, 0x69, 0x6e, 0x74, 0x5f, 0x73, 0x79, 0x6d, 0x62, 0x6f, 0x6c, 0x28, 
0x69, 0x6e, 0x73, 0x74, 0x61, 0x6e, 0x63, 0x65, 0x5f, 0x69, 0x6e, 0x64, 0x65, 0x78, 0x2c, 0x20, 0x76, 0x61, 0x72, 0x69, 
0x61, 0x62, 0x6c, 0x65, 0x5f, 0x69, 0x6d, 0x61, 0x67, 0x65, 0x55, 0x56, 0x2c, 0x20, 0x76, 0x65, 0x72, 0x74, 0x65, 0x78, 
0x5f, 0x77, 0x6f, 0x72, 0x6c, 0x64, 0x50, 0x6f, 0x73, 0x69, 0x74, 0x69, 0x6f, 0x6e, 0x2c, 0x20, 0x76, 0x65, 0x72, 0x74, 
0x65, 0x78, 0x5f, 0x70, 0x6f, 0x73, 0x69, 0x74, 0x69, 0x6f, 0x6e, 0x2c, 0x20, 0x76, 0x2e, 0x67, 0x6c, 0x5f, 0x50, 0x6f, 
0x73, 0x69, 0x74, 0x69, 0x6f, 0x6e, 0x2c, 0x20, 0x76, 0x2e, 0x67, 0x6c, 0x5f, 0x43, 0x6c, 0x69, 0x70, 0x44, 0x69, 0x73, 
0x74, 0x61, 0x6e, 0x63, 0x65, 0x29, 0x3b, 0x0a, 0x00, 0x62, 0x6f, 0x6f, 0x6c, 0x20, 0x00, 0x29, 0x0a, 0x00, 0x69, 0x66, 
0x20, 0x28, 0x21, 0x00, 0x72, 0x65, 0x74, 0x75, 0x72, 0x6e, 0x20, 0x6e, 0x6f, 0x72, 0x6d, 0x61, 0x6c, 0x69, 0x7a, 0x65, 
0x28, 0x76, 0x65, 0x63, 0x33, 0x28, 0x00, 0x2e, 0x78, 0x29, 0x29, 0x3b, 0x0a, 0x00, 0x2e, 0x79, 0x29, 0x29, 0x3b, 0x0a, 
0x00, 0x2e, 0x78, 0x2c, 0x2d, 0x00, 0x2e, 0x79, 0x3d, 0x31, 0x2e, 0x30, 0x2d, 0x00, 0x69, 0x66, 0x20, 0x28, 0x00, 0x2e, 
0x79, 0x2c, 0x00, 0x2e, 0x7a, 0x3d, 0x00, 0x29, 0x2e, 0x62, 0x61, 0x73, 0x65, 0x43, 0x6f, 0x6c, 0x6f, 0x72, 0x3b, 0x0a, 
0x00, 0x6c, 0x61, 0x79, 0x6f, 0x75, 0x74, 0x28, 0x73, 0x74, 0x64, 0x31, 0x34, 0x30, 0x29, 0x20, 0x75, 0x6e, 0x69, 0x66, 
0x6f, 0x72, 0x6d, 0x20, 0x4d, 0x61, 0x74, 0x65, 0x72, 0x69, 0x61, 0x6c, 0x50, 0x61, 0x72, 0x61, 0x6d, 0x73, 0x0a, 0x00, 
0x76, 0x65, 0x63, 0x34, 0x20, 0x62, 0x3b, 0x0a, 0x00, 0x69, 0x6e, 0x74, 0x20, 0x63, 0x3b, 0x0a, 0x00, 0x69, 0x6e, 0x74, 
0x20, 0x64, 0x3b, 0x0a, 0x00, 0x69, 0x6e, 0x74, 0x20, 0x65, 0x3b, 0x0a, 0x00, 0x66, 0x6c, 0x6f, 0x61, 0x74, 0x20, 0x66, 
0x3b, 0x0a, 0x00, 0x7d, 0x20, 0x6d, 0x61, 0x74, 0x65, 0x72, 0x69, 0x61, 0x6c, 0x50, 0x61, 0x72, 0x61, 0x6d, 0x73, 0x3b, 
0x0a, 0x00, 0x76, 0x65, 0x63, 0x33, 0x20, 0x67, 0x65, 0x74, 0x44, 0x69, 0x72, 0x65, 0x63, 0x74, 0x69, 0x6f, 0x6e, 0x46, 
0x6f, 0x72, 0x43, 0x75, 0x62, 0x65, 0x46, 0x61, 0x63, 0x65, 0x28, 0x69, 0x6e, 0x74, 0x20, 0x66, 0x61, 0x63, 0x65, 0x2c, 
0x76, 0x65, 0x63, 0x32, 0x20, 0x75, 0x76, 0x29, 0x0a, 0x00, 0x3d, 0x28, 0x75, 0x76, 0x2a, 0x32, 0x2e, 0x30, 0x29, 0x2d, 
0x76, 0x65, 0x63, 0x32, 0x28, 0x31, 0x2e, 0x30, 0x29, 0x3b, 0x0a, 0x00, 0x69, 0x66, 0x20, 0x28, 0x66, 0x61, 0x63, 0x65, 
0x3d, 0x3d, 0x30, 0x29, 0x0a, 0x00, 0x72, 0x65, 0x74, 0x75, 0x72, 0x6e, 0x20, 0x6e, 0x6f, 0x72, 0x6d, 0x61, 0x6c, 0x69, 
0x7a, 0x65, 0x28, 0x76, 0x65, 0x63, 0x33, 0x28, 0x31, 0x2e, 0x30, 0x2c, 0x2d, 0x00, 0x2e, 0x79, 0x2c, 0x2d, 0x00, 0x69, 
0x66, 0x20, 0x28, 0x66, 0x61, 0x63, 0x65, 0x3d, 0x3d, 0x31, 0x29, 0x0a, 0x00, 0x72, 0x65, 0x74, 0x75, 0x72, 0x6e, 0x20, 
0x6e, 0x6f, 0x72, 0x6d, 0x61, 0x6c, 0x69, 0x7a, 0x65, 0x28, 0x76, 0x65, 0x63, 0x33, 0x28, 0x2d, 0x31, 0x2e, 0x30, 0x2c, 
0x2d, 0x00, 0x69, 0x66, 0x20, 0x28, 0x66, 0x61, 0x63, 0x65, 0x3d, 0x3d, 0x32, 0x29, 0x0a, 0x00, 0x2e, 0x78, 0x2c, 0x31, 
0x2e, 0x30, 0x2c, 0x00, 0x69, 0x66, 0x20, 0x28, 0x66, 0x61, 0x63, 0x65, 0x3d, 0x3d, 0x33, 0x29, 0x0a, 0x00, 0x2e, 0x78, 
0x2c, 0x2d, 0x31, 0x2e, 0x30, 0x2c, 0x2d, 0x00, 0x69, 0x66, 0x20, 0x28, 0x66, 0x61, 0x63, 0x65, 0x3d, 0x3d, 0x34, 0x29, 
0x0a, 0x00, 0x2e, 0x79, 0x2c, 0x31, 0x2e, 0x30, 0x29, 0x29, 0x3b, 0x0a, 0x00, 0x72, 0x65, 0x74, 0x75, 0x72, 0x6e, 0x20, 
0x6e, 0x6f, 0x72, 0x6d, 0x61, 0x6c, 0x69, 0x7a, 0x65, 0x28, 0x76, 0x65, 0x63, 0x33, 0x28, 0x2d, 0x00, 0x2e, 0x79, 0x2c, 
0x2d, 0x31, 0x2e, 0x30, 0x29, 0x29, 0x3b, 0x0a, 0x00, 0x3d, 0x28, 0x6d, 0x61, 0x74, 0x65, 0x72, 0x69, 0x61, 0x6c, 0x50, 
0x61, 0x72, 0x61, 0x6d, 0x73, 0x2e, 0x61, 0x2a, 0x76, 0x65, 0x63, 0x34, 0x28, 0x63, 0x6c, 0x61, 0x6d, 0x70, 0x28, 0x76, 
0x61, 0x72, 0x69, 0x61, 0x62, 0x6c, 0x65, 0x5f, 0x69, 0x6d, 0x61, 0x67, 0x65, 0x55, 0x56, 0x2e, 0x78, 0x79, 0x2c, 0x76, 
0x65, 0x63, 0x32, 0x28, 0x30, 0x2e, 0x30, 0x29, 0x2c, 0x76, 0x65, 0x63, 0x32, 0x28, 0x31, 0x2e, 0x30, 0x29, 0x29, 0x2c, 
0x31, 0x2e, 0x30, 0x2c, 0x31, 0x2e, 0x30, 0x29, 0x29, 0x2e, 0x78, 0x79, 0x3b, 0x0a, 0x00, 0x3d, 0x6d, 0x61, 0x74, 0x65, 
0x72, 0x69, 0x61, 0x6c, 0x50, 0x61, 0x72, 0x61, 0x6d, 0x73, 0x2e, 0x63, 0x3d, 0x3d, 0x30, 0x3b, 0x0a, 0x00, 0x2e, 0x78, 
0x3e, 0x31, 0x2e, 0x30, 0x3b, 0x0a, 0x00, 0x2e, 0x78, 0x3c, 0x30, 0x2e, 0x30, 0x3b, 0x0a, 0x00, 0x2e, 0x79, 0x3c, 0x30, 
0x2e, 0x30, 0x3b, 0x0a, 0x00, 0x2e, 0x79, 0x3e, 0x31, 0x2e, 0x30, 0x3b, 0x0a, 0x00, 0x69, 0x66, 0x20, 0x28, 0x6d, 0x61, 
0x74, 0x65, 0x72, 0x69, 0x61, 0x6c, 0x50, 0x61, 0x72, 0x61, 0x6d, 0x73, 0x2e, 0x64, 0x21, 0x3d, 0x30, 0x29, 0x0a, 0x00, 
0x3d, 0x6d, 0x61, 0x74, 0x65, 0x72, 0x69, 0x61, 0x6c, 0x50, 0x61, 0x72, 0x61, 0x6d, 0x73, 0x2e, 0x65, 0x3b, 0x0a, 0x00, 
0x67, 0x6c, 0x5f, 0x46, 0x72, 0x61, 0x67, 0x44, 0x65, 0x70, 0x74, 0x68, 0x3d, 0x6d, 0x61, 0x74, 0x65, 0x72, 0x69, 0x61, 
0x6c, 0x50, 0x61, 0x72, 0x61, 0x6d, 0x73, 0x2e, 0x66, 0x3b, 0x0a, 0x00, 0x73, 0x74, 0x72, 0x75, 0x63, 0x74, 0x20, 0x4d, 
0x61, 0x74, 0x65, 0x72, 0x69, 0x61, 0x6c, 0x50, 0x61, 0x72, 0x61, 0x6d, 0x73, 0x5f, 0x31, 0x20, 0x7b, 0x0a, 0x00, 0x20, 
0x20, 0x74, 0x72, 0x61, 0x6e, 0x73, 0x66, 0x6f, 0x72, 0x6d, 0x20, 0x3a, 0x20, 0x6d, 0x61, 0x74, 0x34, 0x78, 0x34, 0x3c, 
0x66, 0x33, 0x32, 0x3e, 0x2c, 0x0a, 0x00, 0x20, 0x20, 0x62, 0x61, 0x63, 0x6b, 0x67, 0x72, 0x6f, 0x75, 0x6e, 0x64, 0x43, 
0x6f, 0x6c, 0x6f, 0x72, 0x20, 0x3a, 0x20, 0x76, 0x65, 0x63, 0x34, 0x3c, 0x66, 0x33, 0x32, 0x3e, 0x2c, 0x0a, 0x00, 0x20, 
0x20, 0x73, 0x68, 0x6f, 0x77, 0x49, 0x6d, 0x61, 0x67, 0x65, 0x20, 0x3a, 0x20, 0x69, 0x33, 0x32, 0x2c, 0x0a, 0x00, 0x20, 
0x20, 0x69, 0x73, 0x43, 0x75, 0x62, 0x65, 0x4d, 0x61, 0x70, 0x20, 0x3a, 0x20, 0x69, 0x33, 0x32, 0x2c, 0x0a, 0x00, 0x20, 
0x20, 0x63, 0x75, 0x62, 0x65, 0x4d, 0x61, 0x70, 0x46, 0x61, 0x63, 0x65, 0x20, 0x3a, 0x20, 0x69, 0x33, 0x32, 0x2c, 0x0a, 
0x00, 0x20, 0x20, 0x64, 0x65, 0x70, 0x74, 0x68, 0x20, 0x3a, 0x20, 0x66, 0x33, 0x32, 0x2c, 0x0a, 0x00, 0x40, 0x67, 0x72, 
0x6f, 0x75, 0x70, 0x28, 0x32, 0x75, 0x29, 0x20, 0x40, 0x62, 0x69, 0x6e, 0x64, 0x69, 0x6e, 0x67, 0x28, 0x30, 0x75, 0x29, 
0x20, 0x76, 0x61, 0x72, 0x3c, 0x75, 0x6e, 0x69, 0x66, 0x6f, 0x72, 0x6d, 0x3e, 0x20, 0x6d, 0x61, 0x74, 0x65, 0x72, 0x69, 
0x61, 0x6c, 0x50, 0x61, 0x72, 0x61, 0x6d, 0x73, 0x20, 0x3a, 0x20, 0x4d, 0x61, 0x74, 0x65, 0x72, 0x69, 0x61, 0x6c, 0x50, 
0x61, 0x72, 0x61, 0x6d, 0x73, 0x5f, 0x31, 0x3b, 0x0a, 0x00, 0x76, 0x61, 0x72, 0x3c, 0x70, 0x72, 0x69, 0x76, 0x61, 0x74, 
0x65, 0x3e, 0x20, 0x67, 0x6c, 0x5f, 0x46, 0x72, 0x61, 0x67, 0x44, 0x65, 0x70, 0x74, 0x68, 0x20, 0x3a, 0x20, 0x66, 0x33, 
0x32, 0x3b, 0x0a, 0x00, 0x20, 0x20, 0x76, 0x61, 0x72, 0x20, 0x76, 0x20, 0x3a, 0x20, 0x69, 0x33, 0x32, 0x3b, 0x0a, 0x00, 
0x20, 0x20, 0x76, 0x61, 0x72, 0x20, 0x76, 0x5f, 0x31, 0x20, 0x3a, 0x20, 0x76, 0x65, 0x63, 0x32, 0x3c, 0x66, 0x33, 0x32, 
0x3e, 0x3b, 0x0a, 0x00, 0x20, 0x20, 0x67, 0x6c, 0x5f, 0x46, 0x72, 0x61, 0x67, 0x44, 0x65, 0x70, 0x74, 0x68, 0x20, 0x3d, 
0x20, 0x6d, 0x61, 0x74, 0x65, 0x72, 0x69, 0x61, 0x6c, 0x50, 0x61, 0x72, 0x61, 0x6d, 0x73, 0x2e, 0x64, 0x65, 0x70, 0x74, 
0x68, 0x3b, 0x0a, 0x00, 0x20, 0x20, 0x69, 0x66, 0x20, 0x28, 0x28, 0x2a, 0x28, 0x66, 0x61, 0x63, 0x65, 0x29, 0x20, 0x3d, 
0x3d, 0x20, 0x30, 0x69, 0x29, 0x29, 0x20, 0x7b, 0x0a, 0x00, 0x20, 0x20, 0x7d, 0x20, 0x65, 0x6c, 0x73, 0x65, 0x20, 0x69, 
0x66, 0x20, 0x28, 0x28, 0x2a, 0x28, 0x66, 0x61, 0x63, 0x65, 0x29, 0x20, 0x3d, 0x3d, 0x20, 0x31, 0x69, 0x29, 0x29, 0x20, 
0x7b, 0x0a, 0x00, 0x20, 0x20, 0x7d, 0x20, 0x65, 0x6c, 0x73, 0x65, 0x20, 0x69, 0x66, 0x20, 0x28, 0x28, 0x2a, 0x28, 0x66, 
0x61, 0x63, 0x65, 0x29, 0x20, 0x3d, 0x3d, 0x20, 0x32, 0x69, 0x29, 0x29, 0x20, 0x7b, 0x0a, 0x00, 0x20, 0x20, 0x7d, 0x20, 
0x65, 0x6c, 0x73, 0x65, 0x20, 0x69, 0x66, 0x20, 0x28, 0x28, 0x2a, 0x28, 0x66, 0x61, 0x63, 0x65, 0x29, 0x20, 0x3d, 0x3d, 
0x20, 0x33, 0x69, 0x29, 0x29, 0x20, 0x7b, 0x0a, 0x00, 0x20, 0x20, 0x7d, 0x20, 0x65, 0x6c, 0x73, 0x65, 0x20, 0x69, 0x66, 
0x20, 0x28, 0x28, 0x2a, 0x28, 0x66, 0x61, 0x63, 0x65, 0x29, 0x20, 0x3d, 0x3d, 0x20, 0x34, 0x69, 0x29, 0x29, 0x20, 0x7b, 
0x0a, 0x00, 0x20, 0x20, 0x72, 0x65, 0x74, 0x75, 0x72, 0x6e, 0x20, 0x76, 0x65, 0x63, 0x33, 0x3c, 0x66, 0x33, 0x32, 0x3e, 
0x28, 0x29, 0x3b, 0x0a, 0x00, 0x40, 0x66, 0x72, 0x61, 0x67, 0x6d, 0x65, 0x6e, 0x74, 0x0a, 0x00, 0x68, 0x69, 0x67, 0x68, 
0x70, 0x20, 0x6d, 0x61, 0x74, 0x34, 0x20, 0x61, 0x3b, 0x0a, 0x00, 0x6d, 0x70, 0x5f, 0x63, 0x6f, 0x70, 0x79, 0x00, 0x20, 
0x20, 0x6c, 0x65, 0x74, 0x20, 0x76, 0x5f, 0x33, 0x20, 0x3d, 0x20, 0x6d, 0x61, 0x74, 0x65, 0x72, 0x69, 0x61, 0x6c, 0x50, 
0x61, 0x72, 0x61, 0x6d, 0x73, 0x2e, 0x74, 0x72, 0x61, 0x6e, 0x73, 0x66, 0x6f, 0x72, 0x6d, 0x3b, 0x0a, 0x00, 0x20, 0x20, 
0x6c, 0x65, 0x74, 0x20, 0x76, 0x5f, 0x34, 0x20, 0x3d, 0x20, 0x63, 0x6c, 0x61, 0x6d, 0x70, 0x28, 0x76, 0x61, 0x72, 0x69, 
0x61, 0x62, 0x6c, 0x65, 0x5f, 0x69, 0x6d, 0x61, 0x67, 0x65, 0x55, 0x56, 0x2e, 0x78, 0x79, 0x2c, 0x20, 0x76, 0x65, 0x63, 
0x32, 0x3c, 0x66, 0x33, 0x32, 0x3e, 0x28, 0x29, 0x2c, 0x20, 0x76, 0x65, 0x63, 0x32, 0x3c, 0x66, 0x33, 0x32, 0x3e, 0x28, 
0x31, 0x2e, 0x30, 0x66, 0x29, 0x29, 0x3b, 0x0a, 0x00, 0x20, 0x20, 0x6c, 0x65, 0x74, 0x20, 0x76, 0x5f, 0x35, 0x20, 0x3d, 
0x20, 0x28, 0x28, 0x76, 0x5f, 0x33, 0x20, 0x2a, 0x20, 0x76, 0x65, 0x63, 0x34, 0x3c, 0x66, 0x33, 0x32, 0x3e, 0x28, 0x76, 
0x5f, 0x34, 0x2e, 0x78, 0x2c, 0x20, 0x76, 0x5f, 0x34, 0x2e, 0x79, 0x2c, 0x20, 0x31, 0x2e, 0x30, 0x66, 0x2c, 0x20, 0x31, 
0x2e, 0x30, 0x66, 0x29, 0x29, 0x29, 0x2e, 0x78, 0x79, 0x3b, 0x0a, 0x00, 0x20, 0x20, 0x6c, 0x65, 0x74, 0x20, 0x76, 0x5f, 
0x36, 0x20, 0x3d, 0x20, 0x28, 0x6d, 0x61, 0x74, 0x65, 0x72, 0x69, 0x61, 0x6c, 0x50, 0x61, 0x72, 0x61, 0x6d, 0x73, 0x2e, 
0x73, 0x68, 0x6f, 0x77, 0x49, 0x6d, 0x61, 0x67, 0x65, 0x20, 0x3d, 0x3d, 0x20, 0x30, 0x69, 0x29, 0x3b, 0x0a, 0x00, 0x20, 
0x20, 0x76, 0x61, 0x72, 0x20, 0x76, 0x5f, 0x37, 0x20, 0x3a, 0x20, 0x62, 0x6f, 0x6f, 0x6c, 0x3b, 0x0a, 0x00, 0x20, 0x20, 
0x69, 0x66, 0x20, 0x28, 0x21, 0x28, 0x76, 0x5f, 0x36, 0x29, 0x29, 0x20, 0x7b, 0x0a, 0x00, 0x20, 0x20, 0x20, 0x20, 0x76, 
0x5f, 0x37, 0x20, 0x3d, 0x20, 0x28, 0x76, 0x5f, 0x35, 0x2e, 0x78, 0x20, 0x3e, 0x20, 0x31, 0x2e, 0x30, 0x66, 0x29, 0x3b, 
0x0a, 0x00, 0x20, 0x20, 0x20, 0x20, 0x76, 0x5f, 0x37, 0x20, 0x3d, 0x20, 0x76, 0x5f, 0x36, 0x3b, 0x0a, 0x00, 0x20, 0x20, 
0x6c, 0x65, 0x74, 0x20, 0x76, 0x5f, 0x38, 0x20, 0x3d, 0x20, 0x76, 0x5f, 0x37, 0x3b, 0x0a, 0x00, 0x20, 0x20, 0x76, 0x61, 
0x72, 0x20, 0x76, 0x5f, 0x39, 0x20, 0x3a, 0x20, 0x62, 0x6f, 0x6f, 0x6c, 0x3b, 0x0a, 0x00, 0x20, 0x20, 0x69, 0x66, 0x20, 
0x28, 0x21, 0x28, 0x76, 0x5f, 0x38, 0x29, 0x29, 0x20, 0x7b, 0x0a, 0x00, 0x20, 0x20, 0x20, 0x20, 0x76, 0x5f, 0x39, 0x20, 
0x3d, 0x20, 0x28, 0x76, 0x5f, 0x35, 0x2e, 0x78, 0x20, 0x3c, 0x20, 0x30, 0x2e, 0x30, 0x66, 0x29, 0x3b, 0x0a, 0x00, 0x20, 
0x20, 0x20, 0x20, 0x76, 0x5f, 0x39, 0x20, 0x3d, 0x20, 0x76, 0x5f, 0x38, 0x3b, 0x0a, 0x00, 0x20, 0x20, 0x6c, 0x65, 0x74, 
0x20, 0x76, 0x5f, 0x31, 0x30, 0x20, 0x3d, 0x20, 0x76, 0x5f, 0x39, 0x3b, 0x0a, 0x00, 0x20, 0x20, 0x76, 0x61, 0x72, 0x20, 
0x76, 0x5f, 0x31, 0x31, 0x20, 0x3a, 0x20, 0x62, 0x6f, 0x6f, 0x6c, 0x3b, 0x0a, 0x00, 0x20, 0x20, 0x69, 0x66, 0x20, 0x28, 
0x21, 0x28, 0x76, 0x5f, 0x31, 0x30, 0x29, 0x29, 0x20, 0x7b, 0x0a, 0x00, 0x20, 0x20, 0x20, 0x20, 0x76, 0x5f, 0x31, 0x31, 
0x20, 0x3d, 0x20, 0x28, 0x76, 0x5f, 0x35, 0x2e, 0x79, 0x20, 0x3c, 0x20, 0x30, 0x2e, 0x30, 0x66, 0x29, 0x3b, 0x0a, 0x00, 
0x20, 0x20, 0x20, 0x20, 0x76, 0x5f, 0x31, 0x31, 0x20, 0x3d, 0x20, 0x76, 0x5f, 0x31, 0x30, 0x3b, 0x0a, 0x00, 0x20, 0x20, 
0x6c, 0x65, 0x74, 0x20, 0x76, 0x5f, 0x31, 0x32, 0x20, 0x3d, 0x20, 0x76, 0x5f, 0x31, 0x31, 0x3b, 0x0a, 0x00, 0x20, 0x20, 
0x76, 0x61, 0x72, 0x20, 0x76, 0x5f, 0x31, 0x33, 0x20, 0x3a, 0x20, 0x62, 0x6f, 0x6f, 0x6c, 0x3b, 0x0a, 0x00, 0x20, 0x20, 
0x69, 0x66, 0x20, 0x28, 0x21, 0x28, 0x76, 0x5f, 0x31, 0x32, 0x29, 0x29, 0x20, 0x7b, 0x0a, 0x00, 0x20, 0x20, 0x20, 0x20, 
0x76, 0x5f, 0x31, 0x33, 0x20, 0x3d, 0x20, 0x28, 0x76, 0x5f, 0x35, 0x2e, 0x79, 0x20, 0x3e, 0x20, 0x31, 0x2e, 0x30, 0x66, 
0x29, 0x3b, 0x0a, 0x00, 0x20, 0x20, 0x20, 0x20, 0x76, 0x5f, 0x31, 0x33, 0x20, 0x3d, 0x20, 0x76, 0x5f, 0x31, 0x32, 0x3b, 
0x0a, 0x00, 0x20, 0x20, 0x69, 0x66, 0x20, 0x28, 0x76, 0x5f, 0x31, 0x33, 0x29, 0x20, 0x7b, 0x0a, 0x00, 0x20, 0x20, 0x40, 
0x62, 0x75, 0x69, 0x6c, 0x74, 0x69, 0x6e, 0x28, 0x66, 0x72, 0x61, 0x67, 0x5f, 0x64, 0x65, 0x70, 0x74, 0x68, 0x29, 0x0a, 
0x00, 0x20, 0x20, 0x67, 0x6c, 0x5f, 0x46, 0x72, 0x61, 0x67, 0x44, 0x65, 0x70, 0x74, 0x68, 0x20, 0x3a, 0x20, 0x66, 0x33, 
0x32, 0x2c, 0x0a, 0x00, 0x68, 0x69, 0x67, 0x68, 0x70, 0x20, 0x66, 0x6c, 0x6f, 0x61, 0x74, 0x20, 0x00, 0x73, 0x74, 0x72, 
0x75, 0x63, 0x74, 0x20, 0x4d, 0x61, 0x74, 0x65, 0x72, 0x69, 0x61, 0x6c, 0x49, 0x6e, 0x70, 0x75, 0x74, 0x73, 0x0a, 0x00, 
0x76, 0x65, 0x63, 0x34, 0x20, 0x62, 0x61, 0x73, 0x65, 0x43, 0x6f, 0x6c, 0x6f, 0x72, 0x3b, 0x0a, 0x00, 0x76, 0x65, 0x63, 
0x34, 0x20, 0x65, 0x6d, 0x69, 0x73, 0x73, 0x69, 0x76, 0x65, 0x3b, 0x0a, 0x00, 0x66, 0x6c, 0x6f, 0x61, 0x74, 0x20, 0x63, 
0x6c, 0x65, 0x61, 0x72, 0x43, 0x6f, 0x61, 0x74, 0x3b, 0x0a, 0x00, 0x66, 0x6c, 0x6f, 0x61, 0x74, 0x20, 0x63, 0x6c, 0x65, 
0x61, 0x72, 0x43, 0x6f, 0x61, 0x74, 0x52, 0x6f, 0x75, 0x67, 0x68, 0x6e, 0x65, 0x73, 0x73, 0x3b, 0x0a, 0x00, 0x66, 0x6c, 
0x6f, 0x61, 0x74, 0x20, 0x61, 0x6e, 0x69, 0x73, 0x6f, 0x74, 0x72, 0x6f, 0x70, 0x79, 0x3b, 0x0a, 0x00, 0x76, 0x65, 0x63, 
0x33, 0x20, 0x61, 0x6e, 0x69, 0x73, 0x6f, 0x74, 0x72, 0x6f, 0x70, 0x79, 0x44, 0x69, 0x72, 0x65, 0x63, 0x74, 0x69, 0x6f, 
0x6e, 0x3b, 0x0a, 0x00, 0x6c, 0x61, 0x79, 0x6f, 0x75, 0x74, 0x28, 0x6c, 0x6f, 0x63, 0x61, 0x74, 0x69, 0x6f, 0x6e, 0x3d, 
0x30, 0x29, 0x20, 0x6f, 0x75, 0x74, 0x20, 0x76, 0x65, 0x63, 0x34, 0x20, 0x66, 0x72, 0x61, 0x67, 0x43, 0x6f, 0x6c, 0x6f, 
0x72, 0x3b, 0x0a, 0x00, 0x68, 0x69, 0x67, 0x68, 0x70, 0x20, 0x76, 0x65, 0x63, 0x32, 0x20, 0x00, 0x3d, 0x6d, 0x61, 0x74, 
0x65, 0x72, 0x69, 0x61, 0x6c, 0x50, 0x61, 0x72, 0x61, 0x6d, 0x73, 0x2e, 0x62, 0x3b, 0x0a, 0x00, 0x3d, 0x6d, 0x61, 0x78, 
0x28, 0x74, 0x65, 0x78, 0x74, 0x75, 0x72, 0x65, 0x28, 0x6d, 0x61, 0x74, 0x65, 0x72, 0x69, 0x61, 0x6c, 0x50, 0x61, 0x72, 
0x61, 0x6d, 0x73, 0x5f, 0x63, 0x75, 0x62, 0x65, 0x4d, 0x61, 0x70, 0x2c, 0x67, 0x65, 0x74, 0x44, 0x69, 0x72, 0x65, 0x63, 
0x74, 0x69, 0x6f, 0x6e, 0x46, 0x6f, 0x72, 0x43, 0x75, 0x62, 0x65, 0x46, 0x61, 0x63, 0x65, 0x28, 0x00, 0x29, 0x2c, 0x66, 
0x72, 0x61, 0x6d, 0x65, 0x55, 0x6e, 0x69, 0x66, 0x6f, 0x72, 0x6d, 0x73, 0x2e, 0x72, 0x29, 0x2c, 0x76, 0x65, 0x63, 0x34, 
0x28, 0x30, 0x2e, 0x30, 0x29, 0x29, 0x3b, 0x0a, 0x00, 0x3d, 0x6d, 0x61, 0x78, 0x28, 0x74, 0x65, 0x78, 0x74, 0x75, 0x72, 
0x65, 0x28, 0x6d, 0x61, 0x74, 0x65, 0x72, 0x69, 0x61, 0x6c, 0x50, 0x61, 0x72, 0x61, 0x6d, 0x73, 0x5f, 0x69, 0x6d, 0x61, 
0x67, 0x65, 0x2c, 0x00, 0x2c, 0x66, 0x72, 0x61, 0x6d, 0x65, 0x55, 0x6e, 0x69, 0x66, 0x6f, 0x72, 0x6d, 0x73, 0x2e, 0x72, 
0x29, 0x2c, 0x76, 0x65, 0x63, 0x34, 0x28, 0x30, 0x2e, 0x30, 0x29, 0x29, 0x3b, 0x0a, 0x00, 0x2e, 0x78, 0x79, 0x7a, 0x2a, 
0x00, 0x2e, 0x78, 0x79, 0x7a, 0x2b, 0x28, 0x6d, 0x61, 0x74, 0x65, 0x72, 0x69, 0x61, 0x6c, 0x50, 0x61, 0x72, 0x61, 0x6d, 
0x73, 0x2e, 0x62, 0x2e, 0x78, 0x79, 0x7a, 0x2a, 0x28, 0x31, 0x2e, 0x30, 0x2d, 0x00, 0x3d, 0x4d, 0x61, 0x74, 0x65, 0x72, 
0x69, 0x61, 0x6c, 0x49, 0x6e, 0x70, 0x75, 0x74, 0x73, 0x28, 0x76, 0x65, 0x63, 0x34, 0x28, 0x31, 0x2e, 0x30, 0x29, 0x2c, 
0x76, 0x65, 0x63, 0x34, 0x28, 0x30, 0x2e, 0x30, 0x2c, 0x30, 0x2e, 0x30, 0x2c, 0x30, 0x2e, 0x30, 0x2c, 0x31, 0x2e, 0x30, 
0x29, 0x2c, 0x00, 0x66, 0x72, 0x61, 0x67, 0x43, 0x6f, 0x6c, 0x6f, 0x72, 0x3d, 0x4d, 0x61, 0x74, 0x65, 0x72, 0x69, 0x61, 
0x6c, 0x49, 0x6e, 0x70, 0x75, 0x74, 0x73, 0x28, 0x4d, 0x61, 0x74, 0x65, 0x72, 0x69, 0x61, 0x6c, 0x49, 0x6e, 0x70, 0x75, 
0x74, 0x73, 0x28, 0x00, 0x29, 0x2e, 0x62, 0x61, 0x73, 0x65, 0x43, 0x6f, 0x6c, 0x6f, 0x72, 0x2c, 0x00, 0x40, 0x67, 0x72, 
0x6f, 0x75, 0x70, 0x28, 0x32, 0x75, 0x29, 0x20, 0x40, 0x62, 0x69, 0x6e, 0x64, 0x69, 0x6e, 0x67, 0x28, 0x35, 0x75, 0x29, 
0x20, 0x76, 0x61, 0x72, 0x20, 0x6d, 0x61, 0x74, 0x65, 0x72, 0x69, 0x61, 0x6c, 0x50, 0x61, 0x72, 0x61, 0x6d, 0x73, 0x5f, 
0x63, 0x75, 0x62, 0x65, 0x4d, 0x61, 0x70, 0x5f, 0x73, 0x61, 0x6d, 0x70, 0x6c, 0x65, 0x72, 0x20, 0x3a, 0x20, 0x73, 0x61, 
0x6d, 0x70, 0x6c, 0x65, 0x72, 0x3b, 0x0a, 0x00, 0x40, 0x67, 0x72, 0x6f, 0x75, 0x70, 0x28, 0x32, 0x75, 0x29, 0x20, 0x40, 
0x62, 0x69, 0x6e, 0x64, 0x69, 0x6e, 0x67, 0x28, 0x34, 0x75, 0x29, 0x20, 0x76, 0x61, 0x72, 0x20, 0x6d, 0x61, 0x74, 0x65, 
0x72, 0x69, 0x61, 0x6c, 0x50, 0x61, 0x72, 0x61, 0x6d, 0x73, 0x5f, 0x63, 0x75, 0x62, 0x65, 0x4d, 0x61, 0x70, 0x5f, 0x69, 
0x6d, 0x61, 0x67, 0x65, 0x20, 0x3a, 0x20, 0x74, 0x65, 0x78, 0x74, 0x75, 0x72, 0x65, 0x5f, 0x63, 0x75, 0x62, 0x65, 0x3c, 
0x66, 0x33, 0x32, 0x3e, 0x3b, 0x0a, 0x00, 0x40, 0x67, 0x72, 0x6f, 0x75, 0x70, 0x28, 0x32, 0x75, 0x29, 0x20, 0x40, 0x62, 
0x69, 0x6e, 0x64, 0x69, 0x6e, 0x67, 0x28, 0x33, 0x75, 0x29, 0x20, 0x76, 0x61, 0x72, 0x20, 0x6d, 0x61, 0x74, 0x65, 0x72, 
0x69, 0x61, 0x6c, 0x50, 0x61, 0x72, 0x61, 0x6d, 0x73, 0x5f, 0x69, 0x6d, 0x61, 0x67, 0x65, 0x5f, 0x73, 0x61, 0x6d, 0x70, 
0x6c, 0x65, 0x72, 0x20, 0x3a, 0x20, 0x73, 0x61, 0x6d, 0x70, 0x6c, 0x65, 0x72, 0x3b, 0x0a, 0x00, 0x40, 0x67, 0x72, 0x6f, 
0x75, 0x70, 0x28, 0x32, 0x75, 0x29, 0x20, 0x40, 0x62, 0x69, 0x6e, 0x64, 0x69, 0x6e, 0x67, 0x28, 0x32, 0x75, 0x29, 0x20, 
0x76, 0x61, 0x72, 0x20, 0x6d, 0x61, 0x74, 0x65, 0x72, 0x69, 0x61, 0x6c, 0x50, 0x61, 0x72, 0x61, 0x6d, 0x73, 0x5f, 0x69, 
0x6d, 0x61, 0x67, 0x65, 0x5f, 0x69, 0x6d, 0x61, 0x67, 0x65, 0x20, 0x3a, 0x20, 0x74, 0x65, 0x78, 0x74, 0x75, 0x72, 0x65, 
0x5f, 0x32, 0x64, 0x3c, 0x66, 0x33, 0x32, 0x3e, 0x3b, 0x0a, 0x00, 0x76, 0x61, 0x72, 0x3c, 0x70, 0x72, 0x69, 0x76, 0x61, 
0x74, 0x65, 0x3e, 0x20, 0x66, 0x72, 0x61, 0x67, 0x43, 0x6f, 0x6c, 0x6f, 0x72, 0x20, 0x3a, 0x20, 0x76, 0x65, 0x63, 0x34, 
0x3c, 0x66, 0x33, 0x32, 0x3e, 0x3b, 0x0a, 0x00, 0x73, 0x74, 0x72, 0x75, 0x63, 0x74, 0x20, 0x4d, 0x61, 0x74, 0x65, 0x72, 
0x69, 0x61, 0x6c, 0x49, 0x6e, 0x70, 0x75, 0x74, 0x73, 0x20, 0x7b, 0x0a, 0x00, 0x20, 0x20, 0x62, 0x61, 0x73, 0x65, 0x43, 
0x6f, 0x6c, 0x6f, 0x72, 0x20, 0x3a, 0x20, 0x76, 0x65, 0x63, 0x34, 0x3c, 0x66, 0x33, 0x32, 0x3e, 0x2c, 0x0a, 0x00, 0x20, 
0x20, 0x65, 0x6d, 0x69, 0x73, 0x73, 0x69, 0x76, 0x65, 0x20, 0x3a, 0x20, 0x76, 0x65, 0x63, 0x34, 0x3c, 0x66, 0x33, 0x32, 
0x3e, 0x2c, 0x0a, 0x00, 0x20, 0x20, 0x63, 0x6c, 0x65, 0x61, 0x72, 0x43, 0x6f, 0x61, 0x74, 0x20, 0x3a, 0x20, 0x66, 0x33, 
0x32, 0x2c, 0x0a, 0x00, 0x20, 0x20, 0x63, 0x6c, 0x65, 0x61, 0x72, 0x43, 0x6f, 0x61, 0x74, 0x52, 0x6f, 0x75, 0x67, 0x68, 
0x6e, 0x65, 0x73, 0x73, 0x20, 0x3a, 0x20, 0x66, 0x33, 0x32, 0x2c, 0x0a, 0x00, 0x20, 0x20, 0x61, 0x6e, 0x69, 0x73, 0x6f, 
0x74, 0x72, 0x6f, 0x70, 0x79, 0x20, 0x3a, 0x20, 0x66, 0x33, 0x32, 0x2c, 0x0a, 0x00, 0x20, 0x20, 0x61, 0x6e, 0x69, 0x73, 
0x6f, 0x74, 0x72, 0x6f, 0x70, 0x79, 0x44, 0x69, 0x72, 0x65, 0x63, 0x74, 0x69, 0x6f, 0x6e, 0x20, 0x3a, 0x20, 0x76, 0x65, 
0x63, 0x33, 0x3c, 0x66, 0x33, 0x32, 0x3e, 0x2c, 0x0a, 0x00, 0x66, 0x6e, 0x20, 0x6d, 0x61, 0x69, 0x6e, 0x5f, 0x69, 0x6e, 
0x6e, 0x65, 0x72, 0x28, 0x76, 0x61, 0x72, 0x69, 0x61, 0x62, 0x6c, 0x65, 0x5f, 0x69, 0x6d, 0x61, 0x67, 0x65, 0x55, 0x56, 
0x20, 0x3a, 0x20, 0x76, 0x65, 0x63, 0x34, 0x3c, 0x66, 0x33, 0x32, 0x3e, 0x29, 0x20, 0x7b, 0x0a, 0x00, 0x20, 0x20, 0x6c, 
0x65, 0x74, 0x20, 0x76, 0x5f, 0x32, 0x20, 0x3d, 0x20, 0x66, 0x72, 0x61, 0x6d, 0x65, 0x55, 0x6e, 0x69, 0x66, 0x6f, 0x72, 
0x6d, 0x73, 0x2e, 0x6c, 0x6f, 0x64, 0x42, 0x69, 0x61, 0x73, 0x3b, 0x0a, 0x00, 0x20, 0x20, 0x76, 0x61, 0x72, 0x20, 0x76, 
0x5f, 0x31, 0x34, 0x20, 0x3a, 0x20, 0x76, 0x65, 0x63, 0x34, 0x3c, 0x66, 0x33, 0x32, 0x3e, 0x3b, 0x0a, 0x00, 0x20, 0x20, 
0x20, 0x20, 0x76, 0x5f, 0x31, 0x34, 0x20, 0x3d, 0x20, 0x6d, 0x61, 0x74, 0x65, 0x72, 0x69, 0x61, 0x6c, 0x50, 0x61, 0x72, 
0x61, 0x6d, 0x73, 0x2e, 0x62, 0x61, 0x63, 0x6b, 0x67, 0x72, 0x6f, 0x75, 0x6e, 0x64, 0x43, 0x6f, 0x6c, 0x6f, 0x72, 0x3b, 
0x0a, 0x00, 0x20, 0x20, 0x20, 0x20, 0x76, 0x61, 0x72, 0x20, 0x76, 0x5f, 0x31, 0x35, 0x20, 0x3a, 0x20, 0x76, 0x65, 0x63, 
0x34, 0x3c, 0x66, 0x33, 0x32, 0x3e, 0x3b, 0x0a, 0x00, 0x20, 0x20, 0x20, 0x20, 0x69, 0x66, 0x20, 0x28, 0x28, 0x6d, 0x61, 
0x74, 0x65, 0x72, 0x69, 0x61, 0x6c, 0x50, 0x61, 0x72, 0x61, 0x6d, 0x73, 0x2e, 0x69, 0x73, 0x43, 0x75, 0x62, 0x65, 0x4d, 
0x61, 0x70, 0x20, 0x21, 0x3d, 0x20, 0x30, 0x69, 0x29, 0x29, 0x20, 0x7b, 0x0a, 0x00, 0x20, 0x20, 0x20, 0x20, 0x20, 0x20, 
0x76, 0x61, 0x72, 0x20, 0x76, 0x5f, 0x31, 0x36, 0x20, 0x3a, 0x20, 0x76, 0x65, 0x63, 0x32, 0x3c, 0x66, 0x33, 0x32, 0x3e, 
0x20, 0x3d, 0x20, 0x76, 0x5f, 0x35, 0x3b, 0x0a, 0x00, 0x20, 0x20, 0x20, 0x20, 0x20, 0x20, 0x76, 0x5f, 0x31, 0x36, 0x2e, 
0x79, 0x20, 0x3d, 0x20, 0x28, 0x31, 0x2e, 0x30, 0x66, 0x20, 0x2d, 0x20, 0x76, 0x5f, 0x35, 0x2e, 0x79, 0x29, 0x3b, 0x0a, 
0x00, 0x20, 0x20, 0x20, 0x20, 0x20, 0x20, 0x6c, 0x65, 0x74, 0x20, 0x76, 0x5f, 0x31, 0x37, 0x20, 0x3d, 0x20, 0x76, 0x5f, 
0x31, 0x36, 0x3b, 0x0a, 0x00, 0x20, 0x20, 0x20, 0x20, 0x20, 0x20, 0x76, 0x20, 0x3d, 0x20, 0x6d, 0x61, 0x74, 0x65, 0x72, 
0x69, 0x61, 0x6c, 0x50, 0x61, 0x72, 0x61, 0x6d, 0x73, 0x2e, 0x63, 0x75, 0x62, 0x65, 0x4d, 0x61, 0x70, 0x46, 0x61, 0x63, 
0x65, 0x3b, 0x0a, 0x00, 0x20, 0x20, 0x20, 0x20, 0x20, 0x20, 0x76, 0x5f, 0x31, 0x20, 0x3d, 0x20, 0x76, 0x5f, 0x31, 0x37, 
0x3b, 0x0a, 0x00, 0x20, 0x20, 0x20, 0x20, 0x20, 0x20, 0x6c, 0x65, 0x74, 0x20, 0x76, 0x5f, 0x31, 0x39, 0x20, 0x3d, 0x20, 
0x76, 0x5f, 0x31, 0x38, 0x28, 0x26, 0x28, 0x76, 0x29, 0x2c, 0x20, 0x26, 0x28, 0x76, 0x5f, 0x31, 0x29, 0x29, 0x3b, 0x0a, 
0x00, 0x20, 0x20, 0x20, 0x20, 0x20, 0x20, 0x76, 0x5f, 0x31, 0x35, 0x20, 0x3d, 0x20, 0x6d, 0x61, 0x78, 0x28, 0x74, 0x65, 
0x78, 0x74, 0x75, 0x72, 0x65, 0x53, 0x61, 0x6d, 0x70, 0x6c, 0x65, 0x42, 0x69, 0x61, 0x73, 0x28, 0x6d, 0x61, 0x74, 0x65, 
0x72, 0x69, 0x61, 0x6c, 0x50, 0x61, 0x72, 0x61, 0x6d, 0x73, 0x5f, 0x63, 0x75, 0x62, 0x65, 0x4d, 0x61, 0x70, 0x5f, 0x69, 
0x6d, 0x61, 0x67, 0x65, 0x2c, 0x20, 0x6d, 0x61, 0x74, 0x65, 0x72, 0x69, 0x61, 0x6c, 0x50, 0x61, 0x72, 0x61, 0x6d, 0x73, 
0x5f, 0x63, 0x75, 0x62, 0x65, 0x4d, 0x61, 0x70, 0x5f, 0x73, 0x61, 0x6d, 0x70, 0x6c, 0x65, 0x72, 0x2c, 0x20, 0x76, 0x5f, 
0x31, 0x39, 0x2c, 0x20, 0x76, 0x5f, 0x32, 0x29, 0x2c, 0x20, 0x76, 0x65, 0x63, 0x34, 0x3c, 0x66, 0x33, 0x32, 0x3e, 0x28, 
0x29, 0x29, 0x3b, 0x0a, 0x00, 0x20, 0x20, 0x20, 0x20, 0x7d, 0x20, 0x65, 0x6c, 0x73, 0x65, 0x20, 0x7b, 0x0a, 0x00, 0x20, 
0x20, 0x20, 0x20, 0x20, 0x20, 0x76, 0x61, 0x72, 0x20, 0x76, 0x5f, 0x32, 0x30, 0x20, 0x3a, 0x20, 0x76, 0x65, 0x63, 0x32, 
0x3c, 0x66, 0x33, 0x32, 0x3e, 0x20, 0x3d, 0x20, 0x76, 0x5f, 0x35, 0x3b, 0x0a, 0x00, 0x20, 0x20, 0x20, 0x20, 0x20, 0x20, 
0x76, 0x5f, 0x32, 0x30, 0x2e, 0x79, 0x20, 0x3d, 0x20, 0x28, 0x31, 0x2e, 0x30, 0x66, 0x20, 0x2d, 0x20, 0x76, 0x5f, 0x35, 
0x2e, 0x79, 0x29, 0x3b, 0x0a, 0x00, 0x20, 0x20, 0x20, 0x20, 0x20, 0x20, 0x6c, 0x65, 0x74, 0x20, 0x76, 0x5f, 0x32, 0x31, 
0x20, 0x3d, 0x20, 0x76, 0x5f, 0x32, 0x30, 0x3b, 0x0a, 0x00, 0x20, 0x20, 0x20, 0x20, 0x20, 0x20, 0x76, 0x5f, 0x31, 0x35, 
0x20, 0x3d, 0x20, 0x6d, 0x61, 0x78, 0x28, 0x74, 0x65, 0x78, 0x74, 0x75, 0x72, 0x65, 0x53, 0x61, 0x6d, 0x70, 0x6c, 0x65, 
0x42, 0x69, 0x61, 0x73, 0x28, 0x6d, 0x61, 0x74, 0x65, 0x72, 0x69, 0x61, 0x6c, 0x50, 0x61, 0x72, 0x61, 0x6d, 0x73, 0x5f, 
0x69, 0x6d, 0x61, 0x67, 0x65, 0x5f, 0x69, 0x6d, 0x61, 0x67, 0x65, 0x2c, 0x20, 0x6d, 0x61, 0x74, 0x65, 0x72, 0x69, 0x61, 
0x6c, 0x50, 0x61, 0x72, 0x61, 0x6d, 0x73, 0x5f, 0x69, 0x6d, 0x61, 0x67, 0x65, 0x5f, 0x73, 0x61, 0x6d, 0x70, 0x6c, 0x65, 
0x72, 0x2c, 0x20, 0x76, 0x5f, 0x32, 0x31, 0x2c, 0x20, 0x76, 0x5f, 0x32, 0x29, 0x2c, 0x20, 0x76, 0x65, 0x63, 0x34, 0x3c, 
0x66, 0x33, 0x32, 0x3e, 0x28, 0x29, 0x29, 0x3b, 0x0a, 0x00, 0x20, 0x20, 0x20, 0x20, 0x7d, 0x0a, 0x00, 0x20, 0x20, 0x20, 
0x20, 0x6c, 0x65, 0x74, 0x20, 0x76, 0x5f, 0x32, 0x32, 0x20, 0x3d, 0x20, 0x76, 0x5f, 0x31, 0x35, 0x3b, 0x0a, 0x00, 0x20, 
0x20, 0x20, 0x20, 0x6c, 0x65, 0x74, 0x20, 0x76, 0x5f, 0x32, 0x33, 0x20, 0x3d, 0x20, 0x28, 0x76, 0x5f, 0x32, 0x32, 0x2e, 
0x78, 0x79, 0x7a, 0x20, 0x2a, 0x20, 0x76, 0x5f, 0x32, 0x32, 0x2e, 0x77, 0x29, 0x3b, 0x0a, 0x00, 0x20, 0x20, 0x20, 0x20, 
0x76, 0x61, 0x72, 0x20, 0x76, 0x5f, 0x32, 0x34, 0x20, 0x3a, 0x20, 0x76, 0x65, 0x63, 0x34, 0x3c, 0x66, 0x33, 0x32, 0x3e, 
0x20, 0x3d, 0x20, 0x76, 0x5f, 0x32, 0x32, 0x3b, 0x0a, 0x00, 0x20, 0x20, 0x20, 0x20, 0x76, 0x5f, 0x32, 0x34, 0x2e, 0x78, 
0x20, 0x3d, 0x20, 0x76, 0x5f, 0x32, 0x33, 0x2e, 0x78, 0x3b, 0x0a, 0x00, 0x20, 0x20, 0x20, 0x20, 0x76, 0x61, 0x72, 0x20, 
0x76, 0x5f, 0x32, 0x35, 0x20, 0x3a, 0x20, 0x76, 0x65, 0x63, 0x34, 0x3c, 0x66, 0x33, 0x32, 0x3e, 0x20, 0x3d, 0x20, 0x76, 
0x5f, 0x32, 0x34, 0x3b, 0x0a, 0x00, 0x20, 0x20, 0x20, 0x20, 0x76, 0x5f, 0x32, 0x35, 0x2e, 0x79, 0x20, 0x3d, 0x20, 0x76, 
0x5f, 0x32, 0x33, 0x2e, 0x79, 0x3b, 0x0a, 0x00, 0x20, 0x20, 0x20, 0x20, 0x76, 0x61, 0x72, 0x20, 0x76, 0x5f, 0x32, 0x36, 
0x20, 0x3a, 0x20, 0x76, 0x65, 0x63, 0x34, 0x3c, 0x66, 0x33, 0x32, 0x3e, 0x20, 0x3d, 0x20, 0x76, 0x5f, 0x32, 0x35, 0x3b, 
0x0a, 0x00, 0x20, 0x20, 0x20, 0x20, 0x76, 0x5f, 0x32, 0x36, 0x2e, 0x7a, 0x20, 0x3d, 0x20, 0x76, 0x5f, 0x32, 0x33, 0x2e, 
0x7a, 0x3b, 0x0a, 0x00, 0x20, 0x20, 0x20, 0x20, 0x6c, 0x65, 0x74, 0x20, 0x76, 0x5f, 0x32, 0x37, 0x20, 0x3d, 0x20, 0x76, 
0x5f, 0x32, 0x36, 0x3b, 0x0a, 0x00, 0x20, 0x20, 0x20, 0x20, 0x6c, 0x65, 0x74, 0x20, 0x76, 0x5f, 0x32, 0x38, 0x20, 0x3d, 
0x20, 0x28, 0x76, 0x5f, 0x32, 0x37, 0x2e, 0x78, 0x79, 0x7a, 0x20, 0x2b, 0x20, 0x28, 0x6d, 0x61, 0x74, 0x65, 0x72, 0x69, 
0x61, 0x6c, 0x50, 0x61, 0x72, 0x61, 0x6d, 0x73, 0x2e, 0x62, 0x61, 0x63, 0x6b, 0x67, 0x72, 0x6f, 0x75, 0x6e, 0x64, 0x43, 
0x6f, 0x6c, 0x6f, 0x72, 0x2e, 0x78, 0x79, 0x7a, 0x20, 0x2a, 0x20, 0x28, 0x31, 0x2e, 0x30, 0x66, 0x20, 0x2d, 0x20, 0x76, 
0x5f, 0x32, 0x37, 0x2e, 0x77, 0x29, 0x29, 0x29, 0x3b, 0x0a, 0x00, 0x20, 0x20, 0x20, 0x20, 0x76, 0x61, 0x72, 0x20, 0x76, 
0x5f, 0x32, 0x39, 0x20, 0x3a, 0x20, 0x76, 0x65, 0x63, 0x34, 0x3c, 0x66, 0x33, 0x32, 0x3e, 0x20, 0x3d, 0x20, 0x4d, 0x61, 
0x74, 0x65, 0x72, 0x69, 0x61, 0x6c, 0x49, 0x6e, 0x70, 0x75, 0x74, 0x73, 0x28, 0x76, 0x65, 0x63, 0x34, 0x3c, 0x66, 0x33, 
0x32, 0x3e, 0x28, 0x31, 0x2e, 0x30, 0x66, 0x29, 0x2c, 0x20, 0x76, 0x65, 0x63, 0x34, 0x3c, 0x66, 0x33, 0x32, 0x3e, 0x28, 
0x30, 0x2e, 0x30, 0x66, 0x2c, 0x20, 0x30, 0x2e, 0x30, 0x66, 0x2c, 0x20, 0x30, 0x2e, 0x30, 0x66, 0x2c, 0x20, 0x31, 0x2e, 
0x30, 0x66, 0x29, 0x2c, 0x20, 0x30, 0x2e, 0x30, 0x66, 0x2c, 0x20, 0x30, 0x2e, 0x30, 0x66, 0x2c, 0x20, 0x30, 0x2e, 0x30, 
0x66, 0x2c, 0x20, 0x76, 0x65, 0x63, 0x33, 0x3c, 0x66, 0x33, 0x32, 0x3e, 0x28, 0x29, 0x29, 0x2e, 0x62, 0x61, 0x73, 0x65, 
0x43, 0x6f, 0x6c, 0x6f, 0x72, 0x3b, 0x0a, 0x00, 0x20, 0x20, 0x20, 0x20, 0x76, 0x5f, 0x32, 0x39, 0x2e, 0x78, 0x20, 0x3d, 
0x20, 0x76, 0x5f, 0x32, 0x38, 0x2e, 0x78, 0x3b, 0x0a, 0x00, 0x20, 0x20, 0x20, 0x20, 0x76, 0x61, 0x72, 0x20, 0x76, 0x5f, 
0x33, 0x30, 0x20, 0x3a, 0x20, 0x76, 0x65, 0x63, 0x34, 0x3c, 0x66, 0x33, 0x32, 0x3e, 0x20, 0x3d, 0x20, 0x76, 0x5f, 0x32, 
0x39, 0x3b, 0x0a, 0x00, 0x20, 0x20, 0x20, 0x20, 0x76, 0x5f, 0x33, 0x30, 0x2e, 0x79, 0x20, 0x3d, 0x20, 0x76, 0x5f, 0x32, 
0x38, 0x2e, 0x79, 0x3b, 0x0a, 0x00, 0x20, 0x20, 0x20, 0x20, 0x76, 0x61, 0x72, 0x20, 0x76, 0x5f, 0x33, 0x31, 0x20, 0x3a, 
0x20, 0x76, 0x65, 0x63, 0x34, 0x3c, 0x66, 0x33, 0x32, 0x3e, 0x20, 0x3d, 0x20, 0x76, 0x5f, 0x33, 0x30, 0x3b, 0x0a, 0x00, 
0x20, 0x20, 0x20, 0x20, 0x76, 0x5f, 0x33, 0x31, 0x2e, 0x7a, 0x20, 0x3d, 0x20, 0x76, 0x5f, 0x32, 0x38, 0x2e, 0x7a, 0x3b, 
0x0a, 0x00, 0x20, 0x20, 0x20, 0x20, 0x76, 0x5f, 0x31, 0x34, 0x20, 0x3d, 0x20, 0x76, 0x5f, 0x33, 0x31, 0x3b, 0x0a, 0x00, 
0x20, 0x20, 0x6c, 0x65, 0x74, 0x20, 0x76, 0x5f, 0x33, 0x32, 0x20, 0x3d, 0x20, 0x76, 0x5f, 0x31, 0x34, 0x3b, 0x0a, 0x00, 
0x20, 0x20, 0x66, 0x72, 0x61, 0x67, 0x43, 0x6f, 0x6c, 0x6f, 0x72, 0x20, 0x3d, 0x20, 0x4d, 0x61, 0x74, 0x65, 0x72, 0x69, 
0x61, 0x6c, 0x49, 0x6e, 0x70, 0x75, 0x74, 0x73, 0x28, 0x4d, 0x61, 0x74, 0x65, 0x72, 0x69, 0x61, 0x6c, 0x49, 0x6e, 0x70, 
0x75, 0x74, 0x73, 0x28, 0x76, 0x5f, 0x33, 0x32, 0x2c, 0x20, 0x76, 0x65, 0x63, 0x34, 0x3c, 0x66, 0x33, 0x32, 0x3e, 0x28, 
0x29, 0x2c, 0x20, 0x30, 0x2e, 0x30, 0x66, 0x2c, 0x20, 0x30, 0x2e, 0x30, 0x66, 0x2c, 0x20, 0x30, 0x2e, 0x30, 0x66, 0x2c, 
0x20, 0x76, 0x65, 0x63, 0x33, 0x3c, 0x66, 0x33, 0x32, 0x3e, 0x28, 0x29, 0x29, 0x2e, 0x62, 0x61, 0x73, 0x65, 0x43, 0x6f, 
0x6c, 0x6f, 0x72, 0x2c, 0x20, 0x76, 0x65, 0x63, 0x34, 0x3c, 0x66, 0x33, 0x32, 0x3e, 0x28, 0x29, 0x2c, 0x20, 0x30, 0x2e, 
0x30, 0x66, 0x2c, 0x20, 0x30, 0x2e, 0x30, 0x66, 0x2c, 0x20, 0x30, 0x2e, 0x30, 0x66, 0x2c, 0x20, 0x76, 0x65, 0x63, 0x33, 
0x3c, 0x66, 0x33, 0x32, 0x3e, 0x28, 0x29, 0x29, 0x2e, 0x62, 0x61, 0x73, 0x65, 0x43, 0x6f, 0x6c, 0x6f, 0x72, 0x3b, 0x0a, 
0x00, 0x66, 0x6e, 0x20, 0x76, 0x5f, 0x31, 0x38, 0x28, 0x66, 0x61, 0x63, 0x65, 0x20, 0x3a, 0x20, 0x70, 0x74, 0x72, 0x3c, 
0x66, 0x75, 0x6e, 0x63, 0x74, 0x69, 0x6f, 0x6e, 0x2c, 0x20, 0x69, 0x33, 0x32, 0x3e, 0x2c, 0x20, 0x75, 0x76, 0x20, 0x3a, 
0x20, 0x70, 0x74, 0x72, 0x3c, 0x66, 0x75, 0x6e, 0x63, 0x74, 0x69, 0x6f, 0x6e, 0x2c, 0x20, 0x76, 0x65, 0x63, 0x32, 0x3c, 
0x66, 0x33, 0x32, 0x3e, 0x3e, 0x29, 0x20, 0x2d, 0x3e, 0x20, 0x76, 0x65, 0x63, 0x33, 0x3c, 0x66, 0x33, 0x32, 0x3e, 0x20, 
0x7b, 0x0a, 0x00, 0x20, 0x20, 0x66, 0x72, 0x61, 0x67, 0x43, 0x6f, 0x6c, 0x6f, 0x72, 0x20, 0x3a, 0x20, 0x76, 0x65, 0x63, 
0x34, 0x3c, 0x66, 0x33, 0x32, 0x3e, 0x2c, 0x0a, 0x00, 0x20, 0x20, 0x6d, 0x61, 0x69, 0x6e, 0x5f, 0x69, 0x6e, 0x6e, 0x65, 
0x72, 0x28, 0x76, 0x61, 0x72, 0x69, 0x61, 0x62, 0x6c, 0x65, 0x5f, 0x69, 0x6d, 0x61, 0x67, 0x65, 0x55, 0x56, 0x29, 0x3b, 
0x0a, 0x00, 0x20, 0x20, 0x72, 0x65, 0x74, 0x75, 0x72, 0x6e, 0x20, 0x74, 0x69, 0x6e, 0x74, 0x5f, 0x73, 0x79, 0x6d, 0x62, 
0x6f, 0x6c, 0x28, 0x67, 0x6c, 0x5f, 0x46, 0x72, 0x61, 0x67, 0x44, 0x65, 0x70, 0x74, 0x68, 0x2c, 0x20, 0x66, 0x72, 0x61, 
0x67, 0x43, 0x6f, 0x6c, 0x6f, 0x72, 0x29, 0x3b, 0x0a, 0x00, 0x70, 0x72, 0x65, 0x63, 0x69, 0x73, 0x69, 0x6f, 0x6e, 0x20, 
0x6d, 0x65, 0x64, 0x69, 0x75, 0x6d, 0x70, 0x20, 0x66, 0x6c, 0x6f, 0x61, 0x74, 0x3b, 0x0a, 0x00, 0x70, 0x72, 0x65, 0x63, 
0x69, 0x73, 0x69, 0x6f, 0x6e, 0x20, 0x6d, 0x65, 0x64, 0x69, 0x75, 0x6d, 0x70, 0x20, 0x69, 0x6e, 0x74, 0x3b, 0x0a, 0x00, 
0x69, 0x6e, 0x20, 0x68, 0x69, 0x67, 0x68, 0x70, 0x20, 0x76, 0x65, 0x63, 0x34, 0x20, 0x76, 0x61, 0x72, 0x69, 0x61, 0x62, 
0x6c, 0x65, 0x5f, 0x69, 0x6d, 0x61, 0x67, 0x65, 0x55, 0x56, 0x3b, 0x0a, 0x00, 0x6c, 0x61, 0x79, 0x6f, 0x75, 0x74, 0x28, 
0x6c, 0x6f, 0x63, 0x61, 0x74, 0x69, 0x6f, 0x6e, 0x3d, 0x30, 0x29, 0x20, 0x69, 0x6e, 0x20, 0x76, 0x65, 0x63, 0x34, 0x20, 
0x76, 0x61, 0x72, 0x69, 0x61, 0x62, 0x6c, 0x65, 0x5f, 0x69, 0x6d, 0x61, 0x67, 0x65, 0x55, 0x56, 0x3b, 0x0a, 0x00, 0x72, 
0x65, 0x74, 0x75, 0x72, 0x6e, 0x20, 0x76, 0x65, 0x63, 0x34, 0x28, 0x30, 0x2e, 0x30, 0x29, 0x3b, 0x0a, 0x00, 0x2a, 0x6d, 
0x61, 0x78, 0x28, 0x00, 0x20, 0x20, 0x6c, 0x65, 0x74, 0x20, 0x76, 0x5f, 0x33, 0x33, 0x20, 0x3d, 0x20, 0x28, 0x28, 0x2a, 
0x28, 0x75, 0x76, 0x29, 0x20, 0x2a, 0x20, 0x32, 0x2e, 0x30, 0x66, 0x29, 0x20, 0x2d, 0x20, 0x76, 0x65, 0x63, 0x32, 0x3c, 
0x66, 0x33, 0x32, 0x3e, 0x28, 0x31, 0x2e, 0x30, 0x66, 0x29, 0x29, 0x3b, 0x0a, 0x00, 0x20, 0x20, 0x20, 0x20, 0x72, 0x65, 
0x74, 0x75, 0x72, 0x6e, 0x20, 0x6e, 0x6f, 0x72, 0x6d, 0x61, 0x6c, 0x69, 0x7a, 0x65, 0x28, 0x76, 0x65, 0x63, 0x33, 0x3c, 
0x66, 0x33, 0x32, 0x3e, 0x28, 0x31, 0x2e, 0x30, 0x66, 0x2c, 0x20, 0x2d, 0x28, 0x76, 0x5f, 0x33, 0x33, 0x2e, 0x79, 0x29, 
0x2c, 0x20, 0x2d, 0x28, 0x76, 0x5f, 0x33, 0x33, 0x2e, 0x78, 0x29, 0x29, 0x29, 0x3b, 0x0a, 0x00, 0x20, 0x20, 0x20, 0x20, 
0x72, 0x65, 0x74, 0x75, 0x72, 0x6e, 0x20, 0x6e, 0x6f, 0x72, 0x6d, 0x61, 0x6c, 0x69, 0x7a, 0x65, 0x28, 0x76, 0x65, 0x63, 
0x33, 0x3c, 0x66, 0x33, 0x32, 0x3e, 0x28, 0x2d, 0x31, 0x2e, 0x30, 0x66, 0x2c, 0x20, 0x2d, 0x28, 0x76, 0x5f, 0x33, 0x33, 
0x2e, 0x79, 0x29, 0x2c, 0x20, 0x76, 0x5f, 0x33, 0x33, 0x2e, 0x78, 0x29, 0x29, 0x3b, 0x0a, 0x00, 0x20, 0x20, 0x20, 0x20, 
0x72, 0x65, 0x74, 0x75, 0x72, 0x6e, 0x20, 0x6e, 0x6f, 0x72, 0x6d, 0x61, 0x6c, 0x69, 0x7a, 0x65, 0x28, 0x76, 0x65, 0x63, 
0x33, 0x3c, 0x66, 0x33, 0x32, 0x3e, 0x28, 0x76, 0x5f, 0x33, 0x33, 0x2e, 0x78, 0x2c, 0x20, 0x31, 0x2e, 0x30, 0x66, 0x2c, 
0x20, 0x76, 0x5f, 0x33, 0x33, 0x2e, 0x79, 0x29, 0x29, 0x3b, 0x0a, 0x00, 0x20, 0x20, 0x20, 0x20, 0x72, 0x65, 0x74, 0x75, 
0x72, 0x6e, 0x20, 0x6e, 0x6f, 0x72, 0x6d, 0x61, 0x6c, 0x69, 0x7a, 0x65, 0x28, 0x76, 0x65, 0x63, 0x33, 0x3c, 0x66, 0x33, 
0x32, 0x3e, 0x28, 0x76, 0x5f, 0x33, 0x33, 0x2e, 0x78, 0x2c, 0x20, 0x2d, 0x31, 0x2e, 0x30, 0x66, 0x2c, 0x20, 0x2d, 0x28, 
0x76, 0x5f, 0x33, 0x33, 0x2e, 0x79, 0x29, 0x29, 0x29, 0x3b, 0x0a, 0x00, 0x20, 0x20, 0x20, 0x20, 0x72, 0x65, 0x74, 0x75, 
0x72, 0x6e, 0x20, 0x6e, 0x6f, 0x72, 0x6d, 0x61, 0x6c, 0x69, 0x7a, 0x65, 0x28, 0x76, 0x65, 0x63, 0x33, 0x3c, 0x66, 0x33, 
0x32, 0x3e, 0x28, 0x76, 0x5f, 0x33, 0x33, 0x2e, 0x78, 0x2c, 0x20, 0x2d, 0x28, 0x76, 0x5f, 0x33, 0x33, 0x2e, 0x79, 0x29, 
0x2c, 0x20, 0x31, 0x2e, 0x30, 0x66, 0x29, 0x29, 0x3b, 0x0a, 0x00, 0x20, 0x20, 0x20, 0x20, 0x72, 0x65, 0x74, 0x75, 0x72, 
0x6e, 0x20, 0x6e, 0x6f, 0x72, 0x6d, 0x61, 0x6c, 0x69, 0x7a, 0x65, 0x28, 0x76, 0x65, 0x63, 0x33, 0x3c, 0x66, 0x33, 0x32, 
0x3e, 0x28, 0x2d, 0x28, 0x76, 0x5f, 0x33, 0x33, 0x2e, 0x78, 0x29, 0x2c, 0x20, 0x2d, 0x28, 0x76, 0x5f, 0x33, 0x33, 0x2e, 
0x79, 0x29, 0x2c, 0x20, 0x2d, 0x31, 0x2e, 0x30, 0x66, 0x29, 0x29, 0x3b, 0x0a, 0x00, 0x66, 0x6e, 0x20, 0x6d, 0x61, 0x69, 
0x6e, 0x28, 0x40, 0x6c, 0x6f, 0x63, 0x61, 0x74, 0x69, 0x6f, 0x6e, 0x28, 0x30, 0x75, 0x29, 0x20, 0x76, 0x61, 0x72, 0x69, 
0x61, 0x62, 0x6c, 0x65, 0x5f, 0x69, 0x6d, 0x61, 0x67, 0x65, 0x55, 0x56, 0x20, 0x3a, 0x20, 0x76, 0x65, 0x63, 0x34, 0x3c, 
0x66, 0x33, 0x32, 0x3e, 0x29, 0x20, 0x2d, 0x3e, 0x20, 0x74, 0x69, 0x6e, 0x74, 0x5f, 0x73, 0x79, 0x6d, 0x62, 0x6f, 0x6c, 
0x20, 0x7b, 0x0a, 0x00, 0x20, 0x20, 0x7d, 0x20, 0x65, 0x6c, 0x73, 0x65, 0x20, 0x69, 0x66, 0x20, 0x28, 0x28, 0x6d, 0x61, 
0x74, 0x65, 0x72, 0x69, 0x61, 0x6c, 0x50, 0x61, 0x72, 0x61, 0x6d, 0x73, 0x2e, 0x69, 0x73, 0x43, 0x75, 0x62, 0x65, 0x4d, 
0x61, 0x70, 0x20, 0x21, 0x3d, 0x20, 0x30, 0x69, 0x29, 0x29, 0x20, 0x7b, 0x0a, 0x00, 0x20, 0x20, 0x20, 0x20, 0x76, 0x20, 
0x3d, 0x20, 0x6d, 0x61, 0x74, 0x65, 0x72, 0x69, 0x61, 0x6c, 0x50, 0x61, 0x72, 0x61, 0x6d, 0x73, 0x2e, 0x63, 0x75, 0x62, 
0x65, 0x4d, 0x61, 0x70, 0x46, 0x61, 0x63, 0x65, 0x3b, 0x0a, 0x00, 0x20, 0x20, 0x20, 0x20, 0x72, 0x65, 0x74, 0x75, 0x72, 
0x6e, 0x20, 0x76, 0x65, 0x63, 0x34, 0x3c, 0x66, 0x33, 0x32, 0x3e, 0x28, 0x29, 0x3b, 0x0a, 0x00, 0x68, 0x69, 0x67, 0x68, 
0x70, 0x20, 0x6d, 0x61, 0x74, 0x34, 0x20, 0x62, 0x3b, 0x0a, 0x00, 0x68, 0x69, 0x67, 0x68, 0x70, 0x20, 0x6d, 0x61, 0x74, 
0x34, 0x20, 0x63, 0x3b, 0x0a, 0x00, 0x68, 0x69, 0x67, 0x68, 0x70, 0x20, 0x6d, 0x61, 0x74, 0x34, 0x20, 0x64, 0x3b, 0x0a, 
0x00, 0x68, 0x69, 0x67, 0x68, 0x70, 0x20, 0x6d, 0x61, 0x74, 0x34, 0x20, 0x65, 0x5b, 0x34, 0x5d, 0x3b, 0x0a, 0x00, 0x68, 
0x69, 0x67, 0x68, 0x70, 0x20, 0x6d, 0x61, 0x74, 0x34, 0x20, 0x66, 0x5b, 0x34, 0x5d, 0x3b, 0x0a, 0x00, 0x68, 0x69, 0x67, 
0x68, 0x70, 0x20, 0x6d, 0x61, 0x74, 0x34, 0x20, 0x67, 0x3b, 0x0a, 0x00, 0x68, 0x69, 0x67, 0x68, 0x70, 0x20, 0x6d, 0x61, 
0x74, 0x33, 0x20, 0x68, 0x3b, 0x0a, 0x00, 0x68, 0x69, 0x67, 0x68, 0x70, 0x20, 0x6d, 0x61, 0x74, 0x34, 0x20, 0x69, 0x3b, 
0x0a, 0x00, 0x68, 0x69, 0x67, 0x68, 0x70, 0x20, 0x76, 0x65, 0x63, 0x34, 0x20, 0x6a, 0x3b, 0x0a, 0x00, 0x68, 0x69, 0x67, 
0x68, 0x70, 0x20, 0x76, 0x65, 0x63, 0x32, 0x20, 0x6b, 0x3b, 0x0a, 0x00, 0x68, 0x69, 0x67, 0x68, 0x70, 0x20, 0x66, 0x6c, 
0x6f, 0x61, 0x74, 0x20, 0x6c, 0x3b, 0x0a, 0x00, 0x68, 0x69, 0x67, 0x68, 0x70, 0x20, 0x66, 0x6c, 0x6f, 0x61, 0x74, 0x20, 
0x6d, 0x3b, 0x0a, 0x00, 0x68, 0x69, 0x67, 0x68, 0x70, 0x20, 0x76, 0x65, 0x63, 0x34, 0x20, 0x6e, 0x3b, 0x0a, 0x00, 0x68, 
0x69, 0x67, 0x68, 0x70, 0x20, 0x76, 0x65, 0x63, 0x34, 0x20, 0x6f, 0x3b, 0x0a, 0x00, 0x68, 0x69, 0x67, 0x68, 0x70, 0x20, 
0x76, 0x65, 0x63, 0x32, 0x20, 0x70, 0x3b, 0x0a, 0x00, 0x68, 0x69, 0x67, 0x68, 0x70, 0x20, 0x76, 0x65, 0x63, 0x32, 0x20, 
0x71, 0x3b, 0x0a, 0x00, 0x68, 0x69, 0x67, 0x68, 0x70, 0x20, 0x66, 0x6c, 0x6f, 0x61, 0x74, 0x20, 0x75, 0x3b, 0x0a, 0x00, 
0x68, 0x69, 0x67, 0x68, 0x70, 0x20, 0x66, 0x6c, 0x6f, 0x61, 0x74, 0x20, 0x76, 0x3b, 0x0a, 0x00, 0x68, 0x69, 0x67, 0x68, 
0x70, 0x20, 0x66, 0x6c, 0x6f, 0x61, 0x74, 0x20, 0x77, 0x3b, 0x0a, 0x00, 0x68, 0x69, 0x67, 0x68, 0x70, 0x20, 0x66, 0x6c, 
0x6f, 0x61, 0x74, 0x20, 0x78, 0x3b, 0x0a, 0x00, 0x68, 0x69, 0x67, 0x68, 0x70, 0x20, 0x76, 0x65, 0x63, 0x33, 0x20, 0x6e, 
0x7a, 0x3b, 0x0a, 0x00, 0x68, 0x69, 0x67, 0x68, 0x70, 0x20, 0x76, 0x65, 0x63, 0x32, 0x20, 0x72, 0x7a, 0x3b, 0x0a, 0x00, 
0x68, 0x69, 0x67, 0x68, 0x70, 0x20, 0x76, 0x65, 0x63, 0x32, 0x20, 0x75, 0x7a, 0x3b, 0x0a, 0x00, 0x68, 0x69, 0x67, 0x68, 
0x70, 0x20, 0x76, 0x65, 0x63, 0x34, 0x20, 0x78, 0x7a, 0x3b, 0x0a, 0x00, 0x68, 0x69, 0x67, 0x68, 0x70, 0x20, 0x76, 0x65, 
0x63, 0x32, 0x20, 0x61, 0x7a, 0x7a, 0x3b, 0x0a, 0x00, 0x68, 0x69, 0x67, 0x68, 0x70, 0x20, 0x66, 0x6c, 0x6f, 0x61, 0x74, 
0x20, 0x63, 0x7a, 0x7a, 0x3b, 0x0a, 0x00, 0x68, 0x69, 0x67, 0x68, 0x70, 0x20, 0x76, 0x65, 0x63, 0x33, 0x20, 0x66, 0x7a, 
0x7a, 0x3b, 0x0a, 0x00, 0x68, 0x69, 0x67, 0x68, 0x70, 0x20, 0x66, 0x6c, 0x6f, 0x61, 0x74, 0x20, 0x67, 0x7a, 0x7a, 0x3b, 
0x0a, 0x00, 0x68, 0x69, 0x67, 0x68, 0x70, 0x20, 0x75, 0x69, 0x6e, 0x74, 0x20, 0x69, 0x7a, 0x7a, 0x3b, 0x0a, 0x00, 0x68, 
0x69, 0x67, 0x68, 0x70, 0x20, 0x66, 0x6c, 0x6f, 0x61, 0x74, 0x20, 0x6a, 0x7a, 0x7a, 0x3b, 0x0a, 0x00, 0x68, 0x69, 0x67, 
0x68, 0x70, 0x20, 0x66, 0x6c, 0x6f, 0x61, 0x74, 0x20, 0x6b, 0x7a, 0x7a, 0x3b, 0x0a, 0x00, 0x68, 0x69, 0x67, 0x68, 0x70, 
0x20, 0x66, 0x6c, 0x6f, 0x61, 0x74, 0x20, 0x6e, 0x7a, 0x7a, 0x3b, 0x0a, 0x00, 0x68, 0x69, 0x67, 0x68, 0x70, 0x20, 0x66, 
0x6c, 0x6f, 0x61, 0x74, 0x20, 0x70, 0x7a, 0x7a, 0x3b, 0x0a, 0x00, 0x68, 0x69, 0x67, 0x68, 0x70, 0x20, 0x66, 0x6c, 0x6f, 
0x61, 0x74, 0x20, 0x71, 0x7a, 0x7a, 0x3b, 0x0a, 0x00, 0x68, 0x69, 0x67, 0x68, 0x70, 0x20, 0x6d, 0x61, 0x74, 0x33, 0x20, 
0x72, 0x7a, 0x7a, 0x3b, 0x0a, 0x00, 0x68, 0x69, 0x67, 0x68, 0x70, 0x20, 0x76, 0x65, 0x63, 0x32, 0x20, 0x73, 0x7a, 0x7a, 
0x3b, 0x0a, 0x00, 0x68, 0x69, 0x67, 0x68, 0x70, 0x20, 0x76, 0x65, 0x63, 0x32, 0x20, 0x74, 0x7a, 0x7a, 0x3b, 0x0a, 0x00, 
0x68, 0x69, 0x67, 0x68, 0x70, 0x20, 0x6d, 0x61, 0x74, 0x34, 0x20, 0x75, 0x7a, 0x7a, 0x3b, 0x0a, 0x00, 0x68, 0x69, 0x67, 
0x68, 0x70, 0x20, 0x6d, 0x61, 0x74, 0x34, 0x20, 0x76, 0x7a, 0x7a, 0x3b, 0x0a, 0x00, 0x68, 0x69, 0x67, 0x68, 0x70, 0x20, 
0x76, 0x65, 0x63, 0x34, 0x20, 0x61, 0x7a, 0x7a, 0x7a, 0x5b, 0x34, 0x5d, 0x3b, 0x0a, 0x00, 0x68, 0x69, 0x67, 0x68, 0x70, 
0x20, 0x76, 0x65, 0x63, 0x34, 0x20, 0x66, 0x7a, 0x7a, 0x7a, 0x5b, 0x34, 0x5d, 0x3b, 0x0a, 0x00, 0x75, 0x6e, 0x69, 0x66, 
0x6f, 0x72, 0x6d, 0x20, 0x6d, 0x65, 0x64, 0x69, 0x75, 0x6d, 0x70, 0x20, 0x73, 0x61, 0x6d, 0x70, 0x6c, 0x65, 0x72, 0x43, 
0x75, 0x62, 0x65, 0x20, 0x6d, 0x61, 0x74, 0x65, 0x72, 0x69, 0x61, 0x6c, 0x50, 0x61, 0x72, 0x61, 0x6d, 0x73, 0x5f, 0x63, 
0x75, 0x62, 0x65, 0x4d, 0x61, 0x70, 0x3b, 0x0a, 0x00, 0x75, 0x6e, 0x69, 0x66, 0x6f, 0x72, 0x6d, 0x20, 0x6d, 0x65, 0x64, 
0x69, 0x75, 0x6d, 0x70, 0x20, 0x73, 0x61, 0x6d, 0x70, 0x6c, 0x65, 0x72, 0x32, 0x44, 0x20, 0x6d, 0x61, 0x74, 0x65, 0x72, 
0x69, 0x61, 0x6c, 0x50, 0x61, 0x72, 0x61, 0x6d, 0x73, 0x5f, 0x69, 0x6d, 0x61, 0x67, 0x65, 0x3b, 0x0a, 0x00, 0x75, 0x6e, 
0x69, 0x66, 0x6f, 0x72, 0x6d, 0x20, 0x73, 0x61, 0x6d, 0x70, 0x6c, 0x65, 0x72, 0x43, 0x75, 0x62, 0x65, 0x20, 0x6d, 0x61, 
0x74, 0x65, 0x72, 0x69, 0x61, 0x6c, 0x50, 0x61, 0x72, 0x61, 0x6d, 0x73, 0x5f, 0x63, 0x75, 0x62, 0x65, 0x4d, 0x61, 0x70, 
0x3b, 0x0a, 0x00, 0x75, 0x6e, 0x69, 0x66, 0x6f, 0x72, 0x6d, 0x20, 0x73, 0x61, 0x6d, 0x70, 0x6c, 0x65, 0x72, 0x32, 0x44, 
0x20, 0x6d, 0x61, 0x74, 0x65, 0x72, 0x69, 0x61, 0x6c, 0x50, 0x61, 0x72, 0x61, 0x6d, 0x73, 0x5f, 0x69, 0x6d, 0x61, 0x67, 
0x65, 0x3b, 0x0a, 0x00, 0x3d, 0x6c, 0x65, 0x6e, 0x67, 0x74, 0x68, 0x28, 0x76, 0x69, 0x65, 0x77, 0x29, 0x3b, 0x0a, 0x00, 
0x3c, 0x66, 0x72, 0x61, 0x6d, 0x65, 0x55, 0x6e, 0x69, 0x66, 0x6f, 0x72, 0x6d, 0x73, 0x2e, 0x67, 0x7a, 0x7a, 0x29, 0x0a, 
0x00, 0x3e, 0x66, 0x72, 0x61, 0x6d, 0x65, 0x55, 0x6e, 0x69, 0x66, 0x6f, 0x72, 0x6d, 0x73, 0x2e, 0x6b, 0x7a, 0x7a, 0x29, 
0x0a, 0x00, 0x3d, 0x66, 0x72, 0x61, 0x6d, 0x65, 0x55, 0x6e, 0x69, 0x66, 0x6f, 0x72, 0x6d, 0x73, 0x2e, 0x6a, 0x7a, 0x7a, 
0x2a, 0x76, 0x69, 0x65, 0x77, 0x2e, 0x79, 0x3b, 0x0a, 0x00, 0x29, 0x3e, 0x30, 0x2e, 0x30, 0x30, 0x31, 0x32, 0x35, 0x29, 
0x0a, 0x00, 0x3d, 0x28, 0x66, 0x72, 0x61, 0x6d, 0x65, 0x55, 0x6e, 0x69, 0x66, 0x6f, 0x72, 0x6d, 0x73, 0x2e, 0x66, 0x7a, 
0x7a, 0x2e, 0x7a, 0x2d, 0x28, 0x66, 0x72, 0x61, 0x6d, 0x65, 0x55, 0x6e, 0x69, 0x66, 0x6f, 0x72, 0x6d, 0x73, 0x2e, 0x66, 
0x7a, 0x7a, 0x2e, 0x78, 0x2a, 0x65, 0x78, 0x70, 0x28, 0x66, 0x72, 0x61, 0x6d, 0x65, 0x55, 0x6e, 0x69, 0x66, 0x6f, 0x72, 
0x6d, 0x73, 0x2e, 0x66, 0x7a, 0x7a, 0x2e, 0x79, 0x2d, 0x00, 0x29, 0x29, 0x29, 0x2f, 0x00, 0x3d, 0x66, 0x72, 0x61, 0x6d, 
0x65, 0x55, 0x6e, 0x69, 0x66, 0x6f, 0x72, 0x6d, 0x73, 0x2e, 0x66, 0x7a, 0x7a, 0x2e, 0x7a, 0x3b, 0x0a, 0x00, 0x3d, 0x65, 
0x78, 0x70, 0x28, 0x2d, 0x28, 0x00, 0x69, 0x66, 0x20, 0x28, 0x66, 0x72, 0x61, 0x6d, 0x65, 0x55, 0x6e, 0x69, 0x66, 0x6f, 
0x72, 0x6d, 0x73, 0x2e, 0x6d, 0x7a, 0x7a, 0x3e, 0x30, 0x2e, 0x30, 0x29, 0x0a, 0x00, 0x3d, 0x75, 0x6e, 0x70, 0x61, 0x63, 
0x6b, 0x48, 0x61, 0x6c, 0x66, 0x32, 0x78, 0x31, 0x36, 0x28, 0x66, 0x72, 0x61, 0x6d, 0x65, 0x55, 0x6e, 0x69, 0x66, 0x6f, 
0x72, 0x6d, 0x73, 0x2e, 0x69, 0x7a, 0x7a, 0x29, 0x3b, 0x0a, 0x00, 0x3d, 0x66, 0x72, 0x61, 0x6d, 0x65, 0x55, 0x6e, 0x69, 
0x66, 0x6f, 0x72, 0x6d, 0x73, 0x2e, 0x6c, 0x7a, 0x7a, 0x2a, 0x74, 0x65, 0x78, 0x74, 0x75, 0x72, 0x65, 0x4c, 0x6f, 0x64, 
0x28, 0x66, 0x6f, 0x67, 0x43, 0x6f, 0x6c, 0x6f, 0x72, 0x54, 0x65, 0x78, 0x74, 0x75, 0x72, 0x65, 0x2c, 0x74, 0x72, 0x61, 
0x6e, 0x73, 0x70, 0x6f, 0x73, 0x65, 0x28, 0x6d, 0x61, 0x74, 0x33, 0x28, 0x66, 0x72, 0x61, 0x6d, 0x65, 0x55, 0x6e, 0x69, 
0x66, 0x6f, 0x72, 0x6d, 0x73, 0x2e, 0x69, 0x5b, 0x30, 0x5d, 0x2e, 0x78, 0x79, 0x7a, 0x2c, 0x66, 0x72, 0x61, 0x6d, 0x65, 
0x55, 0x6e, 0x69, 0x66, 0x6f, 0x72, 0x6d, 0x73, 0x2e, 0x69, 0x5b, 0x31, 0x5d, 0x2e, 0x78, 0x79, 0x7a, 0x2c, 0x66, 0x72, 
0x61, 0x6d, 0x65, 0x55, 0x6e, 0x69, 0x66, 0x6f, 0x72, 0x6d, 0x73, 0x2e, 0x69, 0x5b, 0x32, 0x5d, 0x2e, 0x78, 0x79, 0x7a, 
0x29, 0x29, 0x2a, 0x76, 0x69, 0x65, 0x77, 0x2c, 0x6d, 0x69, 0x78, 0x28, 0x00, 0x3d, 0x66, 0x72, 0x61, 0x6d, 0x65, 0x55, 
0x6e, 0x69, 0x66, 0x6f, 0x72, 0x6d, 0x73, 0x2e, 0x6c, 0x7a, 0x7a, 0x3b, 0x0a, 0x00, 0x2a, 0x28, 0x66, 0x72, 0x61, 0x6d, 
0x65, 0x55, 0x6e, 0x69, 0x66, 0x6f, 0x72, 0x6d, 0x73, 0x2e, 0x6b, 0x7a, 0x2a, 0x00, 0x69, 0x66, 0x20, 0x28, 0x66, 0x72, 
0x61, 0x6d, 0x65, 0x55, 0x6e, 0x69, 0x66, 0x6f, 0x72, 0x6d, 0x73, 0x2e, 0x6f, 0x7a, 0x7a, 0x3e, 0x30, 0x2e, 0x30, 0x29, 
0x0a, 0x00, 0x72, 0x65, 0x74, 0x75, 0x72, 0x6e, 0x20, 0x76, 0x65, 0x63, 0x34, 0x28, 0x00, 0x3d, 0x66, 0x6f, 0x67, 0x28, 
0x70, 0x61, 0x72, 0x61, 0x6d, 0x2c, 0x73, 0x61, 0x6d, 0x70, 0x6c, 0x65, 0x72, 0x30, 0x5f, 0x66, 0x6f, 0x67, 0x29, 0x3b, 
0x0a, 0x00, 0x3d, 0x66, 0x72, 0x61, 0x67, 0x43, 0x6f, 0x6c, 0x6f, 0x72, 0x3b, 0x0a, 0x00, 0x2e, 0x78, 0x79, 0x7a, 0x2a, 
0x28, 0x31, 0x2e, 0x30, 0x2d, 0x00, 0x2e, 0x77, 0x29, 0x29, 0x2b, 0x00, 0x2e, 0x78, 0x79, 0x7a, 0x3b, 0x0a, 0x00, 0x66, 
0x72, 0x61, 0x67, 0x43, 0x6f, 0x6c, 0x6f, 0x72, 0x2e, 0x78, 0x3d, 0x00, 0x66, 0x72, 0x61, 0x67, 0x43, 0x6f, 0x6c, 0x6f, 
0x72, 0x2e, 0x79, 0x3d, 0x00, 0x66, 0x72, 0x61, 0x67, 0x43, 0x6f, 0x6c, 0x6f, 0x72, 0x2e, 0x7a, 0x3d, 0x00, 0x73, 0x74, 
0x72, 0x75, 0x63, 0x74, 0x20, 0x50, 0x65, 0x72, 0x52, 0x65, 0x6e, 0x64, 0x65, 0x72, 0x61, 0x62, 0x6c, 0x65, 0x44, 0x61, 
0x74, 0x61, 0x0a, 0x00, 0x23, 0x69, 0x66, 0x6e, 0x64, 0x65, 0x66, 0x20, 0x53, 0x50, 0x49, 0x52, 0x56, 0x5f, 0x43, 0x52, 
0x4f, 0x53, 0x53, 0x5f, 0x43, 0x4f, 0x4e, 0x53, 0x54, 0x41, 0x4e, 0x54, 0x5f, 0x49, 0x44, 0x5f, 0x31, 0x0a, 0x00, 0x23, 
0x64, 0x65, 0x66, 0x69, 0x6e, 0x65, 0x20, 0x53, 0x50, 0x49, 0x52, 0x56, 0x5f, 0x43, 0x52, 0x4f, 0x53, 0x53, 0x5f, 0x43, 
0x4f, 0x4e, 0x53, 0x54, 0x41, 0x4e, 0x54, 0x5f, 0x49, 0x44, 0x5f, 0x31, 0x20, 0x36, 0x34, 0x0a, 0x00, 0x63, 0x6f, 0x6e, 
0x73, 0x74, 0x20, 0x69, 0x6e, 0x74, 0x20, 0x43, 0x4f, 0x4e, 0x46, 0x49, 0x47, 0x5f, 0x4d, 0x41, 0x58, 0x5f, 0x49, 0x4e, 
0x53, 0x54, 0x41, 0x4e, 0x43, 0x45, 0x53, 0x3d, 0x53, 0x50, 0x49, 0x52, 0x56, 0x5f, 0x43, 0x52, 0x4f, 0x53, 0x53, 0x5f, 
0x43, 0x4f, 0x4e, 0x53, 0x54, 0x41, 0x4e, 0x54, 0x5f, 0x49, 0x44, 0x5f, 0x31, 0x3b, 0x0a, 0x00, 0x6c, 0x61, 0x79, 0x6f, 
0x75, 0x74, 0x28, 0x73, 0x74, 0x64, 0x31, 0x34, 0x30, 0x29, 0x20, 0x75, 0x6e, 0x69, 0x66, 0x6f, 0x72, 0x6d, 0x20, 0x4f, 
0x62, 0x6a, 0x65, 0x63, 0x74, 0x55, 0x6e, 0x69, 0x66, 0x6f, 0x72, 0x6d, 0x73, 0x0a, 0x00, 0x50, 0x65, 0x72, 0x52, 0x65, 
0x6e, 0x64, 0x65, 0x72, 0x61, 0x62, 0x6c, 0x65, 0x44, 0x61, 0x74, 0x61, 0x20, 0x61, 0x5b, 0x43, 0x4f, 0x4e, 0x46, 0x49, 
0x47, 0x5f, 0x4d, 0x41, 0x58, 0x5f, 0x49, 0x4e, 0x53, 0x54, 0x41, 0x4e, 0x43, 0x45, 0x53, 0x5d, 0x3b, 0x0a, 0x00, 0x7d, 
0x20, 0x6f, 0x62, 0x6a, 0x65, 0x63, 0x74, 0x55, 0x6e, 0x69, 0x66, 0x6f, 0x72, 0x6d, 0x73, 0x3b, 0x0a, 0x00, 0x6f, 0x75, 
0x74, 0x50, 0x69, 0x63, 0x6b, 0x69, 0x6e, 0x67, 0x2e, 0x78, 0x3d, 0x75, 0x69, 0x6e, 0x74, 0x28, 0x6f, 0x62, 0x6a, 0x65, 
0x63, 0x74, 0x55, 0x6e, 0x69, 0x66, 0x6f, 0x72, 0x6d, 0x73, 0x2e, 0x61, 0x5b, 0x69, 0x6e, 0x73, 0x74, 0x61, 0x6e, 0x63, 
0x65, 0x5f, 0x69, 0x6e, 0x64, 0x65, 0x78, 0x5d, 0x2e, 0x6f, 0x62, 0x6a, 0x65, 0x63, 0x74, 0x49, 0x64, 0x29, 0x3b, 0x0a, 
0x00, 0x6f, 0x75, 0x74, 0x50, 0x69, 0x63, 0x6b, 0x69, 0x6e, 0x67, 0x2e, 0x79, 0x3d, 0x66, 0x6c, 0x6f, 0x61, 0x74, 0x42, 
0x69, 0x74, 0x73, 0x54, 0x6f, 0x55, 0x69, 0x6e, 0x74, 0x28, 0x76, 0x65, 0x72, 0x74, 0x65, 0x78, 0x5f, 0x70, 0x6f, 0x73, 
0x69, 0x74, 0x69, 0x6f, 0x6e, 0x2e, 0x7a, 0x2f, 0x76, 0x65, 0x72, 0x74, 0x65, 0x78, 0x5f, 0x70, 0x6f, 0x73, 0x69, 0x74, 
0x69, 0x6f, 0x6e, 0x2e, 0x77, 0x29, 0x3b, 0x0a, 0x00, 0x20, 0x20, 0x6c, 0x65, 0x74, 0x20, 0x76, 0x5f, 0x32, 0x20, 0x3d, 
0x20, 0x6d, 0x61, 0x74, 0x65, 0x72, 0x69, 0x61, 0x6c, 0x50, 0x61, 0x72, 0x61, 0x6d, 0x73, 0x2e, 0x74, 0x72, 0x61, 0x6e, 
0x73, 0x66, 0x6f, 0x72, 0x6d, 0x3b, 0x0a, 0x00, 0x20, 0x20, 0x6c, 0x65, 0x74, 0x20, 0x76, 0x5f, 0x33, 0x20, 0x3d, 0x20, 
0x63, 0x6c, 0x61, 0x6d, 0x70, 0x28, 0x76, 0x61, 0x72, 0x69, 0x61, 0x62, 0x6c, 0x65, 0x5f, 0x69, 0x6d, 0x61, 0x67, 0x65, 
0x55, 0x56, 0x2e, 0x78, 0x79, 0x2c, 0x20, 0x76, 0x65, 0x63, 0x32, 0x3c, 0x66, 0x33, 0x32, 0x3e, 0x28, 0x29, 0x2c, 0x20, 
0x76, 0x65, 0x63, 0x32, 0x3c, 0x66, 0x33, 0x32, 0x3e, 0x28, 0x31, 0x2e, 0x30, 0x66, 0x29, 0x29, 0x3b, 0x0a, 0x00, 0x20, 
0x20, 0x6c, 0x65, 0x74, 0x20, 0x76, 0x5f, 0x34, 0x20, 0x3d, 0x20, 0x28, 0x28, 0x76, 0x5f, 0x32, 0x20, 0x2a, 0x20, 0x76, 
0x65, 0x63, 0x34, 0x3c, 0x66, 0x33, 0x32, 0x3e, 0x28, 0x76, 0x5f, 0x33, 0x2e, 0x78, 0x2c, 0x20, 0x76, 0x5f, 0x33, 0x2e, 
0x79, 0x2c, 0x20, 0x31, 0x2e, 0x30, 0x66, 0x2c, 0x20, 0x31, 0x2e, 0x30, 0x66, 0x29, 0x29, 0x29, 0x2e, 0x78, 0x79, 0x3b, 
0x0a, 0x00, 0x20, 0x20, 0x6c, 0x65, 0x74, 0x20, 0x76, 0x5f, 0x35, 0x20, 0x3d, 0x20, 0x28, 0x6d, 0x61, 0x74, 0x65, 0x72, 
0x69, 0x61, 0x6c, 0x50, 0x61, 0x72, 0x61, 0x6d, 0x73, 0x2e, 0x73, 0x68, 0x6f, 0x77, 0x49, 0x6d, 0x61, 0x67, 0x65, 0x20, 
0x3d, 0x3d, 0x20, 0x30, 0x69, 0x29, 0x3b, 0x0a, 0x00, 0x20, 0x20, 0x76, 0x61, 0x72, 0x20, 0x76, 0x5f, 0x36, 0x20, 0x3a, 
0x20, 0x62, 0x6f, 0x6f, 0x6c, 0x3b, 0x0a, 0x00, 0x20, 0x20, 0x69, 0x66, 0x20, 0x28, 0x21, 0x28, 0x76, 0x5f, 0x35, 0x29, 
0x29, 0x20, 0x7b, 0x0a, 0x00, 0x20, 0x20, 0x20, 0x20, 0x76, 0x5f, 0x36, 0x20, 0x3d, 0x20, 0x28, 0x76, 0x5f, 0x34, 0x2e, 
0x78, 0x20, 0x3e, 0x20, 0x31, 0x2e, 0x30, 0x66, 0x29, 0x3b, 0x0a, 0x00, 0x20, 0x20, 0x20, 0x20, 0x76, 0x5f, 0x36, 0x20, 
0x3d, 0x20, 0x76, 0x5f, 0x35, 0x3b, 0x0a, 0x00, 0x20, 0x20, 0x6c, 0x65, 0x74, 0x20, 0x76, 0x5f, 0x37, 0x20, 0x3d, 0x20, 
0x76, 0x5f, 0x36, 0x3b, 0x0a, 0x00, 0x20, 0x20, 0x76, 0x61, 0x72, 0x20, 0x76, 0x5f, 0x38, 0x20, 0x3a, 0x20, 0x62, 0x6f, 
0x6f, 0x6c, 0x3b, 0x0a, 0x00, 0x20, 0x20, 0x69, 0x66, 0x20, 0x28, 0x21, 0x28, 0x76, 0x5f, 0x37, 0x29, 0x29, 0x20, 0x7b, 
0x0a, 0x00, 0x20, 0x20, 0x20, 0x20, 0x76, 0x5f, 0x38, 0x20, 0x3d, 0x20, 0x28, 0x76, 0x5f, 0x34, 0x2e, 0x78, 0x20, 0x3c, 
0x20, 0x30, 0x2e, 0x30, 0x66, 0x29, 0x3b, 0x0a, 0x00, 0x20, 0x20, 0x20, 0x20, 0x76, 0x5f, 0x38, 0x20, 0x3d, 0x20, 0x76, 
0x5f, 0x37, 0x3b, 0x0a, 0x00, 0x20, 0x20, 0x6c, 0x65, 0x74, 0x20, 0x76, 0x5f, 0x39, 0x20, 0x3d, 0x20, 0x76, 0x5f, 0x38, 
0x3b, 0x0a, 0x00, 0x20, 0x20, 0x76, 0x61, 0x72, 0x20, 0x76, 0x5f, 0x31, 0x30, 0x20, 0x3a, 0x20, 0x62, 0x6f, 0x6f, 0x6c, 
0x3b, 0x0a, 0x00, 0x20, 0x20, 0x69, 0x66, 0x20, 0x28, 0x21, 0x28, 0x76, 0x5f, 0x39, 0x29, 0x29, 0x20, 0x7b, 0x0a, 0x00, 
0x20, 0x20, 0x20, 0x20, 0x76, 0x5f, 0x31, 0x30, 0x20, 0x3d, 0x20, 0x28, 0x76, 0x5f, 0x34, 0x2e, 0x79, 0x20, 0x3c, 0x20, 
0x30, 0x2e, 0x30, 0x66, 0x29, 0x3b, 0x0a, 0x00, 0x20, 0x20, 0x20, 0x20, 0x76, 0x5f, 0x31, 0x30, 0x20, 0x3d, 0x20, 0x76, 
0x5f, 0x39, 0x3b, 0x0a, 0x00, 0x20, 0x20, 0x6c, 0x65, 0x74, 0x20, 0x76, 0x5f, 0x31, 0x31, 0x20, 0x3d, 0x20, 0x76, 0x5f, 
0x31, 0x30, 0x3b, 0x0a, 0x00, 0x20, 0x20, 0x76, 0x61, 0x72, 0x20, 0x76, 0x5f, 0x31, 0x32, 0x20, 0x3a, 0x20, 0x62, 0x6f, 
0x6f, 0x6c, 0x3b, 0x0a, 0x00, 0x20, 0x20, 0x69, 0x66, 0x20, 0x28, 0x21, 0x28, 0x76, 0x5f, 0x31, 0x31, 0x29, 0x29, 0x20, 
0x7b, 0x0a, 0x00, 0x20, 0x20, 0x20, 0x20, 0x76, 0x5f, 0x31, 0x32, 0x20, 0x3d, 0x20, 0x28, 0x76, 0x5f, 0x34, 0x2e, 0x79, 
0x20, 0x3e, 0x20, 0x31, 0x2e, 0x30, 0x66, 0x29, 0x3b, 0x0a, 0x00, 0x20, 0x20, 0x20, 0x20, 0x76, 0x5f, 0x31, 0x32, 0x20, 
0x3d, 0x20, 0x76, 0x5f, 0x31, 0x31, 0x3b, 0x0a, 0x00, 0x20, 0x20, 0x69, 0x66, 0x20, 0x28, 0x76, 0x5f, 0x31, 0x32, 0x29, 
0x20, 0x7b, 0x0a, 0x00, 0x20, 0x20, 0x20, 0x20, 0x76, 0x61, 0x72, 0x20, 0x76, 0x5f, 0x31, 0x33, 0x20, 0x3a, 0x20, 0x76, 
0x65, 0x63, 0x32, 0x3c, 0x66, 0x33, 0x32, 0x3e, 0x20, 0x3d, 0x20, 0x76, 0x5f, 0x34, 0x3b, 0x0a, 0x00, 0x20, 0x20, 0x20, 
0x20, 0x76, 0x5f, 0x31, 0x33, 0x2e, 0x79, 0x20, 0x3d, 0x20, 0x28, 0x31, 0x2e, 0x30, 0x66, 0x20, 0x2d, 0x20, 0x76, 0x5f, 
0x34, 0x2e, 0x79, 0x29, 0x3b, 0x0a, 0x00, 0x20, 0x20, 0x20, 0x20, 0x6c, 0x65, 0x74, 0x20, 0x76, 0x5f, 0x31, 0x34, 0x20, 
0x3d, 0x20, 0x76, 0x5f, 0x31, 0x33, 0x3b, 0x0a, 0x00, 0x20, 0x20, 0x20, 0x20, 0x76, 0x5f, 0x31, 0x20, 0x3d, 0x20, 0x76, 
0x5f, 0x31, 0x34, 0x3b, 0x0a, 0x00, 0x20, 0x20, 0x20, 0x20, 0x76, 0x5f, 0x31, 0x35, 0x28, 0x26, 0x28, 0x76, 0x29, 0x2c, 
0x20, 0x26, 0x28, 0x76, 0x5f, 0x31, 0x29, 0x29, 0x3b, 0x0a, 0x00, 0x66, 0x6e, 0x20, 0x76, 0x5f, 0x31, 0x35, 0x28, 0x66, 
0x61, 0x63, 0x65, 0x20, 0x3a, 0x20, 0x70, 0x74, 0x72, 0x3c, 0x66, 0x75, 0x6e, 0x63, 0x74, 0x69, 0x6f, 0x6e, 0x2c, 0x20, 
0x69, 0x33, 0x32, 0x3e, 0x2c, 0x20, 0x75, 0x76, 0x20, 0x3a, 0x20, 0x70, 0x74, 0x72, 0x3c, 0x66, 0x75, 0x6e, 0x63, 0x74, 
0x69, 0x6f, 0x6e, 0x2c, 0x20, 0x76, 0x65, 0x63, 0x32, 0x3c, 0x66, 0x33, 0x32, 0x3e, 0x3e, 0x29, 0x20, 0x2d, 0x3e, 0x20, 
0x76, 0x65, 0x63, 0x33, 0x3c, 0x66, 0x33, 0x32, 0x3e, 0x20, 0x7b, 0x0a, 0x00, 0x20, 0x20, 0x6c, 0x65, 0x74, 0x20, 0x76, 
0x5f, 0x31, 0x36, 0x20, 0x3d, 0x20, 0x28, 0x28, 0x2a, 0x28, 0x75, 0x76, 0x29, 0x20, 0x2a, 0x20, 0x32, 0x2e, 0x30, 0x66, 
0x29, 0x20, 0x2d, 0x20, 0x76, 0x65, 0x63, 0x32, 0x3c, 0x66, 0x33, 0x32, 0x3e, 0x28, 0x31, 0x2e, 0x30, 0x66, 0x29, 0x29, 
0x3b, 0x0a, 0x00, 0x20, 0x20, 0x20, 0x20, 0x72, 0x65, 0x74, 0x75, 0x72, 0x6e, 0x20, 0x6e, 0x6f, 0x72, 0x6d, 0x61, 0x6c, 
0x69, 0x7a, 0x65, 0x28, 0x76, 0x65, 0x63, 0x33, 0x3c, 0x66, 0x33, 0x32, 0x3e, 0x28, 0x31, 0x2e, 0x30, 0x66, 0x2c, 0x20, 
0x2d, 0x28, 0x76, 0x5f, 0x31, 0x36, 0x2e, 0x79, 0x29, 0x2c, 0x20, 0x2d, 0x28, 0x76, 0x5f, 0x31, 0x36, 0x2e, 0x78, 0x29, 
0x29, 0x29, 0x3b, 0x0a, 0x00, 0x20, 0x20, 0x20, 0x20, 0x72, 0x65, 0x74, 0x75, 0x72, 0x6e, 0x20, 0x6e, 0x6f, 0x72, 0x6d, 
0x61, 0x6c, 0x69, 0x7a, 0x65, 0x28, 0x76, 0x65, 0x63, 0x33, 0x3c, 0x66, 0x33, 0x32, 0x3e, 0x28, 0x2d, 0x31, 0x2e, 0x30, 
0x66, 0x2c, 0x20, 0x2d, 0x28, 0x76, 0x5f, 0x31, 0x36, 0x2e, 0x79, 0x29, 0x2c, 0x20, 0x76, 0x5f, 0x31, 0x36, 0x2e, 0x78, 
0x29, 0x29, 0x3b, 0x0a, 0x00, 0x20, 0x20, 0x20, 0x20, 0x72, 0x65, 0x74, 0x75, 0x72, 0x6e, 0x20, 0x6e, 0x6f, 0x72, 0x6d, 
0x61, 0x6c, 0x69, 0x7a, 0x65, 0x28, 0x76, 0x65, 0x63, 0x33, 0x3c, 0x66, 0x33, 0x32, 0x3e, 0x28, 0x76, 0x5f, 0x31, 0x36, 
0x2e, 0x78, 0x2c, 0x20, 0x31, 0x2e, 0x30, 0x66, 0x2c, 0x20, 0x76, 0x5f, 0x31, 0x36, 0x2e, 0x79, 0x29, 0x29, 0x3b, 0x0a, 
0x00, 0x20, 0x20, 0x20, 0x20, 0x72, 0x65, 0x74, 0x75, 0x72, 0x6e, 0x20, 0x6e, 0x6f, 0x72, 0x6d, 0x61, 0x6c, 0x69, 0x7a, 
0x65, 0x28, 0x76, 0x65, 0x63, 0x33, 0x3c, 0x66, 0x33, 0x32, 0x3e, 0x28, 0x76, 0x5f, 0x31, 0x36, 0x2e, 0x78, 0x2c, 0x20, 
0x2d, 0x31, 0x2e, 0x30, 0x66, 0x2c, 0x20, 0x2d, 0x28, 0x76, 0x5f, 0x31, 0x36, 0x2e, 0x79, 0x29, 0x29, 0x29, 0x3b, 0x0a, 
0x00, 0x20, 0x20, 0x20, 0x20, 0x72, 0x65, 0x74, 0x75, 0x72, 0x6e, 0x20, 0x6e, 0x6f, 0x72, 0x6d, 0x61, 0x6c, 0x69, 0x7a, 
0x65, 0x28, 0x76, 0x65, 0x63, 0x33, 0x3c, 0x66, 0x33, 0x32, 0x3e, 0x28, 0x76, 0x5f, 0x31, 0x36, 0x2e, 0x78, 0x2c, 0x20, 
0x2d, 0x28, 0x76, 0x5f, 0x31, 0x36, 0x2e, 0x79, 0x29, 0x2c, 0x20, 0x31, 0x2e, 0x30, 0x66, 0x29, 0x29, 0x3b, 0x0a, 0x00, 
0x20, 0x20, 0x20, 0x20, 0x72, 0x65, 0x74, 0x75, 0x72, 0x6e, 0x20, 0x6e, 0x6f, 0x72, 0x6d, 0x61, 0x6c, 0x69, 0x7a, 0x65, 
0x28, 0x76, 0x65, 0x63, 0x33, 0x3c, 0x66, 0x33, 0x32, 0x3e, 0x28, 0x2d, 0x28, 0x76, 0x5f, 0x31, 0x36, 0x2e, 0x78, 0x29, 
0x2c, 0x20, 0x2d, 0x28, 0x76, 0x5f, 0x31, 0x36, 0x2e, 0x79, 0x29, 0x2c, 0x20, 0x2d, 0x31, 0x2e, 0x30, 0x66, 0x29, 0x29, 
0x3b, 0x0a, 0x00, 0x66, 0x6e, 0x20, 0x6d, 0x61, 0x69, 0x6e, 0x28, 0x40, 0x6c, 0x6f, 0x63, 0x61, 0x74, 0x69, 0x6f, 0x6e, 
0x28, 0x30, 0x75, 0x29, 0x20, 0x76, 0x61, 0x72, 0x69, 0x61, 0x62, 0x6c, 0x65, 0x5f, 0x69, 0x6d, 0x61, 0x67, 0x65, 0x55, 
0x56, 0x20, 0x3a, 0x20, 0x76, 0x65, 0x63, 0x34, 0x3c, 0x66, 0x33, 0x32, 0x3e, 0x29, 0x20, 0x2d, 0x3e, 0x20, 0x40, 0x62, 
0x75, 0x69, 0x6c, 0x74, 0x69, 0x6e, 0x28, 0x66, 0x72, 0x61, 0x67, 0x5f, 0x64, 0x65, 0x70, 0x74, 0x68, 0x29, 0x20, 0x66, 
0x33, 0x32, 0x20, 0x7b, 0x0a, 0x00, 0x20, 0x20, 0x72, 0x65, 0x74, 0x75, 0x72, 0x6e, 0x20, 0x67, 0x6c, 0x5f, 0x46, 0x72, 
0x61, 0x67, 0x44, 0x65, 0x70, 0x74, 0x68, 0x3b, 0x0a, 0x00, 0x40, 0x67, 0x72, 0x6f, 0x75, 0x70, 0x28, 0x30, 0x75, 0x29, 
0x20, 0x40, 0x62, 0x69, 0x6e, 0x64, 0x69, 0x6e, 0x67, 0x28, 0x32, 0x33, 0x75, 0x29, 0x20, 0x76, 0x61, 0x72, 0x20, 0x73, 
0x61, 0x6d, 0x70, 0x6c, 0x65, 0x72, 0x30, 0x5f, 0x66, 0x6f, 0x67, 0x5f, 0x73, 0x61, 0x6d, 0x70, 0x6c, 0x65, 0x72, 0x20, 
0x3a, 0x20, 0x73, 0x61, 0x6d, 0x70, 0x6c, 0x65, 0x72, 0x3b, 0x0a, 0x00, 0x40, 0x67, 0x72, 0x6f, 0x75, 0x70, 0x28, 0x30, 
0x75, 0x29, 0x20, 0x40, 0x62, 0x69, 0x6e, 0x64, 0x69, 0x6e, 0x67, 0x28, 0x32, 0x32, 0x75, 0x29, 0x20, 0x76, 0x61, 0x72, 
0x20, 0x73, 0x61, 0x6d, 0x70, 0x6c, 0x65, 0x72, 0x30, 0x5f, 0x66, 0x6f, 0x67, 0x5f, 0x69, 0x6d, 0x61, 0x67, 0x65, 0x20, 
0x3a, 0x20, 0x74, 0x65, 0x78, 0x74, 0x75, 0x72, 0x65, 0x5f, 0x63, 0x75, 0x62, 0x65, 0x3c, 0x66, 0x33, 0x32, 0x3e, 0x3b, 
0x0a, 0x00, 0x66, 0x6e, 0x20, 0x6d, 0x61, 0x69, 0x6e, 0x5f, 0x69, 0x6e, 0x6e, 0x65, 0x72, 0x28, 0x76, 0x65, 0x72, 0x74, 
0x65, 0x78, 0x5f, 0x77, 0x6f, 0x72, 0x6c, 0x64, 0x50, 0x6f, 0x73, 0x69, 0x74, 0x69, 0x6f, 0x6e, 0x20, 0x3a, 0x20, 0x76, 
0x65, 0x63, 0x34, 0x3c, 0x66, 0x33, 0x32, 0x3e, 0x2c, 0x20, 0x76, 0x61, 0x72, 0x69, 0x61, 0x62, 0x6c, 0x65, 0x5f, 0x69, 
0x6d, 0x61, 0x67, 0x65, 0x55, 0x56, 0x20, 0x3a, 0x20, 0x76, 0x65, 0x63, 0x34, 0x3c, 0x66, 0x33, 0x32, 0x3e, 0x29, 0x20, 
0x7b, 0x0a, 0x00, 0x20, 0x20, 0x76, 0x61, 0x72, 0x20, 0x70, 0x61, 0x72, 0x61, 0x6d, 0x20, 0x3a, 0x20, 0x76, 0x65, 0x63, 
0x33, 0x3c, 0x66, 0x33, 0x32, 0x3e, 0x3b, 0x0a, 0x00, 0x20, 0x20, 0x6c, 0x65, 0x74, 0x20, 0x76, 0x5f, 0x33, 0x33, 0x20, 
0x3d, 0x20, 0x28, 0x76, 0x65, 0x72, 0x74, 0x65, 0x78, 0x5f, 0x77, 0x6f, 0x72, 0x6c, 0x64, 0x50, 0x6f, 0x73, 0x69, 0x74, 
0x69, 0x6f, 0x6e, 0x2e, 0x78, 0x79, 0x7a, 0x20, 0x2d, 0x20, 0x66, 0x72, 0x61, 0x6d, 0x65, 0x55, 0x6e, 0x69, 0x66, 0x6f, 
0x72, 0x6d, 0x73, 0x2e, 0x77, 0x6f, 0x72, 0x6c, 0x64, 0x46, 0x72, 0x6f, 0x6d, 0x56, 0x69, 0x65, 0x77, 0x4d, 0x61, 0x74, 
0x72, 0x69, 0x78, 0x5b, 0x33, 0x69, 0x5d, 0x2e, 0x78, 0x79, 0x7a, 0x29, 0x3b, 0x0a, 0x00, 0x20, 0x20, 0x70, 0x61, 0x72, 
0x61, 0x6d, 0x20, 0x3d, 0x20, 0x28, 0x66, 0x72, 0x61, 0x6d, 0x65, 0x55, 0x6e, 0x69, 0x66, 0x6f, 0x72, 0x6d, 0x73, 0x2e, 
0x66, 0x6f, 0x67, 0x46, 0x72, 0x6f, 0x6d, 0x57, 0x6f, 0x72, 0x6c, 0x64, 0x4d, 0x61, 0x74, 0x72, 0x69, 0x78, 0x20, 0x2a, 
0x20, 0x76, 0x5f, 0x33, 0x33, 0x29, 0x3b, 0x0a, 0x00, 0x20, 0x20, 0x6c, 0x65, 0x74, 0x20, 0x76, 0x5f, 0x33, 0x35, 0x20, 
0x3d, 0x20, 0x76, 0x5f, 0x33, 0x34, 0x28, 0x26, 0x28, 0x70, 0x61, 0x72, 0x61, 0x6d, 0x29, 0x2c, 0x20, 0x73, 0x61, 0x6d, 
0x70, 0x6c, 0x65, 0x72, 0x30, 0x5f, 0x66, 0x6f, 0x67, 0x5f, 0x69, 0x6d, 0x61, 0x67, 0x65, 0x2c, 0x20, 0x73, 0x61, 0x6d, 
0x70, 0x6c, 0x65, 0x72, 0x30, 0x5f, 0x66, 0x6f, 0x67, 0x5f, 0x73, 0x61, 0x6d, 0x70, 0x6c, 0x65, 0x72, 0x29, 0x3b, 0x0a, 
0x00, 0x20, 0x20, 0x6c, 0x65, 0x74, 0x20, 0x76, 0x5f, 0x33, 0x36, 0x20, 0x3d, 0x20, 0x28, 0x28, 0x66, 0x72, 0x61, 0x67, 
0x43, 0x6f, 0x6c, 0x6f, 0x72, 0x2e, 0x78, 0x79, 0x7a, 0x20, 0x2a, 0x20, 0x28, 0x31, 0x2e, 0x30, 0x66, 0x20, 0x2d, 0x20, 
0x76, 0x5f, 0x33, 0x35, 0x2e, 0x77, 0x29, 0x29, 0x20, 0x2b, 0x20, 0x76, 0x5f, 0x33, 0x35, 0x2e, 0x78, 0x79, 0x7a, 0x29, 
0x3b, 0x0a, 0x00, 0x20, 0x20, 0x66, 0x72, 0x61, 0x67, 0x43, 0x6f, 0x6c, 0x6f, 0x72, 0x2e, 0x78, 0x20, 0x3d, 0x20, 0x76, 
0x5f, 0x33, 0x36, 0x2e, 0x78, 0x3b, 0x0a, 0x00, 0x20, 0x20, 0x66, 0x72, 0x61, 0x67, 0x43, 0x6f, 0x6c, 0x6f, 0x72, 0x2e, 
0x79, 0x20, 0x3d, 0x20, 0x76, 0x5f, 0x33, 0x36, 0x2e, 0x79, 0x3b, 0x0a, 0x00, 0x20, 0x20, 0x66, 0x72, 0x61, 0x67, 0x43, 
0x6f, 0x6c, 0x6f, 0x72, 0x2e, 0x7a, 0x20, 0x3d, 0x20, 0x76, 0x5f, 0x33, 0x36, 0x2e, 0x7a, 0x3b, 0x0a, 0x00, 0x66, 0x6e, 
0x20, 0x76, 0x5f, 0x33, 0x34, 0x28, 0x76, 0x69, 0x65, 0x77, 0x20, 0x3a, 0x20, 0x70, 0x74, 0x72, 0x3c, 0x66, 0x75, 0x6e, 
0x63, 0x74, 0x69, 0x6f, 0x6e, 0x2c, 0x20, 0x76, 0x65, 0x63, 0x33, 0x3c, 0x66, 0x33, 0x32, 0x3e, 0x3e, 0x2c, 0x20, 0x66, 
0x6f, 0x67, 0x43, 0x6f, 0x6c, 0x6f, 0x72, 0x54, 0x65, 0x78, 0x74, 0x75, 0x72, 0x65, 0x5f, 0x69, 0x6d, 0x61, 0x67, 0x65, 
0x20, 0x3a, 0x20, 0x74, 0x65, 0x78, 0x74, 0x75, 0x72, 0x65, 0x5f, 0x63, 0x75, 0x62, 0x65, 0x3c, 0x66, 0x33, 0x32, 0x3e, 
0x2c, 0x20, 0x66, 0x6f, 0x67, 0x43, 0x6f, 0x6c, 0x6f, 0x72, 0x54, 0x65, 0x78, 0x74, 0x75, 0x72, 0x65, 0x5f, 0x73, 0x61, 
0x6d, 0x70, 0x6c, 0x65, 0x72, 0x20, 0x3a, 0x20, 0x73, 0x61, 0x6d, 0x70, 0x6c, 0x65, 0x72, 0x29, 0x20, 0x2d, 0x3e, 0x20, 
0x76, 0x65, 0x63, 0x34, 0x3c, 0x66, 0x33, 0x32, 0x3e, 0x20, 0x7b, 0x0a, 0x00, 0x20, 0x20, 0x6c, 0x65, 0x74, 0x20, 0x76, 
0x5f, 0x33, 0x37, 0x20, 0x3d, 0x20, 0x6c, 0x65, 0x6e, 0x67, 0x74, 0x68, 0x28, 0x2a, 0x28, 0x76, 0x69, 0x65, 0x77, 0x29, 
0x29, 0x3b, 0x0a, 0x00, 0x20, 0x20, 0x6c, 0x65, 0x74, 0x20, 0x76, 0x5f, 0x33, 0x38, 0x20, 0x3d, 0x20, 0x66, 0x72, 0x61, 
0x6d, 0x65, 0x55, 0x6e, 0x69, 0x66, 0x6f, 0x72, 0x6d, 0x73, 0x2e, 0x66, 0x6f, 0x67, 0x53, 0x74, 0x61, 0x72, 0x74, 0x3b, 
0x0a, 0x00, 0x20, 0x20, 0x69, 0x66, 0x20, 0x28, 0x28, 0x76, 0x5f, 0x33, 0x37, 0x20, 0x3c, 0x20, 0x76, 0x5f, 0x33, 0x38, 
0x29, 0x29, 0x20, 0x7b, 0x0a, 0x00, 0x20, 0x20, 0x69, 0x66, 0x20, 0x28, 0x28, 0x76, 0x5f, 0x33, 0x37, 0x20, 0x3e, 0x20, 
0x66, 0x72, 0x61, 0x6d, 0x65, 0x55, 0x6e, 0x69, 0x66, 0x6f, 0x72, 0x6d, 0x73, 0x2e, 0x66, 0x6f, 0x67, 0x43, 0x75, 0x74, 
0x4f, 0x66, 0x66, 0x44, 0x69, 0x73, 0x74, 0x61, 0x6e, 0x63, 0x65, 0x29, 0x29, 0x20, 0x7b, 0x0a, 0x00, 0x20, 0x20, 0x6c, 
0x65, 0x74, 0x20, 0x76, 0x5f, 0x33, 0x39, 0x20, 0x3d, 0x20, 0x66, 0x72, 0x61, 0x6d, 0x65, 0x55, 0x6e, 0x69, 0x66, 0x6f, 
0x72, 0x6d, 0x73, 0x2e, 0x66, 0x6f, 0x67, 0x44, 0x65, 0x6e, 0x73, 0x69, 0x74, 0x79, 0x3b, 0x0a, 0x00, 0x20, 0x20, 0x6c, 
0x65, 0x74, 0x20, 0x76, 0x5f, 0x34, 0x30, 0x20, 0x3d, 0x20, 0x76, 0x5f, 0x33, 0x39, 0x2e, 0x7a, 0x3b, 0x0a, 0x00, 0x20, 
0x20, 0x6c, 0x65, 0x74, 0x20, 0x76, 0x5f, 0x34, 0x31, 0x20, 0x3d, 0x20, 0x28, 0x66, 0x72, 0x61, 0x6d, 0x65, 0x55, 0x6e, 
0x69, 0x66, 0x6f, 0x72, 0x6d, 0x73, 0x2e, 0x66, 0x6f, 0x67, 0x48, 0x65, 0x69, 0x67, 0x68, 0x74, 0x46, 0x61, 0x6c, 0x6c, 
0x6f, 0x66, 0x66, 0x20, 0x2a, 0x20, 0x28, 0x2a, 0x28, 0x76, 0x69, 0x65, 0x77, 0x29, 0x29, 0x2e, 0x79, 0x29, 0x3b, 0x0a, 
0x00, 0x20, 0x20, 0x76, 0x61, 0x72, 0x20, 0x76, 0x5f, 0x34, 0x32, 0x20, 0x3a, 0x20, 0x66, 0x33, 0x32, 0x3b, 0x0a, 0x00, 
0x20, 0x20, 0x69, 0x66, 0x20, 0x28, 0x28, 0x61, 0x62, 0x73, 0x28, 0x76, 0x5f, 0x34, 0x31, 0x29, 0x20, 0x3e, 0x20, 0x30, 
0x2e, 0x30, 0x30, 0x31, 0x32, 0x34, 0x39, 0x39, 0x39, 0x39, 0x39, 0x37, 0x32, 0x30, 0x36, 0x30, 0x33, 0x32, 0x32, 0x37, 
0x36, 0x66, 0x29, 0x29, 0x20, 0x7b, 0x0a, 0x00, 0x20, 0x20, 0x20, 0x20, 0x76, 0x5f, 0x34, 0x32, 0x20, 0x3d, 0x20, 0x28, 
0x28, 0x76, 0x5f, 0x34, 0x30, 0x20, 0x2d, 0x20, 0x28, 0x76, 0x5f, 0x33, 0x39, 0x2e, 0x78, 0x20, 0x2a, 0x20, 0x65, 0x78, 
0x70, 0x28, 0x28, 0x76, 0x5f, 0x33, 0x39, 0x2e, 0x79, 0x20, 0x2d, 0x20, 0x76, 0x5f, 0x34, 0x31, 0x29, 0x29, 0x29, 0x29, 
0x20, 0x2f, 0x20, 0x76, 0x5f, 0x34, 0x31, 0x29, 0x3b, 0x0a, 0x00, 0x20, 0x20, 0x20, 0x20, 0x76, 0x5f, 0x34, 0x32, 0x20, 
0x3d, 0x20, 0x76, 0x5f, 0x34, 0x30, 0x3b, 0x0a, 0x00, 0x20, 0x20, 0x6c, 0x65, 0x74, 0x20, 0x76, 0x5f, 0x34, 0x33, 0x20, 
0x3d, 0x20, 0x76, 0x5f, 0x34, 0x32, 0x3b, 0x0a, 0x00, 0x20, 0x20, 0x6c, 0x65, 0x74, 0x20, 0x76, 0x5f, 0x34, 0x34, 0x20, 
0x3d, 0x20, 0x6d, 0x69, 0x6e, 0x28, 0x28, 0x31, 0x2e, 0x30, 0x66, 0x20, 0x2d, 0x20, 0x65, 0x78, 0x70, 0x28, 0x2d, 0x28, 
0x28, 0x76, 0x5f, 0x34, 0x33, 0x20, 0x2a, 0x20, 0x6d, 0x61, 0x78, 0x28, 0x28, 0x76, 0x5f, 0x33, 0x37, 0x20, 0x2d, 0x20, 
0x76, 0x5f, 0x33, 0x38, 0x29, 0x2c, 0x20, 0x30, 0x2e, 0x30, 0x66, 0x29, 0x29, 0x29, 0x29, 0x29, 0x2c, 0x20, 0x66, 0x72, 
0x61, 0x6d, 0x65, 0x55, 0x6e, 0x69, 0x66, 0x6f, 0x72, 0x6d, 0x73, 0x2e, 0x66, 0x6f, 0x67, 0x4d, 0x61, 0x78, 0x4f, 0x70, 
0x61, 0x63, 0x69, 0x74, 0x79, 0x29, 0x3b, 0x0a, 0x00, 0x20, 0x20, 0x6c, 0x65, 0x74, 0x20, 0x76, 0x5f, 0x34, 0x35, 0x20, 
0x3d, 0x20, 0x66, 0x72, 0x61, 0x6d, 0x65, 0x55, 0x6e, 0x69, 0x66, 0x6f, 0x72, 0x6d, 0x73, 0x2e, 0x66, 0x6f, 0x67, 0x43, 
0x6f, 0x6c, 0x6f, 0x72, 0x3b, 0x0a, 0x00, 0x20, 0x20, 0x76, 0x61, 0x72, 0x20, 0x76, 0x5f, 0x34, 0x36, 0x20, 0x3a, 0x20, 
0x76, 0x65, 0x63, 0x33, 0x3c, 0x66, 0x33, 0x32, 0x3e, 0x3b, 0x0a, 0x00, 0x20, 0x20, 0x69, 0x66, 0x20, 0x28, 0x28, 0x66, 
0x72, 0x61, 0x6d, 0x65, 0x55, 0x6e, 0x69, 0x66, 0x6f, 0x72, 0x6d, 0x73, 0x2e, 0x66, 0x6f, 0x67, 0x43, 0x6f, 0x6c, 0x6f, 
0x72, 0x46, 0x72, 0x6f, 0x6d, 0x49, 0x62, 0x6c, 0x20, 0x3e, 0x20, 0x30, 0x2e, 0x30, 0x66, 0x29, 0x29, 0x20, 0x7b, 0x0a, 
0x00, 0x20, 0x20, 0x20, 0x20, 0x6c, 0x65, 0x74, 0x20, 0x76, 0x5f, 0x34, 0x37, 0x20, 0x3d, 0x20, 0x28, 0x28, 0x76, 0x5f, 
0x33, 0x37, 0x20, 0x2a, 0x20, 0x66, 0x72, 0x61, 0x6d, 0x65, 0x55, 0x6e, 0x69, 0x66, 0x6f, 0x72, 0x6d, 0x73, 0x2e, 0x66, 
0x6f, 0x67, 0x4f, 0x6e, 0x65, 0x4f, 0x76, 0x65, 0x72, 0x46, 0x61, 0x72, 0x4d, 0x69, 0x6e, 0x75, 0x73, 0x4e, 0x65, 0x61, 
0x72, 0x29, 0x20, 0x2d, 0x20, 0x66, 0x72, 0x61, 0x6d, 0x65, 0x55, 0x6e, 0x69, 0x66, 0x6f, 0x72, 0x6d, 0x73, 0x2e, 0x66, 
0x6f, 0x67, 0x4e, 0x65, 0x61, 0x72, 0x4f, 0x76, 0x65, 0x72, 0x46, 0x61, 0x72, 0x4d, 0x69, 0x6e, 0x75, 0x73, 0x4e, 0x65, 
0x61, 0x72, 0x29, 0x3b, 0x0a, 0x00, 0x20, 0x20, 0x20, 0x20, 0x6c, 0x65, 0x74, 0x20, 0x76, 0x5f, 0x34, 0x38, 0x20, 0x3d, 
0x20, 0x75, 0x6e, 0x70, 0x61, 0x63, 0x6b, 0x32, 0x78, 0x31, 0x36, 0x66, 0x6c, 0x6f, 0x61, 0x74, 0x28, 0x66, 0x72, 0x61, 
0x6d, 0x65, 0x55, 0x6e, 0x69, 0x66, 0x6f, 0x72, 0x6d, 0x73, 0x2e, 0x66, 0x6f, 0x67, 0x4d, 0x69, 0x6e, 0x4d, 0x61, 0x78, 
0x4d, 0x69, 0x70, 0x29, 0x3b, 0x0a, 0x00, 0x20, 0x20, 0x20, 0x20, 0x6c, 0x65, 0x74, 0x20, 0x76, 0x5f, 0x34, 0x39, 0x20, 
0x3d, 0x20, 0x6d, 0x69, 0x78, 0x28, 0x76, 0x5f, 0x34, 0x38, 0x2e, 0x79, 0x2c, 0x20, 0x76, 0x5f, 0x34, 0x38, 0x2e, 0x78, 
0x2c, 0x20, 0x63, 0x6c, 0x61, 0x6d, 0x70, 0x28, 0x76, 0x5f, 0x34, 0x37, 0x2c, 0x20, 0x30, 0x2e, 0x30, 0x66, 0x2c, 0x20, 
0x31, 0x2e, 0x30, 0x66, 0x29, 0x29, 0x3b, 0x0a, 0x00, 0x20, 0x20, 0x20, 0x20, 0x6c, 0x65, 0x74, 0x20, 0x76, 0x5f, 0x35, 
0x30, 0x20, 0x3d, 0x20, 0x66, 0x72, 0x61, 0x6d, 0x65, 0x55, 0x6e, 0x69, 0x66, 0x6f, 0x72, 0x6d, 0x73, 0x2e, 0x75, 0x73, 
0x65, 0x72, 0x57, 0x6f, 0x72, 0x6c, 0x64, 0x46, 0x72, 0x6f, 0x6d, 0x57, 0x6f, 0x72, 0x6c, 0x64, 0x4d, 0x61, 0x74, 0x72, 
0x69, 0x78, 0x3b, 0x0a, 0x00, 0x20, 0x20, 0x20, 0x20, 0x76, 0x5f, 0x34, 0x36, 0x20, 0x3d, 0x20, 0x28, 0x76, 0x5f, 0x34, 
0x35, 0x20, 0x2a, 0x20, 0x74, 0x65, 0x78, 0x74, 0x75, 0x72, 0x65, 0x53, 0x61, 0x6d, 0x70, 0x6c, 0x65, 0x4c, 0x65, 0x76, 
0x65, 0x6c, 0x28, 0x66, 0x6f, 0x67, 0x43, 0x6f, 0x6c, 0x6f, 0x72, 0x54, 0x65, 0x78, 0x74, 0x75, 0x72, 0x65, 0x5f, 0x69, 
0x6d, 0x61, 0x67, 0x65, 0x2c, 0x20, 0x66, 0x6f, 0x67, 0x43, 0x6f, 0x6c, 0x6f, 0x72, 0x54, 0x65, 0x78, 0x74, 0x75, 0x72, 
0x65, 0x5f, 0x73, 0x61, 0x6d, 0x70, 0x6c, 0x65, 0x72, 0x2c, 0x20, 0x28, 0x74, 0x72, 0x61, 0x6e, 0x73, 0x70, 0x6f, 0x73, 
0x65, 0x28, 0x6d, 0x61, 0x74, 0x33, 0x78, 0x33, 0x3c, 0x66, 0x33, 0x32, 0x3e, 0x28, 0x76, 0x5f, 0x35, 0x30, 0x5b, 0x30, 
0x75, 0x5d, 0x2e, 0x78, 0x79, 0x7a, 0x2c, 0x20, 0x76, 0x5f, 0x35, 0x30, 0x5b, 0x31, 0x75, 0x5d, 0x2e, 0x78, 0x79, 0x7a, 
0x2c, 0x20, 0x76, 0x5f, 0x35, 0x30, 0x5b, 0x32, 0x75, 0x5d, 0x2e, 0x78, 0x79, 0x7a, 0x29, 0x29, 0x20, 0x2a, 0x20, 0x2a, 
0x28, 0x76, 0x69, 0x65, 0x77, 0x29, 0x29, 0x2c, 0x20, 0x76, 0x5f, 0x34, 0x39, 0x29, 0x2e, 0x78, 0x79, 0x7a, 0x29, 0x3b, 
0x0a, 0x00, 0x20, 0x20, 0x20, 0x20, 0x76, 0x5f, 0x34, 0x36, 0x20, 0x3d, 0x20, 0x76, 0x5f, 0x34, 0x35, 0x3b, 0x0a, 0x00, 
0x20, 0x20, 0x6c, 0x65, 0x74, 0x20, 0x76, 0x5f, 0x35, 0x31, 0x20, 0x3d, 0x20, 0x28, 0x76, 0x5f, 0x34, 0x36, 0x20, 0x2a, 
0x20, 0x28, 0x66, 0x72, 0x61, 0x6d, 0x65, 0x55, 0x6e, 0x69, 0x66, 0x6f, 0x72, 0x6d, 0x73, 0x2e, 0x69, 0x62, 0x6c, 0x4c, 
0x75, 0x6d, 0x69, 0x6e, 0x61, 0x6e, 0x63, 0x65, 0x20, 0x2a, 0x20, 0x76, 0x5f, 0x34, 0x34, 0x29, 0x29, 0x3b, 0x0a, 0x00, 
0x20, 0x20, 0x6c, 0x65, 0x74, 0x20, 0x76, 0x5f, 0x35, 0x32, 0x20, 0x3d, 0x20, 0x66, 0x72, 0x61, 0x6d, 0x65, 0x55, 0x6e, 
0x69, 0x66, 0x6f, 0x72, 0x6d, 0x73, 0x2e, 0x66, 0x6f, 0x67, 0x49, 0x6e, 0x73, 0x63, 0x61, 0x74, 0x74, 0x65, 0x72, 0x69, 
0x6e, 0x67, 0x53, 0x69, 0x7a, 0x65, 0x3b, 0x0a, 0x00, 0x20, 0x20, 0x76, 0x61, 0x72, 0x20, 0x76, 0x5f, 0x35, 0x33, 0x20, 
0x3a, 0x20, 0x76, 0x65, 0x63, 0x33, 0x3c, 0x66, 0x33, 0x32, 0x3e, 0x3b, 0x0a, 0x00, 0x20, 0x20, 0x69, 0x66, 0x20, 0x28, 
0x28, 0x76, 0x5f, 0x35, 0x32, 0x20, 0x3e, 0x20, 0x30, 0x2e, 0x30, 0x66, 0x29, 0x29, 0x20, 0x7b, 0x0a, 0x00, 0x20, 0x20, 
0x20, 0x20, 0x6c, 0x65, 0x74, 0x20, 0x76, 0x5f, 0x35, 0x34, 0x20, 0x3d, 0x20, 0x65, 0x78, 0x70, 0x28, 0x2d, 0x28, 0x28, 
0x76, 0x5f, 0x34, 0x33, 0x20, 0x2a, 0x20, 0x6d, 0x61, 0x78, 0x28, 0x28, 0x76, 0x5f, 0x33, 0x37, 0x20, 0x2d, 0x20, 0x66, 
0x72, 0x61, 0x6d, 0x65, 0x55, 0x6e, 0x69, 0x66, 0x6f, 0x72, 0x6d, 0x73, 0x2e, 0x66, 0x6f, 0x67, 0x49, 0x6e, 0x73, 0x63, 
0x61, 0x74, 0x74, 0x65, 0x72, 0x69, 0x6e, 0x67, 0x53, 0x74, 0x61, 0x72, 0x74, 0x29, 0x2c, 0x20, 0x30, 0x2e, 0x30, 0x66, 
0x29, 0x29, 0x29, 0x29, 0x3b, 0x0a, 0x00, 0x20, 0x20, 0x20, 0x20, 0x76, 0x5f, 0x35, 0x33, 0x20, 0x3d, 0x20, 0x28, 0x76, 
0x5f, 0x35, 0x31, 0x20, 0x2b, 0x20, 0x28, 0x28, 0x66, 0x72, 0x61, 0x6d, 0x65, 0x55, 0x6e, 0x69, 0x66, 0x6f, 0x72, 0x6d, 
0x73, 0x2e, 0x6c, 0x69, 0x67, 0x68, 0x74, 0x43, 0x6f, 0x6c, 0x6f, 0x72, 0x49, 0x6e, 0x74, 0x65, 0x6e, 0x73, 0x69, 0x74, 
0x79, 0x2e, 0x78, 0x79, 0x7a, 0x20, 0x2a, 0x20, 0x66, 0x72, 0x61, 0x6d, 0x65, 0x55, 0x6e, 0x69, 0x66, 0x6f, 0x72, 0x6d, 
0x73, 0x2e, 0x6c, 0x69, 0x67, 0x68, 0x74, 0x43, 0x6f, 0x6c, 0x6f, 0x72, 0x49, 0x6e, 0x74, 0x65, 0x6e, 0x73, 0x69, 0x74, 
0x79, 0x2e, 0x77, 0x29, 0x20, 0x2a, 0x20, 0x28, 0x70, 0x6f, 0x77, 0x28, 0x6d, 0x61, 0x78, 0x28, 0x64, 0x6f, 0x74, 0x28, 
0x6e, 0x6f, 0x72, 0x6d, 0x61, 0x6c, 0x69, 0x7a, 0x65, 0x28, 0x2a, 0x28, 0x76, 0x69, 0x65, 0x77, 0x29, 0x29, 0x2c, 0x20, 
0x66, 0x72, 0x61, 0x6d, 0x65, 0x55, 0x6e, 0x69, 0x66, 0x6f, 0x72, 0x6d, 0x73, 0x2e, 0x6c, 0x69, 0x67, 0x68, 0x74, 0x44, 
0x69, 0x72, 0x65, 0x63, 0x74, 0x69, 0x6f, 0x6e, 0x29, 0x2c, 0x20, 0x30, 0x2e, 0x30, 0x66, 0x29, 0x2c, 0x20, 0x76, 0x5f, 
0x35, 0x32, 0x29, 0x20, 0x2a, 0x20, 0x28, 0x31, 0x2e, 0x30, 0x66, 0x20, 0x2d, 0x20, 0x76, 0x5f, 0x35, 0x34, 0x29, 0x29, 
0x29, 0x29, 0x3b, 0x0a, 0x00, 0x20, 0x20, 0x20, 0x20, 0x76, 0x5f, 0x35, 0x33, 0x20, 0x3d, 0x20, 0x76, 0x5f, 0x35, 0x31, 
0x3b, 0x0a, 0x00, 0x20, 0x20, 0x6c, 0x65, 0x74, 0x20, 0x76, 0x5f, 0x35, 0x35, 0x20, 0x3d, 0x20, 0x76, 0x5f, 0x35, 0x33, 
0x3b, 0x0a, 0x00, 0x20, 0x20, 0x72, 0x65, 0x74, 0x75, 0x72, 0x6e, 0x20, 0x76, 0x65, 0x63, 0x34, 0x3c, 0x66, 0x33, 0x32, 
0x3e, 0x28, 0x76, 0x5f, 0x35, 0x35, 0x2e, 0x78, 0x2c, 0x20, 0x76, 0x5f, 0x35, 0x35, 0x2e, 0x79, 0x2c, 0x20, 0x76, 0x5f, 
0x35, 0x35, 0x2e, 0x7a, 0x2c, 0x20, 0x76, 0x5f, 0x34, 0x34, 0x29, 0x3b, 0x0a, 0x00, 0x20, 0x20, 0x6c, 0x65, 0x74, 0x20, 
0x76, 0x5f, 0x35, 0x36, 0x20, 0x3d, 0x20, 0x28, 0x28, 0x2a, 0x28, 0x75, 0x76, 0x29, 0x20, 0x2a, 0x20, 0x32, 0x2e, 0x30, 
0x66, 0x29, 0x20, 0x2d, 0x20, 0x76, 0x65, 0x63, 0x32, 0x3c, 0x66, 0x33, 0x32, 0x3e, 0x28, 0x31, 0x2e, 0x30, 0x66, 0x29, 
0x29, 0x3b, 0x0a, 0x00, 0x20, 0x20, 0x20, 0x20, 0x72, 0x65, 0x74, 0x75, 0x72, 0x6e, 0x20, 0x6e, 0x6f, 0x72, 0x6d, 0x61, 
0x6c, 0x69, 0x7a, 0x65, 0x28, 0x76, 0x65, 0x63, 0x33, 0x3c, 0x66, 0x33, 0x32, 0x3e, 0x28, 0x31, 0x2e, 0x30, 0x66, 0x2c, 
0x20, 0x2d, 0x28, 0x76, 0x5f, 0x35, 0x36, 0x2e, 0x79, 0x29, 0x2c, 0x20, 0x2d, 0x28, 0x76, 0x5f, 0x35, 0x36, 0x2e, 0x78, 
0x29, 0x29, 0x29, 0x3b, 0x0a, 0x00, 0x20, 0x20, 0x20, 0x20, 0x72, 0x65, 0x74, 0x75, 0x72, 0x6e, 0x20, 0x6e, 0x6f, 0x72, 
0x6d, 0x61, 0x6c, 0x69, 0x7a, 0x65, 0x28, 0x76, 0x65, 0x63, 0x33, 0x3c, 0x66, 0x33, 0x32, 0x3e, 0x28, 0x2d, 0x31, 0x2e, 
0x30, 0x66, 0x2c, 0x20, 0x2d, 0x28, 0x76, 0x5f, 0x35, 0x36, 0x2e, 0x79, 0x29, 0x2c, 0x20, 0x76, 0x5f, 0x35, 0x36, 0x2e, 
0x78, 0x29, 0x29, 0x3b, 0x0a, 0x00, 0x20, 0x20, 0x20, 0x20, 0x72, 0x65, 0x74, 0x75, 0x72, 0x6e, 0x20, 0x6e, 0x6f, 0x72, 
0x6d, 0x61, 0x6c, 0x69, 0x7a, 0x65, 0x28, 0x76, 0x65, 0x63, 0x33, 0x3c, 0x66, 0x33, 0x32, 0x3e, 0x28, 0x76, 0x5f, 0x35, 
0x36, 0x2e, 0x78, 0x2c, 0x20, 0x31, 0x2e, 0x30, 0x66, 0x2c, 0x20, 0x76, 0x5f, 0x35, 0x36, 0x2e, 0x79, 0x29, 0x29, 0x3b, 
0x0a, 0x00, 0x20, 0x20, 0x20, 0x20, 0x72, 0x65, 0x74, 0x75, 0x72, 0x6e, 0x20, 0x6e, 0x6f, 0x72, 0x6d, 0x61, 0x6c, 0x69, 
0x7a, 0x65, 0x28, 0x76, 0x65, 0x63, 0x33, 0x3c, 0x66, 0x33, 0x32, 0x3e, 0x28, 0x76, 0x5f, 0x35, 0x36, 0x2e, 0x78, 0x2c, 
0x20, 0x2d, 0x31, 0x2e, 0x30, 0x66, 0x2c, 0x20, 0x2d, 0x28, 0x76, 0x5f, 0x35, 0x36, 0x2e, 0x79, 0x29, 0x29, 0x29, 0x3b, 
0x0a, 0x00, 0x20, 0x20, 0x20, 0x20, 0x72, 0x65, 0x74, 0x75, 0x72, 0x6e, 0x20, 0x6e, 0x6f, 0x72, 0x6d, 0x61, 0x6c, 0x69, 
0x7a, 0x65, 0x28, 0x76, 0x65, 0x63, 0x33, 0x3c, 0x66, 0x33, 0x32, 0x3e, 0x28, 0x76, 0x5f, 0x35, 0x36, 0x2e, 0x78, 0x2c, 
0x20, 0x2d, 0x28, 0x76, 0x5f, 0x35, 0x36, 0x2e, 0x79, 0x29, 0x2c, 0x20, 0x31, 0x2e, 0x30, 0x66, 0x29, 0x29, 0x3b, 0x0a, 
0x00, 0x20, 0x20, 0x20, 0x20, 0x72, 0x65, 0x74, 0x75, 0x72, 0x6e, 0x20, 0x6e, 0x6f, 0x72, 0x6d, 0x61, 0x6c, 0x69, 0x7a, 
0x65, 0x28, 0x76, 0x65, 0x63, 0x33, 0x3c, 0x66, 0x33, 0x32, 0x3e, 0x28, 0x2d, 0x28, 0x76, 0x5f, 0x35, 0x36, 0x2e, 0x78, 
0x29, 0x2c, 0x20, 0x2d, 0x28, 0x76, 0x5f, 0x35, 0x36, 0x2e, 0x79, 0x29, 0x2c, 0x20, 0x2d, 0x31, 0x2e, 0x30, 0x66, 0x29, 
0x29, 0x3b, 0x0a, 0x00, 0x66, 0x6e, 0x20, 0x6d, 0x61, 0x69, 0x6e, 0x28, 0x40, 0x6c, 0x6f, 0x63, 0x61, 0x74, 0x69, 0x6f, 
0x6e, 0x28, 0x36, 0x75, 0x29, 0x20, 0x76, 0x65, 0x72, 0x74, 0x65, 0x78, 0x5f, 0x77, 0x6f, 0x72, 0x6c, 0x64, 0x50, 0x6f, 
0x73, 0x69, 0x74, 0x69, 0x6f, 0x6e, 0x20, 0x3a, 0x20, 0x76, 0x65, 0x63, 0x34, 0x3c, 0x66, 0x33, 0x32, 0x3e, 0x2c, 0x20, 
0x40, 0x6c, 0x6f, 0x63, 0x61, 0x74, 0x69, 0x6f, 0x6e, 0x28, 0x30, 0x75, 0x29, 0x20, 0x76, 0x61, 0x72, 0x69, 0x61, 0x62, 
0x6c, 0x65, 0x5f, 0x69, 0x6d, 0x61, 0x67, 0x65, 0x55, 0x56, 0x20, 0x3a, 0x20, 0x76, 0x65, 0x63, 0x34, 0x3c, 0x66, 0x33, 
0x32, 0x3e, 0x29, 0x20, 0x2d, 0x3e, 0x20, 0x74, 0x69, 0x6e, 0x74, 0x5f, 0x73, 0x79, 0x6d, 0x62, 0x6f, 0x6c, 0x20, 0x7b, 
0x0a, 0x00, 0x20, 0x20, 0x6d, 0x61, 0x69, 0x6e, 0x5f, 0x69, 0x6e, 0x6e, 0x65, 0x72, 0x28, 0x76, 0x65, 0x72, 0x74, 0x65, 
0x78, 0x5f, 0x77, 0x6f, 0x72, 0x6c, 0x64, 0x50, 0x6f, 0x73, 0x69, 0x74, 0x69, 0x6f, 0x6e, 0x2c, 0x20, 0x76, 0x61, 0x72, 
0x69, 0x61, 0x62, 0x6c, 0x65, 0x5f, 0x69, 0x6d, 0x61, 0x67, 0x65, 0x55, 0x56, 0x29, 0x3b, 0x0a, 0x00, 0x73, 0x74, 0x72, 
0x75, 0x63, 0x74, 0x20, 0x50, 0x65, 0x72, 0x52, 0x65, 0x6e, 0x64, 0x65, 0x72, 0x61, 0x62, 0x6c, 0x65, 0x44, 0x61, 0x74, 
0x61, 0x5f, 0x31, 0x20, 0x7b, 0x0a, 0x00, 0x20, 0x20, 0x77, 0x6f, 0x72, 0x6c, 0x64, 0x46, 0x72, 0x6f, 0x6d, 0x4d, 0x6f, 
0x64, 0x65, 0x6c, 0x4d, 0x61, 0x74, 0x72, 0x69, 0x78, 0x20, 0x3a, 0x20, 0x6d, 0x61, 0x74, 0x34, 0x78, 0x34, 0x3c, 0x66, 
0x33, 0x32, 0x3e, 0x2c, 0x0a, 0x00, 0x20, 0x20, 0x77, 0x6f, 0x72, 0x6c, 0x64, 0x46, 0x72, 0x6f, 0x6d, 0x4d, 0x6f, 0x64, 
0x65, 0x6c, 0x4e, 0x6f, 0x72, 0x6d, 0x61, 0x6c, 0x4d, 0x61, 0x74, 0x72, 0x69, 0x78, 0x20, 0x3a, 0x20, 0x6d, 0x61, 0x74, 
0x33, 0x78, 0x33, 0x3c, 0x66, 0x33, 0x32, 0x3e, 0x2c, 0x0a, 0x00, 0x20, 0x20, 0x6d, 0x6f, 0x72, 0x70, 0x68, 0x54, 0x61, 
0x72, 0x67, 0x65, 0x74, 0x43, 0x6f, 0x75, 0x6e, 0x74, 0x20, 0x3a, 0x20, 0x69, 0x33, 0x32, 0x2c, 0x0a, 0x00, 0x20, 0x20, 
0x66, 0x6c, 0x61, 0x67, 0x73, 0x43, 0x68, 0x61, 0x6e, 0x6e, 0x65, 0x6c, 0x73, 0x20, 0x3a, 0x20, 0x69, 0x33, 0x32, 0x2c, 
0x0a, 0x00, 0x20, 0x20, 0x6f, 0x62, 0x6a, 0x65, 0x63, 0x74, 0x49, 0x64, 0x20, 0x3a, 0x20, 0x69, 0x33, 0x32, 0x2c, 0x0a, 
0x00, 0x20, 0x20, 0x75, 0x73, 0x65, 0x72, 0x44, 0x61, 0x74, 0x61, 0x20, 0x3a, 0x20, 0x66, 0x33, 0x32, 0x2c, 0x0a, 0x00, 
0x20, 0x20, 0x72, 0x65, 0x73, 0x65, 0x72, 0x76, 0x65, 0x64, 0x20, 0x3a, 0x20, 0x61, 0x72, 0x72, 0x61, 0x79, 0x3c, 0x76, 
0x65, 0x63, 0x34, 0x3c, 0x66, 0x33, 0x32, 0x3e, 0x2c, 0x20, 0x38, 0x75, 0x3e, 0x2c, 0x0a, 0x00, 0x73, 0x74, 0x72, 0x75, 
0x63, 0x74, 0x20, 0x4f, 0x62, 0x6a, 0x65, 0x63, 0x74, 0x55, 0x6e, 0x69, 0x66, 0x6f, 0x72, 0x6d, 0x73, 0x5f, 0x31, 0x20, 
0x7b, 0x0a, 0x00, 0x20, 0x20, 0x64, 0x61, 0x74, 0x61, 0x20, 0x3a, 0x20, 0x61, 0x72, 0x72, 0x61, 0x79, 0x3c, 0x50, 0x65, 
0x72, 0x52, 0x65, 0x6e, 0x64, 0x65, 0x72, 0x61, 0x62, 0x6c, 0x65, 0x44, 0x61, 0x74, 0x61, 0x5f, 0x31, 0x2c, 0x20, 0x36, 
0x34, 0x75, 0x3e, 0x2c, 0x0a, 0x00, 0x40, 0x67, 0x72, 0x6f, 0x75, 0x70, 0x28, 0x31, 0x75, 0x29, 0x20, 0x40, 0x62, 0x69, 
0x6e, 0x64, 0x69, 0x6e, 0x67, 0x28, 0x30, 0x75, 0x29, 0x20, 0x76, 0x61, 0x72, 0x3c, 0x75, 0x6e, 0x69, 0x66, 0x6f, 0x72, 
0x6d, 0x3e, 0x20, 0x6f, 0x62, 0x6a, 0x65, 0x63, 0x74, 0x55, 0x6e, 0x69, 0x66, 0x6f, 0x72, 0x6d, 0x73, 0x20, 0x3a, 0x20, 
0x4f, 0x62, 0x6a, 0x65, 0x63, 0x74, 0x55, 0x6e, 0x69, 0x66, 0x6f, 0x72, 0x6d, 0x73, 0x5f, 0x31, 0x3b, 0x0a, 0x00, 0x76, 
0x61, 0x72, 0x3c, 0x70, 0x72, 0x69, 0x76, 0x61, 0x74, 0x65, 0x3e, 0x20, 0x6f, 0x75, 0x74, 0x50, 0x69, 0x63, 0x6b, 0x69, 
0x6e, 0x67, 0x20, 0x3a, 0x20, 0x76, 0x65, 0x63, 0x32, 0x3c, 0x75, 0x33, 0x32, 0x3e, 0x3b, 0x0a, 0x00, 0x66, 0x6e, 0x20, 
0x6d, 0x61, 0x69, 0x6e, 0x5f, 0x69, 0x6e, 0x6e, 0x65, 0x72, 0x28, 0x76, 0x61, 0x72, 0x69, 0x61, 0x62, 0x6c, 0x65, 0x5f, 
0x69, 0x6d, 0x61, 0x67, 0x65, 0x55, 0x56, 0x20, 0x3a, 0x20, 0x76, 0x65, 0x63, 0x34, 0x3c, 0x66, 0x33, 0x32, 0x3e, 0x2c, 
0x20, 0x69, 0x6e, 0x73, 0x74, 0x61, 0x6e, 0x63, 0x65, 0x5f, 0x69, 0x6e, 0x64, 0x65, 0x78, 0x20, 0x3a, 0x20, 0x69, 0x33, 
0x32, 0x2c, 0x20, 0x76, 0x65, 0x72, 0x74, 0x65, 0x78, 0x5f, 0x70, 0x6f, 0x73, 0x69, 0x74, 0x69, 0x6f, 0x6e, 0x20, 0x3a, 
0x20, 0x76, 0x65, 0x63, 0x34, 0x3c, 0x66, 0x33, 0x32, 0x3e, 0x29, 0x20, 0x7b, 0x0a, 0x00, 0x20, 0x20, 0x6c, 0x65, 0x74, 
0x20, 0x76, 0x5f, 0x32, 0x20, 0x3d, 0x20, 0x6f, 0x62, 0x6a, 0x65, 0x63, 0x74, 0x55, 0x6e, 0x69, 0x66, 0x6f, 0x72, 0x6d, 
0x73, 0x2e, 0x64, 0x61, 0x74, 0x61, 0x5b, 0x69, 0x6e, 0x73, 0x74, 0x61, 0x6e, 0x63, 0x65, 0x5f, 0x69, 0x6e, 0x64, 0x65, 
0x78, 0x5d, 0x2e, 0x6f, 0x62, 0x6a, 0x65, 0x63, 0x74, 0x49, 0x64, 0x3b, 0x0a, 0x00, 0x20, 0x20, 0x20, 0x20, 0x76, 0x61, 
0x72, 0x20, 0x76, 0x5f, 0x31, 0x34, 0x20, 0x3a, 0x20, 0x76, 0x65, 0x63, 0x32, 0x3c, 0x66, 0x33, 0x32, 0x3e, 0x20, 0x3d, 
0x20, 0x76, 0x5f, 0x35, 0x3b, 0x0a, 0x00, 0x20, 0x20, 0x20, 0x20, 0x76, 0x5f, 0x31, 0x34, 0x2e, 0x79, 0x20, 0x3d, 0x20, 
0x28, 0x31, 0x2e, 0x30, 0x66, 0x20, 0x2d, 0x20, 0x76, 0x5f, 0x35, 0x2e, 0x79, 0x29, 0x3b, 0x0a, 0x00, 0x20, 0x20, 0x20, 
0x20, 0x6c, 0x65, 0x74, 0x20, 0x76, 0x5f, 0x31, 0x35, 0x20, 0x3d, 0x20, 0x76, 0x5f, 0x31, 0x34, 0x3b, 0x0a, 0x00, 0x20, 
0x20, 0x20, 0x20, 0x76, 0x5f, 0x31, 0x20, 0x3d, 0x20, 0x76, 0x5f, 0x31, 0x35, 0x3b, 0x0a, 0x00, 0x20, 0x20, 0x20, 0x20, 
0x76, 0x5f, 0x31, 0x36, 0x28, 0x26, 0x28, 0x76, 0x29, 0x2c, 0x20, 0x26, 0x28, 0x76, 0x5f, 0x31, 0x29, 0x29, 0x3b, 0x0a, 
0x00, 0x20, 0x20, 0x6f, 0x75, 0x74, 0x50, 0x69, 0x63, 0x6b, 0x69, 0x6e, 0x67, 0x2e, 0x78, 0x20, 0x3d, 0x20, 0x62, 0x69, 
0x74, 0x63, 0x61, 0x73, 0x74, 0x3c, 0x75, 0x33, 0x32, 0x3e, 0x28, 0x76, 0x5f, 0x32, 0x29, 0x3b, 0x0a, 0x00, 0x20, 0x20, 
0x6f, 0x75, 0x74, 0x50, 0x69, 0x63, 0x6b, 0x69, 0x6e, 0x67, 0x2e, 0x79, 0x20, 0x3d, 0x20, 0x62, 0x69, 0x74, 0x63, 0x61, 
0x73, 0x74, 0x3c, 0x75, 0x33, 0x32, 0x3e, 0x28, 0x28, 0x76, 0x65, 0x72, 0x74, 0x65, 0x78, 0x5f, 0x70, 0x6f, 0x73, 0x69, 
0x74, 0x69, 0x6f, 0x6e, 0x2e, 0x7a, 0x20, 0x2f, 0x20, 0x76, 0x65, 0x72, 0x74, 0x65, 0x78, 0x5f, 0x70, 0x6f, 0x73, 0x69, 
0x74, 0x69, 0x6f, 0x6e, 0x2e, 0x77, 0x29, 0x29, 0x3b, 0x0a, 0x00, 0x66, 0x6e, 0x20, 0x76, 0x5f, 0x31, 0x36, 0x28, 0x66, 
0x61, 0x63, 0x65, 0x20, 0x3a, 0x20, 0x70, 0x74, 0x72, 0x3c, 0x66, 0x75, 0x6e, 0x63, 0x74, 0x69, 0x6f, 0x6e, 0x2c, 0x20, 
0x69, 0x33, 0x32, 0x3e, 0x2c, 0x20, 0x75, 0x76, 0x20, 0x3a, 0x20, 0x70, 0x74, 0x72, 0x3c, 0x66, 0x75, 0x6e, 0x63, 0x74, 
0x69, 0x6f, 0x6e, 0x2c, 0x20, 0x76, 0x65, 0x63, 0x32, 0x3c, 0x66, 0x33, 0x32, 0x3e, 0x3e, 0x29, 0x20, 0x2d, 0x3e, 0x20, 
0x76, 0x65, 0x63, 0x33, 0x3c, 0x66, 0x33, 0x32, 0x3e, 0x20, 0x7b, 0x0a, 0x00, 0x20, 0x20, 0x6c, 0x65, 0x74, 0x20, 0x76, 
0x5f, 0x31, 0x37, 0x20, 0x3d, 0x20, 0x28, 0x28, 0x2a, 0x28, 0x75, 0x76, 0x29, 0x20, 0x2a, 0x20, 0x32, 0x2e, 0x30, 0x66, 
0x29, 0x20, 0x2d, 0x20, 0x76, 0x65, 0x63, 0x32, 0x3c, 0x66, 0x33, 0x32, 0x3e, 0x28, 0x31, 0x2e, 0x30, 0x66, 0x29, 0x29, 
0x3b, 0x0a, 0x00, 0x20, 0x20, 0x20, 0x20, 0x72, 0x65, 0x74, 0x75, 0x72, 0x6e, 0x20, 0x6e, 0x6f, 0x72, 0x6d, 0x61, 0x6c, 
0x69, 0x7a, 0x65, 0x28, 0x76, 0x65, 0x63, 0x33, 0x3c, 0x66, 0x33, 0x32, 0x3e, 0x28, 0x31, 0x2e, 0x30, 0x66, 0x2c, 0x20, 
0x2d, 0x28, 0x76, 0x5f, 0x31, 0x37, 0x2e, 0x79, 0x29, 0x2c, 0x20, 0x2d, 0x28, 0x76, 0x5f, 0x31, 0x37, 0x2e, 0x78, 0x29, 
0x29, 0x29, 0x3b, 0x0a, 0x00, 0x20, 0x20, 0x20, 0x20, 0x72, 0x65, 0x74, 0x75, 0x72, 0x6e, 0x20, 0x6e, 0x6f, 0x72, 0x6d, 
0x61, 0x6c, 0x69, 0x7a, 0x65, 0x28, 0x76, 0x65, 0x63, 0x33, 0x3c, 0x66, 0x33, 0x32, 0x3e, 0x28, 0x2d, 0x31, 0x2e, 0x30, 
0x66, 0x2c, 0x20, 0x2d, 0x28, 0x76, 0x5f, 0x31, 0x37, 0x2e, 0x79, 0x29, 0x2c, 0x20, 0x76, 0x5f, 0x31, 0x37, 0x2e, 0x78, 
0x29, 0x29, 0x3b, 0x0a, 0x00, 0x20, 0x20, 0x20, 0x20, 0x72, 0x65, 0x74, 0x75, 0x72, 0x6e, 0x20, 0x6e, 0x6f, 0x72, 0x6d, 
0x61, 0x6c, 0x69, 0x7a, 0x65, 0x28, 0x76, 0x65, 0x63, 0x33, 0x3c, 0x66, 0x33, 0x32, 0x3e, 0x28, 0x76, 0x5f, 0x31, 0x37, 
0x2e, 0x78, 0x2c, 0x20, 0x31, 0x2e, 0x30, 0x66, 0x2c, 0x20, 0x76, 0x5f, 0x31, 0x37, 0x2e, 0x79, 0x29, 0x29, 0x3b, 0x0a, 
0x00, 0x20, 0x20, 0x20, 0x20, 0x72, 0x65, 0x74, 0x75, 0x72, 0x6e, 0x20, 0x6e, 0x6f, 0x72, 0x6d, 0x61, 0x6c, 0x69, 0x7a, 
0x65, 0x28, 0x76, 0x65, 0x63, 0x33, 0x3c, 0x66, 0x33, 0x32, 0x3e, 0x28, 0x76, 0x5f, 0x31, 0x37, 0x2e, 0x78, 0x2c, 0x20, 
0x2d, 0x31, 0x2e, 0x30, 0x66, 0x2c, 0x20, 0x2d, 0x28, 0x76, 0x5f, 0x31, 0x37, 0x2e, 0x79, 0x29, 0x29, 0x29, 0x3b, 0x0a, 
0x00, 0x20, 0x20, 0x20, 0x20, 0x72, 0x65, 0x74, 0x75, 0x72, 0x6e, 0x20, 0x6e, 0x6f, 0x72, 0x6d, 0x61, 0x6c, 0x69, 0x7a, 
0x65, 0x28, 0x76, 0x65, 0x63, 0x33, 0x3c, 0x66, 0x33, 0x32, 0x3e, 0x28, 0x76, 0x5f, 0x31, 0x37, 0x2e, 0x78, 0x2c, 0x20, 
0x2d, 0x28, 0x76, 0x5f, 0x31, 0x37, 0x2e, 0x79, 0x29, 0x2c, 0x20, 0x31, 0x2e, 0x30, 0x66, 0x29, 0x29, 0x3b, 0x0a, 0x00, 
0x20, 0x20, 0x20, 0x20, 0x72, 0x65, 0x74, 0x75, 0x72, 0x6e, 0x20, 0x6e, 0x6f, 0x72, 0x6d, 0x61, 0x6c, 0x69, 0x7a, 0x65, 
0x28, 0x76, 0x65, 0x63, 0x33, 0x3c, 0x66, 0x33, 0x32, 0x3e, 0x28, 0x2d, 0x28, 0x76, 0x5f, 0x31, 0x37, 0x2e, 0x78, 0x29, 
0x2c, 0x20, 0x2d, 0x28, 0x76, 0x5f, 0x31, 0x37, 0x2e, 0x79, 0x29, 0x2c, 0x20, 0x2d, 0x31, 0x2e, 0x30, 0x66, 0x29, 0x29, 
0x3b, 0x0a, 0x00, 0x20, 0x20, 0x40, 0x6c, 0x6f, 0x63, 0x61, 0x74, 0x69, 0x6f, 0x6e, 0x28, 0x30, 0x75, 0x29, 0x20, 0x40, 
0x69, 0x6e, 0x74, 0x65, 0x72, 0x70, 0x6f, 0x6c, 0x61, 0x74, 0x65, 0x28, 0x66, 0x6c, 0x61, 0x74, 0x29, 0x0a, 0x00, 0x20, 
0x20, 0x6f, 0x75, 0x74, 0x50, 0x69, 0x63, 0x6b, 0x69, 0x6e, 0x67, 0x20, 0x3a, 0x20, 0x76, 0x65, 0x63, 0x32, 0x3c, 0x75, 
0x33, 0x32, 0x3e, 0x2c, 0x0a, 0x00, 0x66, 0x6e, 0x20, 0x6d, 0x61, 0x69, 0x6e, 0x28, 0x40, 0x6c, 0x6f, 0x63, 0x61, 0x74, 
0x69, 0x6f, 0x6e, 0x28, 0x30, 0x75, 0x29, 0x20, 0x76, 0x61, 0x72, 0x69, 0x61, 0x62, 0x6c, 0x65, 0x5f, 0x69, 0x6d, 0x61, 
0x67, 0x65, 0x55, 0x56, 0x20, 0x3a, 0x20, 0x76, 0x65, 0x63, 0x34, 0x3c, 0x66, 0x33, 0x32, 0x3e, 0x2c, 0x20, 0x40, 0x6c, 
0x6f, 0x63, 0x61, 0x74, 0x69, 0x6f, 0x6e, 0x28, 0x31, 0x30, 0x75, 0x29, 0x20, 0x40, 0x69, 0x6e, 0x74, 0x65, 0x72, 0x70, 
0x6f, 0x6c, 0x61, 0x74, 0x65, 0x28, 0x66, 0x6c, 0x61, 0x74, 0x29, 0x20, 0x69, 0x6e, 0x73, 0x74, 0x61, 0x6e, 0x63, 0x65, 
0x5f, 0x69, 0x6e, 0x64, 0x65, 0x78, 0x20, 0x3a, 0x20, 0x69, 0x33, 0x32, 0x2c, 0x20, 0x40, 0x6c, 0x6f, 0x63, 0x61, 0x74, 
0x69, 0x6f, 0x6e, 0x28, 0x39, 0x75, 0x29, 0x20, 0x76, 0x65, 0x72, 0x74, 0x65, 0x78, 0x5f, 0x70, 0x6f, 0x73, 0x69, 0x74, 
0x69, 0x6f, 0x6e, 0x20, 0x3a, 0x20, 0x76, 0x65, 0x63, 0x34, 0x3c, 0x66, 0x33, 0x32, 0x3e, 0x29, 0x20, 0x2d, 0x3e, 0x20, 
0x74, 0x69, 0x6e, 0x74, 0x5f, 0x73, 0x79, 0x6d, 0x62, 0x6f, 0x6c, 0x20, 0x7b, 0x0a, 0x00, 0x20, 0x20, 0x6d, 0x61, 0x69, 
0x6e, 0x5f, 0x69, 0x6e, 0x6e, 0x65, 0x72, 0x28, 0x76, 0x61, 0x72, 0x69, 0x61, 0x62, 0x6c, 0x65, 0x5f, 0x69, 0x6d, 0x61, 
0x67, 0x65, 0x55, 0x56, 0x2c, 0x20, 0x69, 0x6e, 0x73, 0x74, 0x61, 0x6e, 0x63, 0x65, 0x5f, 0x69, 0x6e, 0x64, 0x65, 0x78, 
0x2c, 0x20, 0x76, 0x65, 0x72, 0x74, 0x65, 0x78, 0x5f, 0x70, 0x6f, 0x73, 0x69, 0x74, 0x69, 0x6f, 0x6e, 0x29, 0x3b, 0x0a, 
0x00, 0x20, 0x20, 0x72, 0x65, 0x74, 0x75, 0x72, 0x6e, 0x20, 0x74, 0x69, 0x6e, 0x74, 0x5f, 0x73, 0x79, 0x6d, 0x62, 0x6f, 
0x6c, 0x28, 0x67, 0x6c, 0x5f, 0x46, 0x72, 0x61, 0x67, 0x44, 0x65, 0x70, 0x74, 0x68, 0x2c, 0x20, 0x6f, 0x75, 0x74, 0x50, 
0x69, 0x63, 0x6b, 0x69, 0x6e, 0x67, 0x29, 0x3b, 0x0a, 0x00, 0x75, 0x6e, 0x69, 0x66, 0x6f, 0x72, 0x6d, 0x20, 0x6d, 0x65, 
0x64, 0x69, 0x75, 0x6d, 0x70, 0x20, 0x73, 0x61, 0x6d, 0x70, 0x6c, 0x65, 0x72, 0x43, 0x75, 0x62, 0x65, 0x20, 0x73, 0x61, 
0x6d, 0x70, 0x6c, 0x65, 0x72, 0x30, 0x5f, 0x66, 0x6f, 0x67, 0x3b, 0x0a, 0x00, 0x69, 0x6e, 0x20, 0x68, 0x69, 0x67, 0x68, 
0x70, 0x20, 0x76, 0x65, 0x63, 0x34, 0x20, 0x76, 0x65, 0x72, 0x74, 0x65, 0x78, 0x5f, 0x77, 0x6f, 0x72, 0x6c, 0x64, 0x50, 
0x6f, 0x73, 0x69, 0x74, 0x69, 0x6f, 0x6e, 0x3b, 0x0a, 0x00, 0x76, 0x65, 0x63, 0x34, 0x20, 0x66, 0x6f, 0x67, 0x28, 0x68, 
0x69, 0x67, 0x68, 0x70, 0x20, 0x76, 0x65, 0x63, 0x33, 0x20, 0x76, 0x69, 0x65, 0x77, 0x2c, 0x6d, 0x65, 0x64, 0x69, 0x75, 
0x6d, 0x70, 0x20, 0x73, 0x61, 0x6d, 0x70, 0x6c, 0x65, 0x72, 0x43, 0x75, 0x62, 0x65, 0x20, 0x66, 0x6f, 0x67, 0x43, 0x6f, 
0x6c, 0x6f, 0x72, 0x54, 0x65, 0x78, 0x74, 0x75, 0x72, 0x65, 0x29, 0x0a, 0x00, 0x2d, 0x66, 0x72, 0x61, 0x6d, 0x65, 0x55, 
0x6e, 0x69, 0x66, 0x6f, 0x72, 0x6d, 0x73, 0x2e, 0x67, 0x7a, 0x7a, 0x2c, 0x30, 0x2e, 0x30, 0x29, 0x29, 0x29, 0x3b, 0x0a, 
0x00, 0x3d, 0x6d, 0x69, 0x6e, 0x28, 0x31, 0x2e, 0x30, 0x2d, 0x00, 0x2c, 0x66, 0x72, 0x61, 0x6d, 0x65, 0x55, 0x6e, 0x69, 
0x66, 0x6f, 0x72, 0x6d, 0x73, 0x2e, 0x68, 0x7a, 0x7a, 0x29, 0x3b, 0x0a, 0x00, 0x2a, 0x66, 0x72, 0x61, 0x6d, 0x65, 0x55, 
0x6e, 0x69, 0x66, 0x6f, 0x72, 0x6d, 0x73, 0x2e, 0x70, 0x7a, 0x7a, 0x29, 0x2d, 0x66, 0x72, 0x61, 0x6d, 0x65, 0x55, 0x6e, 
0x69, 0x66, 0x6f, 0x72, 0x6d, 0x73, 0x2e, 0x71, 0x7a, 0x7a, 0x3b, 0x0a, 0x00, 0x2e, 0x78, 0x2c, 0x63, 0x6c, 0x61, 0x6d, 
0x70, 0x28, 0x00, 0x2c, 0x30, 0x2e, 0x30, 0x2c, 0x31, 0x2e, 0x30, 0x29, 0x29, 0x29, 0x2e, 0x78, 0x79, 0x7a, 0x3b, 0x0a, 
0x00, 0x2d, 0x66, 0x72, 0x61, 0x6d, 0x65, 0x55, 0x6e, 0x69, 0x66, 0x6f, 0x72, 0x6d, 0x73, 0x2e, 0x6e, 0x7a, 0x7a, 0x2c, 
0x30, 0x2e, 0x30, 0x29, 0x29, 0x29, 0x3b, 0x0a, 0x00, 0x3d, 0x6d, 0x61, 0x78, 0x28, 0x64, 0x6f, 0x74, 0x28, 0x6e, 0x6f, 
0x72, 0x6d, 0x61, 0x6c, 0x69, 0x7a, 0x65, 0x28, 0x76, 0x69, 0x65, 0x77, 0x29, 0x2c, 0x66, 0x72, 0x61, 0x6d, 0x65, 0x55, 
0x6e, 0x69, 0x66, 0x6f, 0x72, 0x6d, 0x73, 0x2e, 0x6e, 0x7a, 0x29, 0x2c, 0x30, 0x2e, 0x30, 0x29, 0x3b, 0x0a, 0x00, 0x2b, 
0x28, 0x28, 0x66, 0x72, 0x61, 0x6d, 0x65, 0x55, 0x6e, 0x69, 0x66, 0x6f, 0x72, 0x6d, 0x73, 0x2e, 0x70, 0x7a, 0x2e, 0x78, 
0x79, 0x7a, 0x2a, 0x66, 0x72, 0x61, 0x6d, 0x65, 0x55, 0x6e, 0x69, 0x66, 0x6f, 0x72, 0x6d, 0x73, 0x2e, 0x70, 0x7a, 0x2e, 
0x77, 0x29, 0x2a, 0x28, 0x70, 0x6f, 0x77, 0x28, 0x00, 0x2c, 0x66, 0x72, 0x61, 0x6d, 0x65, 0x55, 0x6e, 0x69, 0x66, 0x6f, 
0x72, 0x6d, 0x73, 0x2e, 0x6f, 0x7a, 0x7a, 0x29, 0x2a, 0x28, 0x31, 0x2e, 0x30, 0x2d, 0x00, 0x29, 0x29, 0x29, 0x3b, 0x0a, 
0x00, 0x68, 0x69, 0x67, 0x68, 0x70, 0x20, 0x76, 0x65, 0x63, 0x33, 0x20, 0x70, 0x61, 0x72, 0x61, 0x6d, 0x3d, 0x66, 0x72, 
0x61, 0x6d, 0x65, 0x55, 0x6e, 0x69, 0x66, 0x6f, 0x72, 0x6d, 0x73, 0x2e, 0x72, 0x7a, 0x7a, 0x2a, 0x28, 0x76, 0x65, 0x72, 
0x74, 0x65, 0x78, 0x5f, 0x77, 0x6f, 0x72, 0x6c, 0x64, 0x50, 0x6f, 0x73, 0x69, 0x74, 0x69, 0x6f, 0x6e, 0x2e, 0x78, 0x79, 
0x7a, 0x2d, 0x66, 0x72, 0x61, 0x6d, 0x65, 0x55, 0x6e, 0x69, 0x66, 0x6f, 0x72, 0x6d, 0x73, 0x2e, 0x62, 0x5b, 0x33, 0x5d, 
0x2e, 0x78, 0x79, 0x7a, 0x29, 0x3b, 0x0a, 0x00, 0x68, 0x69, 0x67, 0x68, 0x70, 0x20, 0x6d, 0x61, 0x74, 0x34, 0x20, 0x77, 
0x6f, 0x72, 0x6c, 0x64, 0x46, 0x72, 0x6f, 0x6d, 0x4d, 0x6f, 0x64, 0x65, 0x6c, 0x4d, 0x61, 0x74, 0x72, 0x69, 0x78, 0x3b, 
0x0a, 0x00, 0x68, 0x69, 0x67, 0x68, 0x70, 0x20, 0x6d, 0x61, 0x74, 0x33, 0x20, 0x77, 0x6f, 0x72, 0x6c, 0x64, 0x46, 0x72, 
0x6f, 0x6d, 0x4d, 0x6f, 0x64, 0x65, 0x6c, 0x4e, 0x6f, 0x72, 0x6d, 0x61, 0x6c, 0x4d, 0x61, 0x74, 0x72, 0x69, 0x78, 0x3b, 
0x0a, 0x00, 0x68, 0x69, 0x67, 0x68, 0x70, 0x20, 0x69, 0x6e, 0x74, 0x20, 0x6d, 0x6f, 0x72, 0x70, 0x68, 0x54, 0x61, 0x72, 
0x67, 0x65, 0x74, 0x43, 0x6f, 0x75, 0x6e, 0x74, 0x3b, 0x0a, 0x00, 0x68, 0x69, 0x67, 0x68, 0x70, 0x20, 0x69, 0x6e, 0x74, 
0x20, 0x66, 0x6c, 0x61, 0x67, 0x73, 0x43, 0x68, 0x61, 0x6e, 0x6e, 0x65, 0x6c, 0x73, 0x3b, 0x0a, 0x00, 0x68, 0x69, 0x67, 
0x68, 0x70, 0x20, 0x69, 0x6e, 0x74, 0x20, 0x6f, 0x62, 0x6a, 0x65, 0x63, 0x74, 0x49, 0x64, 0x3b, 0x0a, 0x00, 0x68, 0x69, 
0x67, 0x68, 0x70, 0x20, 0x66, 0x6c, 0x6f, 0x61, 0x74, 0x20, 0x75, 0x73, 0x65, 0x72, 0x44, 0x61, 0x74, 0x61, 0x3b, 0x0a, 
0x00, 0x68, 0x69, 0x67, 0x68, 0x70, 0x20, 0x76, 0x65, 0x63, 0x34, 0x20, 0x72, 0x65, 0x73, 0x65, 0x72, 0x76, 0x65, 0x64, 
0x5b, 0x38, 0x5d, 0x3b, 0x0a, 0x00, 0x66, 0x6c, 0x61, 0x74, 0x20, 0x69, 0x6e, 0x20, 0x68, 0x69, 0x67, 0x68, 0x70, 0x20, 
0x69, 0x6e, 0x74, 0x20, 0x69, 0x6e, 0x73, 0x74, 0x61, 0x6e, 0x63, 0x65, 0x5f, 0x69, 0x6e, 0x64, 0x65, 0x78, 0x3b, 0x0a, 
0x00, 0x6c, 0x61, 0x79, 0x6f, 0x75, 0x74, 0x28, 0x6c, 0x6f, 0x63, 0x61, 0x74, 0x69, 0x6f, 0x6e, 0x3d, 0x30, 0x29, 0x20, 
0x6f, 0x75, 0x74, 0x20, 0x68, 0x69, 0x67, 0x68, 0x70, 0x20, 0x75, 0x76, 0x65, 0x63, 0x32, 0x20, 0x6f, 0x75, 0x74, 0x50, 
0x69, 0x63, 0x6b, 0x69, 0x6e, 0x67, 0x3b, 0x0a, 0x00, 0x69, 0x6e, 0x20, 0x68, 0x69, 0x67, 0x68, 0x70, 0x20, 0x76, 0x65, 
0x63, 0x34, 0x20, 0x76, 0x65, 0x72, 0x74, 0x65, 0x78, 0x5f, 0x70, 0x6f, 0x73, 0x69, 0x74, 0x69, 0x6f, 0x6e, 0x3b, 0x0a, 
0x00, 0x75, 0x6e, 0x69, 0x66, 0x6f, 0x72, 0x6d, 0x20, 0x73, 0x61, 0x6d, 0x70, 0x6c, 0x65, 0x72, 0x43, 0x75, 0x62, 0x65, 
0x20, 0x73, 0x61, 0x6d, 0x70, 0x6c, 0x65, 0x72, 0x30, 0x5f, 0x66, 0x6f, 0x67, 0x3b, 0x0a, 0x00, 0x6c, 0x61, 0x79, 0x6f, 
0x75, 0x74, 0x28, 0x6c, 0x6f, 0x63, 0x61, 0x74, 0x69, 0x6f, 0x6e, 0x3d, 0x36, 0x29, 0x20, 0x69, 0x6e, 0x20, 0x76, 0x65, 
0x63, 0x34, 0x20, 0x76, 0x65, 0x72, 0x74, 0x65, 0x78, 0x5f, 0x77, 0x6f, 0x72, 0x6c, 0x64, 0x50, 0x6f, 0x73, 0x69, 0x74, 
0x69, 0x6f, 0x6e, 0x3b, 0x0a, 0x00, 0x76, 0x65, 0x63, 0x34, 0x20, 0x66, 0x6f, 0x67, 0x28, 0x76, 0x65, 0x63, 0x33, 0x20, 
0x76, 0x69, 0x65, 0x77, 0x2c, 0x73, 0x61, 0x6d, 0x70, 0x6c, 0x65, 0x72, 0x43, 0x75, 0x62, 0x65, 0x20, 0x66, 0x6f, 0x67, 
0x43, 0x6f, 0x6c, 0x6f, 0x72, 0x54, 0x65, 0x78, 0x74, 0x75, 0x72, 0x65, 0x29, 0x0a, 0x00, 0x3d, 0x6d, 0x69, 0x6e, 0x28, 
0x31, 0x2e, 0x30, 0x2d, 0x65, 0x78, 0x70, 0x28, 0x2d, 0x28, 0x00, 0x2d, 0x66, 0x72, 0x61, 0x6d, 0x65, 0x55, 0x6e, 0x69, 
0x66, 0x6f, 0x72, 0x6d, 0x73, 0x2e, 0x67, 0x7a, 0x7a, 0x2c, 0x30, 0x2e, 0x30, 0x29, 0x29, 0x29, 0x2c, 0x66, 0x72, 0x61, 
0x6d, 0x65, 0x55, 0x6e, 0x69, 0x66, 0x6f, 0x72, 0x6d, 0x73, 0x2e, 0x68, 0x7a, 0x7a, 0x29, 0x3b, 0x0a, 0x00, 0x2e, 0x78, 
0x2c, 0x63, 0x6c, 0x61, 0x6d, 0x70, 0x28, 0x28, 0x00, 0x2a, 0x66, 0x72, 0x61, 0x6d, 0x65, 0x55, 0x6e, 0x69, 0x66, 0x6f, 
0x72, 0x6d, 0x73, 0x2e, 0x70, 0x7a, 0x7a, 0x29, 0x2d, 0x66, 0x72, 0x61, 0x6d, 0x65, 0x55, 0x6e, 0x69, 0x66, 0x6f, 0x72, 
0x6d, 0x73, 0x2e, 0x71, 0x7a, 0x7a, 0x2c, 0x30, 0x2e, 0x30, 0x2c, 0x31, 0x2e, 0x30, 0x29, 0x29, 0x29, 0x2e, 0x78, 0x79, 
0x7a, 0x3b, 0x0a, 0x00, 0x2b, 0x28, 0x28, 0x66, 0x72, 0x61, 0x6d, 0x65, 0x55, 0x6e, 0x69, 0x66, 0x6f, 0x72, 0x6d, 0x73, 
0x2e, 0x70, 0x7a, 0x2e, 0x78, 0x79, 0x7a, 0x2a, 0x66, 0x72, 0x61, 0x6d, 0x65, 0x55, 0x6e, 0x69, 0x66, 0x6f, 0x72, 0x6d, 
0x73, 0x2e, 0x70, 0x7a, 0x2e, 0x77, 0x29, 0x2a, 0x28, 0x70, 0x6f, 0x77, 0x28, 0x6d, 0x61, 0x78, 0x28, 0x64, 0x6f, 0x74, 
0x28, 0x6e, 0x6f, 0x72, 0x6d, 0x61, 0x6c, 0x69, 0x7a, 0x65, 0x28, 0x76, 0x69, 0x65, 0x77, 0x29, 0x2c, 0x66, 0x72, 0x61, 
0x6d, 0x65, 0x55, 0x6e, 0x69, 0x66, 0x6f, 0x72, 0x6d, 0x73, 0x2e, 0x6e, 0x7a, 0x29, 0x2c, 0x30, 0x2e, 0x30, 0x29, 0x2c, 
0x66, 0x72, 0x61, 0x6d, 0x65, 0x55, 0x6e, 0x69, 0x66, 0x6f, 0x72, 0x6d, 0x73, 0x2e, 0x6f, 0x7a, 0x7a, 0x29, 0x2a, 0x28, 
0x31, 0x2e, 0x30, 0x2d, 0x65, 0x78, 0x70, 0x28, 0x2d, 0x28, 0x00, 0x2d, 0x66, 0x72, 0x61, 0x6d, 0x65, 0x55, 0x6e, 0x69, 
0x66, 0x6f, 0x72, 0x6d, 0x73, 0x2e, 0x6e, 0x7a, 0x7a, 0x2c, 0x30, 0x2e, 0x30, 0x29, 0x29, 0x29, 0x29, 0x29, 0x29, 0x3b, 
0x0a, 0x00, 0x76, 0x65, 0x63, 0x33, 0x20, 0x70, 0x61, 0x72, 0x61, 0x6d, 0x3d, 0x66, 0x72, 0x61, 0x6d, 0x65, 0x55, 0x6e, 
0x69, 0x66, 0x6f, 0x72, 0x6d, 0x73, 0x2e, 0x72, 0x7a, 0x7a, 0x2a, 0x28, 0x76, 0x65, 0x72, 0x74, 0x65, 0x78, 0x5f, 0x77, 
0x6f, 0x72, 0x6c, 0x64, 0x50, 0x6f, 0x73, 0x69, 0x74, 0x69, 0x6f, 0x6e, 0x2e, 0x78, 0x79, 0x7a, 0x2d, 0x66, 0x72, 0x61, 
0x6d, 0x65, 0x55, 0x6e, 0x69, 0x66, 0x6f, 0x72, 0x6d, 0x73, 0x2e, 0x62, 0x5b, 0x33, 0x5d, 0x2e, 0x78, 0x79, 0x7a, 0x29, 
0x3b, 0x0a, 0x00, 0x6d, 0x61, 0x74, 0x34, 0x20, 0x77, 0x6f, 0x72, 0x6c, 0x64, 0x46, 0x72, 0x6f, 0x6d, 0x4d, 0x6f, 0x64, 
0x65, 0x6c, 0x4d, 0x61, 0x74, 0x72, 0x69, 0x78, 0x3b, 0x0a, 0x00, 0x6d, 0x61, 0x74, 0x33, 0x20, 0x77, 0x6f, 0x72, 0x6c, 
0x64, 0x46, 0x72, 0x6f, 0x6d, 0x4d, 0x6f, 0x64, 0x65, 0x6c, 0x4e, 0x6f, 0x72, 0x6d, 0x61, 0x6c, 0x4d, 0x61, 0x74, 0x72, 
0x69, 0x78, 0x3b, 0x0a, 0x00, 0x69, 0x6e, 0x74, 0x20, 0x6d, 0x6f, 0x72, 0x70, 0x68, 0x54, 0x61, 0x72, 0x67, 0x65, 0x74, 
0x43, 0x6f, 0x75, 0x6e, 0x74, 0x3b, 0x0a, 0x00, 0x69, 0x6e, 0x74, 0x20, 0x66, 0x6c, 0x61, 0x67, 0x73, 0x43, 0x68, 0x61, 
0x6e, 0x6e, 0x65, 0x6c, 0x73, 0x3b, 0x0a, 0x00, 0x69, 0x6e, 0x74, 0x20, 0x6f, 0x62, 0x6a, 0x65, 0x63, 0x74, 0x49, 0x64, 
0x3b, 0x0a, 0x00, 0x66, 0x6c, 0x6f, 0x61, 0x74, 0x20, 0x75, 0x73, 0x65, 0x72, 0x44, 0x61, 0x74, 0x61, 0x3b, 0x0a, 0x00, 
0x76, 0x65, 0x63, 0x34, 0x20, 0x72, 0x65, 0x73, 0x65, 0x72, 0x76, 0x65, 0x64, 0x5b, 0x38, 0x5d, 0x3b, 0x0a, 0x00, 0x6c, 
0x61, 0x79, 0x6f, 0x75, 0x74, 0x28, 0x6c, 0x6f, 0x63, 0x61, 0x74, 0x69, 0x6f, 0x6e, 0x3d, 0x31, 0x30, 0x29, 0x20, 0x66, 
0x6c, 0x61, 0x74, 0x20, 0x69, 0x6e, 0x20, 0x69, 0x6e, 0x74, 0x20, 0x69, 0x6e, 0x73, 0x74, 0x61, 0x6e, 0x63, 0x65, 0x5f, 
0x69, 0x6e, 0x64, 0x65, 0x78, 0x3b, 0x0a, 0x00, 0x6c, 0x61, 0x79, 0x6f, 0x75, 0x74, 0x28, 0x6c, 0x6f, 0x63, 0x61, 0x74, 
0x69, 0x6f, 0x6e, 0x3d, 0x30, 0x29, 0x20, 0x6f, 0x75, 0x74, 0x20, 0x75, 0x76, 0x65, 0x63, 0x32, 0x20, 0x6f, 0x75, 0x74, 
0x50, 0x69, 0x63, 0x6b, 0x69, 0x6e, 0x67, 0x3b, 0x0a, 0x00, 0x6c, 0x61, 0x79, 0x6f, 0x75, 0x74, 0x28, 0x6c, 0x6f, 0x63, 
0x61, 0x74, 0x69, 0x6f, 0x6e, 0x3d, 0x39, 0x29, 0x20, 0x69, 0x6e, 0x20, 0x76, 0x65, 0x63, 0x34, 0x20, 0x76, 0x65, 0x72, 
0x74, 0x65, 0x78, 0x5f, 0x70, 0x6f, 0x73, 0x69, 0x74, 0x69, 0x6f, 0x6e, 0x3b, 0x0a, 0x00, 0x4c, 0x53, 0x4c, 0x47, 0x5f, 
0x54, 0x41, 0x4d, 0xbb, 0x19, 0x00, 0x00, 0xda, 0x00, 0xd7, 0x00, 0xad, 0x01, 0x00, 0x00, 0x12, 0x00, 0x00, 0x00, 0x00, 
0x00, 0x00, 0x00, 0x01, 0x00, 0x00, 0x8e, 0x00, 0x00, 0x00, 0x01, 0x00, 0x01, 0x20, 0x02, 0x00, 0x00, 0x01, 0x02, 0x00, 
0xe4, 0x04, 0x00, 0x00, 0x01, 0x10, 0x00, 0x8e, 0x00, 0x00, 0x00, 0x01, 0x10, 0x01, 0xae, 0x06, 0x00, 0x00, 0x01, 0x12, 
0x00, 0xe4, 0x04, 0x00, 0x00, 0x01, 0x20, 0x01, 0xfe, 0x07, 0x00, 0x00, 0x01, 0x30, 0x01, 0x21, 0x0c, 0x00, 0x00, 0x01, 
0x70, 0x01, 0x20, 0x02, 0x00, 0x00, 0x02, 0x00, 0x00, 0x9b, 0x0d, 0x00, 0x00, 0x02, 0x00, 0x01, 0xfe, 0x0e, 0x00, 0x00, 
0x02, 0x02, 0x00, 0x9c, 0x11, 0x00, 0x00, 0x02, 0x10, 0x00, 0x9b, 0x0d, 0x00, 0x00, 0x02, 0x10, 0x01, 0x77, 0x13, 0x00, 
0x00, 0x02, 0x12, 0x00, 0x9c, 0x11, 0x00, 0x00, 0x02, 0x20, 0x01, 0xb9, 0x14, 0x00, 0x00, 0x02, 0x30, 0x01, 0x4f, 0x18, 
0x00, 0x00, 0x02, 0x70, 0x01, 0xfe, 0x0e, 0x00, 0x00, 0x88, 0x0a, 0x00, 0x00, 0xe6, 0x00, 0x00, 0x00, 0x40, 0x00, 0x00, 
0x00, 0xe6, 0x00, 0x00, 0x00, 0x58, 0x00, 0x00, 0x00, 0xd7, 0xde, 0x01, 0xdf, 0xe0, 0x16, 0xe1, 0xe2, 0x19, 0xe3, 0x1a, 
0x01, 0x17, 0x7c, 0x7d, 0x7e, 0x7f, 0x80, 0x81, 0x82, 0x83, 0x84, 0x85, 0x86, 0x87, 0x88, 0x89, 0x8a, 0x8b, 0xf0, 0xf0, 
0xf0, 0x8c, 0x8d, 0x8e, 0x8f, 0xf0, 0xf0, 0xf0, 0xf0, 0xf0, 0xf0, 0xf0, 0xf0, 0xf0, 0xf0, 0xf0, 0xf0, 0xf0, 0xf0, 0xf0, 
0x90, 0xf0, 0xf0, 0xf0, 0x91, 0xf0, 0xf0, 0x92, 0xf0, 0xf0, 0x93, 0xf0, 0xf0, 0x94, 0xf0, 0x95, 0xf0, 0xf0, 0x96, 0x97, 
0xf0, 0x98, 0x99, 0x9a, 0xf0, 0xf0, 0x9b, 0xf0, 0x9c, 0x9d, 0x9e, 0x9f, 0xa0, 0xa1, 0xa2, 0xf0, 0xf0, 0xf0, 0xf0, 0xa3, 
0xf0, 0xf0, 0xf0, 0xf0, 0xa4, 0xf0, 0xf0, 0xf0, 0xf0, 0xf0, 0xf0, 0x1b, 0xe4, 0xf0, 0xf0, 0xf0, 0xf0, 0x12, 0x01, 0xe5, 
0x01, 0xe6, 0x00, 0x05, 0x01, 0xe7, 0x00, 0x07, 0xfe, 0xe8, 0x07, 0xfe, 0x04, 0xfe, 0x02, 0xfe, 0xda, 0xfe, 0xe9, 0x07, 
0xfe, 0xea, 0xfe, 0x02, 0x0c, 0xfe, 0x04, 0xfe, 0x1c, 0x07, 0xfe, 0x02, 0xa6, 0xfe, 0xeb, 0x01, 0x07, 0xfe, 0x04, 0xfe, 
0x02, 0xfe, 0xec, 0xfe, 0xed, 0xfe, 0x04, 0xfe, 0x02, 0x00, 0x05, 0x01, 0xfe, 0x04, 0xfe, 0x02, 0x00, 0xdb, 0xfe, 0xee, 
0xfe, 0xef, 0xfe, 0x13, 0x07, 0xfe, 0x04, 0xfe, 0xdc, 0x0b, 0xfe, 0xa5, 0xfe, 0xf0, 0xfe, 0x0f, 0xfe, 0x0e, 0xfe, 0x11, 
0xfe, 0x0a, 0xdb, 0xfe, 0xf0, 0xfe, 0x06, 0xfe, 0xf0, 0xf0, 0xfe, 0xdc, 0x0d, 0xfe, 0x04, 0xfe, 0xf0, 0xf0, 0xfe, 0x0e, 
0xf0, 0xfe, 0x0a, 0xf0, 0xfe, 0x10, 0xf0, 0xfe, 0x02, 0xfe, 0xda, 0xfe, 0xf0, 0xfe, 0xf0, 0xf0, 0xfe, 0x02, 0x00, 0x26, 
0x27, 0x28, 0x29, 0x2a, 0x2b, 0x2c, 0x2d, 0x2e, 0x2f, 0x30, 0x31, 0x32, 0x33, 0x34, 0x35, 0x36, 0x37, 0x38, 0x39, 0x3a, 
0x3b, 0x3c, 0x3d, 0x3e, 0x3f, 0x40, 0x41, 0x42, 0x43, 0x44, 0x45, 0x46, 0x47, 0x48, 0x49, 0x4a, 0x4b, 0x4c, 0x4d, 0x4e, 
0x4f, 0x50, 0x51, 0x52, 0x53, 0x54, 0x55, 0x56, 0x57, 0x58, 0x59, 0x00, 0x01, 0x02, 0x03, 0x04, 0x05, 0x06, 0x07, 0x08, 
0x09, 0x0a, 0x0b, 0xc8, 0x62, 0xb8, 0x51, 0xc8, 0x62, 0xb8, 0x51, 0xc8, 0x62, 0xde, 0x7a, 0xb8, 0x51, 0xbb, 0x6e, 0xde, 
0x7a, 0xe5, 0x8f, 0xbb, 0x6e, 0xda, 0x49, 0xde, 0x7a, 0xda, 0x49, 0xbb, 0x6e, 0xe5, 0x8f, 0xda, 0x49, 0xe5, 0x8f, 0xde, 
0x7a, 0x81, 0x71, 0xe5, 0x8f, 0xe5, 0x8f, 0xf9, 0x75, 0x81, 0x71, 0xf4, 0xac, 0xc8, 0x62, 0xf9, 0x75, 0xf4, 0xac, 0xf9, 
0x75, 0xf4, 0xac, 0xbb, 0x47, 0xf9, 0x75, 0x81, 0x71, 0xbb, 0x47, 0x9f, 0x96, 0xbb, 0x47, 0x9f, 0x96, 0x9f, 0x96, 0x9f, 
0x96, 0xb8, 0x51, 0xb8, 0x51, 0xb8, 0x51, 0xb8, 0x51, 0xb8, 0x51, 0xdf, 0x0d, 0x00, 0x00, 0xa3, 0x01, 0x00, 0x00, 0x58, 
0x00, 0x00, 0x00, 0xa3, 0x01, 0x00, 0x00, 0xb5, 0x00, 0x00, 0x00, 0xd7, 0xf0, 0xf0, 0xf0, 0x01, 0xf0, 0xf0, 0xf0, 0xf0, 
0xf0, 0xf0, 0x16, 0x07, 0xfe, 0x02, 0x0c, 0xfe, 0x02, 0x0d, 0xfe, 0x02, 0x0d, 0xfe, 0x02, 0x0c, 0xfe, 0x02, 0x1a, 0x01, 
0xf0, 0xf0, 0xf0, 0xf0, 0xf0, 0xf0, 0xf0, 0xf0, 0xf0, 0xf0, 0xf0, 0xf0, 0xf0, 0xf0, 0xf0, 0xf0, 0xf0, 0xa7, 0xa8, 0xa9, 
0xf0, 0xf0, 0xf0, 0xf0, 0xaa, 0xab, 0xac, 0xad, 0xae, 0xaf, 0xb0, 0xb1, 0xb2, 0xb3, 0xb4, 0xb5, 0xb6, 0xb7, 0xb8, 0xf0, 
0xb9, 0xba, 0xbb, 0xf0, 0xbc, 0xbd, 0xf0, 0xbe, 0xbf, 0xf0, 0xc0, 0xc1, 0xf0, 0xc2, 0xf0, 0xc3, 0xc4, 0xf0, 0xf0, 0xc5, 
0xf0, 0xf0, 0xf0, 0xc6, 0xc7, 0xf0, 0xc8, 0xf0, 0xf0, 0xf0, 0xf0, 0xf0, 0xf0, 0xf0, 0xc9, 0xca, 0xcb, 0xcc, 0xf0, 0xcd, 
0xce, 0xcf, 0xd0, 0xf0, 0xd1, 0xd2, 0xd3, 0xd4, 0xd5, 0xd6, 0x1b, 0xe6, 0x01, 0xf0, 0xe7, 0xe8, 0xe9, 0xea, 0xeb, 0xec, 
0xf0, 0xf0, 0xf0, 0xf0, 0xed, 0x01, 0x0b, 0xfe, 0xee, 0xef, 0x01, 0xf0, 0xfe, 0xf0, 0xfe, 0xde, 0x00, 0x05, 0x01, 0xf0, 
0x01, 0xf0, 0xfe, 0xe3, 0xfe, 0xde, 0x00, 0x05, 0x01, 0xf0, 0x01, 0xdd, 0xfe, 0xf0, 0xfe, 0xdf, 0x00, 0x05, 0x01, 0xf0, 
0x01, 0xdd, 0xfe, 0xf0, 0xfe, 0xdf, 0x00, 0x05, 0x01, 0xf0, 0x01, 0xdd, 0xfe, 0xe0, 0xfe, 0xf0, 0x00, 0x05, 0x01, 0xf0, 
0xfe, 0xe0, 0xfe, 0xf0, 0x00, 0x00, 0x00, 0x00, 0x00, 0x00, 0x12, 0x01, 0xf0, 0xfe, 0xf0, 0xda, 0xfe, 0xf0, 0xda, 0xfe, 
0x02, 0xdc, 0xfe, 0xdb, 0x01, 0xfe, 0x04, 0xfe, 0xf0, 0x00, 0x05, 0x01, 0xfe, 0x04, 0xfe, 0x02, 0x00, 0xda, 0xfe, 0x02, 
0xdc, 0xfe, 0xdb, 0x01, 0xfe, 0x04, 0xfe, 0xf0, 0x00, 0x05, 0x01, 0xfe, 0x04, 0xfe, 0x02, 0x00, 0xda, 0xfe, 0x02, 0xdc, 
0xfe, 0xdb, 0x01, 0xfe, 0x04, 0xfe, 0xf0, 0x00, 0x05, 0x01, 0xfe, 0x04, 0xfe, 0x02, 0x00, 0xda, 0xfe, 0x02, 0xdc, 0xfe, 
0xdb, 0x01, 0xfe, 0x04, 0xfe, 0xf0, 0x00, 0x05, 0x01, 0xfe, 0x04, 0xfe, 0x02, 0x00, 0x07, 0xfe, 0x02, 0xe2, 0xfe, 0xdb, 
0x01, 0xfe, 0xf0, 0x00, 0x05, 0x01, 0x07, 0xfe, 0x02, 0xf0, 0x01, 0x0b, 0xfe, 0x04, 0xfe, 0x02, 0xfe, 0xe1, 0xfe, 0x0a, 
0x1d, 0xfe, 0xf0, 0x0b, 0xfe, 0x04, 0xfe, 0x02, 0xfe, 0xf0, 0xfe, 0x06, 0xfe, 0xf0, 0x00, 0x05, 0x01, 0xfe, 0xe1, 0xfe, 
0x0a, 0xfe, 0xf0, 0xfe, 0xf0, 0x00, 0x0d, 0xfe, 0x04, 0xfe, 0xf0, 0xfe, 0x1c, 0x07, 0xfe, 0x04, 0xfe, 0x02, 0xfe, 0x0f, 
0xfe, 0x0e, 0xfe, 0x11, 0xfe, 0x0a, 0xfe, 0xe4, 0xfe, 0x10, 0x0d, 0xfe, 0x04, 0xfe, 0xf0, 0xfe, 0x13, 0x07, 0xfe, 0xf0, 
0xfe, 0x06, 0xfe, 0x06, 0xfe, 0x06, 0xfe, 0xe5, 0xfe, 0x0f, 0xfe, 0x0e, 0xfe, 0x11, 0xfe, 0x0a, 0xfe, 0xe4, 0xfe, 0x10, 
0xfe, 0x04, 0xfe, 0x02, 0x00, 0xf0, 0xf0, 0xfe, 0x06, 0xfe, 0x06, 0xfe, 0x06, 0xfe, 0x06, 0xfe, 0x06, 0xfe, 0xf0, 0xfe, 
0x06, 0xfe, 0x06, 0xfe, 0x06, 0xfe, 0x06, 0xfe, 0xe5, 0x00, 0x8e, 0x8f, 0x45, 0x46, 0x47, 0x48, 0x49, 0x4a, 0x4b, 0x28, 
0x9f, 0xa0, 0xa1, 0xa2, 0xa3, 0xa4, 0xa5, 0xa6, 0xa7, 0xa8, 0xa9, 0xaa, 0xab, 0xac, 0xad, 0xae, 0xaf, 0xb0, 0xb1, 0xb2, 
0xb3, 0xb4, 0xb5, 0xb6, 0xb7, 0xb8, 0xb9, 0xba, 0xbb, 0xbc, 0xbd, 0xbe, 0xbf, 0xc0, 0xc1, 0xc2, 0xc3, 0xc4, 0xc5, 0xc6, 
0xc7, 0x28, 0xc8, 0xc9, 0x90, 0x4c, 0x00, 0x01, 0x02, 0x03, 0x04, 0x05, 0x06, 0x07, 0x08, 0x09, 0x0a, 0x0b, 0x4d, 0x0c, 
0x0d, 0x0e, 0x0f, 0x10, 0x11, 0x4e, 0x12, 0x13, 0x4f, 0x50, 0x51, 0x52, 0x53, 0x54, 0x55, 0x14, 0x56, 0x57, 0x02, 0x03, 
0x04, 0x05, 0x06, 0xb7, 0xc1, 0xb7, 0xc1, 0xb7, 0xc1, 0xb7, 0xc1, 0xb7, 0xc1, 0xb7, 0xc1, 0xb7, 0xc1, 0xb7, 0xc1, 0xb7, 
0xc1, 0xb7, 0xc1, 0xb7, 0xc1, 0xb7, 0xc1, 0xb7, 0xc1, 0x9c, 0x59, 0x9d, 0x7a, 0xd6, 0xbf, 0x9d, 0x7a, 0xd6, 0xbf, 0x9c, 
0x59, 0xd6, 0xbf, 0x9d, 0x7a, 0xd7, 0xbf, 0xd6, 0xbf, 0xd7, 0xbf, 0x9c, 0x59, 0xd7, 0xbf, 0xd6, 0xbf, 0xd8, 0xbf, 0xd7, 
0xbf, 0xd8, 0xbf, 0x9c, 0x59, 0xd8, 0xbf, 0xd7, 0xbf, 0xac, 0x55, 0xd8, 0xbf, 0xac, 0x55, 0x9c, 0x59, 0xac, 0x55, 0xd8, 
0xbf, 0xa4, 0x9a, 0xac, 0x55, 0xa4, 0x9a, 0xaa, 0x87, 0xa5, 0x6b, 0x9c, 0x59, 0xa5, 0x6b, 0x9c, 0x59, 0xbb, 0x90, 0x9d, 
0xa3, 0xa5, 0x6b, 0xaa, 0x87, 0xbb, 0x90, 0x9d, 0xa3, 0x9c, 0x59, 0x9c, 0x59, 0xaa, 0x87, 0x9c, 0x59, 0x99, 0xb6, 0xaa, 
0x87, 0xaa, 0x87, 0xb8, 0x34, 0xaa, 0x87, 0xb8, 0x34, 0x99, 0xb6, 0xb8, 0x34, 0x99, 0xb6, 0xb8, 0x34, 0x99, 0xb6, 0xaa, 
0x63, 0xb8, 0x34, 0xb8, 0x34, 0x98, 0xc3, 0x06, 0x06, 0x06, 0x05, 0x98, 0xc3, 0xaa, 0x63, 0x98, 0xc3, 0xaa, 0x63, 0x98, 
0xc3, 0xaa, 0x63, 0xa4, 0x9a, 0x98, 0xc3, 0xa4, 0x9a, 0x02, 0x03, 0x03, 0x03, 0x04, 0x02, 0x03, 0x03, 0x03, 0x04, 0x3d, 
0x0c, 0x00, 0x00, 0x1e, 0x01, 0x00, 0x00, 0x56, 0x00, 0x00, 0x00, 0x1e, 0x01, 0x00, 0x00, 0x42, 0x00, 0x00, 0x00, 0xd7, 
0xf0, 0xde, 0x01, 0xdf, 0xe0, 0x16, 0xe1, 0xe2, 0x19, 0xe3, 0xf0, 0xf0, 0x19, 0xf0, 0x1a, 0x01, 0x17, 0x7c, 0x7d, 0x7e, 
0x7f, 0x80, 0x81, 0x82, 0x83, 0x84, 0x85, 0x86, 0x87, 0x88, 0x89, 0x8a, 0x8b, 0xf0, 0xf0, 0xf0, 0x8c, 0x8d, 0x8e, 0x8f, 
0xf0, 0xf0, 0xf0, 0xf0, 0xf0, 0xf0, 0xf0, 0xf0, 0xf0, 0xf0, 0xf0, 0xf0, 0xf0, 0xf0, 0xf0, 0x90, 0xf0, 0xf0, 0xf0, 0x91, 
0xf0, 0xf0, 0x92, 0xf0, 0xf0, 0x93, 0xf0, 0xf0, 0x94, 0xf0, 0x95, 0xf0, 0xf0, 0x96, 0x97, 0xf0, 0x98, 0x99, 0x9a, 0xf0, 
0xf0, 0x9b, 0xf0, 0x9c, 0x9d, 0x9e, 0x9f, 0xa0, 0xa1, 0xa2, 0xf0, 0xf0, 0xf0, 0xf0, 0xa3, 0xf0, 0xf0, 0xf0, 0xf0, 0xa4, 
0xf0, 0xf0, 0xf0, 0xf0, 0xf0, 0xf0, 0x1b, 0xe4, 0xf0, 0xf0, 0xf0, 0xf0, 0x12, 0x01, 0xe5, 0x01, 0xe6, 0x00, 0x05, 0x01, 
0xe7, 0x00, 0x07, 0xfe, 0xe8, 0x07, 0xfe, 0x04, 0xfe, 0x02, 0xfe, 0xda, 0xfe, 0xe9, 0x07, 0xfe, 0xea, 0xfe, 0x02, 0x0c, 
0xfe, 0x04, 0xfe, 0x1c, 0x07, 0xfe, 0x02, 0xa6, 0xfe, 0xeb, 0x01, 0x07, 0xfe, 0x04, 0xfe, 0x02, 0xfe, 0xec, 0xfe, 0xed, 
0xfe, 0x04, 0xfe, 0x02, 0x00, 0x05, 0x01, 0xfe, 0x04, 0xfe, 0x02, 0x00, 0xdb, 0xfe, 0xee, 0xfe, 0xef, 0xfe, 0x13, 0x07, 
0xfe, 0x04, 0xfe, 0xdc, 0x0b, 0xfe, 0xa5, 0xfe, 0xf0, 0xfe, 0x0f, 0xfe, 0x0e, 0xfe, 0x11, 0xfe, 0x0a, 0xdb, 0xfe, 0xf0, 
0xfe, 0x06, 0xfe, 0xf0, 0xf0, 0xfe, 0xdc, 0x0d, 0xfe, 0x04, 0xfe, 0xf0, 0xf0, 0xfe, 0x0e, 0xf0, 0xfe, 0x0a, 0xf0, 0xfe, 
0x10, 0xf0, 0xfe, 0x02, 0x1d, 0xfe, 0xf0, 0x0c, 0xfe, 0xf0, 0x0c, 0xfe, 0xf0, 0xfe, 0x02, 0x0c, 0xfe, 0x04, 0xfe, 0xf0, 
0xfe, 0x7b, 0xfe, 0x0f, 0xfe, 0xf0, 0xfe, 0x7b, 0xfe, 0x0f, 0xfe, 0xf0, 0xfe, 0xf0, 0xfe, 0xf0, 0xfe, 0xf0, 0xf0, 0xfe, 
0xf0, 0xfe, 0xf0, 0xfe, 0xf0, 0xf0, 0xfe, 0xf0, 0xfe, 0xf0, 0xfe, 0xf0, 0xfe, 0x13, 0xfe, 0xda, 0xfe, 0xf0, 0xfe, 0xf0, 
0xf0, 0xfe, 0x02, 0xf0, 0x00, 0xb7, 0x5a, 0x5b, 0x5c, 0x26, 0x27, 0x28, 0x29, 0x2a, 0x2b, 0x2c, 0x2d, 0x2e, 0x2f, 0x30, 
0x31, 0x32, 0x33, 0x34, 0x35, 0x36, 0x37, 0x38, 0x39, 0x3a, 0x3b, 0x3c, 0x3d, 0x3e, 0x3f, 0x40, 0x41, 0x42, 0x43, 0x44, 
0x45, 0x46, 0x47, 0x48, 0x49, 0x4a, 0x4b, 0x4c, 0x4d, 0x4e, 0x4f, 0x50, 0x51, 0x52, 0x53, 0x54, 0x55, 0x56, 0x57, 0x58, 
0x59, 0x00, 0x01, 0x02, 0x03, 0x04, 0x05, 0x06, 0x07, 0x08, 0x5d, 0x5e, 0x5f, 0x0c, 0x60, 0x61, 0x62, 0x0d, 0x0e, 0x63, 
0x64, 0x0d, 0x0e, 0x65, 0x66, 0x0c, 0x67, 0x09, 0x0a, 0x0b, 0x68, 0x4e, 0x52, 0x4e, 0x52, 0x4e, 0x53, 0x52, 0x54, 0x53, 
0x5c, 0x54, 0x5b, 0x53, 0x5b, 0x54, 0x5c, 0x5b, 0x5c, 0x53, 0x60, 0x5c, 0x5c, 0x61, 0x60, 0x65, 0x4e, 0x61, 0x65, 0x61, 
0x65, 0x6a, 0x61, 0x60, 0x6a, 0x6d, 0x6a, 0x6d, 0x6d, 0x6d, 0x52, 0x75, 0x76, 0x77, 0x76, 0x7b, 0x77, 0x75, 0x52, 0x52, 
0x76, 0x52, 0x52, 0x77, 0x7b, 0x52, 0x52, 0x7b, 0x52, 0x52, 0x77, 0x75, 0x52, 0x52, 0x52, 0x52, 0x52, 0x45, 0x05, 0x00, 
0x00, 0xc4, 0x00, 0x00, 0x00, 0x1a, 0x00, 0x00, 0x00, 0xc4, 0x00, 0x00, 0x00, 0x5e, 0x00, 0x00, 0x00, 0xd7, 0xf0, 0xf0, 
0xe6, 0x01, 0xf0, 0xe7, 0xe8, 0xe9, 0xea, 0xeb, 0xec, 0xf0, 0xed, 0x01, 0x0b, 0xfe, 0xee, 0xef, 0x01, 0xf0, 0xfe, 0xf0, 
0xfe, 0xde, 0x00, 0x05, 0x01, 0xf0, 0x01, 0xf0, 0xfe, 0xe3, 0xfe, 0xde, 0x00, 0x05, 0x01, 0xf0, 0x01, 0xdd, 0xfe, 0xf0, 
0xfe, 0xdf, 0x00, 0x05, 0x01, 0xf0, 0x01, 0xdd, 0xfe, 0xf0, 0xfe, 0xdf, 0x00, 0x05, 0x01, 0xf0, 0x01, 0xdd, 0xfe, 0xe0, 
0xfe, 0xf0, 0x00, 0x05, 0x01, 0xf0, 0xfe, 0xe0, 0xfe, 0xf0, 0x00, 0x00, 0x00, 0x00, 0x00, 0x00, 0x12, 0x01, 0xf0, 0xfe, 
0xf0, 0xda, 0xfe, 0xf0, 0xda, 0xfe, 0x02, 0xdc, 0xfe, 0xdb, 0x01, 0xfe, 0x04, 0xfe, 0xf0, 0x00, 0x05, 0x01, 0xfe, 0x04, 
0xfe, 0x02, 0x00, 0xda, 0xfe, 0x02, 0xdc, 0xfe, 0xdb, 0x01, 0xfe, 0x04, 0xfe, 0xf0, 0x00, 0x05, 0x01, 0xfe, 0x04, 0xfe, 
0x02, 0x00, 0xda, 0xfe, 0x02, 0xdc, 0xfe, 0xdb, 0x01, 0xfe, 0x04, 0xfe, 0xf0, 0x00, 0x05, 0x01, 0xfe, 0x04, 0xfe, 0x02, 
0x00, 0xda, 0xfe, 0x02, 0xdc, 0xfe, 0xdb, 0x01, 0xfe, 0x04, 0xfe, 0xf0, 0x00, 0x05, 0x01, 0xfe, 0x04, 0xfe, 0x02, 0x00, 
0xe2, 0xfe, 0xdb, 0x01, 0x00, 0x05, 0x01, 0xf0, 0x01, 0x0b, 0xfe, 0x04, 0xfe, 0x02, 0xfe, 0xe1, 0xfe, 0x0a, 0x1d, 0xfe, 
0xf0, 0x0b, 0xfe, 0x04, 0xfe, 0x02, 0x00, 0x05, 0x01, 0x00, 0x00, 0xf0, 0x00, 0x8e, 0x8f, 0x28, 0x90, 0x00, 0x01, 0x02, 
0x03, 0x04, 0x05, 0x06, 0x07, 0x08, 0x09, 0x0a, 0x0b, 0x4d, 0x0c, 0x0d, 0x0e, 0x0f, 0x10, 0x11, 0x12, 0x13, 0x14, 0xf9, 
0xbc, 0xf9, 0xbc, 0xf9, 0xbc, 0xf9, 0xbc, 0xf9, 0xbc, 0xf9, 0xbc, 0xf9, 0xbc, 0xf9, 0xbc, 0xf9, 0xbc, 0xf9, 0xbc, 0xf9, 
0xbc, 0xf9, 0xbc, 0xf9, 0xbc, 0x9c, 0x59, 0x9d, 0x7a, 0xd6, 0xbf, 0x9d, 0x7a, 0xd6, 0xbf, 0x9c, 0x59, 0xd6, 0xbf, 0x9d, 
0x7a, 0xd7, 0xbf, 0xd6, 0xbf, 0xd7, 0xbf, 0x9c, 0x59, 0xd7, 0xbf, 0xd6, 0xbf, 0xd8, 0xbf, 0xd7, 0xbf, 0xd8, 0xbf, 0x9c, 
0x59, 0xd8, 0xbf, 0xd7, 0xbf, 0xac, 0x55, 0xd8, 0xbf, 0xac, 0x55, 0x9c, 0x59, 0xac, 0x55, 0xd8, 0xbf, 0xac, 0x55, 0xa5, 
0x6b, 0x9c, 0x59, 0xa5, 0x6b, 0x9c, 0x59, 0xbb, 0x90, 0x9d, 0xa3, 0xa5, 0x6b, 0xc6, 0x14, 0x00, 0x00, 0x54, 0x02, 0x00, 
0x00, 0x94, 0x00, 0x00, 0x00, 0x54, 0x02, 0x00, 0x00, 0x27, 0x01, 0x00, 0x00, 0xd7, 0xf0, 0xf0, 0xf0, 0x01, 0xf0, 0xf0, 
0xf0, 0xf0, 0xf0, 0xf0, 0x16, 0x07, 0xfe, 0x02, 0x0c, 0xfe, 0x02, 0x0d, 0xfe, 0x02, 0x0d, 0xfe, 0x02, 0x0c, 0xfe, 0x02, 
0x1a, 0x01, 0xf0, 0xf0, 0xf0, 0xf0, 0xf0, 0xf0, 0xf0, 0xf0, 0xf0, 0xf0, 0xf0, 0xf0, 0xf0, 0xf0, 0xf0, 0xf0, 0xf0, 0xa7, 
0xa8, 0xa9, 0xf0, 0xf0, 0xf0, 0xf0, 0xaa, 0xab, 0xac, 0xad, 0xae, 0xaf, 0xb0, 0xb1, 0xb2, 0xb3, 0xb4, 0xb5, 0xb6, 0xb7, 
0xb8, 0xf0, 0xb9, 0xba, 0xbb, 0xf0, 0xbc, 0xbd, 0xf0, 0xbe, 0xbf, 0xf0, 0xc0, 0xc1, 0xf0, 0xc2, 0xf0, 0xc3, 0xc4, 0xf0, 
0xf0, 0xc5, 0xf0, 0xf0, 0xf0, 0xc6, 0xc7, 0xf0, 0xc8, 0xf0, 0xf0, 0xf0, 0xf0, 0xf0, 0xf0, 0xf0, 0xc9, 0xca, 0xcb, 0xcc, 
0xf0, 0xcd, 0xce, 0xcf, 0xd0, 0xf0, 0xd1, 0xd2, 0xd3, 0xd4, 0xd5, 0xd6, 0x1b, 0xe6, 0x01, 0xf0, 0xe7, 0xe8, 0xe9, 0xea, 
0xeb, 0xec, 0xf0, 0xf0, 0xf1, 0xf1, 0xf0, 0xf0, 0xed, 0x01, 0x0b, 0xfe, 0xee, 0xef, 0x01, 0xf0, 0xfe, 0xf0, 0xfe, 0xde, 
0x00, 0x05, 0x01, 0xf0, 0x01, 0xf0, 0xfe, 0xe3, 0xfe, 0xde, 0x00, 0x05, 0x01, 0xf0, 0x01, 0xdd, 0xfe, 0xf0, 0xfe, 0xdf, 
0x00, 0x05, 0x01, 0xf0, 0x01, 0xdd, 0xfe, 0xf0, 0xfe, 0xdf, 0x00, 0x05, 0x01, 0xf0, 0x01, 0xdd, 0xfe, 0xe0, 0xfe, 0xf0, 
0x00, 0x05, 0x01, 0xf0, 0xfe, 0xe0, 0xfe, 0xf0, 0x00, 0x00, 0x00, 0x00, 0x00, 0x00, 0xf1, 0x01, 0xf0, 0xfe, 0xf0, 0xe2, 
0xfe, 0xf0, 0x01, 0xf0, 0x00, 0xe2, 0xfe, 0xf0, 0x01, 0xf0, 0x00, 0xf0, 0xfe, 0xf0, 0xf0, 0xfe, 0x02, 0xa6, 0xfe, 0xf0, 
0x01, 0xfe, 0xf0, 0xfe, 0xf0, 0xfe, 0x02, 0x00, 0x05, 0x01, 0xfe, 0xf0, 0x00, 0xf0, 0xfe, 0xf0, 0xfe, 0xf0, 0xfe, 0xf1, 
0x0c, 0xf0, 0xfe, 0x04, 0xfe, 0x02, 0x0c, 0xfe, 0xf1, 0xf0, 0xfe, 0xf1, 0x0d, 0xfe, 0x02, 0xf0, 0x01, 0xf0, 0xfe, 0xa5, 
0xfe, 0xf1, 0x0c, 0xf0, 0xfe, 0x04, 0xfe, 0x02, 0xf0, 0xfe, 0xf0, 0xfe, 0xf0, 0xfe, 0xe3, 0xfe, 0xf1, 0xf0, 0xfe, 0xf1, 
0x00, 0x05, 0x01, 0xfe, 0xf0, 0x00, 0x0d, 0xfe, 0x04, 0xfe, 0xf0, 0xfe, 0x7b, 0x0d, 0xfe, 0x02, 0xf0, 0x01, 0xf0, 0xfe, 
0xf0, 0xfe, 0xf0, 0xfe, 0xf1, 0x0c, 0xf0, 0xfe, 0x04, 0xfe, 0x02, 0xf0, 0xfe, 0xf1, 0x0c, 0xf0, 0xfe, 0x04, 0xfe, 0x02, 
0xfe, 0x04, 0xfe, 0xf1, 0xf0, 0xfe, 0xf1, 0xf0, 0xfe, 0xf1, 0x00, 0x05, 0x01, 0xfe, 0x04, 0xfe, 0x02, 0x00, 0xf0, 0xfe, 
0x06, 0xfe, 0x7b, 0x00, 0x12, 0x01, 0xf0, 0xfe, 0xf0, 0xda, 0xfe, 0xf0, 0xda, 0xfe, 0x02, 0xdc, 0xfe, 0xdb, 0x01, 0xfe, 
0x04, 0xfe, 0xf0, 0x00, 0x05, 0x01, 0xfe, 0x04, 0xfe, 0x02, 0x00, 0xda, 0xfe, 0x02, 0xdc, 0xfe, 0xdb, 0x01, 0xfe, 0x04, 
0xfe, 0xf0, 0x00, 0x05, 0x01, 0xfe, 0x04, 0xfe, 0x02, 0x00, 0xda, 0xfe, 0x02, 0xdc, 0xfe, 0xdb, 0x01, 0xfe, 0x04, 0xfe, 
0xf0, 0x00, 0x05, 0x01, 0xfe, 0x04, 0xfe, 0x02, 0x00, 0xda, 0xfe, 0x02, 0xdc, 0xfe, 0xdb, 0x01, 0xfe, 0x04, 0xfe, 0xf0, 
0x00, 0x05, 0x01, 0xfe, 0x04, 0xfe, 0x02, 0x00, 0x07, 0xfe, 0x02, 0xe2, 0xfe, 0xdb, 0x01, 0xfe, 0xf0, 0x00, 0x05, 0x01, 
0x07, 0xfe, 0x02, 0xf0, 0x01, 0x0b, 0xfe, 0x04, 0xfe, 0x02, 0xfe, 0xe1, 0xfe, 0x0a, 0x1d, 0xfe, 0xf0, 0x0b, 0xfe, 0x04, 
0xfe, 0x02, 0xfe, 0xf0, 0xfe, 0x06, 0xfe, 0xf0, 0x00, 0x05, 0x01, 0xfe, 0xe1, 0xfe, 0x0a, 0xfe, 0xf0, 0xfe, 0xf0, 0x00, 
0x0d, 0xfe, 0x04, 0xfe, 0xf0, 0xfe, 0x1c, 0x07, 0xfe, 0x04, 0xfe, 0x02, 0xfe, 0x0f, 0xfe, 0x0e, 0xfe, 0x11, 0xfe, 0x0a, 
0xfe, 0xe4, 0xfe, 0x10, 0x0d, 0xfe, 0x04, 0xfe, 0xf0, 0xfe, 0x13, 0x07, 0xfe, 0xf0, 0xfe, 0x06, 0xfe, 0x06, 0xfe, 0x06, 
0xfe, 0xe5, 0xfe, 0x0f, 0xfe, 0x0e, 0xfe, 0x11, 0xfe, 0x0a, 0xfe, 0xe4, 0xfe, 0x10, 0xfe, 0x04, 0xfe, 0x02, 0x00, 0xf0, 
0xf0, 0xfe, 0x06, 0xfe, 0x06, 0xfe, 0x06, 0xfe, 0x06, 0xfe, 0x06, 0xfe, 0xf0, 0xfe, 0x06, 0xfe, 0x06, 0xfe, 0x06, 0xfe, 
0x06, 0xfe, 0xe5, 0xf1, 0x07, 0xfe, 0xf0, 0x07, 0xfe, 0xf0, 0x0d, 0xfe, 0xa5, 0xfe, 0xf0, 0xfe, 0xf0, 0xfe, 0xf0, 0xf0, 
0xfe, 0x0e, 0xf0, 0xfe, 0x0a, 0xf0, 0xfe, 0x10, 0x00, 0x8e, 0x8f, 0x45, 0x46, 0x47, 0x48, 0x49, 0x4a, 0x4b, 0x28, 0x9f, 
0xa0, 0xa1, 0xa2, 0xa3, 0xa4, 0xa5, 0xa6, 0xa7, 0xa8, 0xa9, 0xaa, 0xab, 0xac, 0xad, 0xae, 0xaf, 0xb0, 0xb1, 0xb2, 0xb3, 
0xb4, 0xb5, 0xb6, 0xb7, 0xb8, 0xb9, 0xba, 0xbb, 0xbc, 0xbd, 0xbe, 0xbf, 0xc0, 0xc1, 0xc2, 0xc3, 0xc4, 0xc5, 0xc6, 0xc7, 
0x28, 0xc8, 0xc9, 0x6a, 0x6b, 0x90, 0x4c, 0x00, 0x01, 0x02, 0x03, 0x04, 0x05, 0x06, 0x07, 0x08, 0x09, 0x0a, 0x0b, 0x6c, 
0x44, 0xcc, 0xcd, 0x92, 0xce, 0x92, 0x44, 0xcf, 0x44, 0xd0, 0xd1, 0xd2, 0xd3, 0x44, 0xd4, 0x93, 0x6d, 0x29, 0x6e, 0x29, 
0x6f, 0xd5, 0x44, 0x70, 0x29, 0x4d, 0xd6, 0xd7, 0x71, 0x29, 0x72, 0xd8, 0xd9, 0xda, 0x44, 0xd4, 0x93, 0x73, 0x29, 0x44, 
0x74, 0x29, 0x75, 0x29, 0x76, 0x29, 0x77, 0xdb, 0x4d, 0x0c, 0x0d, 0x0e, 0x0f, 0x10, 0x11, 0x4e, 0x12, 0x13, 0x4f, 0x50, 
0x51, 0x52, 0x53, 0x54, 0x55, 0x14, 0x56, 0x57, 0x78, 0xdc, 0xdd, 0xde, 0xdf, 0xe0, 0xe1, 0xe2, 0xe3, 0x02, 0x03, 0x04, 
0x05, 0x06, 0x8a, 0xbb, 0x8a, 0xbb, 0x8a, 0xbb, 0x8a, 0xbb, 0x8a, 0xbb, 0x8a, 0xbb, 0x8a, 0xbb, 0x8a, 0xbb, 0x8a, 0xbb, 
0x8a, 0xbb, 0x8a, 0xbb, 0x8a, 0xbb, 0x8a, 0xbb, 0xbf, 0x47, 0xbf, 0x47, 0xbf, 0x47, 0xc7, 0x42, 0xbb, 0x43, 0xc7, 0x42, 
0xbb, 0x43, 0xc7, 0x42, 0xc7, 0x42, 0xbb, 0x43, 0xb3, 0x49, 0xbb, 0x43, 0xbf, 0x47, 0xb3, 0x49, 0xb3, 0x49, 0x81, 0xc3, 
0xb3, 0x49, 0xd0, 0xa3, 0xcf, 0x39, 0xbf, 0x47, 0xcf, 0x39, 0xcf, 0x39, 0x85, 0x4a, 0xd0, 0xa3, 0x85, 0x4a, 0x85, 0x4a, 
0xcf, 0x39, 0xd0, 0xa3, 0x86, 0xa9, 0xd0, 0xa3, 0x81, 0xc3, 0xfc, 0x90, 0x81, 0xa2, 0xbb, 0x43, 0xbf, 0x47, 0x81, 0xa2, 
0x81, 0xa2, 0x91, 0xb3, 0x91, 0xb3, 0x91, 0xb3, 0xfc, 0x90, 0x86, 0xa9, 0x91, 0xb3, 0x81, 0xa2, 0xfc, 0x90, 0x86, 0xa9, 
0xfc, 0x90, 0x81, 0xc3, 0x9c, 0x59, 0x9d, 0x7a, 0xd6, 0xbf, 0x9d, 0x7a, 0xd6, 0xbf, 0x9c, 0x59, 0xd6, 0xbf, 0x9d, 0x7a, 
0xd7, 0xbf, 0xd6, 0xbf, 0xd7, 0xbf, 0x9c, 0x59, 0xd7, 0xbf, 0xd6, 0xbf, 0xd8, 0xbf, 0xd7, 0xbf, 0xd8, 0xbf, 0x9c, 0x59, 
0xd8, 0xbf, 0xd7, 0xbf, 0xac, 0x55, 0xd8, 0xbf, 0xac, 0x55, 0x9c, 0x59, 0xac, 0x55, 0xd8, 0xbf, 0xa4, 0x9a, 0xac, 0x55, 
0xa4, 0x9a, 0xaa, 0x87, 0xa5, 0x6b, 0x9c, 0x59, 0xa5, 0x6b, 0x9c, 0x59, 0xc9, 0x8f, 0xf7, 0xab, 0xa5, 0x6b, 0xaa, 0x87, 
0xc9, 0x8f, 0xf7, 0xab, 0x9c, 0x59, 0x9c, 0x59, 0xaa, 0x87, 0x9c, 0x59, 0x99, 0xb6, 0xaa, 0x87, 0xaa, 0x87, 0xb8, 0x34, 
0xaa, 0x87, 0xb8, 0x34, 0x99, 0xb6, 0xb8, 0x34, 0x99, 0xb6, 0xb8, 0x34, 0x99, 0xb6, 0xaa, 0x63, 0xb8, 0x34, 0xb8, 0x34, 
0x98, 0xc3, 0x06, 0x06, 0x06, 0x05, 0x98, 0xc3, 0xaa, 0x63, 0x98, 0xc3, 0xaa, 0x63, 0x98, 0xc3, 0xaa, 0x63, 0xa4, 0x9a, 
0x98, 0xc3, 0xa4, 0x9a, 0x02, 0x03, 0x03, 0x03, 0x04, 0x02, 0x03, 0x03, 0x03, 0x04, 0x97, 0xae, 0x8c, 0x9e, 0xa4, 0x31, 
0x8c, 0x9e, 0x97, 0xae, 0x97, 0xae, 0xa4, 0x31, 0xa4, 0x31, 0xa4, 0x31, 0x00, 0x08, 0x00, 0x00, 0xdb, 0x00, 0x00, 0x00, 
0x2d, 0x00, 0x00, 0x00, 0xdb, 0x00, 0x00, 0x00, 0x5e, 0x00, 0x00, 0x00, 0xd7, 0xf0, 0xf0, 0xf0, 0x01, 0xf1, 0xf1, 0xf1, 
0xf1, 0xf1, 0xf1, 0xf1, 0x16, 0xf0, 0xf0, 0x19, 0xf0, 0xf0, 0x01, 0xf0, 0xf0, 0xe6, 0x01, 0xf0, 0xe7, 0xe8, 0xe9, 0xea, 
0xeb, 0xec, 0xf0, 0xf1, 0xf1, 0xf1, 0xed, 0x01, 0x0b, 0xfe, 0xee, 0xef, 0x01, 0xf0, 0xfe, 0xf0, 0xfe, 0xde, 0x00, 0x05, 
0x01, 0xf0, 0x01, 0xf0, 0xfe, 0xe3, 0xfe, 0xde, 0x00, 0x05, 0x01, 0xf0, 0x01, 0xdd, 0xfe, 0xf0, 0xfe, 0xdf, 0x00, 0x05, 
0x01, 0xf0, 0x01, 0xdd, 0xfe, 0xf0, 0xfe, 0xdf, 0x00, 0x05, 0x01, 0xf0, 0x01, 0xdd, 0xfe, 0xe0, 0xfe, 0xf0, 0x00, 0x05, 
0x01, 0xf0, 0xfe, 0xe0, 0xfe, 0xf0, 0x00, 0x00, 0x00, 0x00, 0x00, 0x00, 0x12, 0x01, 0xf0, 0xfe, 0xf0, 0xda, 0xfe, 0xf0, 
0xda, 0xfe, 0x02, 0xdc, 0xfe, 0xdb, 0x01, 0xfe, 0x04, 0xfe, 0xf0, 0x00, 0x05, 0x01, 0xfe, 0x04, 0xfe, 0x02, 0x00, 0xda, 
0xfe, 0x02, 0xdc, 0xfe, 0xdb, 0x01, 0xfe, 0x04, 0xfe, 0xf0, 0x00, 0x05, 0x01, 0xfe, 0x04, 0xfe, 0x02, 0x00, 0xda, 0xfe, 
0x02, 0xdc, 0xfe, 0xdb, 0x01, 0xfe, 0x04, 0xfe, 0xf0, 0x00, 0x05, 0x01, 0xfe, 0x04, 0xfe, 0x02, 0x00, 0xda, 0xfe, 0x02, 
0xdc, 0xfe, 0xdb, 0x01, 0xfe, 0x04, 0xfe, 0xf0, 0x00, 0x05, 0x01, 0xfe, 0x04, 0xfe, 0x02, 0x00, 0xe2, 0xfe, 0xdb, 0x01, 
0x00, 0x05, 0x01, 0xf0, 0x01, 0x0b, 0xfe, 0x04, 0xfe, 0x02, 0xfe, 0xe1, 0xfe, 0x0a, 0x1d, 0xfe, 0xf0, 0x0b, 0xfe, 0x04, 
0xfe, 0x02, 0x00, 0x05, 0x01, 0x00, 0x00, 0xf0, 0xf0, 0xf0, 0x00, 0x8e, 0x8f, 0xe4, 0x79, 0x7a, 0x7b, 0x7c, 0x7d, 0x7e, 
0x7f, 0xe5, 0xe6, 0xe7, 0xe8, 0xe9, 0xea, 0x28, 0x90, 0x80, 0x81, 0x82, 0x00, 0x01, 0x02, 0x03, 0x04, 0x05, 0x06, 0x07, 
0x08, 0x09, 0x0a, 0x0b, 0x4d, 0x0c, 0x0d, 0x0e, 0x0f, 0x10, 0x11, 0x12, 0x13, 0x14, 0xeb, 0xec, 0xf9, 0xbc, 0xf9, 0xbc, 
0xf9, 0xbc, 0xf9, 0xbc, 0xf9, 0xbc, 0xf9, 0xbc, 0xf9, 0xbc, 0xf9, 0xbc, 0xf9, 0xbc, 0xf9, 0xbc, 0xf9, 0xbc, 0xf9, 0xbc, 
0xf9, 0xbc, 0x9c, 0x59, 0x9d, 0x7a, 0xd6, 0xbf, 0x9d, 0x7a, 0xd6, 0xbf, 0x9c, 0x59, 0xd6, 0xbf, 0x9d, 0x7a, 0xd7, 0xbf, 
0xd6, 0xbf, 0xd7, 0xbf, 0x9c, 0x59, 0xd7, 0xbf, 0xd6, 0xbf, 0xd8, 0xbf, 0xd7, 0xbf, 0xd8, 0xbf, 0x9c, 0x59, 0xd8, 0xbf, 
0xd7, 0xbf, 0xac, 0x55, 0xd8, 0xbf, 0xac, 0x55, 0x9c, 0x59, 0xac, 0x55, 0xd8, 0xbf, 0xac, 0x55, 0xa5, 0x6b, 0x9c, 0x59, 
0xa5, 0x6b, 0x9c, 0x59, 0xef, 0x8f, 0x9d, 0xa9, 0xa5, 0x6b, 0x86, 0x09, 0x00, 0x00, 0xe7, 0x00, 0x00, 0x00, 0x10, 0x00, 
0x00, 0x00, 0xe7, 0x00, 0x00, 0x00, 0x58, 0x00, 0x00, 0x00, 0xd8, 0xd9, 0xde, 0x01, 0xdf, 0xe0, 0x16, 0xe1, 0xe2, 0x19, 
0xe3, 0x1a, 0x01, 0x17, 0x7c, 0x7d, 0x7e, 0x7f, 0x80, 0x81, 0x82, 0x83, 0x84, 0x85, 0x86, 0x87, 0x88, 0x89, 0x8a, 0x8b, 
0xa7, 0xa8, 0xa9, 0x8c, 0x8d, 0x8e, 0x8f, 0xaa, 0xab, 0xac, 0xad, 0xae, 0xaf, 0xb0, 0xb1, 0xb2, 0xb3, 0xb4, 0xb5, 0xb6, 
0xb7, 0xb8, 0x90, 0xb9, 0xba, 0xbb, 0x91, 0xbc, 0xbd, 0x92, 0xbe, 0xbf, 0x93, 0xc0, 0xc1, 0x94, 0xc2, 0x95, 0xc3, 0xc4, 
0x96, 0x97, 0xc5, 0x98, 0x99, 0x9a, 0xc6, 0xc7, 0x9b, 0xc8, 0x9c, 0x9d, 0x9e, 0x9f, 0xa0, 0xa1, 0xa2, 0xc9, 0xca, 0xcb, 
0xcc, 0xa3, 0xcd, 0xce, 0xcf, 0xd0, 0xa4, 0xd1, 0xd2, 0xd3, 0xd4, 0xd5, 0xd6, 0x1b, 0xe4, 0xf0, 0xf0, 0xf0, 0xf0, 0x12, 
0x01, 0xe5, 0x01, 0xe6, 0x00, 0x05, 0x01, 0xe7, 0x00, 0x07, 0xfe, 0xe8, 0x07, 0xfe, 0x04, 0xfe, 0x02, 0xfe, 0xda, 0xfe, 
0xe9, 0x07, 0xfe, 0xea, 0xfe, 0x02, 0x0c, 0xfe, 0x04, 0xfe, 0x1c, 0x07, 0xfe, 0x02, 0xa6, 0xfe, 0xeb, 0x01, 0x07, 0xfe, 
0x04, 0xfe, 0x02, 0xfe, 0xec, 0xfe, 0xed, 0xfe, 0x04, 0xfe, 0x02, 0x00, 0x05, 0x01, 0xfe, 0x04, 0xfe, 0x02, 0x00, 0xdb, 
0xfe, 0xee, 0xfe, 0xef, 0xfe, 0x13, 0x07, 0xfe, 0x04, 0xfe, 0xdc, 0x0b, 0xfe, 0xa5, 0xfe, 0xf0, 0xfe, 0x0f, 0xfe, 0x0e, 
0xfe, 0x11, 0xfe, 0x0a, 0xdb, 0xfe, 0xf0, 0xfe, 0x06, 0xfe, 0xf0, 0xf0, 0xfe, 0xdc, 0x0d, 0xfe, 0x04, 0xfe, 0xf0, 0xf0, 
0xfe, 0x0e, 0xf0, 0xfe, 0x0a, 0xf0, 0xfe, 0x10, 0xf0, 0xfe, 0x02, 0xfe, 0xda, 0xfe, 0xf0, 0xfe, 0xf0, 0xf0, 0xfe, 0x02, 
0x00, 0x69, 0x6a, 0x6b, 0x6c, 0x00, 0x01, 0x02, 0x03, 0x04, 0x05, 0x06, 0x07, 0x08, 0x09, 0x0a, 0x0b, 0xc8, 0x62, 0xb8, 
0x51, 0xc8, 0x62, 0xb8, 0x51, 0xc8, 0x62, 0xde, 0x7a, 0xb8, 0x51, 0xbb, 0x6e, 0xde, 0x7a, 0xe5, 0x8f, 0xbb, 0x6e, 0xda, 
0x49, 0xde, 0x7a, 0xda, 0x49, 0xbb, 0x6e, 0xe5, 0x8f, 0xda, 0x49, 0xe5, 0x8f, 0xde, 0x7a, 0x81, 0x71, 0xe5, 0x8f, 0xe5, 
0x8f, 0xf9, 0x75, 0x81, 0x71, 0xf4, 0xac, 0xc8, 0x62, 0xf9, 0x75, 0xf4, 0xac, 0xf9, 0x75, 0xf4, 0xac, 0xbb, 0x47, 0xf9, 
0x75, 0x81, 0x71, 0xbb, 0x47, 0x9f, 0x96, 0xbb, 0x47, 0x9f, 0x96, 0x9f, 0x96, 0x9f, 0x96, 0xb8, 0x51, 0xb8, 0x51, 0xb8, 
0x51, 0xb8, 0x51, 0xb8, 0x51, 0xe4, 0x0c, 0x00, 0x00, 0xa7, 0x01, 0x00, 0x00, 0x2a, 0x00, 0x00, 0x00, 0xa7, 0x01, 0x00, 
0x00, 0xb9, 0x00, 0x00, 0x00, 0xd8, 0xd9, 0xf0, 0x01, 0xf0, 0xf0, 0xf0, 0xf0, 0xf0, 0xf0, 0x16, 0x07, 0xfe, 0x02, 0x0c, 
0xfe, 0x02, 0x0d, 0xfe, 0x02, 0x0d, 0xfe, 0x02, 0x0c, 0xfe, 0x02, 0x1a, 0x01, 0x17, 0x7c, 0x7d, 0x7e, 0x7f, 0x80, 0x81, 
0x82, 0x83, 0x84, 0x85, 0x86, 0x87, 0x88, 0x89, 0x8a, 0x8b, 0xa7, 0xa8, 0xa9, 0x8c, 0x8d, 0x8e, 0x8f, 0xaa, 0xab, 0xac, 
0xad, 0xae, 0xaf, 0xb0, 0xb1, 0xb2, 0xb3, 0xb4, 0xb5, 0xb6, 0xb7, 0xb8, 0x90, 0xb9, 0xba, 0xbb, 0x91, 0xbc, 0xbd, 0x92, 
0xbe, 0xbf, 0x93, 0xc0, 0xc1, 0x94, 0xc2, 0x95, 0xc3, 0xc4, 0x96, 0x97, 0xc5, 0x98, 0x99, 0x9a, 0xc6, 0xc7, 0x9b, 0xc8, 
0x9c, 0x9d, 0x9e, 0x9f, 0xa0, 0xa1, 0xa2, 0xc9, 0xca, 0xcb, 0xcc, 0xa3, 0xcd, 0xce, 0xcf, 0xd0, 0xa4, 0xd1, 0xd2, 0xd3, 
0xd4, 0xd5, 0xd6, 0x1b, 0xe6, 0x01, 0x17, 0xe7, 0xe8, 0xe9, 0xea, 0xeb, 0xec, 0xf0, 0xf0, 0xf0, 0xf0, 0xed, 0x01, 0x0b, 
0xfe, 0xee, 0xef, 0x01, 0xf0, 0xfe, 0xf0, 0xfe, 0xde, 0x00, 0x05, 0x01, 0xf0, 0x01, 0xf0, 0xfe, 0xe3, 0xfe, 0xde, 0x00, 
0x05, 0x01, 0xf0, 0x01, 0xdd, 0xfe, 0xf0, 0xfe, 0xdf, 0x00, 0x05, 0x01, 0xf0, 0x01, 0xdd, 0xfe, 0xf0, 0xfe, 0xdf, 0x00, 
0x05, 0x01, 0xf0, 0x01, 0xdd, 0xfe, 0xe0, 0xfe, 0xf0, 0x00, 0x05, 0x01, 0xf0, 0xfe, 0xe0, 0xfe, 0xf0, 0x00, 0x00, 0x00, 
0x00, 0x00, 0x00, 0x12, 0x01, 0x07, 0xfe, 0xf0, 0xfe, 0x06, 0xfe, 0x06, 0xfe, 0x06, 0xfe, 0xe5, 0x0b, 0xfe, 0xf0, 0xda, 
0xfe, 0xf0, 0xda, 0xfe, 0x02, 0xdc, 0xfe, 0xdb, 0x01, 0xfe, 0x04, 0xfe, 0xf0, 0x00, 0x05, 0x01, 0xfe, 0x04, 0xfe, 0x02, 
0x00, 0xda, 0xfe, 0x02, 0xdc, 0xfe, 0xdb, 0x01, 0xfe, 0x04, 0xfe, 0xf0, 0x00, 0x05, 0x01, 0xfe, 0x04, 0xfe, 0x02, 0x00, 
0xda, 0xfe, 0x02, 0xdc, 0xfe, 0xdb, 0x01, 0xfe, 0x04, 0xfe, 0xf0, 0x00, 0x05, 0x01, 0xfe, 0x04, 0xfe, 0x02, 0x00, 0xda, 
0xfe, 0x02, 0xdc, 0xfe, 0xdb, 0x01, 0xfe, 0x04, 0xfe, 0xf0, 0x00, 0x05, 0x01, 0xfe, 0x04, 0xfe, 0x02, 0x00, 0x07, 0xfe, 
0x02, 0xe2, 0xfe, 0xdb, 0x01, 0xfe, 0xf0, 0x00, 0x05, 0x01, 0x07, 0xfe, 0x02, 0xf0, 0x01, 0x0b, 0xfe, 0x04, 0xfe, 0x02, 
0xfe, 0xe1, 0xfe, 0x0a, 0x1d, 0xfe, 0xf0, 0x0b, 0xfe, 0x04, 0xfe, 0x02, 0xfe, 0xf0, 0xfe, 0x06, 0xfe, 0xf0, 0x00, 0x05, 
0x01, 0x0b, 0xfe, 0x04, 0xfe, 0x02, 0xfe, 0xe1, 0xfe, 0x0a, 0xfe, 0xf0, 0xfe, 0xf0, 0x00, 0x0d, 0xfe, 0x04, 0xfe, 0xf0, 
0xfe, 0x1c, 0x07, 0xfe, 0x04, 0xfe, 0x02, 0xfe, 0x0f, 0xfe, 0x0e, 0xfe, 0x11, 0xfe, 0x0a, 0xfe, 0xe4, 0xfe, 0x10, 0x0d, 
0xfe, 0x04, 0xfe, 0xf0, 0xfe, 0x13, 0xfe, 0x0f, 0xfe, 0x0e, 0xfe, 0x11, 0xfe, 0x0a, 0xfe, 0xe4, 0xfe, 0x10, 0xfe, 0x04, 
0xfe, 0x02, 0x00, 0xf0, 0xf0, 0xfe, 0x06, 0xfe, 0x06, 0xfe, 0x06, 0xfe, 0x06, 0xfe, 0x06, 0xfe, 0xf0, 0xfe, 0x06, 0xfe, 
0x06, 0xfe, 0x06, 0xfe, 0x06, 0xfe, 0xe5, 0x00, 0x45, 0x46, 0x47, 0x48, 0x49, 0x4a, 0x4b, 0xca, 0xcb, 0x91, 0x4c, 0x00, 
0x01, 0x02, 0x03, 0x04, 0x05, 0x06, 0x07, 0x08, 0x09, 0x0a, 0x0b, 0x55, 0x0c, 0x0d, 0x0e, 0x0f, 0x10, 0x11, 0x4e, 0x12, 
0x13, 0x4f, 0x50, 0x51, 0x52, 0x53, 0x54, 0x14, 0x56, 0x57, 0x02, 0x03, 0x04, 0x05, 0x06, 0xb7, 0xc1, 0xb7, 0xc1, 0xb7, 
0xc1, 0xb7, 0xc1, 0xb7, 0xc1, 0xb7, 0xc1, 0xb7, 0xc1, 0xb7, 0xc1, 0xb7, 0xc1, 0xb7, 0xc1, 0xb7, 0xc1, 0xb7, 0xc1, 0xb7, 
0xc1, 0xa9, 0x37, 0x06, 0x06, 0x06, 0x05, 0x9c, 0x59, 0x9d, 0x7a, 0xd6, 0xbf, 0x9d, 0x7a, 0xd6, 0xbf, 0x9c, 0x59, 0xd6, 
0xbf, 0x9d, 0x7a, 0xd7, 0xbf, 0xd6, 0xbf, 0xd7, 0xbf, 0x9c, 0x59, 0xd7, 0xbf, 0xd6, 0xbf, 0xd8, 0xbf, 0xd7, 0xbf, 0xd8, 
0xbf, 0x9c, 0x59, 0xd8, 0xbf, 0xd7, 0xbf, 0xac, 0x55, 0xd8, 0xbf, 0xac, 0x55, 0x9c, 0x59, 0xac, 0x55, 0xd8, 0xbf, 0xa4, 
0x9a, 0xac, 0x55, 0xa4, 0x9a, 0xaa, 0x87, 0xa5, 0x6b, 0x9c, 0x59, 0xa5, 0x6b, 0x9c, 0x59, 0xbb, 0x90, 0x9d, 0xa3, 0xa5, 
0x6b, 0xaa, 0x87, 0xbb, 0x90, 0x9d, 0xa3, 0xc7, 0x74, 0x9c, 0x59, 0xc7, 0x74, 0x9c, 0x59, 0xaa, 0x87, 0xc7, 0x74, 0x99, 
0xb6, 0xaa, 0x87, 0xaa, 0x87, 0xb8, 0x34, 0xaa, 0x87, 0xb8, 0x34, 0x99, 0xb6, 0xb8, 0x34, 0x99, 0xb6, 0xb8, 0x34, 0x99, 
0xb6, 0xaa, 0x63, 0xb8, 0x34, 0xb8, 0x34, 0xa9, 0x37, 0xaa, 0x63, 0xa9, 0x37, 0xaa, 0x63, 0xa9, 0x37, 0xaa, 0x63, 0xa4, 
0x9a, 0xa9, 0x37, 0xa4, 0x9a, 0x02, 0x03, 0x03, 0x03, 0x04, 0x02, 0x03, 0x03, 0x03, 0x04, 0xb5, 0x0b, 0x00, 0x00, 0x1e, 
0x01, 0x00, 0x00, 0x25, 0x00, 0x00, 0x00, 0x1e, 0x01, 0x00, 0x00, 0x84, 0x00, 0x00, 0x00, 0xd8, 0xd9, 0xde, 0x01, 0xdf, 
0xe0, 0x16, 0xe1, 0xe2, 0x19, 0xe3, 0xf0, 0xf0, 0x19, 0xf0, 0x1a, 0x01, 0x17, 0x7c, 0x7d, 0x7e, 0x7f, 0x80, 0x81, 0x82, 
0x83, 0x84, 0x85, 0x86, 0x87, 0x88, 0x89, 0x8a, 0x8b, 0xa7, 0xa8, 0xa9, 0x8c, 0x8d, 0x8e, 0x8f, 0xaa, 0xab, 0xac, 0xad, 
0xae, 0xaf, 0xb0, 0xb1, 0xb2, 0xb3, 0xb4, 0xb5, 0xb6, 0xb7, 0xb8, 0x90, 0xb9, 0xba, 0xbb, 0x91, 0xbc, 0xbd, 0x92, 0xbe, 
0xbf, 0x93, 0xc0, 0xc1, 0x94, 0xc2, 0x95, 0xc3, 0xc4, 0x96, 0x97, 0xc5, 0x98, 0x99, 0x9a, 0xc6, 0xc7, 0x9b, 0xc8, 0x9c, 
0x9d, 0x9e, 0x9f, 0xa0, 0xa1, 0xa2, 0xc9, 0xca, 0xcb, 0xcc, 0xa3, 0xcd, 0xce, 0xcf, 0xd0, 0xa4, 0xd1, 0xd2, 0xd3, 0xd4, 
0xd5, 0xd6, 0x1b, 0xe4, 0xf0, 0xf0, 0xf0, 0xf0, 0x12, 0x01, 0xe5, 0x01, 0xe6, 0x00, 0x05, 0x01, 0xe7, 0x00, 0x07, 0xfe, 
0xe8, 0x07, 0xfe, 0x04, 0xfe, 0x02, 0xfe, 0xda, 0xfe, 0xe9, 0x07, 0xfe, 0xea, 0xfe, 0x02, 0x0c, 0xfe, 0x04, 0xfe, 0x1c, 
0x07, 0xfe, 0x02, 0xa6, 0xfe, 0xeb, 0x01, 0x07, 0xfe, 0x04, 0xfe, 0x02, 0xfe, 0xec, 0xfe, 0xed, 0xfe, 0x04, 0xfe, 0x02, 
0x00, 0x05, 0x01, 0xfe, 0x04, 0xfe, 0x02, 0x00, 0xdb, 0xfe, 0xee, 0xfe, 0xef, 0xfe, 0x13, 0x07, 0xfe, 0x04, 0xfe, 0xdc, 
0x0b, 0xfe, 0xa5, 0xfe, 0xf0, 0xfe, 0x0f, 0xfe, 0x0e, 0xfe, 0x11, 0xfe, 0x0a, 0xdb, 0xfe, 0xf0, 0xfe, 0x06, 0xfe, 0xf0, 
0xf0, 0xfe, 0xdc, 0x0d, 0xfe, 0x04, 0xfe, 0xf0, 0xf0, 0xfe, 0x0e, 0xf0, 0xfe, 0x0a, 0xf0, 0xfe, 0x10, 0xf0, 0xfe, 0x02, 
0x1d, 0xfe, 0xf0, 0x0c, 0xfe, 0xf0, 0x0c, 0xfe, 0xf0, 0xfe, 0x02, 0x0c, 0xfe, 0x04, 0xfe, 0xf0, 0xfe, 0x7b, 0xfe, 0x0f, 
0xfe, 0xf0, 0xfe, 0x7b, 0xfe, 0x0f, 0xfe, 0xf0, 0xfe, 0xf0, 0xfe, 0xf0, 0xfe, 0xf0, 0xf0, 0xfe, 0xf0, 0xfe, 0xf0, 0xfe, 
0xf0, 0xf0, 0xfe, 0xf0, 0xfe, 0xf0, 0xfe, 0xf0, 0xfe, 0x13, 0xfe, 0xda, 0xfe, 0xf0, 0xfe, 0xf0, 0xf0, 0xfe, 0x02, 0xf0, 
0x00, 0x5a, 0x5b, 0x5c, 0x69, 0x6a, 0x6b, 0x6c, 0x00, 0x01, 0x02, 0x03, 0x04, 0x05, 0x06, 0x07, 0x08, 0x5d, 0x5e, 0x5f, 
0x0c, 0x60, 0x61, 0x62, 0x0d, 0x0e, 0x63, 0x64, 0x0d, 0x0e, 0x65, 0x66, 0x0c, 0x67, 0x09, 0x0a, 0x0b, 0x68, 0xc8, 0x62, 
0xb8, 0x51, 0xc8, 0x62, 0xb8, 0x51, 0xc8, 0x62, 0xde, 0x7a, 0xb8, 0x51, 0xbb, 0x6e, 0xde, 0x7a, 0xe5, 0x8f, 0xbb, 0x6e, 
0xda, 0x49, 0xde, 0x7a, 0xda, 0x49, 0xbb, 0x6e, 0xe5, 0x8f, 0xda, 0x49, 0xe5, 0x8f, 0xde, 0x7a, 0x81, 0x71, 0xe5, 0x8f, 
0xe5, 0x8f, 0xf9, 0x75, 0x81, 0x71, 0xf4, 0xac, 0xc8, 0x62, 0xf9, 0x75, 0xf4, 0xac, 0xf9, 0x75, 0xf4, 0xac, 0xbb, 0x47, 
0xf9, 0x75, 0x81, 0x71, 0xbb, 0x47, 0x9f, 0x96, 0xbb, 0x47, 0x9f, 0x96, 0x9f, 0x96, 0x9f, 0x96, 0xb8, 0x51, 0xbb, 0x57, 
0xc6, 0x6e, 0xa5, 0x92, 0xc6, 0x6e, 0xa1, 0xbb, 0xa5, 0x92, 0xbb, 0x57, 0xb8, 0x51, 0xb8, 0x51, 0xc6, 0x6e, 0xb8, 0x51, 
0xb8, 0x51, 0xa5, 0x92, 0xa1, 0xbb, 0xb8, 0x51, 0xb8, 0x51, 0xa1, 0xbb, 0xb8, 0x51, 0xb8, 0x51, 0xa5, 0x92, 0xbb, 0x57, 
0xb8, 0x51, 0xb8, 0x51, 0xb8, 0x51, 0xb8, 0x51, 0xb8, 0x51, 0x33, 0x05, 0x00, 0x00, 0xbe, 0x00, 0x00, 0x00, 0x16, 0x00, 
0x00, 0x00, 0xbe, 0x00, 0x00, 0x00, 0x5a, 0x00, 0x00, 0x00, 0xd8, 0xd9, 0xe6, 0x01, 0x17, 0xe7, 0xe8, 0xe9, 0xea, 0xeb, 
0xec, 0xf0, 0xed, 0x01, 0x0b, 0xfe, 0xee, 0xef, 0x01, 0xf0, 0xfe, 0xf0, 0xfe, 0xde, 0x00, 0x05, 0x01, 0xf0, 0x01, 0xf0, 
0xfe, 0xe3, 0xfe, 0xde, 0x00, 0x05, 0x01, 0xf0, 0x01, 0xdd, 0xfe, 0xf0, 0xfe, 0xdf, 0x00, 0x05, 0x01, 0xf0, 0x01, 0xdd, 
0xfe, 0xf0, 0xfe, 0xdf, 0x00, 0x05, 0x01, 0xf0, 0x01, 0xdd, 0xfe, 0xe0, 0xfe, 0xf0, 0x00, 0x05, 0x01, 0xf0, 0xfe, 0xe0, 
0xfe, 0xf0, 0x00, 0x00, 0x00, 0x00, 0x00, 0x00, 0x12, 0x01, 0x0b, 0xfe, 0xf0, 0xda, 0xfe, 0xf0, 0xda, 0xfe, 0x02, 0xdc, 
0xfe, 0xdb, 0x01, 0xfe, 0x04, 0xfe, 0xf0, 0x00, 0x05, 0x01, 0xfe, 0x04, 0xfe, 0x02, 0x00, 0xda, 0xfe, 0x02, 0xdc, 0xfe, 
0xdb, 0x01, 0xfe, 0x04, 0xfe, 0xf0, 0x00, 0x05, 0x01, 0xfe, 0x04, 0xfe, 0x02, 0x00, 0xda, 0xfe, 0x02, 0xdc, 0xfe, 0xdb, 
0x01, 0xfe, 0x04, 0xfe, 0xf0, 0x00, 0x05, 0x01, 0xfe, 0x04, 0xfe, 0x02, 0x00, 0xda, 0xfe, 0x02, 0xdc, 0xfe, 0xdb, 0x01, 
0xfe, 0x04, 0xfe, 0xf0, 0x00, 0x05, 0x01, 0xfe, 0x04, 0xfe, 0x02, 0x00, 0xe2, 0xfe, 0xdb, 0x01, 0x00, 0x05, 0x01, 0xf0, 
0x01, 0xfe, 0xe1, 0xfe, 0x0a, 0x1d, 0xfe, 0xf0, 0x0b, 0xfe, 0x04, 0xfe, 0x02, 0x00, 0x05, 0x01, 0x00, 0x00, 0xf0, 0x00, 
0x91, 0x00, 0x01, 0x02, 0x03, 0x04, 0x05, 0x06, 0x07, 0x08, 0x09, 0x0a, 0x0b, 0x0c, 0x0d, 0x0e, 0x0f, 0x10, 0x11, 0x12, 
0x13, 0x14, 0xf9, 0xbc, 0xf9, 0xbc, 0xf9, 0xbc, 0xf9, 0xbc, 0xf9, 0xbc, 0xf9, 0xbc, 0xf9, 0xbc, 0xf9, 0xbc, 0xf9, 0xbc, 
0xf9, 0xbc, 0xf9, 0xbc, 0xf9, 0xbc, 0xf9, 0xbc, 0x9c, 0x59, 0x9d, 0x7a, 0xd6, 0xbf, 0x9d, 0x7a, 0xd6, 0xbf, 0x9c, 0x59, 
0xd6, 0xbf, 0x9d, 0x7a, 0xd7, 0xbf, 0xd6, 0xbf, 0xd7, 0xbf, 0x9c, 0x59, 0xd7, 0xbf, 0xd6, 0xbf, 0xd8, 0xbf, 0xd7, 0xbf, 
0xd8, 0xbf, 0x9c, 0x59, 0xd8, 0xbf, 0xd7, 0xbf, 0xac, 0x55, 0xd8, 0xbf, 0xac, 0x55, 0x9c, 0x59, 0xac, 0x55, 0xd8, 0xbf, 
0xac, 0x55, 0x9c, 0x59, 0x9c, 0x59, 0xbb, 0x90, 0x9d, 0xa3, 0x9c, 0x59, 0xb4, 0x12, 0x00, 0x00, 0x28, 0x02, 0x00, 0x00, 
0x4f, 0x00, 0x00, 0x00, 0x28, 0x02, 0x00, 0x00, 0x0b, 0x01, 0x00, 0x00, 0xd8, 0xd9, 0xf0, 0x01, 0xf0, 0xf0, 0xf0, 0xf0, 
0xf0, 0xf0, 0x16, 0x07, 0xfe, 0x02, 0x0c, 0xfe, 0x02, 0x0d, 0xfe, 0x02, 0x0d, 0xfe, 0x02, 0x0c, 0xfe, 0x02, 0x1a, 0x01, 
0x17, 0x7c, 0x7d, 0x7e, 0x7f, 0x80, 0x81, 0x82, 0x83, 0x84, 0x85, 0x86, 0x87, 0x88, 0x89, 0x8a, 0x8b, 0xa7, 0xa8, 0xa9, 
0x8c, 0x8d, 0x8e, 0x8f, 0xaa, 0xab, 0xac, 0xad, 0xae, 0xaf, 0xb0, 0xb1, 0xb2, 0xb3, 0xb4, 0xb5, 0xb6, 0xb7, 0xb8, 0x90, 
0xb9, 0xba, 0xbb, 0x91, 0xbc, 0xbd, 0x92, 0xbe, 0xbf, 0x93, 0xc0, 0xc1, 0x94, 0xc2, 0x95, 0xc3, 0xc4, 0x96, 0x97, 0xc5, 
0x98, 0x99, 0x9a, 0xc6, 0xc7, 0x9b, 0xc8, 0x9c, 0x9d, 0x9e, 0x9f, 0xa0, 0xa1, 0xa2, 0xc9, 0xca, 0xcb, 0xcc, 0xa3, 0xcd, 
0xce, 0xcf, 0xd0, 0xa4, 0xd1, 0xd2, 0xd3, 0xd4, 0xd5, 0xd6, 0x1b, 0xe6, 0x01, 0x17, 0xe7, 0xe8, 0xe9, 0xea, 0xeb, 0xec, 
0xf0, 0xf0, 0xf1, 0xf1, 0xf0, 0xf0, 0xed, 0x01, 0x0b, 0xfe, 0xee, 0xef, 0x01, 0xf0, 0xfe, 0xf0, 0xfe, 0xde, 0x00, 0x05, 
0x01, 0xf0, 0x01, 0xf0, 0xfe, 0xe3, 0xfe, 0xde, 0x00, 0x05, 0x01, 0xf0, 0x01, 0xdd, 0xfe, 0xf0, 0xfe, 0xdf, 0x00, 0x05, 
0x01, 0xf0, 0x01, 0xdd, 0xfe, 0xf0, 0xfe, 0xdf, 0x00, 0x05, 0x01, 0xf0, 0x01, 0xdd, 0xfe, 0xe0, 0xfe, 0xf0, 0x00, 0x05, 
0x01, 0xf0, 0xfe, 0xe0, 0xfe, 0xf0, 0x00, 0x00, 0x00, 0x00, 0x00, 0x00, 0xf1, 0x01, 0x0c, 0xfe, 0xf0, 0xe2, 0xfe, 0xf0, 
0x01, 0xf0, 0x00, 0xe2, 0xfe, 0xf0, 0x01, 0xf0, 0x00, 0x0c, 0xfe, 0xf0, 0x0c, 0xfe, 0x02, 0xa6, 0xfe, 0xf0, 0x01, 0xfe, 
0xf0, 0xfe, 0xf0, 0xfe, 0x02, 0x00, 0x05, 0x01, 0xfe, 0xf0, 0x00, 0x0c, 0xfe, 0xf1, 0xfe, 0xf0, 0xfe, 0xf1, 0x0d, 0xfe, 
0x02, 0xf0, 0x01, 0x0b, 0xfe, 0xf0, 0xfe, 0xf0, 0xfe, 0xe3, 0xfe, 0xf1, 0xfe, 0xf1, 0x00, 0x05, 0x01, 0xfe, 0xf0, 0x00, 
0x0d, 0xfe, 0x04, 0xfe, 0xf0, 0xfe, 0x7b, 0x0d, 0xfe, 0x02, 0xf0, 0x01, 0xfe, 0x04, 0xfe, 0xf1, 0xfe, 0xf0, 0xfe, 0xf1, 
0x00, 0x05, 0x01, 0xfe, 0x04, 0xfe, 0x02, 0x00, 0xf0, 0xfe, 0x06, 0xfe, 0x7b, 0x00, 0x12, 0x01, 0x07, 0xfe, 0xf0, 0xfe, 
0x06, 0xfe, 0x06, 0xfe, 0x06, 0xfe, 0xe5, 0x0b, 0xfe, 0xf0, 0xda, 0xfe, 0xf0, 0xda, 0xfe, 0x02, 0xdc, 0xfe, 0xdb, 0x01, 
0xfe, 0x04, 0xfe, 0xf0, 0x00, 0x05, 0x01, 0xfe, 0x04, 0xfe, 0x02, 0x00, 0xda, 0xfe, 0x02, 0xdc, 0xfe, 0xdb, 0x01, 0xfe, 
0x04, 0xfe, 0xf0, 0x00, 0x05, 0x01, 0xfe, 0x04, 0xfe, 0x02, 0x00, 0xda, 0xfe, 0x02, 0xdc, 0xfe, 0xdb, 0x01, 0xfe, 0x04, 
0xfe, 0xf0, 0x00, 0x05, 0x01, 0xfe, 0x04, 0xfe, 0x02, 0x00, 0xda, 0xfe, 0x02, 0xdc, 0xfe, 0xdb, 0x01, 0xfe, 0x04, 0xfe, 
0xf0, 0x00, 0x05, 0x01, 0xfe, 0x04, 0xfe, 0x02, 0x00, 0x07, 0xfe, 0x02, 0xe2, 0xfe, 0xdb, 0x01, 0xfe, 0xf0, 0x00, 0x05, 
0x01, 0x07, 0xfe, 0x02, 0xf0, 0x01, 0x0b, 0xfe, 0x04, 0xfe, 0x02, 0xfe, 0xe1, 0xfe, 0x0a, 0x1d, 0xfe, 0xf0, 0x0b, 0xfe, 
0x04, 0xfe, 0x02, 0xfe, 0xf0, 0xfe, 0x06, 0xfe, 0xf0, 0x00, 0x05, 0x01, 0x0b, 0xfe, 0x04, 0xfe, 0x02, 0xfe, 0xe1, 0xfe, 
0x0a, 0xfe, 0xf0, 0xfe, 0xf0, 0x00, 0x0d, 0xfe, 0x04, 0xfe, 0xf0, 0xfe, 0x1c, 0x07, 0xfe, 0x04, 0xfe, 0x02, 0xfe, 0x0f, 
0xfe, 0x0e, 0xfe, 0x11, 0xfe, 0x0a, 0xfe, 0xe4, 0xfe, 0x10, 0x0d, 0xfe, 0x04, 0xfe, 0xf0, 0xfe, 0x13, 0xfe, 0x0f, 0xfe, 
0x0e, 0xfe, 0x11, 0xfe, 0x0a, 0xfe, 0xe4, 0xfe, 0x10, 0xfe, 0x04, 0xfe, 0x02, 0x00, 0xf0, 0xf0, 0xfe, 0x06, 0xfe, 0x06, 
0xfe, 0x06, 0xfe, 0x06, 0xfe, 0x06, 0xfe, 0xf0, 0xfe, 0x06, 0xfe, 0x06, 0xfe, 0x06, 0xfe, 0x06, 0xfe, 0xe5, 0xf1, 0x07, 
0xfe, 0xf0, 0x07, 0xfe, 0xf0, 0x0d, 0xfe, 0xa5, 0xfe, 0xf0, 0xfe, 0xf0, 0xfe, 0xf0, 0xf0, 0xfe, 0x0e, 0xf0, 0xfe, 0x0a, 
0xf0, 0xfe, 0x10, 0x00, 0x45, 0x46, 0x47, 0x48, 0x49, 0x4a, 0x4b, 0xca, 0xcb, 0x83, 0x84, 0x91, 0x4c, 0x00, 0x01, 0x02, 
0x03, 0x04, 0x05, 0x06, 0x07, 0x08, 0x09, 0x0a, 0x0b, 0x85, 0xcc, 0xcd, 0x92, 0xce, 0x92, 0xcf, 0xd0, 0xd1, 0xd2, 0xd3, 
0x86, 0x93, 0x87, 0xd5, 0xd6, 0xd7, 0x88, 0x89, 0xd8, 0xd9, 0xda, 0x8a, 0x93, 0x8b, 0xdb, 0x55, 0x0c, 0x0d, 0x0e, 0x0f, 
0x10, 0x11, 0x4e, 0x12, 0x13, 0x4f, 0x50, 0x51, 0x52, 0x53, 0x54, 0x14, 0x56, 0x57, 0x8c, 0xdc, 0xdd, 0xde, 0xdf, 0xe0, 
0xe1, 0xe2, 0xe3, 0x02, 0x03, 0x04, 0x05, 0x06, 0x8a, 0xbb, 0x8a, 0xbb, 0x8a, 0xbb, 0x8a, 0xbb, 0x8a, 0xbb, 0x8a, 0xbb, 
0x8a, 0xbb, 0x8a, 0xbb, 0x8a, 0xbb, 0x8a, 0xbb, 0x8a, 0xbb, 0x8a, 0xbb, 0x8a, 0xbb, 0xbf, 0x47, 0xbf, 0x47, 0xbf, 0x47, 
0xc7, 0x42, 0xbb, 0x43, 0xc7, 0x42, 0xbb, 0x43, 0xc7, 0x42, 0xc7, 0x42, 0xbb, 0x43, 0x81, 0xc3, 0xbb, 0x43, 0xbf, 0x47, 
0xd0, 0xa3, 0x85, 0x4a, 0xd0, 0xa3, 0x85, 0x4a, 0x85, 0x4a, 0xbf, 0x47, 0xd0, 0xa3, 0x86, 0xa9, 0xd0, 0xa3, 0x81, 0xc3, 
0xfc, 0x90, 0xfc, 0x90, 0x86, 0xa9, 0xbb, 0x43, 0xbf, 0x47, 0xfc, 0x90, 0x86, 0xa9, 0xfc, 0x90, 0x81, 0xc3, 0xec, 0x43, 
0x06, 0x06, 0x06, 0x05, 0x9c, 0x59, 0x9d, 0x7a, 0xd6, 0xbf, 0x9d, 0x7a, 0xd6, 0xbf, 0x9c, 0x59, 0xd6, 0xbf, 0x9d, 0x7a, 
0xd7, 0xbf, 0xd6, 0xbf, 0xd7, 0xbf, 0x9c, 0x59, 0xd7, 0xbf, 0xd6, 0xbf, 0xd8, 0xbf, 0xd7, 0xbf, 0xd8, 0xbf, 0x9c, 0x59, 
0xd8, 0xbf, 0xd7, 0xbf, 0xac, 0x55, 0xd8, 0xbf, 0xac, 0x55, 0x9c, 0x59, 0xac, 0x55, 0xd8, 0xbf, 0xa4, 0x9a, 0xac, 0x55, 
0xa4, 0x9a, 0xaa, 0x87, 0xa5, 0x6b, 0x9c, 0x59, 0xa5, 0x6b, 0x9c, 0x59, 0xc9, 0x8f, 0xf7, 0xab, 0xa5, 0x6b, 0xaa, 0x87, 
0xc9, 0x8f, 0xf7, 0xab, 0xc7, 0x74, 0x9c, 0x59, 0xc7, 0x74, 0x9c, 0x59, 0xaa, 0x87, 0xc7, 0x74, 0x99, 0xb6, 0xaa, 0x87, 
0xaa, 0x87, 0xb8, 0x34, 0xaa, 0x87, 0xb8, 0x34, 0x99, 0xb6, 0xb8, 0x34, 0x99, 0xb6, 0xb8, 0x34, 0x99, 0xb6, 0xaa, 0x63, 
0xb8, 0x34, 0xb8, 0x34, 0xec, 0x43, 0xaa, 0x63, 0xec, 0x43, 0xaa, 0x63, 0xec, 0x43, 0xaa, 0x63, 0xa4, 0x9a, 0xec, 0x43, 
0xa4, 0x9a, 0x02, 0x03, 0x03, 0x03, 0x04, 0x02, 0x03, 0x03, 0x03, 0x04, 0x97, 0xae, 0x8c, 0x9e, 0xa4, 0x31, 0x8c, 0x9e, 
0x97, 0xae, 0x97, 0xae, 0xa4, 0x31, 0xa4, 0x31, 0xa4, 0x31, 0xd9, 0x07, 0x00, 0x00, 0xd5, 0x00, 0x00, 0x00, 0x29, 0x00, 
0x00, 0x00, 0xd5, 0x00, 0x00, 0x00, 0x5a, 0x00, 0x00, 0x00, 0xd8, 0xd9, 0xf0, 0x01, 0xf1, 0xf1, 0xf1, 0xf1, 0xf1, 0xf1, 
0xf1, 0x16, 0xf0, 0xf0, 0x19, 0xf0, 0xf0, 0x01, 0xf0, 0xf0, 0xe6, 0x01, 0x17, 0xe7, 0xe8, 0xe9, 0xea, 0xeb, 0xec, 0xf0, 
0xf1, 0xf1, 0xf1, 0xed, 0x01, 0x0b, 0xfe, 0xee, 0xef, 0x01, 0xf0, 0xfe, 0xf0, 0xfe, 0xde, 0x00, 0x05, 0x01, 0xf0, 0x01, 
0xf0, 0xfe, 0xe3, 0xfe, 0xde, 0x00, 0x05, 0x01, 0xf0, 0x01, 0xdd, 0xfe, 0xf0, 0xfe, 0xdf, 0x00, 0x05, 0x01, 0xf0, 0x01, 
0xdd, 0xfe, 0xf0, 0xfe, 0xdf, 0x00, 0x05, 0x01, 0xf0, 0x01, 0xdd, 0xfe, 0xe0, 0xfe, 0xf0, 0x00, 0x05, 0x01, 0xf0, 0xfe, 
0xe0, 0xfe, 0xf0, 0x00, 0x00, 0x00, 0x00, 0x00, 0x00, 0x12, 0x01, 0x0b, 0xfe, 0xf0, 0xda, 0xfe, 0xf0, 0xda, 0xfe, 0x02, 
0xdc, 0xfe, 0xdb, 0x01, 0xfe, 0x04, 0xfe, 0xf0, 0x00, 0x05, 0x01, 0xfe, 0x04, 0xfe, 0x02, 0x00, 0xda, 0xfe, 0x02, 0xdc, 
0xfe, 0xdb, 0x01, 0xfe, 0x04, 0xfe, 0xf0, 0x00, 0x05, 0x01, 0xfe, 0x04, 0xfe, 0x02, 0x00, 0xda, 0xfe, 0x02, 0xdc, 0xfe, 
0xdb, 0x01, 0xfe, 0x04, 0xfe, 0xf0, 0x00, 0x05, 0x01, 0xfe, 0x04, 0xfe, 0x02, 0x00, 0xda, 0xfe, 0x02, 0xdc, 0xfe, 0xdb, 
0x01, 0xfe, 0x04, 0xfe, 0xf0, 0x00, 0x05, 0x01, 0xfe, 0x04, 0xfe, 0x02, 0x00, 0xe2, 0xfe, 0xdb, 0x01, 0x00, 0x05, 0x01, 
0xf0, 0x01, 0xfe, 0xe1, 0xfe, 0x0a, 0x1d, 0xfe, 0xf0, 0x0b, 0xfe, 0x04, 0xfe, 0x02, 0x00, 0x05, 0x01, 0x00, 0x00, 0xf0, 
0xf0, 0xf0, 0x00, 0xe4, 0x8d, 0x8e, 0x8f, 0x90, 0x91, 0x92, 0x93, 0xe5, 0xe6, 0xe7, 0xe8, 0xe9, 0xea, 0x91, 0x94, 0x95, 
0x96, 0x00, 0x01, 0x02, 0x03, 0x04, 0x05, 0x06, 0x07, 0x08, 0x09, 0x0a, 0x0b, 0x0c, 0x0d, 0x0e, 0x0f, 0x10, 0x11, 0x12, 
0x13, 0x14, 0xeb, 0xec, 0xf9, 0xbc, 0xf9, 0xbc, 0xf9, 0xbc, 0xf9, 0xbc, 0xf9, 0xbc, 0xf9, 0xbc, 0xf9, 0xbc, 0xf9, 0xbc, 
0xf9, 0xbc, 0xf9, 0xbc, 0xf9, 0xbc, 0xf9, 0xbc, 0xf9, 0xbc, 0x9c, 0x59, 0x9d, 0x7a, 0xd6, 0xbf, 0x9d, 0x7a, 0xd6, 0xbf, 
0x9c, 0x59, 0xd6, 0xbf, 0x9d, 0x7a, 0xd7, 0xbf, 0xd6, 0xbf, 0xd7, 0xbf, 0x9c, 0x59, 0xd7, 0xbf, 0xd6, 0xbf, 0xd8, 0xbf, 
0xd7, 0xbf, 0xd8, 0xbf, 0x9c, 0x59, 0xd8, 0xbf, 0xd7, 0xbf, 0xac, 0x55, 0xd8, 0xbf, 0xac, 0x55, 0x9c, 0x59, 0xac, 0x55, 
0xd8, 0xbf, 0xac, 0x55, 0x9c, 0x59, 0x9c, 0x59, 0xef, 0x8f, 0x9d, 0xa9, 0x9c, 0x59, 0x4c, 0x53, 0x47, 0x57, 0x5f, 0x54, 
0x41, 0x4d, 0x64, 0x09, 0x00, 0x00, 0xda, 0x00, 0xd7, 0x00, 0xad, 0x01, 0x00, 0x00, 0x12, 0x00, 0x00, 0x00, 0x00, 0x00, 
0x00, 0x00, 0x01, 0x00, 0x00, 0x8e, 0x00, 0x00, 0x00, 0x01, 0x00, 0x01, 0x7e, 0x01, 0x00, 0x00, 0x01, 0x02, 0x00, 0xea, 
0x02, 0x00, 0x00, 0x01, 0x10, 0x00, 0x8e, 0x00, 0x00, 0x00, 0x01, 0x10, 0x01, 0x06, 0x04, 0x00, 0x00, 0x01, 0x12, 0x00, 
0xea, 0x02, 0x00, 0x00, 0x01, 0x20, 0x01, 0xad, 0x04, 0x00, 0x00, 0x01, 0x30, 0x01, 0x7d, 0x06, 0x00, 0x00, 0x01, 0x70, 
0x01, 0x7e, 0x01, 0x00, 0x00, 0x02, 0x00, 0x00, 0x53, 0x07, 0x00, 0x00, 0x02, 0x00, 0x01, 0x7e, 0x01, 0x00, 0x00, 0x02, 
0x02, 0x00, 0x47, 0x08, 0x00, 0x00, 0x02, 0x10, 0x00, 0x53, 0x07, 0x00, 0x00, 0x02, 0x10, 0x01, 0x06, 0x04, 0x00, 0x00, 
0x02, 0x12, 0x00, 0x47, 0x08, 0x00, 0x00, 0x02, 0x20, 0x01, 0xad, 0x04, 0x00, 0x00, 0x02, 0x30, 0x01, 0x7d, 0x06, 0x00, 
0x00, 0x02, 0x70, 0x01, 0x7e, 0x01, 0x00, 0x00, 0x63, 0x12, 0x00, 0x00, 0xa9, 0x00, 0x00, 0x00, 0x33, 0x00, 0x00, 0x00, 
0xa9, 0x00, 0x00, 0x00, 0x00, 0x00, 0x00, 0x00, 0x14, 0x15, 0x03, 0x1e, 0x1f, 0x20, 0x21, 0x22, 0x23, 0x24, 0x25, 0x26, 
0x27, 0x28, 0x29, 0x2a, 0x2b, 0x2c, 0x2d, 0x2e, 0x2f, 0x30, 0x31, 0x32, 0x33, 0x34, 0x35, 0x36, 0x37, 0x38, 0x39, 0x3a, 
0x3b, 0x3c, 0x3d, 0x3e, 0x3f, 0x40, 0x41, 0x42, 0x43, 0x44, 0x45, 0x46, 0x47, 0x48, 0x49, 0x4a, 0x4b, 0x4c, 0x4d, 0x4e, 
0x4f, 0x50, 0x51, 0x52, 0x53, 0x54, 0x55, 0x56, 0x57, 0x58, 0x59, 0x5a, 0x5b, 0x5c, 0x5d, 0x5e, 0x5f, 0x60, 0x61, 0x62, 
0x63, 0x64, 0x65, 0x66, 0x67, 0x68, 0x69, 0x6a, 0x6b, 0x6c, 0x6d, 0x6e, 0x6f, 0x70, 0x71, 0x72, 0x73, 0x74, 0x75, 0x76, 
0x77, 0x78, 0x00, 0x03, 0x79, 0x03, 0xf0, 0x03, 0xf0, 0x03, 0xf0, 0x03, 0xf0, 0x03, 0xf0, 0xdd, 0xf0, 0x00, 0x03, 0xf0, 
0x03, 0xf0, 0xf0, 0xf0, 0x00, 0x03, 0xf0, 0xf0, 0xf0, 0xf0, 0xf0, 0xf0, 0xf0, 0xf0, 0xf0, 0xf0, 0xf0, 0xf0, 0xf0, 0x09, 
0xf0, 0x08, 0xf0, 0xf0, 0xf0, 0xf0, 0xf0, 0xf0, 0xf0, 0xf0, 0xf0, 0xf0, 0xf0, 0xf0, 0xf0, 0xf0, 0xf0, 0x00, 0x03, 0x18, 
0xf0, 0xf0, 0x7a, 0xf0, 0xf0, 0xf0, 0xf0, 0xf0, 0xf0, 0xdd, 0x00, 0x03, 0xf0, 0xf0, 0xf0, 0xf0, 0x00, 0x0f, 0x10, 0x11, 
0x12, 0x13, 0x14, 0x15, 0x16, 0x17, 0x18, 0x19, 0x1a, 0x6d, 0x6e, 0x6f, 0x70, 0x71, 0x72, 0x73, 0x74, 0x75, 0x76, 0x77, 
0x78, 0x79, 0x7a, 0x7b, 0x7c, 0x7d, 0x7e, 0x7f, 0x80, 0x81, 0x82, 0x83, 0x84, 0x85, 0x86, 0x87, 0x1b, 0x1c, 0x1d, 0x1e, 
0x1f, 0x20, 0x21, 0x22, 0x23, 0x24, 0x25, 0x88, 0x53, 0x1a, 0x00, 0x00, 0xed, 0x00, 0x00, 0x00, 0x6b, 0x00, 0x00, 0x00, 
0xed, 0x00, 0x00, 0x00, 0x00, 0x00, 0x00, 0x00, 0x14, 0x15, 0x03, 0x1e, 0x1f, 0x20, 0x21, 0x22, 0x23, 0x24, 0x25, 0x26, 
0x27, 0x28, 0x29, 0x2a, 0x2b, 0x2c, 0x2d, 0x2e, 0x2f, 0x30, 0x31, 0x32, 0x33, 0x34, 0x35, 0x36, 0x37, 0x38, 0x39, 0x3a, 
0x3b, 0x3c, 0x3d, 0x3e, 0x3f, 0x40, 0x41, 0x42, 0x43, 0x44, 0x45, 0x46, 0x47, 0x48, 0x49, 0x4a, 0x4b, 0x4c, 0x4d, 0x4e, 
0x4f, 0x50, 0x51, 0x52, 0x53, 0x54, 0x55, 0x56, 0x57, 0x58, 0x59, 0x5a, 0x5b, 0x5c, 0x5d, 0x5e, 0x5f, 0x60, 0x61, 0x62, 
0x63, 0x64, 0x65, 0x66, 0x67, 0x68, 0x69, 0x6a, 0x6b, 0x6c, 0x6d, 0x6e, 0x6f, 0x70, 0x71, 0x72, 0x73, 0x74, 0x75, 0x76, 
0x77, 0x78, 0x00, 0x03, 0x79, 0x03, 0xf0, 0xf0, 0xf0, 0xf0, 0xf0, 0xf0, 0xf0, 0x00, 0x03, 0xf0, 0x03, 0xf0, 0x03, 0xf0, 
0x03, 0xf0, 0x03, 0xf0, 0x03, 0xf0, 0x03, 0xf0, 0x03, 0xf0, 0xf0, 0xf0, 0xf0, 0xf0, 0xf0, 0xf0, 0x00, 0x03, 0xf0, 0xf0, 
0xf0, 0xf0, 0xf0, 0xf0, 0xf0, 0xf0, 0xf0, 0xf0, 0xf0, 0x09, 0xf0, 0x08, 0xf0, 0xf0, 0xf0, 0xf0, 0x09, 0xf0, 0x08, 0xf0, 
0xf0, 0xf0, 0xf0, 0x09, 0xf0, 0x08, 0xf0, 0xf0, 0xf0, 0xf0, 0x09, 0xf0, 0x08, 0xf0, 0xf0, 0xf0, 0x09, 0xf0, 0xf0, 0xf0, 
0xf0, 0xf0, 0xf0, 0xf0, 0xf0, 0xf0, 0xf0, 0xf0, 0xf0, 0xf0, 0xf0, 0xf0, 0xf0, 0xf0, 0xf0, 0xf0, 0xf0, 0xf0, 0xf0, 0xf0, 
0xf0, 0xf0, 0xf0, 0xf0, 0xf0, 0xf0, 0xf0, 0xf0, 0xf0, 0x08, 0xf0, 0xf0, 0xf0, 0x00, 0x03, 0xf0, 0xf0, 0xf0, 0xf0, 0xf0, 
0xf0, 0xf0, 0xf0, 0xf0, 0xf0, 0xf0, 0xf0, 0x09, 0xf0, 0x08, 0xf0, 0x00, 0x03, 0x18, 0xf0, 0xf0, 0x7a, 0xf0, 0x00, 0x03, 
0xf0, 0xf0, 0xf0, 0xf0, 0x00, 0x15, 0x16, 0x17, 0x18, 0x19, 0x1a, 0x1b, 0x1c, 0x58, 0x59, 0x5a, 0x5b, 0x1d, 0x5c, 0x5d, 
0x5e, 0x5f, 0x60, 0x61, 0x62, 0x63, 0x64, 0x1e, 0x1f, 0x65, 0x2a, 0x2b, 0x2c, 0x2d, 0x2e, 0x2f, 0x30, 0x31, 0x32, 0x33, 
0x34, 0x35, 0x36, 0x37, 0x38, 0x39, 0x3a, 0x3b, 0x3c, 0x3d, 0x3e, 0x3f, 0x40, 0x66, 0x41, 0x67, 0x68, 0x69, 0x6a, 0x6b, 
0x6c, 0x6d, 0x6e, 0x6f, 0x70, 0x71, 0x72, 0x73, 0x74, 0x75, 0x76, 0x77, 0x78, 0x79, 0x7a, 0x7b, 0x7c, 0x7d, 0x7e, 0x7f, 
0x80, 0x81, 0x82, 0x83, 0x84, 0x85, 0x86, 0x87, 0x88, 0x20, 0x89, 0x8a, 0x94, 0x21, 0x95, 0x22, 0x96, 0x23, 0x97, 0x24, 
0x98, 0x25, 0x99, 0x9a, 0x26, 0x42, 0x43, 0x8b, 0x27, 0x9b, 0x8c, 0x8d, 0xcf, 0x15, 0x00, 0x00, 0xc0, 0x00, 0x00, 0x00, 
0x48, 0x00, 0x00, 0x00, 0xc0, 0x00, 0x00, 0x00, 0x00, 0x00, 0x00, 0x00, 0xf0, 0x14, 0x15, 0x03, 0xf0, 0x03, 0x1e, 0x1f, 
0x20, 0x21, 0x22, 0x23, 0x24, 0x25, 0x26, 0x27, 0x28, 0x29, 0x2a, 0x2b, 0x2c, 0x2d, 0x2e, 0x2f, 0x30, 0x31, 0x32, 0x33, 
0x34, 0x35, 0x36, 0x37, 0x38, 0x39, 0x3a, 0x3b, 0x3c, 0x3d, 0x3e, 0x3f, 0x40, 0x41, 0x42, 0x43, 0x44, 0x45, 0x46, 0x47, 
0x48, 0x49, 0x4a, 0x4b, 0x4c, 0x4d, 0x4e, 0x4f, 0x50, 0x51, 0x52, 0x53, 0x54, 0x55, 0x56, 0x57, 0x58, 0x59, 0x5a, 0x5b, 
0x5c, 0x5d, 0x5e, 0x5f, 0x60, 0x61, 0x62, 0x63, 0x64, 0x65, 0x66, 0x67, 0x68, 0x69, 0x6a, 0x6b, 0x6c, 0x6d, 0x6e, 0x6f, 
0x70, 0x71, 0x72, 0x73, 0x74, 0x75, 0x76, 0x77, 0x78, 0x00, 0x03, 0x79, 0x03, 0xf0, 0x03, 0xf0, 0x03, 0xf0, 0x03, 0xf0, 
0x03, 0xf0, 0x03, 0xf0, 0xdd, 0xf0, 0x00, 0x03, 0xf0, 0x03, 0xf0, 0xf0, 0xf0, 0x00, 0x03, 0xf0, 0xf0, 0xf0, 0xf0, 0xf0, 
0xf0, 0xf0, 0xf0, 0xf0, 0xf0, 0xf0, 0xf0, 0xf0, 0xf0, 0x09, 0xf0, 0x08, 0xf0, 0xf0, 0xf0, 0xf0, 0xf0, 0xf0, 0xf0, 0xf0, 
0xf0, 0xf0, 0xf0, 0xf0, 0xf0, 0xf0, 0xf0, 0xf0, 0xf0, 0xf0, 0xf0, 0xf0, 0xf0, 0xf0, 0xf0, 0xf0, 0xf0, 0xf0, 0xf0, 0xf0, 
0xf0, 0xf0, 0x00, 0x03, 0x18, 0xf0, 0xf0, 0x7a, 0xf0, 0xf0, 0xf0, 0xf0, 0xf0, 0xf0, 0xf0, 0xf0, 0xdd, 0x00, 0x03, 0xf0, 
0xf0, 0xf0, 0xf0, 0x00, 0x89, 0x8a, 0x0f, 0x10, 0x11, 0x12, 0xb8, 0x13, 0x14, 0x15, 0x16, 0x17, 0x18, 0x19, 0x1a, 0x8b, 
0x8c, 0x8d, 0x8e, 0x8f, 0x90, 0x91, 0x92, 0x93, 0x94, 0x95, 0x96, 0x97, 0x98, 0x99, 0x9a, 0x9b, 0x9c, 0x9d, 0x9e, 0x9f, 
0xa0, 0xa1, 0xa2, 0xa3, 0xa4, 0xa5, 0xa6, 0xa7, 0xa8, 0xa9, 0xaa, 0xab, 0xac, 0xad, 0xae, 0xaf, 0xb0, 0xb1, 0xb9, 0xba, 
0xb2, 0xb3, 0x1b, 0x1c, 0x1d, 0x1e, 0x1f, 0x20, 0x21, 0xb4, 0xbb, 0x22, 0x23, 0x24, 0x25, 0xbc, 0x78, 0x08, 0x00, 0x00, 
0x55, 0x00, 0x00, 0x00, 0x3e, 0x00, 0x00, 0x00, 0x55, 0x00, 0x00, 0x00, 0x00, 0x00, 0x00, 0x00, 0x14, 0x15, 0x03, 0xf0, 
0xf0, 0xf0, 0xf0, 0xf0, 0xf0, 0xf0, 0x00, 0x03, 0xf0, 0x03, 0xf0, 0x03, 0xf0, 0xf0, 0xf0, 0xf0, 0xf0, 0xf0, 0xf0, 0xf0, 
0xf0, 0xf0, 0x09, 0xf0, 0x08, 0xf0, 0xf0, 0xf0, 0xf0, 0x09, 0xf0, 0x08, 0xf0, 0xf0, 0xf0, 0xf0, 0x09, 0xf0, 0x08, 0xf0, 
0xf1, 0xf1, 0xf1, 0x09, 0xf1, 0x08, 0xf1, 0xf0, 0xf1, 0xf1, 0xf1, 0xf0, 0xf1, 0xf1, 0x08, 0xf0, 0x00, 0x03, 0xf1, 0xf1, 
0xf0, 0xf1, 0xf0, 0xf1, 0xf0, 0xf1, 0xf0, 0xf1, 0xf0, 0xf1, 0x09, 0xf1, 0x08, 0xf0, 0x00, 0x03, 0xf0, 0xf1, 0xf0, 0xf1, 
0x00, 0x15, 0x16, 0x17, 0x18, 0x19, 0x1a, 0x1b, 0x1c, 0x1d, 0x64, 0x1e, 0x1f, 0xed, 0xee, 0xef, 0xf0, 0xf1, 0xf2, 0xf3, 
0xf4, 0xf5, 0xf6, 0xf7, 0xf8, 0xf9, 0xfa, 0xfb, 0xfc, 0xfd, 0xfe, 0xff, 0x00, 0x01, 0x02, 0x03, 0x04, 0x9c, 0x05, 0x06, 
0x07, 0x9d, 0x08, 0x09, 0x20, 0x0a, 0x0b, 0x21, 0x0c, 0x22, 0x0d, 0x23, 0x0e, 0x24, 0x0f, 0x25, 0x10, 0x11, 0x26, 0x27, 
0x12, 0x8c, 0x13, 0xfa, 0x23, 0x00, 0x00, 0x25, 0x01, 0x00, 0x00, 0x97, 0x00, 0x00, 0x00, 0x25, 0x01, 0x00, 0x00, 0x00, 
0x00, 0x00, 0x00, 0x14, 0x15, 0x03, 0x1e, 0x1f, 0x20, 0x21, 0x22, 0x23, 0x24, 0x25, 0x26, 0x27, 0x28, 0x29, 0x2a, 0x2b, 
0x2c, 0x2d, 0x2e, 0x2f, 0x30, 0x31, 0x32, 0x33, 0x34, 0x35, 0x36, 0x37, 0x38, 0x39, 0x3a, 0x3b, 0x3c, 0x3d, 0x3e, 0x3f, 
0x40, 0x41, 0x42, 0x43, 0x44, 0x45, 0x46, 0x47, 0x48, 0x49, 0x4a, 0x4b, 0x4c, 0x4d, 0x4e, 0x4f, 0x50, 0x51, 0x52, 0x53, 
0x54, 0x55, 0x56, 0x57, 0x58, 0x59, 0x5a, 0x5b, 0x5c, 0x5d, 0x5e, 0x5f, 0x60, 0x61, 0x62, 0x63, 0x64, 0x65, 0x66, 0x67, 
0x68, 0x69, 0x6a, 0x6b, 0x6c, 0x6d, 0x6e, 0x6f, 0x70, 0x71, 0x72, 0x73, 0x74, 0x75, 0x76, 0x77, 0x78, 0x00, 0x03, 0x79, 
0x03, 0xf0, 0xf0, 0xf0, 0xf0, 0xf0, 0xf0, 0xf0, 0x00, 0x03, 0xf0, 0x03, 0xf0, 0x03, 0xf0, 0x03, 0xf0, 0x03, 0xf0, 0x03, 
0xf0, 0x03, 0xf0, 0x03, 0xf1, 0x03, 0xf1, 0x03, 0xf0, 0xf0, 0xf0, 0xf0, 0xf0, 0xf0, 0xf0, 0x00, 0x03, 0xf1, 0xf0, 0xf0, 
0xf1, 0xf0, 0xf0, 0xf0, 0xf0, 0xf0, 0xf0, 0xf0, 0xf0, 0x09, 0xf0, 0x08, 0xf0, 0xf0, 0xf0, 0xf0, 0x09, 0xf0, 0x08, 0xf0, 
0xf0, 0xf0, 0xf0, 0x09, 0xf0, 0x08, 0xf0, 0xf0, 0xf0, 0xf0, 0x09, 0xf0, 0x08, 0xf0, 0xf0, 0xf0, 0x09, 0xf0, 0xf0, 0xf0, 
0xf0, 0xf0, 0xf0, 0xf0, 0xf0, 0xf0, 0xf0, 0xf0, 0xf0, 0xf0, 0xf0, 0xf0, 0xf0, 0xf0, 0xf0, 0xf0, 0xf0, 0xf0, 0xf0, 0xf0, 
0xf0, 0xf0, 0xf0, 0xf0, 0xf0, 0xf0, 0xf0, 0xf0, 0xf0, 0x08, 0xf0, 0xf0, 0xf0, 0xf1, 0xf1, 0xf1, 0xf1, 0xf1, 0xf1, 0xf1, 
0x00, 0x03, 0xf1, 0xf1, 0xf1, 0xf1, 0xf0, 0x08, 0xf1, 0xf0, 0x08, 0xf1, 0xf1, 0xf1, 0xf1, 0xf1, 0xf1, 0x09, 0xf1, 0x08, 
0xf1, 0xf1, 0xf1, 0xf1, 0xf1, 0xf1, 0xf1, 0xf1, 0xf1, 0xf1, 0x09, 0xf1, 0x08, 0xf1, 0xf1, 0xf1, 0xf1, 0xf1, 0xf1, 0x09, 
0xf1, 0x08, 0xf1, 0xf1, 0x00, 0x03, 0xf0, 0xf1, 0xf0, 0xf1, 0xf0, 0xf1, 0xf0, 0xf1, 0xf0, 0xf1, 0xf0, 0xf1, 0x09, 0xf1, 
0x08, 0xf0, 0x00, 0x03, 0x18, 0xf0, 0xf0, 0x7a, 0xf0, 0x00, 0x03, 0xf0, 0xf1, 0xf1, 0xf0, 0x00, 0x15, 0x16, 0x17, 0x18, 
0x19, 0x1a, 0x1b, 0x1c, 0x58, 0x59, 0x5a, 0x5b, 0x1d, 0x5c, 0x14, 0x15, 0x5d, 0x5e, 0x5f, 0x60, 0x61, 0x62, 0x63, 0x16, 
0x1e, 0x1f, 0x17, 0x65, 0x2a, 0x2b, 0x2c, 0x2d, 0x2e, 0x2f, 0x30, 0x31, 0x32, 0x33, 0x34, 0x35, 0x36, 0x37, 0x38, 0x39, 
0x3a, 0x3b, 0x3c, 0x3d, 0x3e, 0x3f, 0x40, 0x66, 0x41, 0x67, 0x68, 0x69, 0x6a, 0x6b, 0x6c, 0x6d, 0x6e, 0x6f, 0x70, 0x71, 
0x72, 0x73, 0x74, 0x75, 0x76, 0x77, 0x78, 0x79, 0x7a, 0x7b, 0x7c, 0x7d, 0x7e, 0x7f, 0x80, 0x81, 0x82, 0x83, 0x84, 0x85, 
0x86, 0x87, 0x88, 0x20, 0x89, 0x18, 0x19, 0x1a, 0x1b, 0x1c, 0x1d, 0x1e, 0x1f, 0x20, 0x21, 0x22, 0x9e, 0x23, 0x9e, 0x24, 
0x25, 0x26, 0x27, 0x28, 0x29, 0x2a, 0x2b, 0x2c, 0x2d, 0x2e, 0x2f, 0x30, 0x31, 0x32, 0x33, 0x34, 0x35, 0x36, 0x37, 0x38, 
0x39, 0x3a, 0x3b, 0x3c, 0x3d, 0x3e, 0x8a, 0x3f, 0x21, 0x40, 0x22, 0x41, 0x23, 0x42, 0x24, 0x43, 0x25, 0x44, 0x45, 0x26, 
0x42, 0x43, 0x8b, 0x27, 0x46, 0x47, 0x8d, 0x06, 0x0c, 0x00, 0x00, 0x71, 0x00, 0x00, 0x00, 0x51, 0x00, 0x00, 0x00, 0x71, 
0x00, 0x00, 0x00, 0x00, 0x00, 0x00, 0x00, 0x14, 0x15, 0x03, 0xf1, 0xf1, 0xf1, 0xf1, 0xf1, 0xf1, 0xf1, 0xf1, 0x00, 0x03, 
0xf1, 0xf1, 0x00, 0x03, 0xf1, 0x03, 0xf0, 0xf0, 0xf0, 0xf0, 0xf0, 0xf0, 0xf0, 0x00, 0x03, 0xf0, 0x03, 0xf0, 0x03, 0xf1, 
0x03, 0xf1, 0xf0, 0xf0, 0xf1, 0xf0, 0xf0, 0xf0, 0xf0, 0xf0, 0xf0, 0xf0, 0x09, 0xf0, 0x08, 0xf0, 0xf0, 0xf0, 0xf0, 0x09, 
0xf0, 0x08, 0xf0, 0xf0, 0xf0, 0xf0, 0x09, 0xf0, 0x08, 0xf0, 0xf0, 0xf0, 0xf0, 0x09, 0xf0, 0x08, 0xf0, 0xf0, 0xf1, 0xf1, 
0xf1, 0xf0, 0xf1, 0xf1, 0x08, 0xf0, 0xf1, 0xf1, 0x00, 0x03, 0xf1, 0xf1, 0xf0, 0xf1, 0xf0, 0xf1, 0xf0, 0xf1, 0xf0, 0xf1, 
0xf0, 0xf1, 0x09, 0xf1, 0x08, 0xf0, 0x00, 0x03, 0x18, 0xf0, 0xf0, 0xf1, 0xf1, 0x00, 0x03, 0xf0, 0xf1, 0xf1, 0xf1, 0x00, 
0x48, 0x49, 0x4a, 0x4b, 0x4c, 0x4d, 0x4e, 0x4f, 0x50, 0x51, 0x52, 0x15, 0x16, 0x17, 0x18, 0x19, 0x1a, 0x1b, 0x1c, 0x1d, 
0x53, 0x54, 0x1e, 0x1f, 0x55, 0x2a, 0x2b, 0x2c, 0x2d, 0x2e, 0x2f, 0x30, 0x31, 0x32, 0x33, 0x34, 0x35, 0x36, 0x37, 0x38, 
0x39, 0x3a, 0x3b, 0x3c, 0x3d, 0x3e, 0x3f, 0x40, 0x41, 0x9c, 0x56, 0x57, 0x58, 0x9d, 0x59, 0x5a, 0x20, 0x5b, 0x5c, 0x5d, 
0x5e, 0x21, 0x5f, 0x22, 0x60, 0x23, 0x61, 0x24, 0x62, 0x25, 0x63, 0x64, 0x26, 0x42, 0x43, 0x65, 0x66, 0x27, 0x67, 0x68, 
0x69, 0xab, 0x12, 0x00, 0x00, 0xab, 0x00, 0x00, 0x00, 0x35, 0x00, 0x00, 0x00, 0xab, 0x00, 0x00, 0x00, 0x00, 0x00, 0x00, 
0x00, 0x14, 0x15, 0x03, 0x1e, 0x1f, 0x20, 0x21, 0x22, 0x23, 0x24, 0x25, 0x26, 0x27, 0x28, 0x29, 0x2a, 0x2b, 0x2c, 0x2d, 
0x2e, 0x2f, 0x30, 0x31, 0x32, 0x33, 0x34, 0x35, 0x36, 0x37, 0x38, 0x39, 0x3a, 0x3b, 0x3c, 0x3d, 0x3e, 0x3f, 0x40, 0x41, 
0x42, 0x43, 0x44, 0x45, 0x46, 0x47, 0x48, 0x49, 0x4a, 0x4b, 0x4c, 0x4d, 0x4e, 0x4f, 0x50, 0x51, 0x52, 0x53, 0x54, 0x55, 
0x56, 0x57, 0x58, 0x59, 0x5a, 0x5b, 0x5c, 0x5d, 0x5e, 0x5f, 0x60, 0x61, 0x62, 0x63, 0x64, 0x65, 0x66, 0x67, 0x68, 0x69, 
0x6a, 0x6b, 0x6c, 0x6d, 0x6e, 0x6f, 0x70, 0x71, 0x72, 0x73, 0x74, 0x75, 0x76, 0x77, 0x78, 0x00, 0x03, 0x79, 0x03, 0xf0, 
0x03, 0xf0, 0x03, 0xf0, 0x03, 0xf0, 0x03, 0xf0, 0xdd, 0xf0, 0xf0, 0xf0, 0x00, 0x03, 0xf0, 0x03, 0xf0, 0xf0, 0xf0, 0x00, 
0x03, 0xf0, 0xf0, 0xf0, 0xf0, 0xf0, 0xf0, 0xf0, 0xf0, 0xf0, 0xf0, 0xf0, 0xf0, 0xf0, 0x09, 0xf0, 0x08, 0xf0, 0xf0, 0xf0, 
0xf0, 0xf0, 0xf0, 0xf0, 0xf0, 0xf0, 0xf0, 0xf0, 0xf0, 0xf0, 0xf0, 0xf0, 0x00, 0x03, 0x18, 0xf0, 0xf0, 0x7a, 0xf0, 0xf0, 
0xf0, 0xf0, 0xf0, 0xf0, 0xdd, 0x00, 0x03, 0xf0, 0xf0, 0xf0, 0xf0, 0x00, 0x0f, 0x10, 0x11, 0x12, 0x13, 0x14, 0xbd, 0xb5, 
0x15, 0x16, 0x17, 0x18, 0x19, 0x1a, 0x6d, 0x6e, 0x6f, 0x70, 0x71, 0x72, 0x73, 0x74, 0x75, 0x76, 0x77, 0x78, 0x79, 0x7a, 
0x7b, 0x7c, 0x7d, 0x7e, 0x7f, 0x80, 0x81, 0x82, 0x83, 0x84, 0x85, 0x86, 0x87, 0x1b, 0x1c, 0x1d, 0x1e, 0x1f, 0x20, 0x21, 
0x22, 0x23, 0x24, 0x25, 0x88, 0xc0, 0x15, 0x00, 0x00, 0xc0, 0x00, 0x00, 0x00, 0x49, 0x00, 0x00, 0x00, 0xc0, 0x00, 0x00, 
0x00, 0x00, 0x00, 0x00, 0x00, 0xf0, 0x14, 0x15, 0x03, 0xf0, 0x03, 0x1e, 0x1f, 0x20, 0x21, 0x22, 0x23, 0x24, 0x25, 0x26, 
0x27, 0x28, 0x29, 0x2a, 0x2b, 0x2c, 0x2d, 0x2e, 0x2f, 0x30, 0x31, 0x32, 0x33, 0x34, 0x35, 0x36, 0x37, 0x38, 0x39, 0x3a, 
0x3b, 0x3c, 0x3d, 0x3e, 0x3f, 0x40, 0x41, 0x42, 0x43, 0x44, 0x45, 0x46, 0x47, 0x48, 0x49, 0x4a, 0x4b, 0x4c, 0x4d, 0x4e, 
0x4f, 0x50, 0x51, 0x52, 0x53, 0x54, 0x55, 0x56, 0x57, 0x58, 0x59, 0x5a, 0x5b, 0x5c, 0x5d, 0x5e, 0x5f, 0x60, 0x61, 0x62, 
0x63, 0x64, 0x65, 0x66, 0x67, 0x68, 0x69, 0x6a, 0x6b, 0x6c, 0x6d, 0x6e, 0x6f, 0x70, 0x71, 0x72, 0x73, 0x74, 0x75, 0x76, 
0x77, 0x78, 0x00, 0x03, 0x79, 0x03, 0xf0, 0x03, 0xf0, 0x03, 0xf0, 0x03, 0xf0, 0x03, 0xf0, 0xdd, 0xf0, 0xf0, 0xf0, 0x00, 
0x03, 0xf0, 0x03, 0xf0, 0xf0, 0xf0, 0x00, 0x03, 0xf0, 0xf0, 0xf0, 0xf0, 0xf0, 0xf0, 0xf0, 0xf0, 0xf0, 0xf0, 0xf0, 0xf0, 
0xf0, 0xf0, 0x09, 0xf0, 0x08, 0xf0, 0xf0, 0xf0, 0xf0, 0xf0, 0xf0, 0xf0, 0xf0, 0xf0, 0xf0, 0xf0, 0xf0, 0xf0, 0xf0, 0xf0, 
0xf0, 0xf0, 0xf0, 0xf0, 0xf0, 0xf0, 0xf0, 0xf0, 0xf0, 0xf0, 0xf0, 0xf0, 0xf0, 0xf0, 0xf0, 0x00, 0x03, 0x18, 0xf0, 0xf0, 
0x7a, 0xf0, 0xf0, 0xf0, 0xf0, 0xf0, 0xf0, 0xdd, 0xf0, 0xf0, 0x00, 0x03, 0xf0, 0xf0, 0xf0, 0xf0, 0x00, 0x89, 0x8a, 0x0f, 
0x10, 0x11, 0x12, 0x13, 0x14, 0xb6, 0xb5, 0x15, 0x16, 0x17, 0x18, 0x19, 0x1a, 0x8b, 0x8c, 0x8d, 0x8e, 0x8f, 0x90, 0x91, 
0x92, 0x93, 0x94, 0x95, 0x96, 0x97, 0x98, 0x99, 0x9a, 0x9b, 0x9c, 0x9d, 0x9e, 0x9f, 0xa0, 0xa1, 0xa2, 0xa3, 0xa4, 0xa5, 
0xa6, 0xa7, 0xa8, 0xa9, 0xaa, 0xab, 0xac, 0xad, 0xae, 0xaf, 0xb0, 0xb1, 0xbe, 0xbf, 0xb2, 0xb3, 0x1b, 0x1c, 0x1d, 0x1e, 
0x1f, 0x20, 0x21, 0x22, 0xb4, 0xb6, 0x23, 0x24, 0x25, 0xc0, 0x20, 0x43, 0x52, 0x43, 0x5f, 0x54, 0x41, 0x4d, 0x04, 0x00, 
0x00, 0x00, 0xd3, 0xda, 0xd9, 0xef, 

};

