#include "image_android.h"
#include <stdint.h>
const uint8_t IMAGE_PACKAGE[] = {
// IMAGE
0x53, 0x52, 0x45, 0x56, 0x5f, 0x54, 0x41, 0x4d, 0x04, 0x00, 0x00, 0x00, 0x4d, 0x00, 0x00, 0x00, 0x54, 0x41, 0x45, 0x46, 
0x5f, 0x54, 0x41, 0x4d, 0x01, 0x00, 0x00, 0x00, 0x01, 0x45, 0x4d, 0x41, 0x4e, 0x5f, 0x54, 0x41, 0x4d, 0x06, 0x00, 0x00, 
0x00, 0x49, 0x6d, 0x61, 0x67, 0x65, 0x00, 0x4d, 0x52, 0x50, 0x43, 0x5f, 0x54, 0x41, 0x4d, 0x14, 0x00, 0x00, 0x00, 0x2d, 
0x61, 0x20, 0x76, 0x75, 0x6c, 0x6b, 0x61, 0x6e, 0x20, 0x2d, 0x61, 0x20, 0x6f, 0x70, 0x65, 0x6e, 0x67, 0x6c, 0x00, 0x4c, 
0x44, 0x4d, 0x53, 0x5f, 0x54, 0x41, 0x4d, 0x04, 0x00, 0x00, 0x00, 0x06, 0x00, 0x00, 0x00, 0x4e, 0x4d, 0x4f, 0x44, 0x5f, 
0x54, 0x41, 0x4d, 0x01, 0x00, 0x00, 0x00, 0x00, 0x54, 0x4c, 0x46, 0x56, 0x5f, 0x54, 0x41, 0x4d, 0x04, 0x00, 0x00, 0x00, 
0x2c, 0x00, 0x00, 0x00, 0x20, 0x42, 0x49, 0x55, 0x5f, 0x54, 0x41, 0x4d, 0x99, 0x00, 0x00, 0x00, 0x4d, 0x61, 0x74, 0x65, 
0x72, 0x69, 0x61, 0x6c, 0x50, 0x61, 0x72, 0x61, 0x6d, 0x73, 0x00, 0x06, 0x00, 0x00, 0x00, 0x00, 0x00, 0x00, 0x00, 0x74, 
0x72, 0x61, 0x6e, 0x73, 0x66, 0x6f, 0x72, 0x6d, 0x00, 0x00, 0x00, 0x00, 0x00, 0x00, 0x00, 0x00, 0x00, 0x11, 0x02, 0x00, 
0x62, 0x61, 0x63, 0x6b, 0x67, 0x72, 0x6f, 0x75, 0x6e, 0x64, 0x43, 0x6f, 0x6c, 0x6f, 0x72, 0x00, 0x00, 0x00, 0x00, 0x00, 
0x00, 0x00, 0x00, 0x00, 0x07, 0x03, 0x00, 0x73, 0x68, 0x6f, 0x77, 0x49, 0x6d, 0x61, 0x67, 0x65, 0x00, 0x00, 0x00, 0x00, 
0x00, 0x00, 0x00, 0x00, 0x00, 0x08, 0x03, 0x00, 0x69, 0x73, 0x43, 0x75, 0x62, 0x65, 0x4d, 0x61, 0x70, 0x00, 0x00, 0x00, 
0x00, 0x00, 0x00, 0x00, 0x00, 0x00, 0x08, 0x03, 0x00, 0x63, 0x75, 0x62, 0x65, 0x4d, 0x61, 0x70, 0x46, 0x61, 0x63, 0x65, 
0x00, 0x00, 0x00, 0x00, 0x00, 0x00, 0x00, 0x00, 0x00, 0x08, 0x03, 0x00, 0x64, 0x65, 0x70, 0x74, 0x68, 0x00, 0x00, 0x00, 
0x00, 0x00, 0x00, 0x00, 0x00, 0x00, 0x04, 0x03, 0x00, 0x20, 0x42, 0x49, 0x53, 0x5f, 0x54, 0x41, 0x4d, 0x33, 0x00, 0x00, 
0x00, 0x4d, 0x61, 0x74, 0x65, 0x72, 0x69, 0x61, 0x6c, 0x50, 0x61, 0x72, 0x61, 0x6d, 0x73, 0x00, 0x02, 0x00, 0x00, 0x00, 
0x00, 0x00, 0x00, 0x00, 0x69, 0x6d, 0x61, 0x67, 0x65, 0x00, 0x01, 0x00, 0x02, 0x03, 0x01, 0x00, 0x00, 0x63, 0x75, 0x62, 
0x65, 0x4d, 0x61, 0x70, 0x00, 0x02, 0x02, 0x02, 0x03, 0x01, 0x00, 0x00, 0x49, 0x44, 0x42, 0x44, 0x5f, 0x54, 0x41, 0x4d, 
0x42, 0x00, 0x00, 0x00, 0x03, 0x4d, 0x61, 0x74, 0x65, 0x72, 0x69, 0x61, 0x6c, 0x50, 0x61, 0x72, 0x61, 0x6d, 0x73, 0x00, 
0x1a, 0x00, 0x6d, 0x61, 0x74, 0x65, 0x72, 0x69, 0x61, 0x6c, 0x50, 0x61, 0x72, 0x61, 0x6d, 0x73, 0x5f, 0x69, 0x6d, 0x61, 
0x67, 0x65, 0x00, 0x00, 0x01, 0x6d, 0x61, 0x74, 0x65, 0x72, 0x69, 0x61, 0x6c, 0x50, 0x61, 0x72, 0x61, 0x6d, 0x73, 0x5f, 
0x63, 0x75, 0x62, 0x65, 0x4d, 0x61, 0x70, 0x00, 0x08, 0x02, 0x49, 0x4c, 0x53, 0x44, 0x5f, 0x54, 0x41, 0x4d, 0x13, 0x00, 
0x00, 0x00, 0x03, 0x1a, 0x03, 0x00, 0x01, 0x00, 0x00, 0x00, 0x03, 0x01, 0x00, 0x00, 0x00, 0x08, 0x03, 0x02, 0x00, 0x00, 
0x00, 0x53, 0x4e, 0x4f, 0x43, 0x5f, 0x54, 0x41, 0x4d, 0x08, 0x00, 0x00, 0x00, 0x00, 0x00, 0x00, 0x00, 0x00, 0x00, 0x00, 
0x00, 0x4e, 0x4f, 0x43, 0x50, 0x5f, 0x54, 0x41, 0x4d, 0x2d, 0x00, 0x00, 0x00, 0x70, 0x75, 0x73, 0x68, 0x43, 0x6f, 0x6e, 
0x73, 0x74, 0x61, 0x6e, 0x74, 0x73, 0x00, 0x01, 0x00, 0x00, 0x00, 0x00, 0x00, 0x00, 0x00, 0x6d, 0x6f, 0x72, 0x70, 0x68, 
0x69, 0x6e, 0x67, 0x42, 0x75, 0x66, 0x66, 0x65, 0x72, 0x4f, 0x66, 0x66, 0x73, 0x65, 0x74, 0x00, 0x00, 0x00, 0x20, 0x42, 
0x55, 0x53, 0x5f, 0x54, 0x41, 0x4d, 0x17, 0x00, 0x00, 0x00, 0x4d, 0x61, 0x74, 0x65, 0x72, 0x69, 0x61, 0x6c, 0x50, 0x61, 
0x72, 0x61, 0x6d, 0x73, 0x00, 0x00, 0x00, 0x00, 0x00, 0x00, 0x00, 0x00, 0x00, 0x53, 0x53, 0x4f, 0x44, 0x5f, 0x54, 0x41, 
0x4d, 0x01, 0x00, 0x00, 0x00, 0x00, 0x49, 0x53, 0x4f, 0x44, 0x5f, 0x54, 0x41, 0x4d, 0x01, 0x00, 0x00, 0x00, 0x00, 0x4e, 
0x45, 0x4c, 0x42, 0x5f, 0x54, 0x41, 0x4d, 0x01, 0x00, 0x00, 0x00, 0x00, 0x44, 0x4d, 0x52, 0x54, 0x5f, 0x54, 0x41, 0x4d, 
0x01, 0x00, 0x00, 0x00, 0x00, 0x4c, 0x46, 0x45, 0x52, 0x5f, 0x54, 0x41, 0x4d, 0x01, 0x00, 0x00, 0x00, 0x00, 0x49, 0x52, 
0x57, 0x43, 0x5f, 0x54, 0x41, 0x4d, 0x01, 0x00, 0x00, 0x00, 0x01, 0x53, 0x57, 0x45, 0x44, 0x5f, 0x54, 0x41, 0x4d, 0x01, 
0x00, 0x00, 0x00, 0x01, 0x49, 0x52, 0x57, 0x44, 0x5f, 0x54, 0x41, 0x4d, 0x01, 0x00, 0x00, 0x00, 0x00, 0x53, 0x45, 0x54, 
0x44, 0x5f, 0x54, 0x41, 0x4d, 0x01, 0x00, 0x00, 0x00, 0x01, 0x54, 0x53, 0x4e, 0x49, 0x5f, 0x54, 0x41, 0x4d, 0x01, 0x00, 
0x00, 0x00, 0x00, 0x53, 0x43, 0x32, 0x41, 0x5f, 0x54, 0x41, 0x4d, 0x01, 0x00, 0x00, 0x00, 0x00, 0x4f, 0x43, 0x32, 0x41, 
0x5f, 0x54, 0x41, 0x4d, 0x01, 0x00, 0x00, 0x00, 0x00, 0x4f, 0x4d, 0x55, 0x43, 0x5f, 0x54, 0x41, 0x4d, 0x01, 0x00, 0x00, 
0x00, 0x00, 0x50, 0x4f, 0x52, 0x50, 0x5f, 0x54, 0x41, 0x4d, 0x08, 0x00, 0x00, 0x00, 0x01, 0x00, 0x00, 0x00, 0x00, 0x00, 
0x00, 0x00, 0x52, 0x45, 0x54, 0x53, 0x5f, 0x54, 0x41, 0x4d, 0x01, 0x00, 0x00, 0x00, 0x01, 0x44, 0x49, 0x55, 0x55, 0x5f, 
0x54, 0x41, 0x4d, 0x08, 0x00, 0x00, 0x00, 0x6d, 0x83, 0x14, 0xa0, 0x3e, 0xf8, 0x7b, 0xcb, 0x44, 0x41, 0x48, 0x53, 0x5f, 
0x54, 0x41, 0x4d, 0x01, 0x00, 0x00, 0x00, 0x00, 0x4c, 0x4d, 0x48, 0x53, 0x5f, 0x54, 0x41, 0x4d, 0x01, 0x00, 0x00, 0x00, 
0x00, 0x4d, 0x46, 0x45, 0x52, 0x5f, 0x54, 0x41, 0x4d, 0x01, 0x00, 0x00, 0x00, 0x00, 0x54, 0x46, 0x45, 0x52, 0x5f, 0x54, 
0x41, 0x4d, 0x01, 0x00, 0x00, 0x00, 0x00, 0x52, 0x4f, 0x49, 0x43, 0x5f, 0x54, 0x41, 0x4d, 0x01, 0x00, 0x00, 0x00, 0x01, 
0x41, 0x51, 0x45, 0x52, 0x5f, 0x54, 0x41, 0x4d, 0x04, 0x00, 0x00, 0x00, 0x01, 0x00, 0x00, 0x00, 0x41, 0x41, 0x50, 0x53, 
0x5f, 0x54, 0x41, 0x4d, 0x01, 0x00, 0x00, 0x00, 0x00, 0x52, 0x41, 0x56, 0x53, 0x5f, 0x54, 0x41, 0x4d, 0x04, 0x00, 0x00, 
0x00, 0x9a, 0x99, 0x19, 0x3e, 0x52, 0x48, 0x54, 0x53, 0x5f, 0x54, 0x41, 0x4d, 0x04, 0x00, 0x00, 0x00, 0xcd, 0xcc, 0x4c, 
0x3e, 0x4f, 0x44, 0x45, 0x56, 0x5f, 0x54, 0x41, 0x4d, 0x01, 0x00, 0x00, 0x00, 0x03, 0x52, 0x54, 0x4e, 0x49, 0x5f, 0x54, 
0x41, 0x4d, 0x01, 0x00, 0x00, 0x00, 0x00, 0x50, 0x44, 0x53, 0x43, 0x5f, 0x54, 0x41, 0x4d, 0x01, 0x00, 0x00, 0x00, 0x01, 
0x54, 0x58, 0x45, 0x54, 0x5f, 0x43, 0x49, 0x44, 0x83, 0x21, 0x00, 0x00, 0xa5, 0x01, 0x00, 0x00, 0x7b, 0x0a, 0x00, 0x7d, 
0x0a, 0x00, 0x3b, 0x0a, 0x00, 0x3d, 0x00, 0x65, 0x6c, 0x73, 0x65, 0x0a, 0x00, 0x2c, 0x00, 0x76, 0x65, 0x63, 0x34, 0x20, 
0x00, 0x2e, 0x79, 0x3b, 0x0a, 0x00, 0x76, 0x65, 0x63, 0x32, 0x20, 0x00, 0x66, 0x6c, 0x6f, 0x61, 0x74, 0x20, 0x00, 0x76, 
0x65, 0x63, 0x33, 0x20, 0x00, 0x2e, 0x78, 0x3b, 0x0a, 0x00, 0x2e, 0x78, 0x3d, 0x00, 0x2e, 0x7a, 0x3b, 0x0a, 0x00, 0x2e, 
0x79, 0x3d, 0x00, 0x76, 0x6f, 0x69, 0x64, 0x20, 0x6d, 0x61, 0x69, 0x6e, 0x28, 0x29, 0x0a, 0x00, 0x2e, 0x77, 0x29, 0x29, 
0x3b, 0x0a, 0x00, 0x7d, 0x3b, 0x0a, 0x00, 0x6d, 0x61, 0x74, 0x34, 0x20, 0x61, 0x3b, 0x0a, 0x00, 0x23, 0x65, 0x6e, 0x64, 
0x69, 0x66, 0x0a, 0x00, 0x6c, 0x61, 0x79, 0x6f, 0x75, 0x74, 0x28, 0x73, 0x74, 0x64, 0x31, 0x34, 0x30, 0x29, 0x20, 0x75, 
0x6e, 0x69, 0x66, 0x6f, 0x72, 0x6d, 0x20, 0x46, 0x72, 0x61, 0x6d, 0x65, 0x55, 0x6e, 0x69, 0x66, 0x6f, 0x72, 0x6d, 0x73, 
0x0a, 0x00, 0x7d, 0x20, 0x66, 0x72, 0x61, 0x6d, 0x65, 0x55, 0x6e, 0x69, 0x66, 0x6f, 0x72, 0x6d, 0x73, 0x3b, 0x0a, 0x00, 
0x2e, 0x77, 0x3b, 0x0a, 0x00, 0x69, 0x6e, 0x74, 0x20, 0x00, 0x29, 0x3b, 0x0a, 0x00, 0x6d, 0x61, 0x74, 0x34, 0x20, 0x62, 
0x3b, 0x0a, 0x00, 0x6d, 0x61, 0x74, 0x34, 0x20, 0x63, 0x3b, 0x0a, 0x00, 0x6d, 0x61, 0x74, 0x34, 0x20, 0x64, 0x3b, 0x0a, 
0x00, 0x6d, 0x61, 0x74, 0x34, 0x20, 0x65, 0x5b, 0x34, 0x5d, 0x3b, 0x0a, 0x00, 0x6d, 0x61, 0x74, 0x34, 0x20, 0x66, 0x5b, 
0x34, 0x5d, 0x3b, 0x0a, 0x00, 0x6d, 0x61, 0x74, 0x34, 0x20, 0x67, 0x3b, 0x0a, 0x00, 0x6d, 0x61, 0x74, 0x33, 0x20, 0x68, 
0x3b, 0x0a, 0x00, 0x6d, 0x61, 0x74, 0x34, 0x20, 0x69, 0x3b, 0x0a, 0x00, 0x76, 0x65, 0x63, 0x34, 0x20, 0x6a, 0x3b, 0x0a, 
0x00, 0x76, 0x65, 0x63, 0x32, 0x20, 0x6b, 0x3b, 0x0a, 0x00, 0x66, 0x6c, 0x6f, 0x61, 0x74, 0x20, 0x6c, 0x3b, 0x0a, 0x00, 
0x66, 0x6c, 0x6f, 0x61, 0x74, 0x20, 0x6d, 0x3b, 0x0a, 0x00, 0x76, 0x65, 0x63, 0x34, 0x20, 0x6e, 0x3b, 0x0a, 0x00, 0x76, 
0x65, 0x63, 0x34, 0x20, 0x6f, 0x3b, 0x0a, 0x00, 0x76, 0x65, 0x63, 0x32, 0x20, 0x70, 0x3b, 0x0a, 0x00, 0x76, 0x65, 0x63, 
0x32, 0x20, 0x71, 0x3b, 0x0a, 0x00, 0x66, 0x6c, 0x6f, 0x61, 0x74, 0x20, 0x75, 0x3b, 0x0a, 0x00, 0x66, 0x6c, 0x6f, 0x61, 
0x74, 0x20, 0x76, 0x3b, 0x0a, 0x00, 0x66, 0x6c, 0x6f, 0x61, 0x74, 0x20, 0x77, 0x3b, 0x0a, 0x00, 0x66, 0x6c, 0x6f, 0x61, 
0x74, 0x20, 0x78, 0x3b, 0x0a, 0x00, 0x76, 0x65, 0x63, 0x33, 0x20, 0x6e, 0x7a, 0x3b, 0x0a, 0x00, 0x76, 0x65, 0x63, 0x32, 
0x20, 0x72, 0x7a, 0x3b, 0x0a, 0x00, 0x76, 0x65, 0x63, 0x32, 0x20, 0x75, 0x7a, 0x3b, 0x0a, 0x00, 0x76, 0x65, 0x63, 0x34, 
0x20, 0x78, 0x7a, 0x3b, 0x0a, 0x00, 0x76, 0x65, 0x63, 0x32, 0x20, 0x61, 0x7a, 0x7a, 0x3b, 0x0a, 0x00, 0x66, 0x6c, 0x6f, 
0x61, 0x74, 0x20, 0x63, 0x7a, 0x7a, 0x3b, 0x0a, 0x00, 0x76, 0x65, 0x63, 0x33, 0x20, 0x66, 0x7a, 0x7a, 0x3b, 0x0a, 0x00, 
0x66, 0x6c, 0x6f, 0x61, 0x74, 0x20, 0x67, 0x7a, 0x7a, 0x3b, 0x0a, 0x00, 0x75, 0x69, 0x6e, 0x74, 0x20, 0x69, 0x7a, 0x7a, 
0x3b, 0x0a, 0x00, 0x66, 0x6c, 0x6f, 0x61, 0x74, 0x20, 0x6a, 0x7a, 0x7a, 0x3b, 0x0a, 0x00, 0x66, 0x6c, 0x6f, 0x61, 0x74, 
0x20, 0x6b, 0x7a, 0x7a, 0x3b, 0x0a, 0x00, 0x66, 0x6c, 0x6f, 0x61, 0x74, 0x20, 0x6e, 0x7a, 0x7a, 0x3b, 0x0a, 0x00, 0x66, 
0x6c, 0x6f, 0x61, 0x74, 0x20, 0x70, 0x7a, 0x7a, 0x3b, 0x0a, 0x00, 0x66, 0x6c, 0x6f, 0x61, 0x74, 0x20, 0x71, 0x7a, 0x7a, 
0x3b, 0x0a, 0x00, 0x6d, 0x61, 0x74, 0x33, 0x20, 0x72, 0x7a, 0x7a, 0x3b, 0x0a, 0x00, 0x76, 0x65, 0x63, 0x32, 0x20, 0x73, 
0x7a, 0x7a, 0x3b, 0x0a, 0x00, 0x76, 0x65, 0x63, 0x32, 0x20, 0x74, 0x7a, 0x7a, 0x3b, 0x0a, 0x00, 0x6d, 0x61, 0x74, 0x34, 
0x20, 0x75, 0x7a, 0x7a, 0x3b, 0x0a, 0x00, 0x6d, 0x61, 0x74, 0x34, 0x20, 0x76, 0x7a, 0x7a, 0x3b, 0x0a, 0x00, 0x76, 0x65, 
0x63, 0x34, 0x20, 0x61, 0x7a, 0x7a, 0x7a, 0x5b, 0x34, 0x5d, 0x3b, 0x0a, 0x00, 0x76, 0x65, 0x63, 0x34, 0x20, 0x66, 0x7a, 
0x7a, 0x7a, 0x5b, 0x34, 0x5d, 0x3b, 0x0a, 0x00, 0x3d, 0x28, 0x00, 0x69, 0x66, 0x20, 0x28, 0x61, 0x62, 0x73, 0x28, 0x00, 
0x66, 0x6c, 0x6f, 0x61, 0x74, 0x20, 0x72, 0x3b, 0x0a, 0x00, 0x66, 0x6c, 0x6f, 0x61, 0x74, 0x20, 0x73, 0x3b, 0x0a, 0x00, 
0x76, 0x65, 0x63, 0x32, 0x20, 0x74, 0x3b, 0x0a, 0x00, 0x66, 0x6c, 0x6f, 0x61, 0x74, 0x20, 0x79, 0x3b, 0x0a, 0x00, 0x66, 
0x6c, 0x6f, 0x61, 0x74, 0x20, 0x7a, 0x3b, 0x0a, 0x00, 0x66, 0x6c, 0x6f, 0x61, 0x74, 0x20, 0x61, 0x7a, 0x3b, 0x0a, 0x00, 
0x66, 0x6c, 0x6f, 0x61, 0x74, 0x20, 0x62, 0x7a, 0x3b, 0x0a, 0x00, 0x76, 0x65, 0x63, 0x34, 0x20, 0x63, 0x7a, 0x3b, 0x0a, 
0x00, 0x75, 0x76, 0x65, 0x63, 0x33, 0x20, 0x64, 0x7a, 0x3b, 0x0a, 0x00, 0x69, 0x6e, 0x74, 0x20, 0x65, 0x7a, 0x3b, 0x0a, 
0x00, 0x76, 0x65, 0x63, 0x32, 0x20, 0x66, 0x7a, 0x3b, 0x0a, 0x00, 0x69, 0x6e, 0x74, 0x20, 0x67, 0x7a, 0x3b, 0x0a, 0x00, 
0x69, 0x6e, 0x74, 0x20, 0x68, 0x7a, 0x3b, 0x0a, 0x00, 0x69, 0x6e, 0x74, 0x20, 0x69, 0x7a, 0x3b, 0x0a, 0x00, 0x69, 0x6e, 
0x74, 0x20, 0x6a, 0x7a, 0x3b, 0x0a, 0x00, 0x66, 0x6c, 0x6f, 0x61, 0x74, 0x20, 0x6b, 0x7a, 0x3b, 0x0a, 0x00, 0x66, 0x6c, 
0x6f, 0x61, 0x74, 0x20, 0x6c, 0x7a, 0x3b, 0x0a, 0x00, 0x76, 0x65, 0x63, 0x33, 0x20, 0x6d, 0x7a, 0x5b, 0x39, 0x5d, 0x3b, 
0x0a, 0x00, 0x66, 0x6c, 0x6f, 0x61, 0x74, 0x20, 0x6f, 0x7a, 0x3b, 0x0a, 0x00, 0x76, 0x65, 0x63, 0x34, 0x20, 0x70, 0x7a, 
0x3b, 0x0a, 0x00, 0x76, 0x65, 0x63, 0x34, 0x20, 0x71, 0x7a, 0x3b, 0x0a, 0x00, 0x69, 0x6e, 0x74, 0x20, 0x73, 0x7a, 0x3b, 
0x0a, 0x00, 0x66, 0x6c, 0x6f, 0x61, 0x74, 0x20, 0x74, 0x7a, 0x3b, 0x0a, 0x00, 0x66, 0x6c, 0x6f, 0x61, 0x74, 0x20, 0x76, 
0x7a, 0x3b, 0x0a, 0x00, 0x66, 0x6c, 0x6f, 0x61, 0x74, 0x20, 0x77, 0x7a, 0x3b, 0x0a, 0x00, 0x69, 0x6e, 0x74, 0x20, 0x79, 
0x7a, 0x3b, 0x0a, 0x00, 0x66, 0x6c, 0x6f, 0x61, 0x74, 0x20, 0x7a, 0x7a, 0x3b, 0x0a, 0x00, 0x66, 0x6c, 0x6f, 0x61, 0x74, 
0x20, 0x62, 0x7a, 0x7a, 0x3b, 0x0a, 0x00, 0x66, 0x6c, 0x6f, 0x61, 0x74, 0x20, 0x64, 0x7a, 0x7a, 0x3b, 0x0a, 0x00, 0x75, 
0x69, 0x6e, 0x74, 0x20, 0x65, 0x7a, 0x7a, 0x3b, 0x0a, 0x00, 0x66, 0x6c, 0x6f, 0x61, 0x74, 0x20, 0x68, 0x7a, 0x7a, 0x3b, 
0x0a, 0x00, 0x76, 0x65, 0x63, 0x33, 0x20, 0x6c, 0x7a, 0x7a, 0x3b, 0x0a, 0x00, 0x66, 0x6c, 0x6f, 0x61, 0x74, 0x20, 0x6d, 
0x7a, 0x7a, 0x3b, 0x0a, 0x00, 0x66, 0x6c, 0x6f, 0x61, 0x74, 0x20, 0x6f, 0x7a, 0x7a, 0x3b, 0x0a, 0x00, 0x66, 0x6c, 0x6f, 
0x61, 0x74, 0x20, 0x77, 0x7a, 0x7a, 0x3b, 0x0a, 0x00, 0x66, 0x6c, 0x6f, 0x61, 0x74, 0x20, 0x78, 0x7a, 0x7a, 0x3b, 0x0a, 
0x00, 0x66, 0x6c, 0x6f, 0x61, 0x74, 0x20, 0x79, 0x7a, 0x7a, 0x3b, 0x0a, 0x00, 0x66, 0x6c, 0x6f, 0x61, 0x74, 0x20, 0x7a, 
0x7a, 0x7a, 0x3b, 0x0a, 0x00, 0x69, 0x6e, 0x74, 0x20, 0x62, 0x7a, 0x7a, 0x7a, 0x3b, 0x0a, 0x00, 0x66, 0x6c, 0x6f, 0x61, 
0x74, 0x20, 0x63, 0x7a, 0x7a, 0x7a, 0x3b, 0x0a, 0x00, 0x66, 0x6c, 0x6f, 0x61, 0x74, 0x20, 0x64, 0x7a, 0x7a, 0x7a, 0x3b, 
0x0a, 0x00, 0x66, 0x6c, 0x6f, 0x61, 0x74, 0x20, 0x65, 0x7a, 0x7a, 0x7a, 0x3b, 0x0a, 0x00, 0x76, 0x65, 0x63, 0x34, 0x20, 
0x67, 0x7a, 0x7a, 0x7a, 0x5b, 0x34, 0x5d, 0x3b, 0x0a, 0x00, 0x69, 0x6e, 0x74, 0x20, 0x68, 0x7a, 0x7a, 0x7a, 0x3b, 0x0a, 
0x00, 0x69, 0x6e, 0x74, 0x20, 0x69, 0x7a, 0x7a, 0x7a, 0x3b, 0x0a, 0x00, 0x69, 0x6e, 0x74, 0x20, 0x6a, 0x7a, 0x7a, 0x7a, 
0x3b, 0x0a, 0x00, 0x69, 0x6e, 0x74, 0x20, 0x6b, 0x7a, 0x7a, 0x7a, 0x3b, 0x0a, 0x00, 0x76, 0x65, 0x63, 0x34, 0x20, 0x6c, 
0x7a, 0x7a, 0x7a, 0x5b, 0x39, 0x5d, 0x3b, 0x0a, 0x00, 0x23, 0x76, 0x65, 0x72, 0x73, 0x69, 0x6f, 0x6e, 0x20, 0x33, 0x30, 
0x30, 0x20, 0x65, 0x73, 0x0a, 0x00, 0x23, 0x76, 0x65, 0x72, 0x73, 0x69, 0x6f, 0x6e, 0x20, 0x34, 0x31, 0x30, 0x0a, 0x00, 
0x23, 0x65, 0x78, 0x74, 0x65, 0x6e, 0x73, 0x69, 0x6f, 0x6e, 0x20, 0x47, 0x4c, 0x5f, 0x41, 0x52, 0x42, 0x5f, 0x73, 0x68, 
0x61, 0x64, 0x69, 0x6e, 0x67, 0x5f, 0x6c, 0x61, 0x6e, 0x67, 0x75, 0x61, 0x67, 0x65, 0x5f, 0x70, 0x61, 0x63, 0x6b, 0x69, 
0x6e, 0x67, 0x20, 0x3a, 0x20, 0x65, 0x6e, 0x61, 0x62, 0x6c, 0x65, 0x0a, 0x00, 0x2e, 0x7a, 0x3d, 0x28, 0x00, 0x4d, 0x61, 
0x74, 0x65, 0x72, 0x69, 0x61, 0x6c, 0x56, 0x65, 0x72, 0x74, 0x65, 0x78, 0x49, 0x6e, 0x70, 0x75, 0x74, 0x73, 0x20, 0x00, 
0x2e, 0x69, 0x6d, 0x61, 0x67, 0x65, 0x55, 0x56, 0x3b, 0x0a, 0x00, 0x73, 0x74, 0x72, 0x75, 0x63, 0x74, 0x20, 0x4d, 0x61, 
0x74, 0x65, 0x72, 0x69, 0x61, 0x6c, 0x56, 0x65, 0x72, 0x74, 0x65, 0x78, 0x49, 0x6e, 0x70, 0x75, 0x74, 0x73, 0x0a, 0x00, 
0x76, 0x65, 0x63, 0x34, 0x20, 0x69, 0x6d, 0x61, 0x67, 0x65, 0x55, 0x56, 0x3b, 0x0a, 0x00, 0x76, 0x65, 0x63, 0x34, 0x20, 
0x77, 0x6f, 0x72, 0x6c, 0x64, 0x50, 0x6f, 0x73, 0x69, 0x74, 0x69, 0x6f, 0x6e, 0x3b, 0x0a, 0x00, 0x23, 0x69, 0x66, 0x6e, 
0x64, 0x65, 0x66, 0x20, 0x53, 0x50, 0x49, 0x52, 0x56, 0x5f, 0x43, 0x52, 0x4f, 0x53, 0x53, 0x5f, 0x43, 0x4f, 0x4e, 0x53, 
0x54, 0x41, 0x4e, 0x54, 0x5f, 0x49, 0x44, 0x5f, 0x35, 0x0a, 0x00, 0x23, 0x64, 0x65, 0x66, 0x69, 0x6e, 0x65, 0x20, 0x53, 
0x50, 0x49, 0x52, 0x56, 0x5f, 0x43, 0x52, 0x4f, 0x53, 0x53, 0x5f, 0x43, 0x4f, 0x4e, 0x53, 0x54, 0x41, 0x4e, 0x54, 0x5f, 
0x49, 0x44, 0x5f, 0x35, 0x20, 0x66, 0x61, 0x6c, 0x73, 0x65, 0x0a, 0x00, 0x63, 0x6f, 0x6e, 0x73, 0x74, 0x20, 0x62, 0x6f, 
0x6f, 0x6c, 0x20, 0x43, 0x4f, 0x4e, 0x46, 0x49, 0x47, 0x5f, 0x50, 0x4f, 0x57, 0x45, 0x52, 0x5f, 0x56, 0x52, 0x5f, 0x53, 
0x48, 0x41, 0x44, 0x45, 0x52, 0x5f, 0x57, 0x4f, 0x52, 0x4b, 0x41, 0x52, 0x4f, 0x55, 0x4e, 0x44, 0x53, 0x3d, 0x53, 0x50, 
0x49, 0x52, 0x56, 0x5f, 0x43, 0x52, 0x4f, 0x53, 0x53, 0x5f, 0x43, 0x4f, 0x4e, 0x53, 0x54, 0x41, 0x4e, 0x54, 0x5f, 0x49, 
0x44, 0x5f, 0x35, 0x3b, 0x0a, 0x00, 0x6c, 0x61, 0x79, 0x6f, 0x75, 0x74, 0x28, 0x6c, 0x6f, 0x63, 0x61, 0x74, 0x69, 0x6f, 
0x6e, 0x3d, 0x30, 0x29, 0x20, 0x69, 0x6e, 0x20, 0x76, 0x65, 0x63, 0x34, 0x20, 0x6d, 0x65, 0x73, 0x68, 0x5f, 0x70, 0x6f, 
0x73, 0x69, 0x74, 0x69, 0x6f, 0x6e, 0x3b, 0x0a, 0x00, 0x69, 0x66, 0x20, 0x28, 0x43, 0x4f, 0x4e, 0x46, 0x49, 0x47, 0x5f, 
0x50, 0x4f, 0x57, 0x45, 0x52, 0x5f, 0x56, 0x52, 0x5f, 0x53, 0x48, 0x41, 0x44, 0x45, 0x52, 0x5f, 0x57, 0x4f, 0x52, 0x4b, 
0x41, 0x52, 0x4f, 0x55, 0x4e, 0x44, 0x53, 0x29, 0x0a, 0x00, 0x69, 0x6e, 0x73, 0x74, 0x61, 0x6e, 0x63, 0x65, 0x5f, 0x69, 
0x6e, 0x64, 0x65, 0x78, 0x3d, 0x28, 0x31, 0x2b, 0x67, 0x6c, 0x5f, 0x49, 0x6e, 0x73, 0x74, 0x61, 0x6e, 0x63, 0x65, 0x49, 
0x44, 0x29, 0x2d, 0x31, 0x3b, 0x0a, 0x00, 0x69, 0x6e, 0x73, 0x74, 0x61, 0x6e, 0x63, 0x65, 0x5f, 0x69, 0x6e, 0x64, 0x65, 
0x78, 0x3d, 0x67, 0x6c, 0x5f, 0x49, 0x6e, 0x73, 0x74, 0x61, 0x6e, 0x63, 0x65, 0x49, 0x44, 0x3b, 0x0a, 0x00, 0x3d, 0x6d, 
0x65, 0x73, 0x68, 0x5f, 0x70, 0x6f, 0x73, 0x69, 0x74, 0x69, 0x6f, 0x6e, 0x3b, 0x0a, 0x00, 0x2e, 0x7a, 0x2a, 0x28, 0x2d, 
0x30, 0x2e, 0x35, 0x29, 0x29, 0x2b, 0x30, 0x2e, 0x35, 0x3b, 0x0a, 0x00, 0x3d, 0x66, 0x72, 0x61, 0x6d, 0x65, 0x55, 0x6e, 
0x69, 0x66, 0x6f, 0x72, 0x6d, 0x73, 0x2e, 0x67, 0x2a, 0x00, 0x29, 0x3c, 0x31, 0x2e, 0x30, 0x38, 0x34, 0x32, 0x30, 0x32, 
0x32, 0x65, 0x2d, 0x31, 0x39, 0x29, 0x0a, 0x00, 0x2e, 0x77, 0x3d, 0x28, 0x00, 0x3c, 0x30, 0x2e, 0x30, 0x29, 0x20, 0x3f, 
0x20, 0x28, 0x2d, 0x31, 0x2e, 0x30, 0x38, 0x34, 0x32, 0x30, 0x32, 0x32, 0x65, 0x2d, 0x31, 0x39, 0x29, 0x20, 0x3a, 0x20, 
0x31, 0x2e, 0x30, 0x38, 0x34, 0x32, 0x30, 0x32, 0x32, 0x65, 0x2d, 0x31, 0x39, 0x3b, 0x0a, 0x00, 0x3d, 0x4d, 0x61, 0x74, 
0x65, 0x72, 0x69, 0x61, 0x6c, 0x56, 0x65, 0x72, 0x74, 0x65, 0x78, 0x49, 0x6e, 0x70, 0x75, 0x74, 0x73, 0x28, 0x76, 0x65, 
0x63, 0x34, 0x28, 0x30, 0x2e, 0x30, 0x29, 0x2c, 0x00, 0x2a, 0x28, 0x31, 0x2e, 0x30, 0x2f, 0x00, 0x2e, 0x78, 0x79, 0x2a, 
0x30, 0x2e, 0x35, 0x29, 0x2b, 0x76, 0x65, 0x63, 0x32, 0x28, 0x30, 0x2e, 0x35, 0x29, 0x3b, 0x0a, 0x00, 0x3d, 0x4d, 0x61, 
0x74, 0x65, 0x72, 0x69, 0x61, 0x6c, 0x56, 0x65, 0x72, 0x74, 0x65, 0x78, 0x49, 0x6e, 0x70, 0x75, 0x74, 0x73, 0x28, 0x00, 
0x2e, 0x77, 0x6f, 0x72, 0x6c, 0x64, 0x50, 0x6f, 0x73, 0x69, 0x74, 0x69, 0x6f, 0x6e, 0x29, 0x3b, 0x0a, 0x00, 0x76, 0x61, 
0x72, 0x69, 0x61, 0x62, 0x6c, 0x65, 0x5f, 0x69, 0x6d, 0x61, 0x67, 0x65, 0x55, 0x56, 0x3d, 0x00, 0x2e, 0x77, 0x6f, 0x72, 
0x6c, 0x64, 0x50, 0x6f, 0x73, 0x69, 0x74, 0x69, 0x6f, 0x6e, 0x2e, 0x78, 0x79, 0x7a, 0x3b, 0x0a, 0x00, 0x76, 0x65, 0x72, 
0x74, 0x65, 0x78, 0x5f, 0x77, 0x6f, 0x72, 0x6c, 0x64, 0x50, 0x6f, 0x73, 0x69, 0x74, 0x69, 0x6f, 0x6e, 0x2e, 0x78, 0x3d, 
0x00, 0x76, 0x65, 0x72, 0x74, 0x65, 0x78, 0x5f, 0x77, 0x6f, 0x72, 0x6c, 0x64, 0x50, 0x6f, 0x73, 0x69, 0x74, 0x69, 0x6f, 
0x6e, 0x2e, 0x79, 0x3d, 0x00, 0x76, 0x65, 0x72, 0x74, 0x65, 0x78, 0x5f, 0x77, 0x6f, 0x72, 0x6c, 0x64, 0x50, 0x6f, 0x73, 
0x69, 0x74, 0x69, 0x6f, 0x6e, 0x2e, 0x7a, 0x3d, 0x00, 0x76, 0x65, 0x72, 0x74, 0x65, 0x78, 0x5f, 0x70, 0x6f, 0x73, 0x69, 
0x74, 0x69, 0x6f, 0x6e, 0x3d, 0x00, 0x2e, 0x7a, 0x2a, 0x66, 0x72, 0x61, 0x6d, 0x65, 0x55, 0x6e, 0x69, 0x66, 0x6f, 0x72, 
0x6d, 0x73, 0x2e, 0x6b, 0x2e, 0x78, 0x29, 0x2b, 0x28, 0x00, 0x2e, 0x77, 0x2a, 0x66, 0x72, 0x61, 0x6d, 0x65, 0x55, 0x6e, 
0x69, 0x66, 0x6f, 0x72, 0x6d, 0x73, 0x2e, 0x6b, 0x2e, 0x79, 0x29, 0x3b, 0x0a, 0x00, 0x67, 0x6c, 0x5f, 0x50, 0x6f, 0x73, 
0x69, 0x74, 0x69, 0x6f, 0x6e, 0x3d, 0x00, 0x2a, 0x66, 0x6c, 0x6f, 0x61, 0x74, 0x28, 0x00, 0x29, 0x2a, 0x00, 0x2e, 0x77, 
0x29, 0x3b, 0x0a, 0x00, 0x6d, 0x65, 0x64, 0x69, 0x75, 0x6d, 0x70, 0x20, 0x66, 0x6c, 0x6f, 0x61, 0x74, 0x20, 0x72, 0x3b, 
0x0a, 0x00, 0x6d, 0x65, 0x64, 0x69, 0x75, 0x6d, 0x70, 0x20, 0x66, 0x6c, 0x6f, 0x61, 0x74, 0x20, 0x73, 0x3b, 0x0a, 0x00, 
0x6d, 0x65, 0x64, 0x69, 0x75, 0x6d, 0x70, 0x20, 0x76, 0x65, 0x63, 0x32, 0x20, 0x74, 0x3b, 0x0a, 0x00, 0x6d, 0x65, 0x64, 
0x69, 0x75, 0x6d, 0x70, 0x20, 0x66, 0x6c, 0x6f, 0x61, 0x74, 0x20, 0x79, 0x3b, 0x0a, 0x00, 0x6d, 0x65, 0x64, 0x69, 0x75, 
0x6d, 0x70, 0x20, 0x66, 0x6c, 0x6f, 0x61, 0x74, 0x20, 0x7a, 0x3b, 0x0a, 0x00, 0x6d, 0x65, 0x64, 0x69, 0x75, 0x6d, 0x70, 
0x20, 0x66, 0x6c, 0x6f, 0x61, 0x74, 0x20, 0x61, 0x7a, 0x3b, 0x0a, 0x00, 0x6d, 0x65, 0x64, 0x69, 0x75, 0x6d, 0x70, 0x20, 
0x66, 0x6c, 0x6f, 0x61, 0x74, 0x20, 0x62, 0x7a, 0x3b, 0x0a, 0x00, 0x6d, 0x65, 0x64, 0x69, 0x75, 0x6d, 0x70, 0x20, 0x76, 
0x65, 0x63, 0x34, 0x20, 0x63, 0x7a, 0x3b, 0x0a, 0x00, 0x6d, 0x65, 0x64, 0x69, 0x75, 0x6d, 0x70, 0x20, 0x75, 0x76, 0x65, 
0x63, 0x33, 0x20, 0x64, 0x7a, 0x3b, 0x0a, 0x00, 0x6d, 0x65, 0x64, 0x69, 0x75, 0x6d, 0x70, 0x20, 0x69, 0x6e, 0x74, 0x20, 
0x65, 0x7a, 0x3b, 0x0a, 0x00, 0x6d, 0x65, 0x64, 0x69, 0x75, 0x6d, 0x70, 0x20, 0x76, 0x65, 0x63, 0x32, 0x20, 0x66, 0x7a, 
0x3b, 0x0a, 0x00, 0x6d, 0x65, 0x64, 0x69, 0x75, 0x6d, 0x70, 0x20, 0x69, 0x6e, 0x74, 0x20, 0x67, 0x7a, 0x3b, 0x0a, 0x00, 
0x6d, 0x65, 0x64, 0x69, 0x75, 0x6d, 0x70, 0x20, 0x69, 0x6e, 0x74, 0x20, 0x68, 0x7a, 0x3b, 0x0a, 0x00, 0x6d, 0x65, 0x64, 
0x69, 0x75, 0x6d, 0x70, 0x20, 0x69, 0x6e, 0x74, 0x20, 0x69, 0x7a, 0x3b, 0x0a, 0x00, 0x6d, 0x65, 0x64, 0x69, 0x75, 0x6d, 
0x70, 0x20, 0x69, 0x6e, 0x74, 0x20, 0x6a, 0x7a, 0x3b, 0x0a, 0x00, 0x6d, 0x65, 0x64, 0x69, 0x75, 0x6d, 0x70, 0x20, 0x66, 
0x6c, 0x6f, 0x61, 0x74, 0x20, 0x6b, 0x7a, 0x3b, 0x0a, 0x00, 0x6d, 0x65, 0x64, 0x69, 0x75, 0x6d, 0x70, 0x20, 0x66, 0x6c, 
0x6f, 0x61, 0x74, 0x20, 0x6c, 0x7a, 0x3b, 0x0a, 0x00, 0x6d, 0x65, 0x64, 0x69, 0x75, 0x6d, 0x70, 0x20, 0x76, 0x65, 0x63, 
0x33, 0x20, 0x6d, 0x7a, 0x5b, 0x39, 0x5d, 0x3b, 0x0a, 0x00, 0x6d, 0x65, 0x64, 0x69, 0x75, 0x6d, 0x70, 0x20, 0x66, 0x6c, 
0x6f, 0x61, 0x74, 0x20, 0x6f, 0x7a, 0x3b, 0x0a, 0x00, 0x6d, 0x65, 0x64, 0x69, 0x75, 0x6d, 0x70, 0x20, 0x76, 0x65, 0x63, 
0x34, 0x20, 0x70, 0x7a, 0x3b, 0x0a, 0x00, 0x6d, 0x65, 0x64, 0x69, 0x75, 0x6d, 0x70, 0x20, 0x76, 0x65, 0x63, 0x34, 0x20, 
0x71, 0x7a, 0x3b, 0x0a, 0x00, 0x6d, 0x65, 0x64, 0x69, 0x75, 0x6d, 0x70, 0x20, 0x69, 0x6e, 0x74, 0x20, 0x73, 0x7a, 0x3b, 
0x0a, 0x00, 0x6d, 0x65, 0x64, 0x69, 0x75, 0x6d, 0x70, 0x20, 0x66, 0x6c, 0x6f, 0x61, 0x74, 0x20, 0x74, 0x7a, 0x3b, 0x0a, 
0x00, 0x6d, 0x65, 0x64, 0x69, 0x75, 0x6d, 0x70, 0x20, 0x66, 0x6c, 0x6f, 0x61, 0x74, 0x20, 0x76, 0x7a, 0x3b, 0x0a, 0x00, 
0x6d, 0x65, 0x64, 0x69, 0x75, 0x6d, 0x70, 0x20, 0x66, 0x6c, 0x6f, 0x61, 0x74, 0x20, 0x77, 0x7a, 0x3b, 0x0a, 0x00, 0x6d, 
0x65, 0x64, 0x69, 0x75, 0x6d, 0x70, 0x20, 0x69, 0x6e, 0x74, 0x20, 0x79, 0x7a, 0x3b, 0x0a, 0x00, 0x6d, 0x65, 0x64, 0x69, 
0x75, 0x6d, 0x70, 0x20, 0x66, 0x6c, 0x6f, 0x61, 0x74, 0x20, 0x7a, 0x7a, 0x3b, 0x0a, 0x00, 0x6d, 0x65, 0x64, 0x69, 0x75, 
0x6d, 0x70, 0x20, 0x66, 0x6c, 0x6f, 0x61, 0x74, 0x20, 0x62, 0x7a, 0x7a, 0x3b, 0x0a, 0x00, 0x6d, 0x65, 0x64, 0x69, 0x75, 
0x6d, 0x70, 0x20, 0x66, 0x6c, 0x6f, 0x61, 0x74, 0x20, 0x64, 0x7a, 0x7a, 0x3b, 0x0a, 0x00, 0x6d, 0x65, 0x64, 0x69, 0x75, 
0x6d, 0x70, 0x20, 0x75, 0x69, 0x6e, 0x74, 0x20, 0x65, 0x7a, 0x7a, 0x3b, 0x0a, 0x00, 0x6d, 0x65, 0x64, 0x69, 0x75, 0x6d, 
0x70, 0x20, 0x66, 0x6c, 0x6f, 0x61, 0x74, 0x20, 0x68, 0x7a, 0x7a, 0x3b, 0x0a, 0x00, 0x6d, 0x65, 0x64, 0x69, 0x75, 0x6d, 
0x70, 0x20, 0x76, 0x65, 0x63, 0x33, 0x20, 0x6c, 0x7a, 0x7a, 0x3b, 0x0a, 0x00, 0x6d, 0x65, 0x64, 0x69, 0x75, 0x6d, 0x70, 
0x20, 0x66, 0x6c, 0x6f, 0x61, 0x74, 0x20, 0x6d, 0x7a, 0x7a, 0x3b, 0x0a, 0x00, 0x6d, 0x65, 0x64, 0x69, 0x75, 0x6d, 0x70, 
0x20, 0x66, 0x6c, 0x6f, 0x61, 0x74, 0x20, 0x6f, 0x7a, 0x7a, 0x3b, 0x0a, 0x00, 0x6d, 0x65, 0x64, 0x69, 0x75, 0x6d, 0x70, 
0x20, 0x66, 0x6c, 0x6f, 0x61, 0x74, 0x20, 0x77, 0x7a, 0x7a, 0x3b, 0x0a, 0x00, 0x6d, 0x65, 0x64, 0x69, 0x75, 0x6d, 0x70, 
0x20, 0x66, 0x6c, 0x6f, 0x61, 0x74, 0x20, 0x78, 0x7a, 0x7a, 0x3b, 0x0a, 0x00, 0x6d, 0x65, 0x64, 0x69, 0x75, 0x6d, 0x70, 
0x20, 0x66, 0x6c, 0x6f, 0x61, 0x74, 0x20, 0x79, 0x7a, 0x7a, 0x3b, 0x0a, 0x00, 0x6d, 0x65, 0x64, 0x69, 0x75, 0x6d, 0x70, 
0x20, 0x66, 0x6c, 0x6f, 0x61, 0x74, 0x20, 0x7a, 0x7a, 0x7a, 0x3b, 0x0a, 0x00, 0x6d, 0x65, 0x64, 0x69, 0x75, 0x6d, 0x70, 
0x20, 0x69, 0x6e, 0x74, 0x20, 0x62, 0x7a, 0x7a, 0x7a, 0x3b, 0x0a, 0x00, 0x6d, 0x65, 0x64, 0x69, 0x75, 0x6d, 0x70, 0x20, 
0x66, 0x6c, 0x6f, 0x61, 0x74, 0x20, 0x63, 0x7a, 0x7a, 0x7a, 0x3b, 0x0a, 0x00, 0x6d, 0x65, 0x64, 0x69, 0x75, 0x6d, 0x70, 
0x20, 0x66, 0x6c, 0x6f, 0x61, 0x74, 0x20, 0x64, 0x7a, 0x7a, 0x7a, 0x3b, 0x0a, 0x00, 0x6d, 0x65, 0x64, 0x69, 0x75, 0x6d, 
0x70, 0x20, 0x66, 0x6c, 0x6f, 0x61, 0x74, 0x20, 0x65, 0x7a, 0x7a, 0x7a, 0x3b, 0x0a, 0x00, 0x6d, 0x65, 0x64, 0x69, 0x75, 
0x6d, 0x70, 0x20, 0x76, 0x65, 0x63, 0x34, 0x20, 0x67, 0x7a, 0x7a, 0x7a, 0x5b, 0x34, 0x5d, 0x3b, 0x0a, 0x00, 0x6d, 0x65, 
0x64, 0x69, 0x75, 0x6d, 0x70, 0x20, 0x69, 0x6e, 0x74, 0x20, 0x68, 0x7a, 0x7a, 0x7a, 0x3b, 0x0a, 0x00, 0x6d, 0x65, 0x64, 
0x69, 0x75, 0x6d, 0x70, 0x20, 0x69, 0x6e, 0x74, 0x20, 0x69, 0x7a, 0x7a, 0x7a, 0x3b, 0x0a, 0x00, 0x6d, 0x65, 0x64, 0x69, 
0x75, 0x6d, 0x70, 0x20, 0x69, 0x6e, 0x74, 0x20, 0x6a, 0x7a, 0x7a, 0x7a, 0x3b, 0x0a, 0x00, 0x6d, 0x65, 0x64, 0x69, 0x75, 
0x6d, 0x70, 0x20, 0x69, 0x6e, 0x74, 0x20, 0x6b, 0x7a, 0x7a, 0x7a, 0x3b, 0x0a, 0x00, 0x6d, 0x65, 0x64, 0x69, 0x75, 0x6d, 
0x70, 0x20, 0x76, 0x65, 0x63, 0x34, 0x20, 0x6c, 0x7a, 0x7a, 0x7a, 0x5b, 0x39, 0x5d, 0x3b, 0x0a, 0x00, 0x66, 0x6c, 0x61, 
0x74, 0x20, 0x6f, 0x75, 0x74, 0x20, 0x69, 0x6e, 0x74, 0x20, 0x69, 0x6e, 0x73, 0x74, 0x61, 0x6e, 0x63, 0x65, 0x5f, 0x69, 
0x6e, 0x64, 0x65, 0x78, 0x3b, 0x0a, 0x00, 0x6f, 0x75, 0x74, 0x20, 0x76, 0x65, 0x63, 0x34, 0x20, 0x76, 0x61, 0x72, 0x69, 
0x61, 0x62, 0x6c, 0x65, 0x5f, 0x69, 0x6d, 0x61, 0x67, 0x65, 0x55, 0x56, 0x3b, 0x0a, 0x00, 0x6f, 0x75, 0x74, 0x20, 0x76, 
0x65, 0x63, 0x34, 0x20, 0x76, 0x65, 0x72, 0x74, 0x65, 0x78, 0x5f, 0x77, 0x6f, 0x72, 0x6c, 0x64, 0x50, 0x6f, 0x73, 0x69, 
0x74, 0x69, 0x6f, 0x6e, 0x3b, 0x0a, 0x00, 0x6f, 0x75, 0x74, 0x20, 0x76, 0x65, 0x63, 0x34, 0x20, 0x76, 0x65, 0x72, 0x74, 
0x65, 0x78, 0x5f, 0x70, 0x6f, 0x73, 0x69, 0x74, 0x69, 0x6f, 0x6e, 0x3b, 0x0a, 0x00, 0x23, 0x69, 0x66, 0x6e, 0x64, 0x65, 
0x66, 0x20, 0x53, 0x50, 0x49, 0x52, 0x56, 0x5f, 0x43, 0x52, 0x4f, 0x53, 0x53, 0x5f, 0x43, 0x4f, 0x4e, 0x53, 0x54, 0x41, 
0x4e, 0x54, 0x5f, 0x49, 0x44, 0x5f, 0x38, 0x0a, 0x00, 0x23, 0x64, 0x65, 0x66, 0x69, 0x6e, 0x65, 0x20, 0x53, 0x50, 0x49, 
0x52, 0x56, 0x5f, 0x43, 0x52, 0x4f, 0x53, 0x53, 0x5f, 0x43, 0x4f, 0x4e, 0x53, 0x54, 0x41, 0x4e, 0x54, 0x5f, 0x49, 0x44, 
0x5f, 0x38, 0x20, 0x32, 0x0a, 0x00, 0x63, 0x6f, 0x6e, 0x73, 0x74, 0x20, 0x69, 0x6e, 0x74, 0x20, 0x43, 0x4f, 0x4e, 0x46, 
0x49, 0x47, 0x5f, 0x53, 0x54, 0x45, 0x52, 0x45, 0x4f, 0x5f, 0x45, 0x59, 0x45, 0x5f, 0x43, 0x4f, 0x55, 0x4e, 0x54, 0x3d, 
0x53, 0x50, 0x49, 0x52, 0x56, 0x5f, 0x43, 0x52, 0x4f, 0x53, 0x53, 0x5f, 0x43, 0x4f, 0x4e, 0x53, 0x54, 0x41, 0x4e, 0x54, 
0x5f, 0x49, 0x44, 0x5f, 0x38, 0x3b, 0x0a, 0x00, 0x3d, 0x69, 0x6e, 0x73, 0x74, 0x61, 0x6e, 0x63, 0x65, 0x5f, 0x69, 0x6e, 
0x64, 0x65, 0x78, 0x20, 0x25, 0x20, 0x43, 0x4f, 0x4e, 0x46, 0x49, 0x47, 0x5f, 0x53, 0x54, 0x45, 0x52, 0x45, 0x4f, 0x5f, 
0x45, 0x59, 0x45, 0x5f, 0x43, 0x4f, 0x55, 0x4e, 0x54, 0x3b, 0x0a, 0x00, 0x3d, 0x66, 0x6c, 0x6f, 0x61, 0x74, 0x28, 0x43, 
0x4f, 0x4e, 0x46, 0x49, 0x47, 0x5f, 0x53, 0x54, 0x45, 0x52, 0x45, 0x4f, 0x5f, 0x45, 0x59, 0x45, 0x5f, 0x43, 0x4f, 0x55, 
0x4e, 0x54, 0x29, 0x3b, 0x0a, 0x00, 0x3d, 0x32, 0x2e, 0x30, 0x2f, 0x00, 0x2e, 0x78, 0x2a, 0x28, 0x31, 0x2e, 0x30, 0x2f, 
0x00, 0x2e, 0x78, 0x2b, 0x28, 0x28, 0x28, 0x28, 0x2d, 0x31, 0x2e, 0x30, 0x29, 0x2b, 0x28, 0x00, 0x2f, 0x32, 0x2e, 0x30, 
0x29, 0x29, 0x2b, 0x00, 0x67, 0x6c, 0x5f, 0x43, 0x6c, 0x69, 0x70, 0x44, 0x69, 0x73, 0x74, 0x61, 0x6e, 0x63, 0x65, 0x5b, 
0x30, 0x5d, 0x3d, 0x00, 0x2e, 0x78, 0x2b, 0x28, 0x28, 0x31, 0x2e, 0x30, 0x2d, 0x00, 0x67, 0x6c, 0x5f, 0x43, 0x6c, 0x69, 
0x70, 0x44, 0x69, 0x73, 0x74, 0x61, 0x6e, 0x63, 0x65, 0x5b, 0x31, 0x5d, 0x3d, 0x2d, 0x28, 0x00, 0x2e, 0x78, 0x2b, 0x28, 
0x28, 0x31, 0x2e, 0x30, 0x2d, 0x28, 0x00, 0x2b, 0x31, 0x29, 0x29, 0x29, 0x2a, 0x00, 0x69, 0x6e, 0x73, 0x74, 0x61, 0x6e, 
0x63, 0x65, 0x5f, 0x69, 0x6e, 0x64, 0x65, 0x78, 0x20, 0x2f, 0x3d, 0x20, 0x43, 0x4f, 0x4e, 0x46, 0x49, 0x47, 0x5f, 0x53, 
0x54, 0x45, 0x52, 0x45, 0x4f, 0x5f, 0x45, 0x59, 0x45, 0x5f, 0x43, 0x4f, 0x55, 0x4e, 0x54, 0x3b, 0x0a, 0x00, 0x6c, 0x61, 
0x79, 0x6f, 0x75, 0x74, 0x28, 0x6c, 0x6f, 0x63, 0x61, 0x74, 0x69, 0x6f, 0x6e, 0x3d, 0x31, 0x30, 0x29, 0x20, 0x66, 0x6c, 
0x61, 0x74, 0x20, 0x6f, 0x75, 0x74, 0x20, 0x69, 0x6e, 0x74, 0x20, 0x69, 0x6e, 0x73, 0x74, 0x61, 0x6e, 0x63, 0x65, 0x5f, 
0x69, 0x6e, 0x64, 0x65, 0x78, 0x3b, 0x0a, 0x00, 0x6c, 0x61, 0x79, 0x6f, 0x75, 0x74, 0x28, 0x6c, 0x6f, 0x63, 0x61, 0x74, 
0x69, 0x6f, 0x6e, 0x3d, 0x30, 0x29, 0x20, 0x6f, 0x75, 0x74, 0x20, 0x76, 0x65, 0x63, 0x34, 0x20, 0x76, 0x61, 0x72, 0x69, 
0x61, 0x62, 0x6c, 0x65, 0x5f, 0x69, 0x6d, 0x61, 0x67, 0x65, 0x55, 0x56, 0x3b, 0x0a, 0x00, 0x6c, 0x61, 0x79, 0x6f, 0x75, 
0x74, 0x28, 0x6c, 0x6f, 0x63, 0x61, 0x74, 0x69, 0x6f, 0x6e, 0x3d, 0x36, 0x29, 0x20, 0x6f, 0x75, 0x74, 0x20, 0x76, 0x65, 
0x63, 0x34, 0x20, 0x76, 0x65, 0x72, 0x74, 0x65, 0x78, 0x5f, 0x77, 0x6f, 0x72, 0x6c, 0x64, 0x50, 0x6f, 0x73, 0x69, 0x74, 
0x69, 0x6f, 0x6e, 0x3b, 0x0a, 0x00, 0x6c, 0x61, 0x79, 0x6f, 0x75, 0x74, 0x28, 0x6c, 0x6f, 0x63, 0x61, 0x74, 0x69, 0x6f, 
0x6e, 0x3d, 0x39, 0x29, 0x20, 0x6f, 0x75, 0x74, 0x20, 0x76, 0x65, 0x63, 0x34, 0x20, 0x76, 0x65, 0x72, 0x74, 0x65, 0x78, 
0x5f, 0x70, 0x6f, 0x73, 0x69, 0x74, 0x69, 0x6f, 0x6e, 0x3b, 0x0a, 0x00, 0x23, 0x65, 0x78, 0x74, 0x65, 0x6e, 0x73, 0x69, 
0x6f, 0x6e, 0x20, 0x47, 0x4c, 0x5f, 0x45, 0x58, 0x54, 0x5f, 0x63, 0x6c, 0x69, 0x70, 0x5f, 0x63, 0x75, 0x6c, 0x6c, 0x5f, 
0x64, 0x69, 0x73, 0x74, 0x61, 0x6e, 0x63, 0x65, 0x20, 0x3a, 0x20, 0x72, 0x65, 0x71, 0x75, 0x69, 0x72, 0x65, 0x0a, 0x00, 
0x62, 0x6f, 0x6f, 0x6c, 0x20, 0x00, 0x29, 0x0a, 0x00, 0x69, 0x66, 0x20, 0x28, 0x21, 0x00, 0x72, 0x65, 0x74, 0x75, 0x72, 
0x6e, 0x20, 0x6e, 0x6f, 0x72, 0x6d, 0x61, 0x6c, 0x69, 0x7a, 0x65, 0x28, 0x76, 0x65, 0x63, 0x33, 0x28, 0x00, 0x2e, 0x78, 
0x29, 0x29, 0x3b, 0x0a, 0x00, 0x2e, 0x79, 0x29, 0x29, 0x3b, 0x0a, 0x00, 0x2e, 0x78, 0x2c, 0x2d, 0x00, 0x2e, 0x79, 0x3d, 
0x31, 0x2e, 0x30, 0x2d, 0x00, 0x69, 0x66, 0x20, 0x28, 0x00, 0x2e, 0x79, 0x2c, 0x00, 0x2e, 0x7a, 0x3d, 0x00, 0x29, 0x2e, 
0x62, 0x61, 0x73, 0x65, 0x43, 0x6f, 0x6c, 0x6f, 0x72, 0x3b, 0x0a, 0x00, 0x6c, 0x61, 0x79, 0x6f, 0x75, 0x74, 0x28, 0x73, 
0x74, 0x64, 0x31, 0x34, 0x30, 0x29, 0x20, 0x75, 0x6e, 0x69, 0x66, 0x6f, 0x72, 0x6d, 0x20, 0x4d, 0x61, 0x74, 0x65, 0x72, 
0x69, 0x61, 0x6c, 0x50, 0x61, 0x72, 0x61, 0x6d, 0x73, 0x0a, 0x00, 0x76, 0x65, 0x63, 0x34, 0x20, 0x62, 0x3b, 0x0a, 0x00, 
0x69, 0x6e, 0x74, 0x20, 0x63, 0x3b, 0x0a, 0x00, 0x69, 0x6e, 0x74, 0x20, 0x64, 0x3b, 0x0a, 0x00, 0x69, 0x6e, 0x74, 0x20, 
0x65, 0x3b, 0x0a, 0x00, 0x66, 0x6c, 0x6f, 0x61, 0x74, 0x20, 0x66, 0x3b, 0x0a, 0x00, 0x7d, 0x20, 0x6d, 0x61, 0x74, 0x65, 
0x72, 0x69, 0x61, 0x6c, 0x50, 0x61, 0x72, 0x61, 0x6d, 0x73, 0x3b, 0x0a, 0x00, 0x76, 0x65, 0x63, 0x33, 0x20, 0x67, 0x65, 
0x74, 0x44, 0x69, 0x72, 0x65, 0x63, 0x74, 0x69, 0x6f, 0x6e, 0x46, 0x6f, 0x72, 0x43, 0x75, 0x62, 0x65, 0x46, 0x61, 0x63, 
0x65, 0x28, 0x69, 0x6e, 0x74, 0x20, 0x66, 0x61, 0x63, 0x65, 0x2c, 0x76, 0x65, 0x63, 0x32, 0x20, 0x75, 0x76, 0x29, 0x0a, 
0x00, 0x3d, 0x28, 0x75, 0x76, 0x2a, 0x32, 0x2e, 0x30, 0x29, 0x2d, 0x76, 0x65, 0x63, 0x32, 0x28, 0x31, 0x2e, 0x30, 0x29, 
0x3b, 0x0a, 0x00, 0x69, 0x66, 0x20, 0x28, 0x66, 0x61, 0x63, 0x65, 0x3d, 0x3d, 0x30, 0x29, 0x0a, 0x00, 0x72, 0x65, 0x74, 
0x75, 0x72, 0x6e, 0x20, 0x6e, 0x6f, 0x72, 0x6d, 0x61, 0x6c, 0x69, 0x7a, 0x65, 0x28, 0x76, 0x65, 0x63, 0x33, 0x28, 0x31, 
0x2e, 0x30, 0x2c, 0x2d, 0x00, 0x2e, 0x79, 0x2c, 0x2d, 0x00, 0x69, 0x66, 0x20, 0x28, 0x66, 0x61, 0x63, 0x65, 0x3d, 0x3d, 
0x31, 0x29, 0x0a, 0x00, 0x72, 0x65, 0x74, 0x75, 0x72, 0x6e, 0x20, 0x6e, 0x6f, 0x72, 0x6d, 0x61, 0x6c, 0x69, 0x7a, 0x65, 
0x28, 0x76, 0x65, 0x63, 0x33, 0x28, 0x2d, 0x31, 0x2e, 0x30, 0x2c, 0x2d, 0x00, 0x69, 0x66, 0x20, 0x28, 0x66, 0x61, 0x63, 
0x65, 0x3d, 0x3d, 0x32, 0x29, 0x0a, 0x00, 0x2e, 0x78, 0x2c, 0x31, 0x2e, 0x30, 0x2c, 0x00, 0x69, 0x66, 0x20, 0x28, 0x66, 
0x61, 0x63, 0x65, 0x3d, 0x3d, 0x33, 0x29, 0x0a, 0x00, 0x2e, 0x78, 0x2c, 0x2d, 0x31, 0x2e, 0x30, 0x2c, 0x2d, 0x00, 0x69, 
0x66, 0x20, 0x28, 0x66, 0x61, 0x63, 0x65, 0x3d, 0x3d, 0x34, 0x29, 0x0a, 0x00, 0x2e, 0x79, 0x2c, 0x31, 0x2e, 0x30, 0x29, 
0x29, 0x3b, 0x0a, 0x00, 0x72, 0x65, 0x74, 0x75, 0x72, 0x6e, 0x20, 0x6e, 0x6f, 0x72, 0x6d, 0x61, 0x6c, 0x69, 0x7a, 0x65, 
0x28, 0x76, 0x65, 0x63, 0x33, 0x28, 0x2d, 0x00, 0x2e, 0x79, 0x2c, 0x2d, 0x31, 0x2e, 0x30, 0x29, 0x29, 0x3b, 0x0a, 0x00, 
0x3d, 0x28, 0x6d, 0x61, 0x74, 0x65, 0x72, 0x69, 0x61, 0x6c, 0x50, 0x61, 0x72, 0x61, 0x6d, 0x73, 0x2e, 0x61, 0x2a, 0x76, 
0x65, 0x63, 0x34, 0x28, 0x63, 0x6c, 0x61, 0x6d, 0x70, 0x28, 0x76, 0x61, 0x72, 0x69, 0x61, 0x62, 0x6c, 0x65, 0x5f, 0x69, 
0x6d, 0x61, 0x67, 0x65, 0x55, 0x56, 0x2e, 0x78, 0x79, 0x2c, 0x76, 0x65, 0x63, 0x32, 0x28, 0x30, 0x2e, 0x30, 0x29, 0x2c, 
0x76, 0x65, 0x63, 0x32, 0x28, 0x31, 0x2e, 0x30, 0x29, 0x29, 0x2c, 0x31, 0x2e, 0x30, 0x2c, 0x31, 0x2e, 0x30, 0x29, 0x29, 
0x2e, 0x78, 0x79, 0x3b, 0x0a, 0x00, 0x3d, 0x6d, 0x61, 0x74, 0x65, 0x72, 0x69, 0x61, 0x6c, 0x50, 0x61, 0x72, 0x61, 0x6d, 
0x73, 0x2e, 0x63, 0x3d, 0x3d, 0x30, 0x3b, 0x0a, 0x00, 0x2e, 0x78, 0x3e, 0x31, 0x2e, 0x30, 0x3b, 0x0a, 0x00, 0x2e, 0x78, 
0x3c, 0x30, 0x2e, 0x30, 0x3b, 0x0a, 0x00, 0x2e, 0x79, 0x3c, 0x30, 0x2e, 0x30, 0x3b, 0x0a, 0x00, 0x2e, 0x79, 0x3e, 0x31, 
0x2e, 0x30, 0x3b, 0x0a, 0x00, 0x69, 0x66, 0x20, 0x28, 0x6d, 0x61, 0x74, 0x65, 0x72, 0x69, 0x61, 0x6c, 0x50, 0x61, 0x72, 
0x61, 0x6d, 0x73, 0x2e, 0x64, 0x21, 0x3d, 0x30, 0x29, 0x0a, 0x00, 0x3d, 0x6d, 0x61, 0x74, 0x65, 0x72, 0x69, 0x61, 0x6c, 
0x50, 0x61, 0x72, 0x61, 0x6d, 0x73, 0x2e, 0x65, 0x3b, 0x0a, 0x00, 0x67, 0x6c, 0x5f, 0x46, 0x72, 0x61, 0x67, 0x44, 0x65, 
0x70, 0x74, 0x68, 0x3d, 0x6d, 0x61, 0x74, 0x65, 0x72, 0x69, 0x61, 0x6c, 0x50, 0x61, 0x72, 0x61, 0x6d, 0x73, 0x2e, 0x66, 
0x3b, 0x0a, 0x00, 0x68, 0x69, 0x67, 0x68, 0x70, 0x20, 0x6d, 0x61, 0x74, 0x34, 0x20, 0x61, 0x3b, 0x0a, 0x00, 0x6d, 0x70, 
0x5f, 0x63, 0x6f, 0x70, 0x79, 0x00, 0x68, 0x69, 0x67, 0x68, 0x70, 0x20, 0x66, 0x6c, 0x6f, 0x61, 0x74, 0x20, 0x00, 0x73, 
0x74, 0x72, 0x75, 0x63, 0x74, 0x20, 0x4d, 0x61, 0x74, 0x65, 0x72, 0x69, 0x61, 0x6c, 0x49, 0x6e, 0x70, 0x75, 0x74, 0x73, 
0x0a, 0x00, 0x76, 0x65, 0x63, 0x34, 0x20, 0x62, 0x61, 0x73, 0x65, 0x43, 0x6f, 0x6c, 0x6f, 0x72, 0x3b, 0x0a, 0x00, 0x76, 
0x65, 0x63, 0x34, 0x20, 0x65, 0x6d, 0x69, 0x73, 0x73, 0x69, 0x76, 0x65, 0x3b, 0x0a, 0x00, 0x66, 0x6c, 0x6f, 0x61, 0x74, 
0x20, 0x63, 0x6c, 0x65, 0x61, 0x72, 0x43, 0x6f, 0x61, 0x74, 0x3b, 0x0a, 0x00, 0x66, 0x6c, 0x6f, 0x61, 0x74, 0x20, 0x63, 
0x6c, 0x65, 0x61, 0x72, 0x43, 0x6f, 0x61, 0x74, 0x52, 0x6f, 0x75, 0x67, 0x68, 0x6e, 0x65, 0x73, 0x73, 0x3b, 0x0a, 0x00, 
0x66, 0x6c, 0x6f, 0x61, 0x74, 0x20, 0x61, 0x6e, 0x69, 0x73, 0x6f, 0x74, 0x72, 0x6f, 0x70, 0x79, 0x3b, 0x0a, 0x00, 0x76, 
0x65, 0x63, 0x33, 0x20, 0x61, 0x6e, 0x69, 0x73, 0x6f, 0x74, 0x72, 0x6f, 0x70, 0x79, 0x44, 0x69, 0x72, 0x65, 0x63, 0x74, 
0x69, 0x6f, 0x6e, 0x3b, 0x0a, 0x00, 0x6c, 0x61, 0x79, 0x6f, 0x75, 0x74, 0x28, 0x6c, 0x6f, 0x63, 0x61, 0x74, 0x69, 0x6f, 
0x6e, 0x3d, 0x30, 0x29, 0x20, 0x6f, 0x75, 0x74, 0x20, 0x76, 0x65, 0x63, 0x34, 0x20, 0x66, 0x72, 0x61, 0x67, 0x43, 0x6f, 
0x6c, 0x6f, 0x72, 0x3b, 0x0a, 0x00, 0x68, 0x69, 0x67, 0x68, 0x70, 0x20, 0x76, 0x65, 0x63, 0x32, 0x20, 0x00, 0x3d, 0x6d, 
0x61, 0x74, 0x65, 0x72, 0x69, 0x61, 0x6c, 0x50, 0x61, 0x72, 0x61, 0x6d, 0x73, 0x2e, 0x62, 0x3b, 0x0a, 0x00, 0x3d, 0x6d, 
0x61, 0x78, 0x28, 0x74, 0x65, 0x78, 0x74, 0x75, 0x72, 0x65, 0x28, 0x6d, 0x61, 0x74, 0x65, 0x72, 0x69, 0x61, 0x6c, 0x50, 
0x61, 0x72, 0x61, 0x6d, 0x73, 0x5f, 0x63, 0x75, 0x62, 0x65, 0x4d, 0x61, 0x70, 0x2c, 0x67, 0x65, 0x74, 0x44, 0x69, 0x72, 
0x65, 0x63, 0x74, 0x69, 0x6f, 0x6e, 0x46, 0x6f, 0x72, 0x43, 0x75, 0x62, 0x65, 0x46, 0x61, 0x63, 0x65, 0x28, 0x00, 0x29, 
0x2c, 0x66, 0x72, 0x61, 0x6d, 0x65, 0x55, 0x6e, 0x69, 0x66, 0x6f, 0x72, 0x6d, 0x73, 0x2e, 0x72, 0x29, 0x2c, 0x76, 0x65, 
0x63, 0x34, 0x28, 0x30, 0x2e, 0x30, 0x29, 0x29, 0x3b, 0x0a, 0x00, 0x3d, 0x6d, 0x61, 0x78, 0x28, 0x74, 0x65, 0x78, 0x74, 
0x75, 0x72, 0x65, 0x28, 0x6d, 0x61, 0x74, 0x65, 0x72, 0x69, 0x61, 0x6c, 0x50, 0x61, 0x72, 0x61, 0x6d, 0x73, 0x5f, 0x69, 
0x6d, 0x61, 0x67, 0x65, 0x2c, 0x00, 0x2c, 0x66, 0x72, 0x61, 0x6d, 0x65, 0x55, 0x6e, 0x69, 0x66, 0x6f, 0x72, 0x6d, 0x73, 
0x2e, 0x72, 0x29, 0x2c, 0x76, 0x65, 0x63, 0x34, 0x28, 0x30, 0x2e, 0x30, 0x29, 0x29, 0x3b, 0x0a, 0x00, 0x2e, 0x78, 0x79, 
0x7a, 0x2a, 0x00, 0x2e, 0x78, 0x79, 0x7a, 0x2b, 0x28, 0x6d, 0x61, 0x74, 0x65, 0x72, 0x69, 0x61, 0x6c, 0x50, 0x61, 0x72, 
0x61, 0x6d, 0x73, 0x2e, 0x62, 0x2e, 0x78, 0x79, 0x7a, 0x2a, 0x28, 0x31, 0x2e, 0x30, 0x2d, 0x00, 0x3d, 0x4d, 0x61, 0x74, 
0x65, 0x72, 0x69, 0x61, 0x6c, 0x49, 0x6e, 0x70, 0x75, 0x74, 0x73, 0x28, 0x76, 0x65, 0x63, 0x34, 0x28, 0x31, 0x2e, 0x30, 
0x29, 0x2c, 0x76, 0x65, 0x63, 0x34, 0x28, 0x30, 0x2e, 0x30, 0x2c, 0x30, 0x2e, 0x30, 0x2c, 0x30, 0x2e, 0x30, 0x2c, 0x31, 
0x2e, 0x30, 0x29, 0x2c, 0x00, 0x66, 0x72, 0x61, 0x67, 0x43, 0x6f, 0x6c, 0x6f, 0x72, 0x3d, 0x4d, 0x61, 0x74, 0x65, 0x72, 
0x69, 0x61, 0x6c, 0x49, 0x6e, 0x70, 0x75, 0x74, 0x73, 0x28, 0x4d, 0x61, 0x74, 0x65, 0x72, 0x69, 0x61, 0x6c, 0x49, 0x6e, 
0x70, 0x75, 0x74, 0x73, 0x28, 0x00, 0x29, 0x2e, 0x62, 0x61, 0x73, 0x65, 0x43, 0x6f, 0x6c, 0x6f, 0x72, 0x2c, 0x00, 0x70, 
0x72, 0x65, 0x63, 0x69, 0x73, 0x69, 0x6f, 0x6e, 0x20, 0x6d, 0x65, 0x64, 0x69, 0x75, 0x6d, 0x70, 0x20, 0x66, 0x6c, 0x6f, 
0x61, 0x74, 0x3b, 0x0a, 0x00, 0x70, 0x72, 0x65, 0x63, 0x69, 0x73, 0x69, 0x6f, 0x6e, 0x20, 0x6d, 0x65, 0x64, 0x69, 0x75, 
0x6d, 0x70, 0x20, 0x69, 0x6e, 0x74, 0x3b, 0x0a, 0x00, 0x69, 0x6e, 0x20, 0x68, 0x69, 0x67, 0x68, 0x70, 0x20, 0x76, 0x65, 
0x63, 0x34, 0x20, 0x76, 0x61, 0x72, 0x69, 0x61, 0x62, 0x6c, 0x65, 0x5f, 0x69, 0x6d, 0x61, 0x67, 0x65, 0x55, 0x56, 0x3b, 
0x0a, 0x00, 0x6c, 0x61, 0x79, 0x6f, 0x75, 0x74, 0x28, 0x6c, 0x6f, 0x63, 0x61, 0x74, 0x69, 0x6f, 0x6e, 0x3d, 0x30, 0x29, 
0x20, 0x69, 0x6e, 0x20, 0x76, 0x65, 0x63, 0x34, 0x20, 0x76, 0x61, 0x72, 0x69, 0x61, 0x62, 0x6c, 0x65, 0x5f, 0x69, 0x6d, 
0x61, 0x67, 0x65, 0x55, 0x56, 0x3b, 0x0a, 0x00, 0x72, 0x65, 0x74, 0x75, 0x72, 0x6e, 0x20, 0x76, 0x65, 0x63, 0x34, 0x28, 
0x30, 0x2e, 0x30, 0x29, 0x3b, 0x0a, 0x00, 0x2a, 0x6d, 0x61, 0x78, 0x28, 0x00, 0x68, 0x69, 0x67, 0x68, 0x70, 0x20, 0x6d, 
0x61, 0x74, 0x34, 0x20, 0x62, 0x3b, 0x0a, 0x00, 0x68, 0x69, 0x67, 0x68, 0x70, 0x20, 0x6d, 0x61, 0x74, 0x34, 0x20, 0x63, 
0x3b, 0x0a, 0x00, 0x68, 0x69, 0x67, 0x68, 0x70, 0x20, 0x6d, 0x61, 0x74, 0x34, 0x20, 0x64, 0x3b, 0x0a, 0x00, 0x68, 0x69, 
0x67, 0x68, 0x70, 0x20, 0x6d, 0x61, 0x74, 0x34, 0x20, 0x65, 0x5b, 0x34, 0x5d, 0x3b, 0x0a, 0x00, 0x68, 0x69, 0x67, 0x68, 
0x70, 0x20, 0x6d, 0x61, 0x74, 0x34, 0x20, 0x66, 0x5b, 0x34, 0x5d, 0x3b, 0x0a, 0x00, 0x68, 0x69, 0x67, 0x68, 0x70, 0x20, 
0x6d, 0x61, 0x74, 0x34, 0x20, 0x67, 0x3b, 0x0a, 0x00, 0x68, 0x69, 0x67, 0x68, 0x70, 0x20, 0x6d, 0x61, 0x74, 0x33, 0x20, 
0x68, 0x3b, 0x0a, 0x00, 0x68, 0x69, 0x67, 0x68, 0x70, 0x20, 0x6d, 0x61, 0x74, 0x34, 0x20, 0x69, 0x3b, 0x0a, 0x00, 0x68, 
0x69, 0x67, 0x68, 0x70, 0x20, 0x76, 0x65, 0x63, 0x34, 0x20, 0x6a, 0x3b, 0x0a, 0x00, 0x68, 0x69, 0x67, 0x68, 0x70, 0x20, 
0x76, 0x65, 0x63, 0x32, 0x20, 0x6b, 0x3b, 0x0a, 0x00, 0x68, 0x69, 0x67, 0x68, 0x70, 0x20, 0x66, 0x6c, 0x6f, 0x61, 0x74, 
0x20, 0x6c, 0x3b, 0x0a, 0x00, 0x68, 0x69, 0x67, 0x68, 0x70, 0x20, 0x66, 0x6c, 0x6f, 0x61, 0x74, 0x20, 0x6d, 0x3b, 0x0a, 
0x00, 0x68, 0x69, 0x67, 0x68, 0x70, 0x20, 0x76, 0x65, 0x63, 0x34, 0x20, 0x6e, 0x3b, 0x0a, 0x00, 0x68, 0x69, 0x67, 0x68, 
0x70, 0x20, 0x76, 0x65, 0x63, 0x34, 0x20, 0x6f, 0x3b, 0x0a, 0x00, 0x68, 0x69, 0x67, 0x68, 0x70, 0x20, 0x76, 0x65, 0x63, 
0x32, 0x20, 0x70, 0x3b, 0x0a, 0x00, 0x68, 0x69, 0x67, 0x68, 0x70, 0x20, 0x76, 0x65, 0x63, 0x32, 0x20, 0x71, 0x3b, 0x0a, 
0x00, 0x68, 0x69, 0x67, 0x68, 0x70, 0x20, 0x66, 0x6c, 0x6f, 0x61, 0x74, 0x20, 0x75, 0x3b, 0x0a, 0x00, 0x68, 0x69, 0x67, 
0x68, 0x70, 0x20, 0x66, 0x6c, 0x6f, 0x61, 0x74, 0x20, 0x76, 0x3b, 0x0a, 0x00, 0x68, 0x69, 0x67, 0x68, 0x70, 0x20, 0x66, 
0x6c, 0x6f, 0x61, 0x74, 0x20, 0x77, 0x3b, 0x0a, 0x00, 0x68, 0x69, 0x67, 0x68, 0x70, 0x20, 0x66, 0x6c, 0x6f, 0x61, 0x74, 
0x20, 0x78, 0x3b, 0x0a, 0x00, 0x68, 0x69, 0x67, 0x68, 0x70, 0x20, 0x76, 0x65, 0x63, 0x33, 0x20, 0x6e, 0x7a, 0x3b, 0x0a, 
0x00, 0x68, 0x69, 0x67, 0x68, 0x70, 0x20, 0x76, 0x65, 0x63, 0x32, 0x20, 0x72, 0x7a, 0x3b, 0x0a, 0x00, 0x68, 0x69, 0x67, 
0x68, 0x70, 0x20, 0x76, 0x65, 0x63, 0x32, 0x20, 0x75, 0x7a, 0x3b, 0x0a, 0x00, 0x68, 0x69, 0x67, 0x68, 0x70, 0x20, 0x76, 
0x65, 0x63, 0x34, 0x20, 0x78, 0x7a, 0x3b, 0x0a, 0x00, 0x68, 0x69, 0x67, 0x68, 0x70, 0x20, 0x76, 0x65, 0x63, 0x32, 0x20, 
0x61, 0x7a, 0x7a, 0x3b, 0x0a, 0x00, 0x68, 0x69, 0x67, 0x68, 0x70, 0x20, 0x66, 0x6c, 0x6f, 0x61, 0x74, 0x20, 0x63, 0x7a, 
0x7a, 0x3b, 0x0a, 0x00, 0x68, 0x69, 0x67, 0x68, 0x70, 0x20, 0x76, 0x65, 0x63, 0x33, 0x20, 0x66, 0x7a, 0x7a, 0x3b, 0x0a, 
0x00, 0x68, 0x69, 0x67, 0x68, 0x70, 0x20, 0x66, 0x6c, 0x6f, 0x61, 0x74, 0x20, 0x67, 0x7a, 0x7a, 0x3b, 0x0a, 0x00, 0x68, 
0x69, 0x67, 0x68, 0x70, 0x20, 0x75, 0x69, 0x6e, 0x74, 0x20, 0x69, 0x7a, 0x7a, 0x3b, 0x0a, 0x00, 0x68, 0x69, 0x67, 0x68, 
0x70, 0x20, 0x66, 0x6c, 0x6f, 0x61, 0x74, 0x20, 0x6a, 0x7a, 0x7a, 0x3b, 0x0a, 0x00, 0x68, 0x69, 0x67, 0x68, 0x70, 0x20, 
0x66, 0x6c, 0x6f, 0x61, 0x74, 0x20, 0x6b, 0x7a, 0x7a, 0x3b, 0x0a, 0x00, 0x68, 0x69, 0x67, 0x68, 0x70, 0x20, 0x66, 0x6c, 
0x6f, 0x61, 0x74, 0x20, 0x6e, 0x7a, 0x7a, 0x3b, 0x0a, 0x00, 0x68, 0x69, 0x67, 0x68, 0x70, 0x20, 0x66, 0x6c, 0x6f, 0x61, 
0x74, 0x20, 0x70, 0x7a, 0x7a, 0x3b, 0x0a, 0x00, 0x68, 0x69, 0x67, 0x68, 0x70, 0x20, 0x66, 0x6c, 0x6f, 0x61, 0x74, 0x20, 
0x71, 0x7a, 0x7a, 0x3b, 0x0a, 0x00, 0x68, 0x69, 0x67, 0x68, 0x70, 0x20, 0x6d, 0x61, 0x74, 0x33, 0x20, 0x72, 0x7a, 0x7a, 
0x3b, 0x0a, 0x00, 0x68, 0x69, 0x67, 0x68, 0x70, 0x20, 0x76, 0x65, 0x63, 0x32, 0x20, 0x73, 0x7a, 0x7a, 0x3b, 0x0a, 0x00, 
0x68, 0x69, 0x67, 0x68, 0x70, 0x20, 0x76, 0x65, 0x63, 0x32, 0x20, 0x74, 0x7a, 0x7a, 0x3b, 0x0a, 0x00, 0x68, 0x69, 0x67, 
0x68, 0x70, 0x20, 0x6d, 0x61, 0x74, 0x34, 0x20, 0x75, 0x7a, 0x7a, 0x3b, 0x0a, 0x00, 0x68, 0x69, 0x67, 0x68, 0x70, 0x20, 
0x6d, 0x61, 0x74, 0x34, 0x20, 0x76, 0x7a, 0x7a, 0x3b, 0x0a, 0x00, 0x68, 0x69, 0x67, 0x68, 0x70, 0x20, 0x76, 0x65, 0x63, 
0x34, 0x20, 0x61, 0x7a, 0x7a, 0x7a, 0x5b, 0x34, 0x5d, 0x3b, 0x0a, 0x00, 0x68, 0x69, 0x67, 0x68, 0x70, 0x20, 0x76, 0x65, 
0x63, 0x34, 0x20, 0x66, 0x7a, 0x7a, 0x7a, 0x5b, 0x34, 0x5d, 0x3b, 0x0a, 0x00, 0x75, 0x6e, 0x69, 0x66, 0x6f, 0x72, 0x6d, 
0x20, 0x6d, 0x65, 0x64, 0x69, 0x75, 0x6d, 0x70, 0x20, 0x73, 0x61, 0x6d, 0x70, 0x6c, 0x65, 0x72, 0x43, 0x75, 0x62, 0x65, 
0x20, 0x6d, 0x61, 0x74, 0x65, 0x72, 0x69, 0x61, 0x6c, 0x50, 0x61, 0x72, 0x61, 0x6d, 0x73, 0x5f, 0x63, 0x75, 0x62, 0x65, 
0x4d, 0x61, 0x70, 0x3b, 0x0a, 0x00, 0x75, 0x6e, 0x69, 0x66, 0x6f, 0x72, 0x6d, 0x20, 0x6d, 0x65, 0x64, 0x69, 0x75, 0x6d, 
0x70, 0x20, 0x73, 0x61, 0x6d, 0x70, 0x6c, 0x65, 0x72, 0x32, 0x44, 0x20, 0x6d, 0x61, 0x74, 0x65, 0x72, 0x69, 0x61, 0x6c, 
0x50, 0x61, 0x72, 0x61, 0x6d, 0x73, 0x5f, 0x69, 0x6d, 0x61, 0x67, 0x65, 0x3b, 0x0a, 0x00, 0x75, 0x6e, 0x69, 0x66, 0x6f, 
0x72, 0x6d, 0x20, 0x73, 0x61, 0x6d, 0x70, 0x6c, 0x65, 0x72, 0x43, 0x75, 0x62, 0x65, 0x20, 0x6d, 0x61, 0x74, 0x65, 0x72, 
0x69, 0x61, 0x6c, 0x50, 0x61, 0x72, 0x61, 0x6d, 0x73, 0x5f, 0x63, 0x75, 0x62, 0x65, 0x4d, 0x61, 0x70, 0x3b, 0x0a, 0x00, 
0x75, 0x6e, 0x69, 0x66, 0x6f, 0x72, 0x6d, 0x20, 0x73, 0x61, 0x6d, 0x70, 0x6c, 0x65, 0x72, 0x32, 0x44, 0x20, 0x6d, 0x61, 
0x74, 0x65, 0x72, 0x69, 0x61, 0x6c, 0x50, 0x61, 0x72, 0x61, 0x6d, 0x73, 0x5f, 0x69, 0x6d, 0x61, 0x67, 0x65, 0x3b, 0x0a, 
0x00, 0x3d, 0x6c, 0x65, 0x6e, 0x67, 0x74, 0x68, 0x28, 0x76, 0x69, 0x65, 0x77, 0x29, 0x3b, 0x0a, 0x00, 0x3c, 0x66, 0x72, 
0x61, 0x6d, 0x65, 0x55, 0x6e, 0x69, 0x66, 0x6f, 0x72, 0x6d, 0x73, 0x2e, 0x67, 0x7a, 0x7a, 0x29, 0x0a, 0x00, 0x3e, 0x66, 
0x72, 0x61, 0x6d, 0x65, 0x55, 0x6e, 0x69, 0x66, 0x6f, 0x72, 0x6d, 0x73, 0x2e, 0x6b, 0x7a, 0x7a, 0x29, 0x0a, 0x00, 0x3d, 
0x66, 0x72, 0x61, 0x6d, 0x65, 0x55, 0x6e, 0x69, 0x66, 0x6f, 0x72, 0x6d, 0x73, 0x2e, 0x6a, 0x7a, 0x7a, 0x2a, 0x76, 0x69, 
0x65, 0x77, 0x2e, 0x79, 0x3b, 0x0a, 0x00, 0x29, 0x3e, 0x30, 0x2e, 0x30, 0x30, 0x31, 0x32, 0x35, 0x29, 0x0a, 0x00, 0x3d, 
0x28, 0x66, 0x72, 0x61, 0x6d, 0x65, 0x55, 0x6e, 0x69, 0x66, 0x6f, 0x72, 0x6d, 0x73, 0x2e, 0x66, 0x7a, 0x7a, 0x2e, 0x7a, 
0x2d, 0x28, 0x66, 0x72, 0x61, 0x6d, 0x65, 0x55, 0x6e, 0x69, 0x66, 0x6f, 0x72, 0x6d, 0x73, 0x2e, 0x66, 0x7a, 0x7a, 0x2e, 
0x78, 0x2a, 0x65, 0x78, 0x70, 0x28, 0x66, 0x72, 0x61, 0x6d, 0x65, 0x55, 0x6e, 0x69, 0x66, 0x6f, 0x72, 0x6d, 0x73, 0x2e, 
0x66, 0x7a, 0x7a, 0x2e, 0x79, 0x2d, 0x00, 0x29, 0x29, 0x29, 0x2f, 0x00, 0x3d, 0x66, 0x72, 0x61, 0x6d, 0x65, 0x55, 0x6e, 
0x69, 0x66, 0x6f, 0x72, 0x6d, 0x73, 0x2e, 0x66, 0x7a, 0x7a, 0x2e, 0x7a, 0x3b, 0x0a, 0x00, 0x3d, 0x65, 0x78, 0x70, 0x28, 
0x2d, 0x28, 0x00, 0x69, 0x66, 0x20, 0x28, 0x66, 0x72, 0x61, 0x6d, 0x65, 0x55, 0x6e, 0x69, 0x66, 0x6f, 0x72, 0x6d, 0x73, 
0x2e, 0x6d, 0x7a, 0x7a, 0x3e, 0x30, 0x2e, 0x30, 0x29, 0x0a, 0x00, 0x3d, 0x75, 0x6e, 0x70, 0x61, 0x63, 0x6b, 0x48, 0x61, 
0x6c, 0x66, 0x32, 0x78, 0x31, 0x36, 0x28, 0x66, 0x72, 0x61, 0x6d, 0x65, 0x55, 0x6e, 0x69, 0x66, 0x6f, 0x72, 0x6d, 0x73, 
0x2e, 0x69, 0x7a, 0x7a, 0x29, 0x3b, 0x0a, 0x00, 0x3d, 0x66, 0x72, 0x61, 0x6d, 0x65, 0x55, 0x6e, 0x69, 0x66, 0x6f, 0x72, 
0x6d, 0x73, 0x2e, 0x6c, 0x7a, 0x7a, 0x2a, 0x74, 0x65, 0x78, 0x74, 0x75, 0x72, 0x65, 0x4c, 0x6f, 0x64, 0x28, 0x66, 0x6f, 
0x67, 0x43, 0x6f, 0x6c, 0x6f, 0x72, 0x54, 0x65, 0x78, 0x74, 0x75, 0x72, 0x65, 0x2c, 0x74, 0x72, 0x61, 0x6e, 0x73, 0x70, 
0x6f, 0x73, 0x65, 0x28, 0x6d, 0x61, 0x74, 0x33, 0x28, 0x66, 0x72, 0x61, 0x6d, 0x65, 0x55, 0x6e, 0x69, 0x66, 0x6f, 0x72, 
0x6d, 0x73, 0x2e, 0x69, 0x5b, 0x30, 0x5d, 0x2e, 0x78, 0x79, 0x7a, 0x2c, 0x66, 0x72, 0x61, 0x6d, 0x65, 0x55, 0x6e, 0x69, 
0x66, 0x6f, 0x72, 0x6d, 0x73, 0x2e, 0x69, 0x5b, 0x31, 0x5d, 0x2e, 0x78, 0x79, 0x7a, 0x2c, 0x66, 0x72, 0x61, 0x6d, 0x65, 
0x55, 0x6e, 0x69, 0x66, 0x6f, 0x72, 0x6d, 0x73, 0x2e, 0x69, 0x5b, 0x32, 0x5d, 0x2e, 0x78, 0x79, 0x7a, 0x29, 0x29, 0x2a, 
0x76, 0x69, 0x65, 0x77, 0x2c, 0x6d, 0x69, 0x78, 0x28, 0x00, 0x3d, 0x66, 0x72, 0x61, 0x6d, 0x65, 0x55, 0x6e, 0x69, 0x66, 
0x6f, 0x72, 0x6d, 0x73, 0x2e, 0x6c, 0x7a, 0x7a, 0x3b, 0x0a, 0x00, 0x2a, 0x28, 0x66, 0x72, 0x61, 0x6d, 0x65, 0x55, 0x6e, 
0x69, 0x66, 0x6f, 0x72, 0x6d, 0x73, 0x2e, 0x6b, 0x7a, 0x2a, 0x00, 0x69, 0x66, 0x20, 0x28, 0x66, 0x72, 0x61, 0x6d, 0x65, 
0x55, 0x6e, 0x69, 0x66, 0x6f, 0x72, 0x6d, 0x73, 0x2e, 0x6f, 0x7a, 0x7a, 0x3e, 0x30, 0x2e, 0x30, 0x29, 0x0a, 0x00, 0x72, 
0x65, 0x74, 0x75, 0x72, 0x6e, 0x20, 0x76, 0x65, 0x63, 0x34, 0x28, 0x00, 0x3d, 0x66, 0x6f, 0x67, 0x28, 0x70, 0x61, 0x72, 
0x61, 0x6d, 0x2c, 0x73, 0x61, 0x6d, 0x70, 0x6c, 0x65, 0x72, 0x30, 0x5f, 0x66, 0x6f, 0x67, 0x29, 0x3b, 0x0a, 0x00, 0x3d, 
0x66, 0x72, 0x61, 0x67, 0x43, 0x6f, 0x6c, 0x6f, 0x72, 0x3b, 0x0a, 0x00, 0x2e, 0x78, 0x79, 0x7a, 0x2a, 0x28, 0x31, 0x2e, 
0x30, 0x2d, 0x00, 0x2e, 0x77, 0x29, 0x29, 0x2b, 0x00, 0x2e, 0x78, 0x79, 0x7a, 0x3b, 0x0a, 0x00, 0x66, 0x72, 0x61, 0x67, 
0x43, 0x6f, 0x6c, 0x6f, 0x72, 0x2e, 0x78, 0x3d, 0x00, 0x66, 0x72, 0x61, 0x67, 0x43, 0x6f, 0x6c, 0x6f, 0x72, 0x2e, 0x79, 
0x3d, 0x00, 0x66, 0x72, 0x61, 0x67, 0x43, 0x6f, 0x6c, 0x6f, 0x72, 0x2e, 0x7a, 0x3d, 0x00, 0x73, 0x74, 0x72, 0x75, 0x63, 
0x74, 0x20, 0x50, 0x65, 0x72, 0x52, 0x65, 0x6e, 0x64, 0x65, 0x72, 0x61, 0x62, 0x6c, 0x65, 0x44, 0x61, 0x74, 0x61, 0x0a, 
0x00, 0x23, 0x69, 0x66, 0x6e, 0x64, 0x65, 0x66, 0x20, 0x53, 0x50, 0x49, 0x52, 0x56, 0x5f, 0x43, 0x52, 0x4f, 0x53, 0x53, 
0x5f, 0x43, 0x4f, 0x4e, 0x53, 0x54, 0x41, 0x4e, 0x54, 0x5f, 0x49, 0x44, 0x5f, 0x31, 0x0a, 0x00, 0x23, 0x64, 0x65, 0x66, 
0x69, 0x6e, 0x65, 0x20, 0x53, 0x50, 0x49, 0x52, 0x56, 0x5f, 0x43, 0x52, 0x4f, 0x53, 0x53, 0x5f, 0x43, 0x4f, 0x4e, 0x53, 
0x54, 0x41, 0x4e, 0x54, 0x5f, 0x49, 0x44, 0x5f, 0x31, 0x20, 0x36, 0x34, 0x0a, 0x00, 0x63, 0x6f, 0x6e, 0x73, 0x74, 0x20, 
0x69, 0x6e, 0x74, 0x20, 0x43, 0x4f, 0x4e, 0x46, 0x49, 0x47, 0x5f, 0x4d, 0x41, 0x58, 0x5f, 0x49, 0x4e, 0x53, 0x54, 0x41, 
0x4e, 0x43, 0x45, 0x53, 0x3d, 0x53, 0x50, 0x49, 0x52, 0x56, 0x5f, 0x43, 0x52, 0x4f, 0x53, 0x53, 0x5f, 0x43, 0x4f, 0x4e, 
0x53, 0x54, 0x41, 0x4e, 0x54, 0x5f, 0x49, 0x44, 0x5f, 0x31, 0x3b, 0x0a, 0x00, 0x6c, 0x61, 0x79, 0x6f, 0x75, 0x74, 0x28, 
0x73, 0x74, 0x64, 0x31, 0x34, 0x30, 0x29, 0x20, 0x75, 0x6e, 0x69, 0x66, 0x6f, 0x72, 0x6d, 0x20, 0x4f, 0x62, 0x6a, 0x65, 
0x63, 0x74, 0x55, 0x6e, 0x69, 0x66, 0x6f, 0x72, 0x6d, 0x73, 0x0a, 0x00, 0x50, 0x65, 0x72, 0x52, 0x65, 0x6e, 0x64, 0x65, 
0x72, 0x61, 0x62, 0x6c, 0x65, 0x44, 0x61, 0x74, 0x61, 0x20, 0x61, 0x5b, 0x43, 0x4f, 0x4e, 0x46, 0x49, 0x47, 0x5f, 0x4d, 
0x41, 0x58, 0x5f, 0x49, 0x4e, 0x53, 0x54, 0x41, 0x4e, 0x43, 0x45, 0x53, 0x5d, 0x3b, 0x0a, 0x00, 0x7d, 0x20, 0x6f, 0x62, 
0x6a, 0x65, 0x63, 0x74, 0x55, 0x6e, 0x69, 0x66, 0x6f, 0x72, 0x6d, 0x73, 0x3b, 0x0a, 0x00, 0x6f, 0x75, 0x74, 0x50, 0x69, 
0x63, 0x6b, 0x69, 0x6e, 0x67, 0x2e, 0x78, 0x3d, 0x75, 0x69, 0x6e, 0x74, 0x28, 0x6f, 0x62, 0x6a, 0x65, 0x63, 0x74, 0x55, 
0x6e, 0x69, 0x66, 0x6f, 0x72, 0x6d, 0x73, 0x2e, 0x61, 0x5b, 0x69, 0x6e, 0x73, 0x74, 0x61, 0x6e, 0x63, 0x65, 0x5f, 0x69, 
0x6e, 0x64, 0x65, 0x78, 0x5d, 0x2e, 0x6f, 0x62, 0x6a, 0x65, 0x63, 0x74, 0x49, 0x64, 0x29, 0x3b, 0x0a, 0x00, 0x6f, 0x75, 
0x74, 0x50, 0x69, 0x63, 0x6b, 0x69, 0x6e, 0x67, 0x2e, 0x79, 0x3d, 0x66, 0x6c, 0x6f, 0x61, 0x74, 0x42, 0x69, 0x74, 0x73, 
0x54, 0x6f, 0x55, 0x69, 0x6e, 0x74, 0x28, 0x76, 0x65, 0x72, 0x74, 0x65, 0x78, 0x5f, 0x70, 0x6f, 0x73, 0x69, 0x74, 0x69, 
0x6f, 0x6e, 0x2e, 0x7a, 0x2f, 0x76, 0x65, 0x72, 0x74, 0x65, 0x78, 0x5f, 0x70, 0x6f, 0x73, 0x69, 0x74, 0x69, 0x6f, 0x6e, 
0x2e, 0x77, 0x29, 0x3b, 0x0a, 0x00, 0x75, 0x6e, 0x69, 0x66, 0x6f, 0x72, 0x6d, 0x20, 0x6d, 0x65, 0x64, 0x69, 0x75, 0x6d, 
0x70, 0x20, 0x73, 0x61, 0x6d, 0x70, 0x6c, 0x65, 0x72, 0x43, 0x75, 0x62, 0x65, 0x20, 0x73, 0x61, 0x6d, 0x70, 0x6c, 0x65, 
0x72, 0x30, 0x5f, 0x66, 0x6f, 0x67, 0x3b, 0x0a, 0x00, 0x69, 0x6e, 0x20, 0x68, 0x69, 0x67, 0x68, 0x70, 0x20, 0x76, 0x65, 
0x63, 0x34, 0x20, 0x76, 0x65, 0x72, 0x74, 0x65, 0x78, 0x5f, 0x77, 0x6f, 0x72, 0x6c, 0x64, 0x50, 0x6f, 0x73, 0x69, 0x74, 
0x69, 0x6f, 0x6e, 0x3b, 0x0a, 0x00, 0x76, 0x65, 0x63, 0x34, 0x20, 0x66, 0x6f, 0x67, 0x28, 0x68, 0x69, 0x67, 0x68, 0x70, 
0x20, 0x76, 0x65, 0x63, 0x33, 0x20, 0x76, 0x69, 0x65, 0x77, 0x2c, 0x6d, 0x65, 0x64, 0x69, 0x75, 0x6d, 0x70, 0x20, 0x73, 
0x61, 0x6d, 0x70, 0x6c, 0x65, 0x72, 0x43, 0x75, 0x62, 0x65, 0x20, 0x66, 0x6f, 0x67, 0x43, 0x6f, 0x6c, 0x6f, 0x72, 0x54, 
0x65, 0x78, 0x74, 0x75, 0x72, 0x65, 0x29, 0x0a, 0x00, 0x2d, 0x66, 0x72, 0x61, 0x6d, 0x65, 0x55, 0x6e, 0x69, 0x66, 0x6f, 
0x72, 0x6d, 0x73, 0x2e, 0x67, 0x7a, 0x7a, 0x2c, 0x30, 0x2e, 0x30, 0x29, 0x29, 0x29, 0x3b, 0x0a, 0x00, 0x3d, 0x6d, 0x69, 
0x6e, 0x28, 0x31, 0x2e, 0x30, 0x2d, 0x00, 0x2c, 0x66, 0x72, 0x61, 0x6d, 0x65, 0x55, 0x6e, 0x69, 0x66, 0x6f, 0x72, 0x6d, 
0x73, 0x2e, 0x68, 0x7a, 0x7a, 0x29, 0x3b, 0x0a, 0x00, 0x2a, 0x66, 0x72, 0x61, 0x6d, 0x65, 0x55, 0x6e, 0x69, 0x66, 0x6f, 
0x72, 0x6d, 0x73, 0x2e, 0x70, 0x7a, 0x7a, 0x29, 0x2d, 0x66, 0x72, 0x61, 0x6d, 0x65, 0x55, 0x6e, 0x69, 0x66, 0x6f, 0x72, 
0x6d, 0x73, 0x2e, 0x71, 0x7a, 0x7a, 0x3b, 0x0a, 0x00, 0x2e, 0x78, 0x2c, 0x63, 0x6c, 0x61, 0x6d, 0x70, 0x28, 0x00, 0x2c, 
0x30, 0x2e, 0x30, 0x2c, 0x31, 0x2e, 0x30, 0x29, 0x29, 0x29, 0x2e, 0x78, 0x79, 0x7a, 0x3b, 0x0a, 0x00, 0x2d, 0x66, 0x72, 
0x61, 0x6d, 0x65, 0x55, 0x6e, 0x69, 0x66, 0x6f, 0x72, 0x6d, 0x73, 0x2e, 0x6e, 0x7a, 0x7a, 0x2c, 0x30, 0x2e, 0x30, 0x29, 
0x29, 0x29, 0x3b, 0x0a, 0x00, 0x3d, 0x6d, 0x61, 0x78, 0x28, 0x64, 0x6f, 0x74, 0x28, 0x6e, 0x6f, 0x72, 0x6d, 0x61, 0x6c, 
0x69, 0x7a, 0x65, 0x28, 0x76, 0x69, 0x65, 0x77, 0x29, 0x2c, 0x66, 0x72, 0x61, 0x6d, 0x65, 0x55, 0x6e, 0x69, 0x66, 0x6f, 
0x72, 0x6d, 0x73, 0x2e, 0x6e, 0x7a, 0x29, 0x2c, 0x30, 0x2e, 0x30, 0x29, 0x3b, 0x0a, 0x00, 0x2b, 0x28, 0x28, 0x66, 0x72, 
0x61, 0x6d, 0x65, 0x55, 0x6e, 0x69, 0x66, 0x6f, 0x72, 0x6d, 0x73, 0x2e, 0x70, 0x7a, 0x2e, 0x78, 0x79, 0x7a, 0x2a, 0x66, 
0x72, 0x61, 0x6d, 0x65, 0x55, 0x6e, 0x69, 0x66, 0x6f, 0x72, 0x6d, 0x73, 0x2e, 0x70, 0x7a, 0x2e, 0x77, 0x29, 0x2a, 0x28, 
0x70, 0x6f, 0x77, 0x28, 0x00, 0x2c, 0x66, 0x72, 0x61, 0x6d, 0x65, 0x55, 0x6e, 0x69, 0x66, 0x6f, 0x72, 0x6d, 0x73, 0x2e, 
0x6f, 0x7a, 0x7a, 0x29, 0x2a, 0x28, 0x31, 0x2e, 0x30, 0x2d, 0x00, 0x29, 0x29, 0x29, 0x3b, 0x0a, 0x00, 0x68, 0x69, 0x67, 
0x68, 0x70, 0x20, 0x76, 0x65, 0x63, 0x33, 0x20, 0x70, 0x61, 0x72, 0x61, 0x6d, 0x3d, 0x66, 0x72, 0x61, 0x6d, 0x65, 0x55, 
0x6e, 0x69, 0x66, 0x6f, 0x72, 0x6d, 0x73, 0x2e, 0x72, 0x7a, 0x7a, 0x2a, 0x28, 0x76, 0x65, 0x72, 0x74, 0x65, 0x78, 0x5f, 
0x77, 0x6f, 0x72, 0x6c, 0x64, 0x50, 0x6f, 0x73, 0x69, 0x74, 0x69, 0x6f, 0x6e, 0x2e, 0x78, 0x79, 0x7a, 0x2d, 0x66, 0x72, 
0x61, 0x6d, 0x65, 0x55, 0x6e, 0x69, 0x66, 0x6f, 0x72, 0x6d, 0x73, 0x2e, 0x62, 0x5b, 0x33, 0x5d, 0x2e, 0x78, 0x79, 0x7a, 
0x29, 0x3b, 0x0a, 0x00, 0x68, 0x69, 0x67, 0x68, 0x70, 0x20, 0x6d, 0x61, 0x74, 0x34, 0x20, 0x77, 0x6f, 0x72, 0x6c, 0x64, 
0x46, 0x72, 0x6f, 0x6d, 0x4d, 0x6f, 0x64, 0x65, 0x6c, 0x4d, 0x61, 0x74, 0x72, 0x69, 0x78, 0x3b, 0x0a, 0x00, 0x68, 0x69, 
0x67, 0x68, 0x70, 0x20, 0x6d, 0x61, 0x74, 0x33, 0x20, 0x77, 0x6f, 0x72, 0x6c, 0x64, 0x46, 0x72, 0x6f, 0x6d, 0x4d, 0x6f, 
0x64, 0x65, 0x6c, 0x4e, 0x6f, 0x72, 0x6d, 0x61, 0x6c, 0x4d, 0x61, 0x74, 0x72, 0x69, 0x78, 0x3b, 0x0a, 0x00, 0x68, 0x69, 
0x67, 0x68, 0x70, 0x20, 0x69, 0x6e, 0x74, 0x20, 0x6d, 0x6f, 0x72, 0x70, 0x68, 0x54, 0x61, 0x72, 0x67, 0x65, 0x74, 0x43, 
0x6f, 0x75, 0x6e, 0x74, 0x3b, 0x0a, 0x00, 0x68, 0x69, 0x67, 0x68, 0x70, 0x20, 0x69, 0x6e, 0x74, 0x20, 0x66, 0x6c, 0x61, 
0x67, 0x73, 0x43, 0x68, 0x61, 0x6e, 0x6e, 0x65, 0x6c, 0x73, 0x3b, 0x0a, 0x00, 0x68, 0x69, 0x67, 0x68, 0x70, 0x20, 0x69, 
0x6e, 0x74, 0x20, 0x6f, 0x62, 0x6a, 0x65, 0x63, 0x74, 0x49, 0x64, 0x3b, 0x0a, 0x00, 0x68, 0x69, 0x67, 0x68, 0x70, 0x20, 
0x66, 0x6c, 0x6f, 0x61, 0x74, 0x20, 0x75, 0x73, 0x65, 0x72, 0x44, 0x61, 0x74, 0x61, 0x3b, 0x0a, 0x00, 0x68, 0x69, 0x67, 
0x68, 0x70, 0x20, 0x76, 0x65, 0x63, 0x34, 0x20, 0x72, 0x65, 0x73, 0x65, 0x72, 0x76, 0x65, 0x64, 0x5b, 0x38, 0x5d, 0x3b, 
0x0a, 0x00, 0x66, 0x6c, 0x61, 0x74, 0x20, 0x69, 0x6e, 0x20, 0x68, 0x69, 0x67, 0x68, 0x70, 0x20, 0x69, 0x6e, 0x74, 0x20, 
0x69, 0x6e, 0x73, 0x74, 0x61, 0x6e, 0x63, 0x65, 0x5f, 0x69, 0x6e, 0x64, 0x65, 0x78, 0x3b, 0x0a, 0x00, 0x6c, 0x61, 0x79, 
0x6f, 0x75, 0x74, 0x28, 0x6c, 0x6f, 0x63, 0x61, 0x74, 0x69, 0x6f, 0x6e, 0x3d, 0x30, 0x29, 0x20, 0x6f, 0x75, 0x74, 0x20, 
0x68, 0x69, 0x67, 0x68, 0x70, 0x20, 0x75, 0x76, 0x65, 0x63, 0x32, 0x20, 0x6f, 0x75, 0x74, 0x50, 0x69, 0x63, 0x6b, 0x69, 
0x6e, 0x67, 0x3b, 0x0a, 0x00, 0x69, 0x6e, 0x20, 0x68, 0x69, 0x67, 0x68, 0x70, 0x20, 0x76, 0x65, 0x63, 0x34, 0x20, 0x76, 
0x65, 0x72, 0x74, 0x65, 0x78, 0x5f, 0x70, 0x6f, 0x73, 0x69, 0x74, 0x69, 0x6f, 0x6e, 0x3b, 0x0a, 0x00, 0x75, 0x6e, 0x69, 
0x66, 0x6f, 0x72, 0x6d, 0x20, 0x73, 0x61, 0x6d, 0x70, 0x6c, 0x65, 0x72, 0x43, 0x75, 0x62, 0x65, 0x20, 0x73, 0x61, 0x6d, 
0x70, 0x6c, 0x65, 0x72, 0x30, 0x5f, 0x66, 0x6f, 0x67, 0x3b, 0x0a, 0x00, 0x6c, 0x61, 0x79, 0x6f, 0x75, 0x74, 0x28, 0x6c, 
0x6f, 0x63, 0x61, 0x74, 0x69, 0x6f, 0x6e, 0x3d, 0x36, 0x29, 0x20, 0x69, 0x6e, 0x20, 0x76, 0x65, 0x63, 0x34, 0x20, 0x76, 
0x65, 0x72, 0x74, 0x65, 0x78, 0x5f, 0x77, 0x6f, 0x72, 0x6c, 0x64, 0x50, 0x6f, 0x73, 0x69, 0x74, 0x69, 0x6f, 0x6e, 0x3b, 
0x0a, 0x00, 0x76, 0x65, 0x63, 0x34, 0x20, 0x66, 0x6f, 0x67, 0x28, 0x76, 0x65, 0x63, 0x33, 0x20, 0x76, 0x69, 0x65, 0x77, 
0x2c, 0x73, 0x61, 0x6d, 0x70, 0x6c, 0x65, 0x72, 0x43, 0x75, 0x62, 0x65, 0x20, 0x66, 0x6f, 0x67, 0x43, 0x6f, 0x6c, 0x6f, 
0x72, 0x54, 0x65, 0x78, 0x74, 0x75, 0x72, 0x65, 0x29, 0x0a, 0x00, 0x3d, 0x6d, 0x69, 0x6e, 0x28, 0x31, 0x2e, 0x30, 0x2d, 
0x65, 0x78, 0x70, 0x28, 0x2d, 0x28, 0x00, 0x2d, 0x66, 0x72, 0x61, 0x6d, 0x65, 0x55, 0x6e, 0x69, 0x66, 0x6f, 0x72, 0x6d, 
0x73, 0x2e, 0x67, 0x7a, 0x7a, 0x2c, 0x30, 0x2e, 0x30, 0x29, 0x29, 0x29, 0x2c, 0x66, 0x72, 0x61, 0x6d, 0x65, 0x55, 0x6e, 
0x69, 0x66, 0x6f, 0x72, 0x6d, 0x73, 0x2e, 0x68, 0x7a, 0x7a, 0x29, 0x3b, 0x0a, 0x00, 0x2e, 0x78, 0x2c, 0x63, 0x6c, 0x61, 
0x6d, 0x70, 0x28, 0x28, 0x00, 0x2a, 0x66, 0x72, 0x61, 0x6d, 0x65, 0x55, 0x6e, 0x69, 0x66, 0x6f, 0x72, 0x6d, 0x73, 0x2e, 
0x70, 0x7a, 0x7a, 0x29, 0x2d, 0x66, 0x72, 0x61, 0x6d, 0x65, 0x55, 0x6e, 0x69, 0x66, 0x6f, 0x72, 0x6d, 0x73, 0x2e, 0x71, 
0x7a, 0x7a, 0x2c, 0x30, 0x2e, 0x30, 0x2c, 0x31, 0x2e, 0x30, 0x29, 0x29, 0x29, 0x2e, 0x78, 0x79, 0x7a, 0x3b, 0x0a, 0x00, 
0x2b, 0x28, 0x28, 0x66, 0x72, 0x61, 0x6d, 0x65, 0x55, 0x6e, 0x69, 0x66, 0x6f, 0x72, 0x6d, 0x73, 0x2e, 0x70, 0x7a, 0x2e, 
0x78, 0x79, 0x7a, 0x2a, 0x66, 0x72, 0x61, 0x6d, 0x65, 0x55, 0x6e, 0x69, 0x66, 0x6f, 0x72, 0x6d, 0x73, 0x2e, 0x70, 0x7a, 
0x2e, 0x77, 0x29, 0x2a, 0x28, 0x70, 0x6f, 0x77, 0x28, 0x6d, 0x61, 0x78, 0x28, 0x64, 0x6f, 0x74, 0x28, 0x6e, 0x6f, 0x72, 
0x6d, 0x61, 0x6c, 0x69, 0x7a, 0x65, 0x28, 0x76, 0x69, 0x65, 0x77, 0x29, 0x2c, 0x66, 0x72, 0x61, 0x6d, 0x65, 0x55, 0x6e, 
0x69, 0x66, 0x6f, 0x72, 0x6d, 0x73, 0x2e, 0x6e, 0x7a, 0x29, 0x2c, 0x30, 0x2e, 0x30, 0x29, 0x2c, 0x66, 0x72, 0x61, 0x6d, 
0x65, 0x55, 0x6e, 0x69, 0x66, 0x6f, 0x72, 0x6d, 0x73, 0x2e, 0x6f, 0x7a, 0x7a, 0x29, 0x2a, 0x28, 0x31, 0x2e, 0x30, 0x2d, 
0x65, 0x78, 0x70, 0x28, 0x2d, 0x28, 0x00, 0x2d, 0x66, 0x72, 0x61, 0x6d, 0x65, 0x55, 0x6e, 0x69, 0x66, 0x6f, 0x72, 0x6d, 
0x73, 0x2e, 0x6e, 0x7a, 0x7a, 0x2c, 0x30, 0x2e, 0x30, 0x29, 0x29, 0x29, 0x29, 0x29, 0x29, 0x3b, 0x0a, 0x00, 0x76, 0x65, 
0x63, 0x33, 0x20, 0x70, 0x61, 0x72, 0x61, 0x6d, 0x3d, 0x66, 0x72, 0x61, 0x6d, 0x65, 0x55, 0x6e, 0x69, 0x66, 0x6f, 0x72, 
0x6d, 0x73, 0x2e, 0x72, 0x7a, 0x7a, 0x2a, 0x28, 0x76, 0x65, 0x72, 0x74, 0x65, 0x78, 0x5f, 0x77, 0x6f, 0x72, 0x6c, 0x64, 
0x50, 0x6f, 0x73, 0x69, 0x74, 0x69, 0x6f, 0x6e, 0x2e, 0x78, 0x79, 0x7a, 0x2d, 0x66, 0x72, 0x61, 0x6d, 0x65, 0x55, 0x6e, 
0x69, 0x66, 0x6f, 0x72, 0x6d, 0x73, 0x2e, 0x62, 0x5b, 0x33, 0x5d, 0x2e, 0x78, 0x79, 0x7a, 0x29, 0x3b, 0x0a, 0x00, 0x6d, 
0x61, 0x74, 0x34, 0x20, 0x77, 0x6f, 0x72, 0x6c, 0x64, 0x46, 0x72, 0x6f, 0x6d, 0x4d, 0x6f, 0x64, 0x65, 0x6c, 0x4d, 0x61, 
0x74, 0x72, 0x69, 0x78, 0x3b, 0x0a, 0x00, 0x6d, 0x61, 0x74, 0x33, 0x20, 0x77, 0x6f, 0x72, 0x6c, 0x64, 0x46, 0x72, 0x6f, 
0x6d, 0x4d, 0x6f, 0x64, 0x65, 0x6c, 0x4e, 0x6f, 0x72, 0x6d, 0x61, 0x6c, 0x4d, 0x61, 0x74, 0x72, 0x69, 0x78, 0x3b, 0x0a, 
0x00, 0x69, 0x6e, 0x74, 0x20, 0x6d, 0x6f, 0x72, 0x70, 0x68, 0x54, 0x61, 0x72, 0x67, 0x65, 0x74, 0x43, 0x6f, 0x75, 0x6e, 
0x74, 0x3b, 0x0a, 0x00, 0x69, 0x6e, 0x74, 0x20, 0x66, 0x6c, 0x61, 0x67, 0x73, 0x43, 0x68, 0x61, 0x6e, 0x6e, 0x65, 0x6c, 
0x73, 0x3b, 0x0a, 0x00, 0x69, 0x6e, 0x74, 0x20, 0x6f, 0x62, 0x6a, 0x65, 0x63, 0x74, 0x49, 0x64, 0x3b, 0x0a, 0x00, 0x66, 
0x6c, 0x6f, 0x61, 0x74, 0x20, 0x75, 0x73, 0x65, 0x72, 0x44, 0x61, 0x74, 0x61, 0x3b, 0x0a, 0x00, 0x76, 0x65, 0x63, 0x34, 
0x20, 0x72, 0x65, 0x73, 0x65, 0x72, 0x76, 0x65, 0x64, 0x5b, 0x38, 0x5d, 0x3b, 0x0a, 0x00, 0x6c, 0x61, 0x79, 0x6f, 0x75, 
0x74, 0x28, 0x6c, 0x6f, 0x63, 0x61, 0x74, 0x69, 0x6f, 0x6e, 0x3d, 0x31, 0x30, 0x29, 0x20, 0x66, 0x6c, 0x61, 0x74, 0x20, 
0x69, 0x6e, 0x20, 0x69, 0x6e, 0x74, 0x20, 0x69, 0x6e, 0x73, 0x74, 0x61, 0x6e, 0x63, 0x65, 0x5f, 0x69, 0x6e, 0x64, 0x65, 
0x78, 0x3b, 0x0a, 0x00, 0x6c, 0x61, 0x79, 0x6f, 0x75, 0x74, 0x28, 0x6c, 0x6f, 0x63, 0x61, 0x74, 0x69, 0x6f, 0x6e, 0x3d, 
0x30, 0x29, 0x20, 0x6f, 0x75, 0x74, 0x20, 0x75, 0x76, 0x65, 0x63, 0x32, 0x20, 0x6f, 0x75, 0x74, 0x50, 0x69, 0x63, 0x6b, 
0x69, 0x6e, 0x67, 0x3b, 0x0a, 0x00, 0x6c, 0x61, 0x79, 0x6f, 0x75, 0x74, 0x28, 0x6c, 0x6f, 0x63, 0x61, 0x74, 0x69, 0x6f, 
0x6e, 0x3d, 0x39, 0x29, 0x20, 0x69, 0x6e, 0x20, 0x76, 0x65, 0x63, 0x34, 0x20, 0x76, 0x65, 0x72, 0x74, 0x65, 0x78, 0x5f, 
0x70, 0x6f, 0x73, 0x69, 0x74, 0x69, 0x6f, 0x6e, 0x3b, 0x0a, 0x00, 0x4c, 0x53, 0x4c, 0x47, 0x5f, 0x54, 0x41, 0x4d, 0x6a, 
0x17, 0x00, 0x00, 0x77, 0x00, 0x6c, 0x00, 0xc2, 0x00, 0x00, 0x00, 0x12, 0x00, 0x00, 0x00, 0x00, 0x00, 0x00, 0x00, 0x01, 
0x00, 0x00, 0x8e, 0x00, 0x00, 0x00, 0x01, 0x00, 0x01, 0xe0, 0x01, 0x00, 0x00, 0x01, 0x02, 0x00, 0x4c, 0x04, 0x00, 0x00, 
0x01, 0x10, 0x00, 0x8e, 0x00, 0x00, 0x00, 0x01, 0x10, 0x01, 0xc0, 0x05, 0x00, 0x00, 0x01, 0x12, 0x00, 0x4c, 0x04, 0x00, 
0x00, 0x01, 0x20, 0x01, 0xf6, 0x06, 0x00, 0x00, 0x01, 0x30, 0x01, 0xa8, 0x0a, 0x00, 0x00, 0x01, 0x70, 0x01, 0xe0, 0x01, 
0x00, 0x00, 0x02, 0x00, 0x00, 0x08, 0x0c, 0x00, 0x00, 0x02, 0x00, 0x01, 0x5b, 0x0d, 0x00, 0x00, 0x02, 0x02, 0x00, 0xcf, 
0x0f, 0x00, 0x00, 0x02, 0x10, 0x00, 0x08, 0x0c, 0x00, 0x00, 0x02, 0x10, 0x01, 0x85, 0x11, 0x00, 0x00, 0x02, 0x12, 0x00, 
0xcf, 0x0f, 0x00, 0x00, 0x02, 0x20, 0x01, 0xb1, 0x12, 0x00, 0x00, 0x02, 0x30, 0x01, 0x14, 0x16, 0x00, 0x00, 0x02, 0x70, 
0x01, 0x5b, 0x0d, 0x00, 0x00, 0x8e, 0x0a, 0x00, 0x00, 0xe6, 0x00, 0x00, 0x00, 0x00, 0x00, 0x00, 0x00, 0xe6, 0x00, 0x00, 
0x00, 0x58, 0x00, 0x00, 0x00, 0x74, 0x7a, 0x00, 0x7b, 0x7c, 0x11, 0x7d, 0x7e, 0x13, 0x7f, 0x14, 0x00, 0x12, 0x19, 0x1a, 
0x1b, 0x1c, 0x1d, 0x1e, 0x1f, 0x20, 0x21, 0x22, 0x23, 0x24, 0x25, 0x26, 0x27, 0x28, 0x9b, 0x9c, 0x9d, 0x29, 0x2a, 0x2b, 
0x2c, 0x9e, 0x9f, 0xa0, 0xa1, 0xa2, 0xa3, 0xa4, 0xa5, 0xa6, 0xa7, 0xa8, 0xa9, 0xaa, 0xab, 0xac, 0x2d, 0xad, 0xae, 0xaf, 
0x2e, 0xb0, 0xb1, 0x2f, 0xb2, 0xb3, 0x30, 0xb4, 0xb5, 0x31, 0xb6, 0x32, 0xb7, 0xb8, 0x33, 0x34, 0xb9, 0x35, 0x36, 0x37, 
0xba, 0xbb, 0x38, 0xbc, 0x39, 0x3a, 0x3b, 0x3c, 0x3d, 0x3e, 0x3f, 0xbd, 0xbe, 0xbf, 0xc0, 0x40, 0xc1, 0xc2, 0xc3, 0xc4, 
0x41, 0xc5, 0xc6, 0xc7, 0xc8, 0xc9, 0xca, 0x15, 0x80, 0xcb, 0xcc, 0xcd, 0xce, 0x0f, 0x00, 0x81, 0x00, 0x82, 0x01, 0x04, 
0x00, 0x83, 0x01, 0x06, 0xfe, 0x84, 0x06, 0xfe, 0x03, 0xfe, 0x02, 0xfe, 0x77, 0xfe, 0x85, 0x06, 0xfe, 0x86, 0xfe, 0x02, 
0x09, 0xfe, 0x03, 0xfe, 0x16, 0x06, 0xfe, 0x02, 0x43, 0xfe, 0x87, 0x00, 0x06, 0xfe, 0x03, 0xfe, 0x02, 0xfe, 0x88, 0xfe, 
0x89, 0xfe, 0x03, 0xfe, 0x02, 0x01, 0x04, 0x00, 0xfe, 0x03, 0xfe, 0x02, 0x01, 0x78, 0xfe, 0x8a, 0xfe, 0x8b, 0xfe, 0x10, 
0x06, 0xfe, 0x03, 0xfe, 0x79, 0x08, 0xfe, 0x42, 0xfe, 0x8c, 0xfe, 0x0c, 0xfe, 0x0b, 0xfe, 0x0e, 0xfe, 0x07, 0x78, 0xfe, 
0x8d, 0xfe, 0x05, 0xfe, 0x8e, 0x8f, 0xfe, 0x79, 0x0a, 0xfe, 0x03, 0xfe, 0x90, 0x91, 0xfe, 0x0b, 0x92, 0xfe, 0x07, 0x93, 
0xfe, 0x0d, 0x94, 0xfe, 0x02, 0xfe, 0x77, 0xfe, 0x95, 0xfe, 0x96, 0x97, 0xfe, 0x02, 0x01, 0xf1, 0x71, 0xa7, 0xc3, 0xf1, 
0x71, 0xa7, 0xc3, 0xf1, 0x71, 0x87, 0x8a, 0xa7, 0xc3, 0xe4, 0x7d, 0x87, 0x8a, 0x8e, 0x9f, 0xe4, 0x7d, 0x83, 0x59, 0x87, 
0x8a, 0x83, 0x59, 0xe4, 0x7d, 0x8e, 0x9f, 0x83, 0x59, 0x8e, 0x9f, 0x87, 0x8a, 0xaa, 0x80, 0x8e, 0x9f, 0x8e, 0x9f, 0xa2, 
0x85, 0xaa, 0x80, 0x9d, 0xbc, 0xf1, 0x71, 0xa2, 0x85, 0x9d, 0xbc, 0xa2, 0x85, 0x9d, 0xbc, 0xe4, 0x56, 0xa2, 0x85, 0xaa, 
0x80, 0xe4, 0x56, 0xc8, 0xa5, 0xe4, 0x56, 0xc8, 0xa5, 0xc8, 0xa5, 0xc8, 0xa5, 0xa7, 0xc3, 0xa7, 0xc3, 0xa7, 0xc3, 0xa7, 
0xc3, 0xa7, 0xc3, 0xbc, 0x0d, 0x00, 0x00, 0xa3, 0x01, 0x00, 0x00, 0x00, 0x00, 0x00, 0x00, 0xa3, 0x01, 0x00, 0x00, 0xb5, 
0x00, 0x00, 0x00, 0x74, 0xb8, 0xb9, 0xa5, 0x00, 0xa6, 0xa7, 0xa8, 0xa9, 0xaa, 0xab, 0x11, 0x06, 0xfe, 0x02, 0x09, 0xfe, 
0x02, 0x0a, 0xfe, 0x02, 0x0a, 0xfe, 0x02, 0x09, 0xfe, 0x02, 0x14, 0x00, 0xa2, 0xbe, 0xbf, 0xc0, 0xc1, 0xc2, 0xc3, 0xc4, 
0xc5, 0xc6, 0xc7, 0xc8, 0xc9, 0xca, 0xcb, 0xcc, 0xcd, 0x44, 0x45, 0x46, 0xce, 0xcf, 0xd0, 0xd1, 0x47, 0x48, 0x49, 0x4a, 
0x4b, 0x4c, 0x4d, 0x4e, 0x4f, 0x50, 0x51, 0x52, 0x53, 0x54, 0x55, 0xd2, 0x56, 0x57, 0x58, 0xd3, 0x59, 0x5a, 0xd4, 0x5b, 
0x5c, 0xd5, 0x5d, 0x5e, 0xd6, 0x5f, 0xd7, 0x60, 0x61, 0xd8, 0xd9, 0x62, 0xda, 0xdb, 0xdc, 0x63, 0x64, 0xdd, 0x65, 0xde, 
0xdf, 0xe0, 0xe1, 0xe2, 0xe3, 0xe4, 0x66, 0x67, 0x68, 0x69, 0xe5, 0x6a, 0x6b, 0x6c, 0x6d, 0xe6, 0x6e, 0x6f, 0x70, 0x71, 
0x72, 0x73, 0x15, 0x83, 0x00, 0xa2, 0x84, 0x85, 0x86, 0x87, 0x88, 0x89, 0xe7, 0xe8, 0xba, 0xac, 0x8a, 0x00, 0x08, 0xfe, 
0x8b, 0x8c, 0x00, 0x8d, 0xfe, 0x8e, 0xfe, 0x7b, 0x01, 0x04, 0x00, 0x8f, 0x00, 0x90, 0xfe, 0x80, 0xfe, 0x7b, 0x01, 0x04, 
0x00, 0x91, 0x00, 0x7a, 0xfe, 0x92, 0xfe, 0x7c, 0x01, 0x04, 0x00, 0x93, 0x00, 0x7a, 0xfe, 0x94, 0xfe, 0x7c, 0x01, 0x04, 
0x00, 0x95, 0x00, 0x7a, 0xfe, 0x7d, 0xfe, 0x96, 0x01, 0x04, 0x00, 0x97, 0xfe, 0x7d, 0xfe, 0x98, 0x01, 0x01, 0x01, 0x01, 
0x01, 0x01, 0x0f, 0x00, 0xad, 0xfe, 0x99, 0x77, 0xfe, 0x9a, 0x77, 0xfe, 0x02, 0x79, 0xfe, 0x78, 0x00, 0xfe, 0x03, 0xfe, 
0x9b, 0x01, 0x04, 0x00, 0xfe, 0x03, 0xfe, 0x02, 0x01, 0x77, 0xfe, 0x02, 0x79, 0xfe, 0x78, 0x00, 0xfe, 0x03, 0xfe, 0x9c, 
0x01, 0x04, 0x00, 0xfe, 0x03, 0xfe, 0x02, 0x01, 0x77, 0xfe, 0x02, 0x79, 0xfe, 0x78, 0x00, 0xfe, 0x03, 0xfe, 0x9d, 0x01, 
0x04, 0x00, 0xfe, 0x03, 0xfe, 0x02, 0x01, 0x77, 0xfe, 0x02, 0x79, 0xfe, 0x78, 0x00, 0xfe, 0x03, 0xfe, 0x9e, 0x01, 0x04, 
0x00, 0xfe, 0x03, 0xfe, 0x02, 0x01, 0x06, 0xfe, 0x02, 0x7f, 0xfe, 0x78, 0x00, 0xfe, 0xae, 0x01, 0x04, 0x00, 0x06, 0xfe, 
0x02, 0x9f, 0x00, 0x08, 0xfe, 0x03, 0xfe, 0x02, 0xfe, 0x7e, 0xfe, 0x07, 0x17, 0xfe, 0xa0, 0x08, 0xfe, 0x03, 0xfe, 0x02, 
0xfe, 0xaf, 0xfe, 0x05, 0xfe, 0xb0, 0x01, 0x04, 0x00, 0xfe, 0x7e, 0xfe, 0x07, 0xfe, 0xb1, 0xfe, 0xb2, 0x01, 0x0a, 0xfe, 
0x03, 0xfe, 0xb3, 0xfe, 0x16, 0x06, 0xfe, 0x03, 0xfe, 0x02, 0xfe, 0x0c, 0xfe, 0x0b, 0xfe, 0x0e, 0xfe, 0x07, 0xfe, 0x81, 
0xfe, 0x0d, 0x0a, 0xfe, 0x03, 0xfe, 0xb4, 0xfe, 0x10, 0x06, 0xfe, 0xb5, 0xfe, 0x05, 0xfe, 0x05, 0xfe, 0x05, 0xfe, 0x82, 
0xfe, 0x0c, 0xfe, 0x0b, 0xfe, 0x0e, 0xfe, 0x07, 0xfe, 0x81, 0xfe, 0x0d, 0xfe, 0x03, 0xfe, 0x02, 0x01, 0xa1, 0xb6, 0xfe, 
0x05, 0xfe, 0x05, 0xfe, 0x05, 0xfe, 0x05, 0xfe, 0x05, 0xfe, 0xb7, 0xfe, 0x05, 0xfe, 0x05, 0xfe, 0x05, 0xfe, 0x05, 0xfe, 
0x82, 0x01, 0x02, 0x03, 0x04, 0x05, 0x06, 0xda, 0x4a, 0xda, 0x4a, 0xda, 0x4a, 0xda, 0x4a, 0xda, 0x4a, 0xda, 0x4a, 0xda, 
0x4a, 0xda, 0x4a, 0xda, 0x4a, 0xda, 0x4a, 0xda, 0x4a, 0xda, 0x4a, 0xda, 0x4a, 0xc5, 0x68, 0xc6, 0x89, 0x80, 0x3a, 0xc6, 
0x89, 0x80, 0x3a, 0xc5, 0x68, 0x80, 0x3a, 0xc6, 0x89, 0x81, 0x3a, 0x80, 0x3a, 0x81, 0x3a, 0xc5, 0x68, 0x81, 0x3a, 0x80, 
0x3a, 0x82, 0x3a, 0x81, 0x3a, 0x82, 0x3a, 0xc5, 0x68, 0x82, 0x3a, 0x81, 0x3a, 0xd5, 0x64, 0x82, 0x3a, 0xd5, 0x64, 0xc5, 
0x68, 0xd5, 0x64, 0x82, 0x3a, 0xcd, 0xa9, 0xd5, 0x64, 0xcd, 0xa9, 0xd3, 0x96, 0x95, 0x48, 0xc5, 0x68, 0x95, 0x48, 0xc5, 
0x68, 0x8c, 0xa1, 0xc6, 0xb2, 0x95, 0x48, 0xd3, 0x96, 0x8c, 0xa1, 0xc6, 0xb2, 0xc5, 0x68, 0xc5, 0x68, 0xd3, 0x96, 0xc5, 
0x68, 0x89, 0x93, 0xd3, 0x96, 0xd3, 0x96, 0xe1, 0x43, 0xd3, 0x96, 0xe1, 0x43, 0x89, 0x93, 0xe1, 0x43, 0x89, 0x93, 0xe1, 
0x43, 0x89, 0x93, 0x9a, 0x40, 0xe1, 0x43, 0xe1, 0x43, 0x88, 0xa0, 0x06, 0x06, 0x06, 0x05, 0x88, 0xa0, 0x9a, 0x40, 0x88, 
0xa0, 0x9a, 0x40, 0x88, 0xa0, 0x9a, 0x40, 0xcd, 0xa9, 0x88, 0xa0, 0xcd, 0xa9, 0x02, 0x03, 0x03, 0x03, 0x04, 0x02, 0x03, 
0x03, 0x03, 0x04, 0x3d, 0x0c, 0x00, 0x00, 0x1e, 0x01, 0x00, 0x00, 0x00, 0x00, 0x00, 0x00, 0x1e, 0x01, 0x00, 0x00, 0x42, 
0x00, 0x00, 0x00, 0x74, 0xe2, 0x7a, 0x00, 0x7b, 0x7c, 0x11, 0x7d, 0x7e, 0x13, 0x7f, 0xcf, 0xd0, 0x13, 0xd1, 0x14, 0x00, 
0x12, 0x19, 0x1a, 0x1b, 0x1c, 0x1d, 0x1e, 0x1f, 0x20, 0x21, 0x22, 0x23, 0x24, 0x25, 0x26, 0x27, 0x28, 0x9b, 0x9c, 0x9d, 
0x29, 0x2a, 0x2b, 0x2c, 0x9e, 0x9f, 0xa0, 0xa1, 0xa2, 0xa3, 0xa4, 0xa5, 0xa6, 0xa7, 0xa8, 0xa9, 0xaa, 0xab, 0xac, 0x2d, 
0xad, 0xae, 0xaf, 0x2e, 0xb0, 0xb1, 0x2f, 0xb2, 0xb3, 0x30, 0xb4, 0xb5, 0x31, 0xb6, 0x32, 0xb7, 0xb8, 0x33, 0x34, 0xb9, 
0x35, 0x36, 0x37, 0xba, 0xbb, 0x38, 0xbc, 0x39, 0x3a, 0x3b, 0x3c, 0x3d, 0x3e, 0x3f, 0xbd, 0xbe, 0xbf, 0xc0, 0x40, 0xc1, 
0xc2, 0xc3, 0xc4, 0x41, 0xc5, 0xc6, 0xc7, 0xc8, 0xc9, 0xca, 0x15, 0x80, 0xcb, 0xcc, 0xcd, 0xce, 0x0f, 0x00, 0x81, 0x00, 
0x82, 0x01, 0x04, 0x00, 0x83, 0x01, 0x06, 0xfe, 0x84, 0x06, 0xfe, 0x03, 0xfe, 0x02, 0xfe, 0x77, 0xfe, 0x85, 0x06, 0xfe, 
0x86, 0xfe, 0x02, 0x09, 0xfe, 0x03, 0xfe, 0x16, 0x06, 0xfe, 0x02, 0x43, 0xfe, 0x87, 0x00, 0x06, 0xfe, 0x03, 0xfe, 0x02, 
0xfe, 0x88, 0xfe, 0x89, 0xfe, 0x03, 0xfe, 0x02, 0x01, 0x04, 0x00, 0xfe, 0x03, 0xfe, 0x02, 0x01, 0x78, 0xfe, 0x8a, 0xfe, 
0x8b, 0xfe, 0x10, 0x06, 0xfe, 0x03, 0xfe, 0x79, 0x08, 0xfe, 0x42, 0xfe, 0x8c, 0xfe, 0x0c, 0xfe, 0x0b, 0xfe, 0x0e, 0xfe, 
0x07, 0x78, 0xfe, 0x8d, 0xfe, 0x05, 0xfe, 0x8e, 0x8f, 0xfe, 0x79, 0x0a, 0xfe, 0x03, 0xfe, 0x90, 0x91, 0xfe, 0x0b, 0x92, 
0xfe, 0x07, 0x93, 0xfe, 0x0d, 0x94, 0xfe, 0x02, 0x17, 0xfe, 0xd2, 0x09, 0xfe, 0xd3, 0x09, 0xfe, 0xd4, 0xfe, 0x02, 0x09, 
0xfe, 0x03, 0xfe, 0x98, 0xfe, 0x18, 0xfe, 0x0c, 0xfe, 0xd5, 0xfe, 0x18, 0xfe, 0x0c, 0xfe, 0xd6, 0xfe, 0xd7, 0xfe, 0x99, 
0xfe, 0x9a, 0xd8, 0xfe, 0xd9, 0xfe, 0x99, 0xfe, 0x9a, 0xda, 0xfe, 0xdb, 0xfe, 0x98, 0xfe, 0xdc, 0xfe, 0x10, 0xfe, 0x77, 
0xfe, 0x95, 0xfe, 0x96, 0x97, 0xfe, 0x02, 0xdd, 0x01, 0x4e, 0x52, 0x4e, 0x52, 0x4e, 0x53, 0x52, 0x54, 0x53, 0x5c, 0x54, 
0x5b, 0x53, 0x5b, 0x54, 0x5c, 0x5b, 0x5c, 0x53, 0x60, 0x5c, 0x5c, 0x61, 0x60, 0x65, 0x4e, 0x61, 0x65, 0x61, 0x65, 0x6a, 
0x61, 0x60, 0x6a, 0x6d, 0x6a, 0x6d, 0x6d, 0x6d, 0x52, 0x75, 0x76, 0x77, 0x76, 0x7b, 0x77, 0x75, 0x52, 0x52, 0x76, 0x52, 
0x52, 0x77, 0x7b, 0x52, 0x52, 0x7b, 0x52, 0x52, 0x77, 0x75, 0x52, 0x52, 0x52, 0x52, 0x52, 0x33, 0x05, 0x00, 0x00, 0xc4, 
0x00, 0x00, 0x00, 0x00, 0x00, 0x00, 0x00, 0xc4, 0x00, 0x00, 0x00, 0x5e, 0x00, 0x00, 0x00, 0x74, 0xb8, 0xb9, 0x83, 0x00, 
0xa2, 0x84, 0x85, 0x86, 0x87, 0x88, 0x89, 0xba, 0x8a, 0x00, 0x08, 0xfe, 0x8b, 0x8c, 0x00, 0x8d, 0xfe, 0x8e, 0xfe, 0x7b, 
0x01, 0x04, 0x00, 0x8f, 0x00, 0x90, 0xfe, 0x80, 0xfe, 0x7b, 0x01, 0x04, 0x00, 0x91, 0x00, 0x7a, 0xfe, 0x92, 0xfe, 0x7c, 
0x01, 0x04, 0x00, 0x93, 0x00, 0x7a, 0xfe, 0x94, 0xfe, 0x7c, 0x01, 0x04, 0x00, 0x95, 0x00, 0x7a, 0xfe, 0x7d, 0xfe, 0x96, 
0x01, 0x04, 0x00, 0x97, 0xfe, 0x7d, 0xfe, 0x98, 0x01, 0x01, 0x01, 0x01, 0x01, 0x01, 0x0f, 0x00, 0xad, 0xfe, 0x99, 0x77, 
0xfe, 0x9a, 0x77, 0xfe, 0x02, 0x79, 0xfe, 0x78, 0x00, 0xfe, 0x03, 0xfe, 0x9b, 0x01, 0x04, 0x00, 0xfe, 0x03, 0xfe, 0x02, 
0x01, 0x77, 0xfe, 0x02, 0x79, 0xfe, 0x78, 0x00, 0xfe, 0x03, 0xfe, 0x9c, 0x01, 0x04, 0x00, 0xfe, 0x03, 0xfe, 0x02, 0x01, 
0x77, 0xfe, 0x02, 0x79, 0xfe, 0x78, 0x00, 0xfe, 0x03, 0xfe, 0x9d, 0x01, 0x04, 0x00, 0xfe, 0x03, 0xfe, 0x02, 0x01, 0x77, 
0xfe, 0x02, 0x79, 0xfe, 0x78, 0x00, 0xfe, 0x03, 0xfe, 0x9e, 0x01, 0x04, 0x00, 0xfe, 0x03, 0xfe, 0x02, 0x01, 0x7f, 0xfe, 
0x78, 0x00, 0x01, 0x04, 0x00, 0x9f, 0x00, 0x08, 0xfe, 0x03, 0xfe, 0x02, 0xfe, 0x7e, 0xfe, 0x07, 0x17, 0xfe, 0xa0, 0x08, 
0xfe, 0x03, 0xfe, 0x02, 0x01, 0x04, 0x00, 0x01, 0x01, 0xa1, 0x01, 0x83, 0x5a, 0x83, 0x5a, 0x83, 0x5a, 0x83, 0x5a, 0x83, 
0x5a, 0x83, 0x5a, 0x83, 0x5a, 0x83, 0x5a, 0x83, 0x5a, 0x83, 0x5a, 0x83, 0x5a, 0x83, 0x5a, 0x83, 0x5a, 0xc5, 0x68, 0xc6, 
0x89, 0x80, 0x3a, 0xc6, 0x89, 0x80, 0x3a, 0xc5, 0x68, 0x80, 0x3a, 0xc6, 0x89, 0x81, 0x3a, 0x80, 0x3a, 0x81, 0x3a, 0xc5, 
0x68, 0x81, 0x3a, 0x80, 0x3a, 0x82, 0x3a, 0x81, 0x3a, 0x82, 0x3a, 0xc5, 0x68, 0x82, 0x3a, 0x81, 0x3a, 0xd5, 0x64, 0x82, 
0x3a, 0xd5, 0x64, 0xc5, 0x68, 0xd5, 0x64, 0x82, 0x3a, 0xd5, 0x64, 0x95, 0x48, 0xc5, 0x68, 0x95, 0x48, 0xc5, 0x68, 0x8c, 
0xa1, 0xc6, 0xb2, 0x95, 0x48, 0xba, 0x14, 0x00, 0x00, 0x54, 0x02, 0x00, 0x00, 0x23, 0x00, 0x00, 0x00, 0x54, 0x02, 0x00, 
0x00, 0x27, 0x01, 0x00, 0x00, 0x74, 0xb8, 0xb9, 0xa5, 0x00, 0xa6, 0xa7, 0xa8, 0xa9, 0xaa, 0xab, 0x11, 0x06, 0xfe, 0x02, 
0x09, 0xfe, 0x02, 0x0a, 0xfe, 0x02, 0x0a, 0xfe, 0x02, 0x09, 0xfe, 0x02, 0x14, 0x00, 0xa2, 0xbe, 0xbf, 0xc0, 0xc1, 0xc2, 
0xc3, 0xc4, 0xc5, 0xc6, 0xc7, 0xc8, 0xc9, 0xca, 0xcb, 0xcc, 0xcd, 0x44, 0x45, 0x46, 0xce, 0xcf, 0xd0, 0xd1, 0x47, 0x48, 
0x49, 0x4a, 0x4b, 0x4c, 0x4d, 0x4e, 0x4f, 0x50, 0x51, 0x52, 0x53, 0x54, 0x55, 0xd2, 0x56, 0x57, 0x58, 0xd3, 0x59, 0x5a, 
0xd4, 0x5b, 0x5c, 0xd5, 0x5d, 0x5e, 0xd6, 0x5f, 0xd7, 0x60, 0x61, 0xd8, 0xd9, 0x62, 0xda, 0xdb, 0xdc, 0x63, 0x64, 0xdd, 
0x65, 0xde, 0xdf, 0xe0, 0xe1, 0xe2, 0xe3, 0xe4, 0x66, 0x67, 0x68, 0x69, 0xe5, 0x6a, 0x6b, 0x6c, 0x6d, 0xe6, 0x6e, 0x6f, 
0x70, 0x71, 0x72, 0x73, 0x15, 0x83, 0x00, 0xa2, 0x84, 0x85, 0x86, 0x87, 0x88, 0x89, 0xe7, 0xe8, 0xf0, 0xf0, 0xba, 0xac, 
0x8a, 0x00, 0x08, 0xfe, 0x8b, 0x8c, 0x00, 0x8d, 0xfe, 0x8e, 0xfe, 0x7b, 0x01, 0x04, 0x00, 0x8f, 0x00, 0x90, 0xfe, 0x80, 
0xfe, 0x7b, 0x01, 0x04, 0x00, 0x91, 0x00, 0x7a, 0xfe, 0x92, 0xfe, 0x7c, 0x01, 0x04, 0x00, 0x93, 0x00, 0x7a, 0xfe, 0x94, 
0xfe, 0x7c, 0x01, 0x04, 0x00, 0x95, 0x00, 0x7a, 0xfe, 0x7d, 0xfe, 0x96, 0x01, 0x04, 0x00, 0x97, 0xfe, 0x7d, 0xfe, 0x98, 
0x01, 0x01, 0x01, 0x01, 0x01, 0x01, 0xf0, 0x00, 0xa4, 0xfe, 0xeb, 0x7f, 0xfe, 0xec, 0x00, 0xbc, 0x01, 0x7f, 0xfe, 0xed, 
0x00, 0xbc, 0x01, 0xa4, 0xfe, 0xee, 0xa4, 0xfe, 0x02, 0x43, 0xfe, 0xef, 0x00, 0xfe, 0xf0, 0xfe, 0xf0, 0xfe, 0x02, 0x01, 
0x04, 0x00, 0xfe, 0xf0, 0x01, 0xa4, 0xfe, 0xf0, 0xfe, 0xbd, 0xfe, 0xf0, 0x09, 0xa3, 0xfe, 0x03, 0xfe, 0x02, 0x09, 0xfe, 
0xf0, 0xa3, 0xfe, 0xf0, 0x0a, 0xfe, 0x02, 0xf0, 0x00, 0xa4, 0xfe, 0x42, 0xfe, 0xf0, 0x09, 0xa3, 0xfe, 0x03, 0xfe, 0x02, 
0xad, 0xfe, 0xf0, 0xfe, 0xf0, 0xfe, 0x80, 0xfe, 0xf0, 0xa3, 0xfe, 0xf0, 0x01, 0x04, 0x00, 0xfe, 0xf0, 0x01, 0x0a, 0xfe, 
0x03, 0xfe, 0xf0, 0xfe, 0x18, 0x0a, 0xfe, 0x02, 0xf0, 0x00, 0xa4, 0xfe, 0xf0, 0xfe, 0xbd, 0xfe, 0xf0, 0x09, 0xa3, 0xfe, 
0x03, 0xfe, 0x02, 0xa4, 0xfe, 0xf0, 0x09, 0xa3, 0xfe, 0x03, 0xfe, 0x02, 0xfe, 0x03, 0xfe, 0xf0, 0xa3, 0xfe, 0xf0, 0xa3, 
0xfe, 0xf0, 0x01, 0x04, 0x00, 0xfe, 0x03, 0xfe, 0x02, 0x01, 0xf0, 0xfe, 0x05, 0xfe, 0x18, 0x01, 0x0f, 0x00, 0xad, 0xfe, 
0x99, 0x77, 0xfe, 0x9a, 0x77, 0xfe, 0x02, 0x79, 0xfe, 0x78, 0x00, 0xfe, 0x03, 0xfe, 0x9b, 0x01, 0x04, 0x00, 0xfe, 0x03, 
0xfe, 0x02, 0x01, 0x77, 0xfe, 0x02, 0x79, 0xfe, 0x78, 0x00, 0xfe, 0x03, 0xfe, 0x9c, 0x01, 0x04, 0x00, 0xfe, 0x03, 0xfe, 
0x02, 0x01, 0x77, 0xfe, 0x02, 0x79, 0xfe, 0x78, 0x00, 0xfe, 0x03, 0xfe, 0x9d, 0x01, 0x04, 0x00, 0xfe, 0x03, 0xfe, 0x02, 
0x01, 0x77, 0xfe, 0x02, 0x79, 0xfe, 0x78, 0x00, 0xfe, 0x03, 0xfe, 0x9e, 0x01, 0x04, 0x00, 0xfe, 0x03, 0xfe, 0x02, 0x01, 
0x06, 0xfe, 0x02, 0x7f, 0xfe, 0x78, 0x00, 0xfe, 0xae, 0x01, 0x04, 0x00, 0x06, 0xfe, 0x02, 0x9f, 0x00, 0x08, 0xfe, 0x03, 
0xfe, 0x02, 0xfe, 0x7e, 0xfe, 0x07, 0x17, 0xfe, 0xa0, 0x08, 0xfe, 0x03, 0xfe, 0x02, 0xfe, 0xaf, 0xfe, 0x05, 0xfe, 0xb0, 
0x01, 0x04, 0x00, 0xfe, 0x7e, 0xfe, 0x07, 0xfe, 0xb1, 0xfe, 0xb2, 0x01, 0x0a, 0xfe, 0x03, 0xfe, 0xb3, 0xfe, 0x16, 0x06, 
0xfe, 0x03, 0xfe, 0x02, 0xfe, 0x0c, 0xfe, 0x0b, 0xfe, 0x0e, 0xfe, 0x07, 0xfe, 0x81, 0xfe, 0x0d, 0x0a, 0xfe, 0x03, 0xfe, 
0xb4, 0xfe, 0x10, 0x06, 0xfe, 0xb5, 0xfe, 0x05, 0xfe, 0x05, 0xfe, 0x05, 0xfe, 0x82, 0xfe, 0x0c, 0xfe, 0x0b, 0xfe, 0x0e, 
0xfe, 0x07, 0xfe, 0x81, 0xfe, 0x0d, 0xfe, 0x03, 0xfe, 0x02, 0x01, 0xa1, 0xb6, 0xfe, 0x05, 0xfe, 0x05, 0xfe, 0x05, 0xfe, 
0x05, 0xfe, 0x05, 0xfe, 0xb7, 0xfe, 0x05, 0xfe, 0x05, 0xfe, 0x05, 0xfe, 0x05, 0xfe, 0x82, 0xf0, 0x06, 0xfe, 0xf0, 0x06, 
0xfe, 0xf0, 0x0a, 0xfe, 0x42, 0xfe, 0xf0, 0xfe, 0xf0, 0xfe, 0xf0, 0xf0, 0xfe, 0x0b, 0xf0, 0xfe, 0x07, 0xf0, 0xfe, 0x0d, 
0x01, 0x1c, 0x1d, 0x1e, 0x00, 0x01, 0x02, 0x03, 0x1f, 0x20, 0x21, 0x04, 0x22, 0x05, 0x06, 0x23, 0x24, 0x07, 0x08, 0x09, 
0x03, 0x25, 0x26, 0x27, 0x28, 0x29, 0x0a, 0x2a, 0x0b, 0x0c, 0x0d, 0x0e, 0x0f, 0x10, 0x11, 0x12, 0x02, 0x03, 0x04, 0x05, 
0x06, 0x87, 0xc1, 0x87, 0xc1, 0x87, 0xc1, 0x87, 0xc1, 0x87, 0xc1, 0x87, 0xc1, 0x87, 0xc1, 0x87, 0xc1, 0x87, 0xc1, 0x87, 
0xc1, 0x87, 0xc1, 0x87, 0xc1, 0x87, 0xc1, 0xfa, 0x51, 0xfa, 0x51, 0xfa, 0x51, 0x82, 0x4d, 0xf6, 0x4d, 0x82, 0x4d, 0xf6, 
0x4d, 0x82, 0x4d, 0x82, 0x4d, 0xf6, 0x4d, 0xee, 0x53, 0xf6, 0x4d, 0xfa, 0x51, 0xee, 0x53, 0xee, 0x53, 0xbd, 0x38, 0xee, 
0x53, 0x8b, 0xae, 0x8a, 0x44, 0xfa, 0x51, 0x8a, 0x44, 0x8a, 0x44, 0xc0, 0x54, 0x8b, 0xae, 0xc0, 0x54, 0xc0, 0x54, 0x8a, 
0x44, 0x8b, 0xae, 0xc1, 0xb3, 0x8b, 0xae, 0xbd, 0x38, 0xb7, 0x9b, 0xbc, 0xac, 0xf6, 0x4d, 0xfa, 0x51, 0xbc, 0xac, 0xbc, 
0xac, 0xcc, 0xbd, 0xcc, 0xbd, 0xcc, 0xbd, 0xb7, 0x9b, 0xc1, 0xb3, 0xcc, 0xbd, 0xbc, 0xac, 0xb7, 0x9b, 0xc1, 0xb3, 0xb7, 
0x9b, 0xbd, 0x38, 0xc5, 0x68, 0xc6, 0x89, 0x80, 0x3a, 0xc6, 0x89, 0x80, 0x3a, 0xc5, 0x68, 0x80, 0x3a, 0xc6, 0x89, 0x81, 
0x3a, 0x80, 0x3a, 0x81, 0x3a, 0xc5, 0x68, 0x81, 0x3a, 0x80, 0x3a, 0x82, 0x3a, 0x81, 0x3a, 0x82, 0x3a, 0xc5, 0x68, 0x82, 
0x3a, 0x81, 0x3a, 0xd5, 0x64, 0x82, 0x3a, 0xd5, 0x64, 0xc5, 0x68, 0xd5, 0x64, 0x82, 0x3a, 0xcd, 0xa9, 0xd5, 0x64, 0xcd, 
0xa9, 0xd3, 0x96, 0x95, 0x48, 0xc5, 0x68, 0x95, 0x48, 0xc5, 0x68, 0x9a, 0xa0, 0xa0, 0xbb, 0x95, 0x48, 0xd3, 0x96, 0x9a, 
0xa0, 0xa0, 0xbb, 0xc5, 0x68, 0xc5, 0x68, 0xd3, 0x96, 0xc5, 0x68, 0x89, 0x93, 0xd3, 0x96, 0xd3, 0x96, 0xe1, 0x43, 0xd3, 
0x96, 0xe1, 0x43, 0x89, 0x93, 0xe1, 0x43, 0x89, 0x93, 0xe1, 0x43, 0x89, 0x93, 0x9a, 0x40, 0xe1, 0x43, 0xe1, 0x43, 0x88, 
0xa0, 0x06, 0x06, 0x06, 0x05, 0x88, 0xa0, 0x9a, 0x40, 0x88, 0xa0, 0x9a, 0x40, 0x88, 0xa0, 0x9a, 0x40, 0xcd, 0xa9, 0x88, 
0xa0, 0xcd, 0xa9, 0x02, 0x03, 0x03, 0x03, 0x04, 0x02, 0x03, 0x03, 0x03, 0x04, 0x87, 0x8b, 0xfc, 0x7a, 0xcd, 0x40, 0xfc, 
0x7a, 0x87, 0x8b, 0x87, 0x8b, 0xcd, 0x40, 0xcd, 0x40, 0xcd, 0x40, 0xee, 0x07, 0x00, 0x00, 0xdb, 0x00, 0x00, 0x00, 0x13, 
0x00, 0x00, 0x00, 0xdb, 0x00, 0x00, 0x00, 0x5e, 0x00, 0x00, 0x00, 0x74, 0xb8, 0xb9, 0xf0, 0x00, 0xf0, 0xf0, 0xf0, 0xf0, 
0xf0, 0xf0, 0xf0, 0x11, 0xf0, 0xf0, 0x13, 0xf0, 0xf0, 0x00, 0xf0, 0xf0, 0x83, 0x00, 0xa2, 0x84, 0x85, 0x86, 0x87, 0x88, 
0x89, 0xba, 0xf0, 0xf0, 0xf0, 0x8a, 0x00, 0x08, 0xfe, 0x8b, 0x8c, 0x00, 0x8d, 0xfe, 0x8e, 0xfe, 0x7b, 0x01, 0x04, 0x00, 
0x8f, 0x00, 0x90, 0xfe, 0x80, 0xfe, 0x7b, 0x01, 0x04, 0x00, 0x91, 0x00, 0x7a, 0xfe, 0x92, 0xfe, 0x7c, 0x01, 0x04, 0x00, 
0x93, 0x00, 0x7a, 0xfe, 0x94, 0xfe, 0x7c, 0x01, 0x04, 0x00, 0x95, 0x00, 0x7a, 0xfe, 0x7d, 0xfe, 0x96, 0x01, 0x04, 0x00, 
0x97, 0xfe, 0x7d, 0xfe, 0x98, 0x01, 0x01, 0x01, 0x01, 0x01, 0x01, 0x0f, 0x00, 0xad, 0xfe, 0x99, 0x77, 0xfe, 0x9a, 0x77, 
0xfe, 0x02, 0x79, 0xfe, 0x78, 0x00, 0xfe, 0x03, 0xfe, 0x9b, 0x01, 0x04, 0x00, 0xfe, 0x03, 0xfe, 0x02, 0x01, 0x77, 0xfe, 
0x02, 0x79, 0xfe, 0x78, 0x00, 0xfe, 0x03, 0xfe, 0x9c, 0x01, 0x04, 0x00, 0xfe, 0x03, 0xfe, 0x02, 0x01, 0x77, 0xfe, 0x02, 
0x79, 0xfe, 0x78, 0x00, 0xfe, 0x03, 0xfe, 0x9d, 0x01, 0x04, 0x00, 0xfe, 0x03, 0xfe, 0x02, 0x01, 0x77, 0xfe, 0x02, 0x79, 
0xfe, 0x78, 0x00, 0xfe, 0x03, 0xfe, 0x9e, 0x01, 0x04, 0x00, 0xfe, 0x03, 0xfe, 0x02, 0x01, 0x7f, 0xfe, 0x78, 0x00, 0x01, 
0x04, 0x00, 0x9f, 0x00, 0x08, 0xfe, 0x03, 0xfe, 0x02, 0xfe, 0x7e, 0xfe, 0x07, 0x17, 0xfe, 0xa0, 0x08, 0xfe, 0x03, 0xfe, 
0x02, 0x01, 0x04, 0x00, 0x01, 0x01, 0xa1, 0xf0, 0xf0, 0x01, 0x13, 0x2b, 0x2c, 0x2d, 0x2e, 0x2f, 0x30, 0x31, 0x14, 0x15, 
0x16, 0x17, 0x18, 0x19, 0x32, 0x33, 0x34, 0x1a, 0x1b, 0xe8, 0xbe, 0xe8, 0xbe, 0xe8, 0xbe, 0xe8, 0xbe, 0xe8, 0xbe, 0xe8, 
0xbe, 0xe8, 0xbe, 0xe8, 0xbe, 0xe8, 0xbe, 0xe8, 0xbe, 0xe8, 0xbe, 0xe8, 0xbe, 0xe8, 0xbe, 0xc5, 0x68, 0xc6, 0x89, 0x80, 
0x3a, 0xc6, 0x89, 0x80, 0x3a, 0xc5, 0x68, 0x80, 0x3a, 0xc6, 0x89, 0x81, 0x3a, 0x80, 0x3a, 0x81, 0x3a, 0xc5, 0x68, 0x81, 
0x3a, 0x80, 0x3a, 0x82, 0x3a, 0x81, 0x3a, 0x82, 0x3a, 0xc5, 0x68, 0x82, 0x3a, 0x81, 0x3a, 0xd5, 0x64, 0x82, 0x3a, 0xd5, 
0x64, 0xc5, 0x68, 0xd5, 0x64, 0x82, 0x3a, 0xd5, 0x64, 0x95, 0x48, 0xc5, 0x68, 0x95, 0x48, 0xc5, 0x68, 0xc0, 0xa0, 0xc6, 
0xb8, 0x95, 0x48, 0x8c, 0x09, 0x00, 0x00, 0xe7, 0x00, 0x00, 0x00, 0x00, 0x00, 0x00, 0x00, 0xe7, 0x00, 0x00, 0x00, 0x58, 
0x00, 0x00, 0x00, 0x75, 0x76, 0x7a, 0x00, 0x7b, 0x7c, 0x11, 0x7d, 0x7e, 0x13, 0x7f, 0x14, 0x00, 0x12, 0x19, 0x1a, 0x1b, 
0x1c, 0x1d, 0x1e, 0x1f, 0x20, 0x21, 0x22, 0x23, 0x24, 0x25, 0x26, 0x27, 0x28, 0x44, 0x45, 0x46, 0x29, 0x2a, 0x2b, 0x2c, 
0x47, 0x48, 0x49, 0x4a, 0x4b, 0x4c, 0x4d, 0x4e, 0x4f, 0x50, 0x51, 0x52, 0x53, 0x54, 0x55, 0x2d, 0x56, 0x57, 0x58, 0x2e, 
0x59, 0x5a, 0x2f, 0x5b, 0x5c, 0x30, 0x5d, 0x5e, 0x31, 0x5f, 0x32, 0x60, 0x61, 0x33, 0x34, 0x62, 0x35, 0x36, 0x37, 0x63, 
0x64, 0x38, 0x65, 0x39, 0x3a, 0x3b, 0x3c, 0x3d, 0x3e, 0x3f, 0x66, 0x67, 0x68, 0x69, 0x40, 0x6a, 0x6b, 0x6c, 0x6d, 0x41, 
0x6e, 0x6f, 0x70, 0x71, 0x72, 0x73, 0x15, 0x80, 0xde, 0xdf, 0xe0, 0xe1, 0x0f, 0x00, 0x81, 0x00, 0x82, 0x01, 0x04, 0x00, 
0x83, 0x01, 0x06, 0xfe, 0x84, 0x06, 0xfe, 0x03, 0xfe, 0x02, 0xfe, 0x77, 0xfe, 0x85, 0x06, 0xfe, 0x86, 0xfe, 0x02, 0x09, 
0xfe, 0x03, 0xfe, 0x16, 0x06, 0xfe, 0x02, 0x43, 0xfe, 0x87, 0x00, 0x06, 0xfe, 0x03, 0xfe, 0x02, 0xfe, 0x88, 0xfe, 0x89, 
0xfe, 0x03, 0xfe, 0x02, 0x01, 0x04, 0x00, 0xfe, 0x03, 0xfe, 0x02, 0x01, 0x78, 0xfe, 0x8a, 0xfe, 0x8b, 0xfe, 0x10, 0x06, 
0xfe, 0x03, 0xfe, 0x79, 0x08, 0xfe, 0x42, 0xfe, 0x8c, 0xfe, 0x0c, 0xfe, 0x0b, 0xfe, 0x0e, 0xfe, 0x07, 0x78, 0xfe, 0x8d, 
0xfe, 0x05, 0xfe, 0x8e, 0x8f, 0xfe, 0x79, 0x0a, 0xfe, 0x03, 0xfe, 0x90, 0x91, 0xfe, 0x0b, 0x92, 0xfe, 0x07, 0x93, 0xfe, 
0x0d, 0x94, 0xfe, 0x02, 0xfe, 0x77, 0xfe, 0x95, 0xfe, 0x96, 0x97, 0xfe, 0x02, 0x01, 0xf1, 0x71, 0xa7, 0xc3, 0xf1, 0x71, 
0xa7, 0xc3, 0xf1, 0x71, 0x87, 0x8a, 0xa7, 0xc3, 0xe4, 0x7d, 0x87, 0x8a, 0x8e, 0x9f, 0xe4, 0x7d, 0x83, 0x59, 0x87, 0x8a, 
0x83, 0x59, 0xe4, 0x7d, 0x8e, 0x9f, 0x83, 0x59, 0x8e, 0x9f, 0x87, 0x8a, 0xaa, 0x80, 0x8e, 0x9f, 0x8e, 0x9f, 0xa2, 0x85, 
0xaa, 0x80, 0x9d, 0xbc, 0xf1, 0x71, 0xa2, 0x85, 0x9d, 0xbc, 0xa2, 0x85, 0x9d, 0xbc, 0xe4, 0x56, 0xa2, 0x85, 0xaa, 0x80, 
0xe4, 0x56, 0xc8, 0xa5, 0xe4, 0x56, 0xc8, 0xa5, 0xc8, 0xa5, 0xc8, 0xa5, 0xa7, 0xc3, 0xa7, 0xc3, 0xa7, 0xc3, 0xa7, 0xc3, 
0xa7, 0xc3, 0xc1, 0x0c, 0x00, 0x00, 0xa7, 0x01, 0x00, 0x00, 0x00, 0x00, 0x00, 0x00, 0xa7, 0x01, 0x00, 0x00, 0xb9, 0x00, 
0x00, 0x00, 0x75, 0x76, 0xa5, 0x00, 0xa6, 0xa7, 0xa8, 0xa9, 0xaa, 0xab, 0x11, 0x06, 0xfe, 0x02, 0x09, 0xfe, 0x02, 0x0a, 
0xfe, 0x02, 0x0a, 0xfe, 0x02, 0x09, 0xfe, 0x02, 0x14, 0x00, 0x12, 0x19, 0x1a, 0x1b, 0x1c, 0x1d, 0x1e, 0x1f, 0x20, 0x21, 
0x22, 0x23, 0x24, 0x25, 0x26, 0x27, 0x28, 0x44, 0x45, 0x46, 0x29, 0x2a, 0x2b, 0x2c, 0x47, 0x48, 0x49, 0x4a, 0x4b, 0x4c, 
0x4d, 0x4e, 0x4f, 0x50, 0x51, 0x52, 0x53, 0x54, 0x55, 0x2d, 0x56, 0x57, 0x58, 0x2e, 0x59, 0x5a, 0x2f, 0x5b, 0x5c, 0x30, 
0x5d, 0x5e, 0x31, 0x5f, 0x32, 0x60, 0x61, 0x33, 0x34, 0x62, 0x35, 0x36, 0x37, 0x63, 0x64, 0x38, 0x65, 0x39, 0x3a, 0x3b, 
0x3c, 0x3d, 0x3e, 0x3f, 0x66, 0x67, 0x68, 0x69, 0x40, 0x6a, 0x6b, 0x6c, 0x6d, 0x41, 0x6e, 0x6f, 0x70, 0x71, 0x72, 0x73, 
0x15, 0x83, 0x00, 0x12, 0x84, 0x85, 0x86, 0x87, 0x88, 0x89, 0xe9, 0xea, 0xbb, 0xac, 0x8a, 0x00, 0x08, 0xfe, 0x8b, 0x8c, 
0x00, 0x8d, 0xfe, 0x8e, 0xfe, 0x7b, 0x01, 0x04, 0x00, 0x8f, 0x00, 0x90, 0xfe, 0x80, 0xfe, 0x7b, 0x01, 0x04, 0x00, 0x91, 
0x00, 0x7a, 0xfe, 0x92, 0xfe, 0x7c, 0x01, 0x04, 0x00, 0x93, 0x00, 0x7a, 0xfe, 0x94, 0xfe, 0x7c, 0x01, 0x04, 0x00, 0x95, 
0x00, 0x7a, 0xfe, 0x7d, 0xfe, 0x96, 0x01, 0x04, 0x00, 0x97, 0xfe, 0x7d, 0xfe, 0x98, 0x01, 0x01, 0x01, 0x01, 0x01, 0x01, 
0x0f, 0x00, 0x06, 0xfe, 0xb5, 0xfe, 0x05, 0xfe, 0x05, 0xfe, 0x05, 0xfe, 0x82, 0x08, 0xfe, 0x99, 0x77, 0xfe, 0x9a, 0x77, 
0xfe, 0x02, 0x79, 0xfe, 0x78, 0x00, 0xfe, 0x03, 0xfe, 0x9b, 0x01, 0x04, 0x00, 0xfe, 0x03, 0xfe, 0x02, 0x01, 0x77, 0xfe, 
0x02, 0x79, 0xfe, 0x78, 0x00, 0xfe, 0x03, 0xfe, 0x9c, 0x01, 0x04, 0x00, 0xfe, 0x03, 0xfe, 0x02, 0x01, 0x77, 0xfe, 0x02, 
0x79, 0xfe, 0x78, 0x00, 0xfe, 0x03, 0xfe, 0x9d, 0x01, 0x04, 0x00, 0xfe, 0x03, 0xfe, 0x02, 0x01, 0x77, 0xfe, 0x02, 0x79, 
0xfe, 0x78, 0x00, 0xfe, 0x03, 0xfe, 0x9e, 0x01, 0x04, 0x00, 0xfe, 0x03, 0xfe, 0x02, 0x01, 0x06, 0xfe, 0x02, 0x7f, 0xfe, 
0x78, 0x00, 0xfe, 0xae, 0x01, 0x04, 0x00, 0x06, 0xfe, 0x02, 0x9f, 0x00, 0x08, 0xfe, 0x03, 0xfe, 0x02, 0xfe, 0x7e, 0xfe, 
0x07, 0x17, 0xfe, 0xa0, 0x08, 0xfe, 0x03, 0xfe, 0x02, 0xfe, 0xaf, 0xfe, 0x05, 0xfe, 0xb0, 0x01, 0x04, 0x00, 0x08, 0xfe, 
0x03, 0xfe, 0x02, 0xfe, 0x7e, 0xfe, 0x07, 0xfe, 0xb1, 0xfe, 0xb2, 0x01, 0x0a, 0xfe, 0x03, 0xfe, 0xb3, 0xfe, 0x16, 0x06, 
0xfe, 0x03, 0xfe, 0x02, 0xfe, 0x0c, 0xfe, 0x0b, 0xfe, 0x0e, 0xfe, 0x07, 0xfe, 0x81, 0xfe, 0x0d, 0x0a, 0xfe, 0x03, 0xfe, 
0xb4, 0xfe, 0x10, 0xfe, 0x0c, 0xfe, 0x0b, 0xfe, 0x0e, 0xfe, 0x07, 0xfe, 0x81, 0xfe, 0x0d, 0xfe, 0x03, 0xfe, 0x02, 0x01, 
0xa1, 0xb6, 0xfe, 0x05, 0xfe, 0x05, 0xfe, 0x05, 0xfe, 0x05, 0xfe, 0x05, 0xfe, 0xb7, 0xfe, 0x05, 0xfe, 0x05, 0xfe, 0x05, 
0xfe, 0x05, 0xfe, 0x82, 0x01, 0x02, 0x03, 0x04, 0x05, 0x06, 0xda, 0x4a, 0xda, 0x4a, 0xda, 0x4a, 0xda, 0x4a, 0xda, 0x4a, 
0xda, 0x4a, 0xda, 0x4a, 0xda, 0x4a, 0xda, 0x4a, 0xda, 0x4a, 0xda, 0x4a, 0xda, 0x4a, 0xda, 0x4a, 0xd2, 0x46, 0x06, 0x06, 
0x06, 0x05, 0xc5, 0x68, 0xc6, 0x89, 0x80, 0x3a, 0xc6, 0x89, 0x80, 0x3a, 0xc5, 0x68, 0x80, 0x3a, 0xc6, 0x89, 0x81, 0x3a, 
0x80, 0x3a, 0x81, 0x3a, 0xc5, 0x68, 0x81, 0x3a, 0x80, 0x3a, 0x82, 0x3a, 0x81, 0x3a, 0x82, 0x3a, 0xc5, 0x68, 0x82, 0x3a, 
0x81, 0x3a, 0xd5, 0x64, 0x82, 0x3a, 0xd5, 0x64, 0xc5, 0x68, 0xd5, 0x64, 0x82, 0x3a, 0xcd, 0xa9, 0xd5, 0x64, 0xcd, 0xa9, 
0xd3, 0x96, 0x95, 0x48, 0xc5, 0x68, 0x95, 0x48, 0xc5, 0x68, 0x8c, 0xa1, 0xc6, 0xb2, 0x95, 0x48, 0xd3, 0x96, 0x8c, 0xa1, 
0xc6, 0xb2, 0xb7, 0x51, 0xc5, 0x68, 0xb7, 0x51, 0xc5, 0x68, 0xd3, 0x96, 0xb7, 0x51, 0x89, 0x93, 0xd3, 0x96, 0xd3, 0x96, 
0xe1, 0x43, 0xd3, 0x96, 0xe1, 0x43, 0x89, 0x93, 0xe1, 0x43, 0x89, 0x93, 0xe1, 0x43, 0x89, 0x93, 0x9a, 0x40, 0xe1, 0x43, 
0xe1, 0x43, 0xd2, 0x46, 0x9a, 0x40, 0xd2, 0x46, 0x9a, 0x40, 0xd2, 0x46, 0x9a, 0x40, 0xcd, 0xa9, 0xd2, 0x46, 0xcd, 0xa9, 
0x02, 0x03, 0x03, 0x03, 0x04, 0x02, 0x03, 0x03, 0x03, 0x04, 0xb8, 0x0b, 0x00, 0x00, 0x1e, 0x01, 0x00, 0x00, 0x00, 0x00, 
0x00, 0x00, 0x1e, 0x01, 0x00, 0x00, 0x84, 0x00, 0x00, 0x00, 0x75, 0x76, 0x7a, 0x00, 0x7b, 0x7c, 0x11, 0x7d, 0x7e, 0x13, 
0x7f, 0xcf, 0xd0, 0x13, 0xd1, 0x14, 0x00, 0x12, 0x19, 0x1a, 0x1b, 0x1c, 0x1d, 0x1e, 0x1f, 0x20, 0x21, 0x22, 0x23, 0x24, 
0x25, 0x26, 0x27, 0x28, 0x44, 0x45, 0x46, 0x29, 0x2a, 0x2b, 0x2c, 0x47, 0x48, 0x49, 0x4a, 0x4b, 0x4c, 0x4d, 0x4e, 0x4f, 
0x50, 0x51, 0x52, 0x53, 0x54, 0x55, 0x2d, 0x56, 0x57, 0x58, 0x2e, 0x59, 0x5a, 0x2f, 0x5b, 0x5c, 0x30, 0x5d, 0x5e, 0x31, 
0x5f, 0x32, 0x60, 0x61, 0x33, 0x34, 0x62, 0x35, 0x36, 0x37, 0x63, 0x64, 0x38, 0x65, 0x39, 0x3a, 0x3b, 0x3c, 0x3d, 0x3e, 
0x3f, 0x66, 0x67, 0x68, 0x69, 0x40, 0x6a, 0x6b, 0x6c, 0x6d, 0x41, 0x6e, 0x6f, 0x70, 0x71, 0x72, 0x73, 0x15, 0x80, 0xde, 
0xdf, 0xe0, 0xe1, 0x0f, 0x00, 0x81, 0x00, 0x82, 0x01, 0x04, 0x00, 0x83, 0x01, 0x06, 0xfe, 0x84, 0x06, 0xfe, 0x03, 0xfe, 
0x02, 0xfe, 0x77, 0xfe, 0x85, 0x06, 0xfe, 0x86, 0xfe, 0x02, 0x09, 0xfe, 0x03, 0xfe, 0x16, 0x06, 0xfe, 0x02, 0x43, 0xfe, 
0x87, 0x00, 0x06, 0xfe, 0x03, 0xfe, 0x02, 0xfe, 0x88, 0xfe, 0x89, 0xfe, 0x03, 0xfe, 0x02, 0x01, 0x04, 0x00, 0xfe, 0x03, 
0xfe, 0x02, 0x01, 0x78, 0xfe, 0x8a, 0xfe, 0x8b, 0xfe, 0x10, 0x06, 0xfe, 0x03, 0xfe, 0x79, 0x08, 0xfe, 0x42, 0xfe, 0x8c, 
0xfe, 0x0c, 0xfe, 0x0b, 0xfe, 0x0e, 0xfe, 0x07, 0x78, 0xfe, 0x8d, 0xfe, 0x05, 0xfe, 0x8e, 0x8f, 0xfe, 0x79, 0x0a, 0xfe, 
0x03, 0xfe, 0x90, 0x91, 0xfe, 0x0b, 0x92, 0xfe, 0x07, 0x93, 0xfe, 0x0d, 0x94, 0xfe, 0x02, 0x17, 0xfe, 0xd2, 0x09, 0xfe, 
0xd3, 0x09, 0xfe, 0xd4, 0xfe, 0x02, 0x09, 0xfe, 0x03, 0xfe, 0x98, 0xfe, 0x18, 0xfe, 0x0c, 0xfe, 0xd5, 0xfe, 0x18, 0xfe, 
0x0c, 0xfe, 0xd6, 0xfe, 0xd7, 0xfe, 0x99, 0xfe, 0x9a, 0xd8, 0xfe, 0xd9, 0xfe, 0x99, 0xfe, 0x9a, 0xda, 0xfe, 0xdb, 0xfe, 
0x98, 0xfe, 0xdc, 0xfe, 0x10, 0xfe, 0x77, 0xfe, 0x95, 0xfe, 0x96, 0x97, 0xfe, 0x02, 0xdd, 0x01, 0xf1, 0x71, 0xa7, 0xc3, 
0xf1, 0x71, 0xa7, 0xc3, 0xf1, 0x71, 0x87, 0x8a, 0xa7, 0xc3, 0xe4, 0x7d, 0x87, 0x8a, 0x8e, 0x9f, 0xe4, 0x7d, 0x83, 0x59, 
0x87, 0x8a, 0x83, 0x59, 0xe4, 0x7d, 0x8e, 0x9f, 0x83, 0x59, 0x8e, 0x9f, 0x87, 0x8a, 0xaa, 0x80, 0x8e, 0x9f, 0x8e, 0x9f, 
0xa2, 0x85, 0xaa, 0x80, 0x9d, 0xbc, 0xf1, 0x71, 0xa2, 0x85, 0x9d, 0xbc, 0xa2, 0x85, 0x9d, 0xbc, 0xe4, 0x56, 0xa2, 0x85, 
0xaa, 0x80, 0xe4, 0x56, 0xc8, 0xa5, 0xe4, 0x56, 0xc8, 0xa5, 0xc8, 0xa5, 0xc8, 0xa5, 0xa7, 0xc3, 0xe4, 0x66, 0xb6, 0x4b, 
0x95, 0x6f, 0xb6, 0x4b, 0x91, 0x98, 0x95, 0x6f, 0xe4, 0x66, 0xa7, 0xc3, 0xa7, 0xc3, 0xb6, 0x4b, 0xa7, 0xc3, 0xa7, 0xc3, 
0x95, 0x6f, 0x91, 0x98, 0xa7, 0xc3, 0xa7, 0xc3, 0x91, 0x98, 0xa7, 0xc3, 0xa7, 0xc3, 0x95, 0x6f, 0xe4, 0x66, 0xa7, 0xc3, 
0xa7, 0xc3, 0xa7, 0xc3, 0xa7, 0xc3, 0xa7, 0xc3, 0x24, 0x05, 0x00, 0x00, 0xbe, 0x00, 0x00, 0x00, 0x00, 0x00, 0x00, 0x00, 
0xbe, 0x00, 0x00, 0x00, 0x5a, 0x00, 0x00, 0x00, 0x75, 0x76, 0x83, 0x00, 0x12, 0x84, 0x85, 0x86, 0x87, 0x88, 0x89, 0xbb, 
0x8a, 0x00, 0x08, 0xfe, 0x8b, 0x8c, 0x00, 0x8d, 0xfe, 0x8e, 0xfe, 0x7b, 0x01, 0x04, 0x00, 0x8f, 0x00, 0x90, 0xfe, 0x80, 
0xfe, 0x7b, 0x01, 0x04, 0x00, 0x91, 0x00, 0x7a, 0xfe, 0x92, 0xfe, 0x7c, 0x01, 0x04, 0x00, 0x93, 0x00, 0x7a, 0xfe, 0x94, 
0xfe, 0x7c, 0x01, 0x04, 0x00, 0x95, 0x00, 0x7a, 0xfe, 0x7d, 0xfe, 0x96, 0x01, 0x04, 0x00, 0x97, 0xfe, 0x7d, 0xfe, 0x98, 
0x01, 0x01, 0x01, 0x01, 0x01, 0x01, 0x0f, 0x00, 0x08, 0xfe, 0x99, 0x77, 0xfe, 0x9a, 0x77, 0xfe, 0x02, 0x79, 0xfe, 0x78, 
0x00, 0xfe, 0x03, 0xfe, 0x9b, 0x01, 0x04, 0x00, 0xfe, 0x03, 0xfe, 0x02, 0x01, 0x77, 0xfe, 0x02, 0x79, 0xfe, 0x78, 0x00, 
0xfe, 0x03, 0xfe, 0x9c, 0x01, 0x04, 0x00, 0xfe, 0x03, 0xfe, 0x02, 0x01, 0x77, 0xfe, 0x02, 0x79, 0xfe, 0x78, 0x00, 0xfe, 
0x03, 0xfe, 0x9d, 0x01, 0x04, 0x00, 0xfe, 0x03, 0xfe, 0x02, 0x01, 0x77, 0xfe, 0x02, 0x79, 0xfe, 0x78, 0x00, 0xfe, 0x03, 
0xfe, 0x9e, 0x01, 0x04, 0x00, 0xfe, 0x03, 0xfe, 0x02, 0x01, 0x7f, 0xfe, 0x78, 0x00, 0x01, 0x04, 0x00, 0x9f, 0x00, 0xfe, 
0x7e, 0xfe, 0x07, 0x17, 0xfe, 0xa0, 0x08, 0xfe, 0x03, 0xfe, 0x02, 0x01, 0x04, 0x00, 0x01, 0x01, 0xa1, 0x01, 0x83, 0x5a, 
0x83, 0x5a, 0x83, 0x5a, 0x83, 0x5a, 0x83, 0x5a, 0x83, 0x5a, 0x83, 0x5a, 0x83, 0x5a, 0x83, 0x5a, 0x83, 0x5a, 0x83, 0x5a, 
0x83, 0x5a, 0x83, 0x5a, 0xc5, 0x68, 0xc6, 0x89, 0x80, 0x3a, 0xc6, 0x89, 0x80, 0x3a, 0xc5, 0x68, 0x80, 0x3a, 0xc6, 0x89, 
0x81, 0x3a, 0x80, 0x3a, 0x81, 0x3a, 0xc5, 0x68, 0x81, 0x3a, 0x80, 0x3a, 0x82, 0x3a, 0x81, 0x3a, 0x82, 0x3a, 0xc5, 0x68, 
0x82, 0x3a, 0x81, 0x3a, 0xd5, 0x64, 0x82, 0x3a, 0xd5, 0x64, 0xc5, 0x68, 0xd5, 0x64, 0x82, 0x3a, 0xd5, 0x64, 0xc5, 0x68, 
0xc5, 0x68, 0x8c, 0xa1, 0xc6, 0xb2, 0xc5, 0x68, 0xa9, 0x12, 0x00, 0x00, 0x28, 0x02, 0x00, 0x00, 0x1c, 0x00, 0x00, 0x00, 
0x28, 0x02, 0x00, 0x00, 0x0b, 0x01, 0x00, 0x00, 0x75, 0x76, 0xa5, 0x00, 0xa6, 0xa7, 0xa8, 0xa9, 0xaa, 0xab, 0x11, 0x06, 
0xfe, 0x02, 0x09, 0xfe, 0x02, 0x0a, 0xfe, 0x02, 0x0a, 0xfe, 0x02, 0x09, 0xfe, 0x02, 0x14, 0x00, 0x12, 0x19, 0x1a, 0x1b, 
0x1c, 0x1d, 0x1e, 0x1f, 0x20, 0x21, 0x22, 0x23, 0x24, 0x25, 0x26, 0x27, 0x28, 0x44, 0x45, 0x46, 0x29, 0x2a, 0x2b, 0x2c, 
0x47, 0x48, 0x49, 0x4a, 0x4b, 0x4c, 0x4d, 0x4e, 0x4f, 0x50, 0x51, 0x52, 0x53, 0x54, 0x55, 0x2d, 0x56, 0x57, 0x58, 0x2e, 
0x59, 0x5a, 0x2f, 0x5b, 0x5c, 0x30, 0x5d, 0x5e, 0x31, 0x5f, 0x32, 0x60, 0x61, 0x33, 0x34, 0x62, 0x35, 0x36, 0x37, 0x63, 
0x64, 0x38, 0x65, 0x39, 0x3a, 0x3b, 0x3c, 0x3d, 0x3e, 0x3f, 0x66, 0x67, 0x68, 0x69, 0x40, 0x6a, 0x6b, 0x6c, 0x6d, 0x41, 
0x6e, 0x6f, 0x70, 0x71, 0x72, 0x73, 0x15, 0x83, 0x00, 0x12, 0x84, 0x85, 0x86, 0x87, 0x88, 0x89, 0xe9, 0xea, 0xf0, 0xf0, 
0xbb, 0xac, 0x8a, 0x00, 0x08, 0xfe, 0x8b, 0x8c, 0x00, 0x8d, 0xfe, 0x8e, 0xfe, 0x7b, 0x01, 0x04, 0x00, 0x8f, 0x00, 0x90, 
0xfe, 0x80, 0xfe, 0x7b, 0x01, 0x04, 0x00, 0x91, 0x00, 0x7a, 0xfe, 0x92, 0xfe, 0x7c, 0x01, 0x04, 0x00, 0x93, 0x00, 0x7a, 
0xfe, 0x94, 0xfe, 0x7c, 0x01, 0x04, 0x00, 0x95, 0x00, 0x7a, 0xfe, 0x7d, 0xfe, 0x96, 0x01, 0x04, 0x00, 0x97, 0xfe, 0x7d, 
0xfe, 0x98, 0x01, 0x01, 0x01, 0x01, 0x01, 0x01, 0xf0, 0x00, 0x09, 0xfe, 0xeb, 0x7f, 0xfe, 0xec, 0x00, 0xbc, 0x01, 0x7f, 
0xfe, 0xed, 0x00, 0xbc, 0x01, 0x09, 0xfe, 0xee, 0x09, 0xfe, 0x02, 0x43, 0xfe, 0xef, 0x00, 0xfe, 0xf0, 0xfe, 0xf0, 0xfe, 
0x02, 0x01, 0x04, 0x00, 0xfe, 0xf0, 0x01, 0x09, 0xfe, 0xf0, 0xfe, 0xbd, 0xfe, 0xf0, 0x0a, 0xfe, 0x02, 0xf0, 0x00, 0x08, 
0xfe, 0xf0, 0xfe, 0xf0, 0xfe, 0x80, 0xfe, 0xf0, 0xfe, 0xf0, 0x01, 0x04, 0x00, 0xfe, 0xf0, 0x01, 0x0a, 0xfe, 0x03, 0xfe, 
0xf0, 0xfe, 0x18, 0x0a, 0xfe, 0x02, 0xf0, 0x00, 0xfe, 0x03, 0xfe, 0xf0, 0xfe, 0xbd, 0xfe, 0xf0, 0x01, 0x04, 0x00, 0xfe, 
0x03, 0xfe, 0x02, 0x01, 0xf0, 0xfe, 0x05, 0xfe, 0x18, 0x01, 0x0f, 0x00, 0x06, 0xfe, 0xb5, 0xfe, 0x05, 0xfe, 0x05, 0xfe, 
0x05, 0xfe, 0x82, 0x08, 0xfe, 0x99, 0x77, 0xfe, 0x9a, 0x77, 0xfe, 0x02, 0x79, 0xfe, 0x78, 0x00, 0xfe, 0x03, 0xfe, 0x9b, 
0x01, 0x04, 0x00, 0xfe, 0x03, 0xfe, 0x02, 0x01, 0x77, 0xfe, 0x02, 0x79, 0xfe, 0x78, 0x00, 0xfe, 0x03, 0xfe, 0x9c, 0x01, 
0x04, 0x00, 0xfe, 0x03, 0xfe, 0x02, 0x01, 0x77, 0xfe, 0x02, 0x79, 0xfe, 0x78, 0x00, 0xfe, 0x03, 0xfe, 0x9d, 0x01, 0x04, 
0x00, 0xfe, 0x03, 0xfe, 0x02, 0x01, 0x77, 0xfe, 0x02, 0x79, 0xfe, 0x78, 0x00, 0xfe, 0x03, 0xfe, 0x9e, 0x01, 0x04, 0x00, 
0xfe, 0x03, 0xfe, 0x02, 0x01, 0x06, 0xfe, 0x02, 0x7f, 0xfe, 0x78, 0x00, 0xfe, 0xae, 0x01, 0x04, 0x00, 0x06, 0xfe, 0x02, 
0x9f, 0x00, 0x08, 0xfe, 0x03, 0xfe, 0x02, 0xfe, 0x7e, 0xfe, 0x07, 0x17, 0xfe, 0xa0, 0x08, 0xfe, 0x03, 0xfe, 0x02, 0xfe, 
0xaf, 0xfe, 0x05, 0xfe, 0xb0, 0x01, 0x04, 0x00, 0x08, 0xfe, 0x03, 0xfe, 0x02, 0xfe, 0x7e, 0xfe, 0x07, 0xfe, 0xb1, 0xfe, 
0xb2, 0x01, 0x0a, 0xfe, 0x03, 0xfe, 0xb3, 0xfe, 0x16, 0x06, 0xfe, 0x03, 0xfe, 0x02, 0xfe, 0x0c, 0xfe, 0x0b, 0xfe, 0x0e, 
0xfe, 0x07, 0xfe, 0x81, 0xfe, 0x0d, 0x0a, 0xfe, 0x03, 0xfe, 0xb4, 0xfe, 0x10, 0xfe, 0x0c, 0xfe, 0x0b, 0xfe, 0x0e, 0xfe, 
0x07, 0xfe, 0x81, 0xfe, 0x0d, 0xfe, 0x03, 0xfe, 0x02, 0x01, 0xa1, 0xb6, 0xfe, 0x05, 0xfe, 0x05, 0xfe, 0x05, 0xfe, 0x05, 
0xfe, 0x05, 0xfe, 0xb7, 0xfe, 0x05, 0xfe, 0x05, 0xfe, 0x05, 0xfe, 0x05, 0xfe, 0x82, 0xf0, 0x06, 0xfe, 0xf0, 0x06, 0xfe, 
0xf0, 0x0a, 0xfe, 0x42, 0xfe, 0xf0, 0xfe, 0xf0, 0xfe, 0xf0, 0xf0, 0xfe, 0x0b, 0xf0, 0xfe, 0x07, 0xf0, 0xfe, 0x0d, 0x01, 
0x35, 0x36, 0x37, 0x00, 0x01, 0x02, 0x38, 0x39, 0x04, 0x05, 0x06, 0x3a, 0x3b, 0x07, 0x08, 0x09, 0x3c, 0x3d, 0x0a, 0x3e, 
0x0b, 0x0c, 0x0d, 0x0e, 0x0f, 0x10, 0x11, 0x12, 0x02, 0x03, 0x04, 0x05, 0x06, 0x87, 0xc1, 0x87, 0xc1, 0x87, 0xc1, 0x87, 
0xc1, 0x87, 0xc1, 0x87, 0xc1, 0x87, 0xc1, 0x87, 0xc1, 0x87, 0xc1, 0x87, 0xc1, 0x87, 0xc1, 0x87, 0xc1, 0x87, 0xc1, 0xfa, 
0x51, 0xfa, 0x51, 0xfa, 0x51, 0x82, 0x4d, 0xf6, 0x4d, 0x82, 0x4d, 0xf6, 0x4d, 0x82, 0x4d, 0x82, 0x4d, 0xf6, 0x4d, 0xbd, 
0x38, 0xf6, 0x4d, 0xfa, 0x51, 0x8b, 0xae, 0xc0, 0x54, 0x8b, 0xae, 0xc0, 0x54, 0xc0, 0x54, 0xfa, 0x51, 0x8b, 0xae, 0xc1, 
0xb3, 0x8b, 0xae, 0xbd, 0x38, 0xb7, 0x9b, 0xb7, 0x9b, 0xc1, 0xb3, 0xf6, 0x4d, 0xfa, 0x51, 0xb7, 0x9b, 0xc1, 0xb3, 0xb7, 
0x9b, 0xbd, 0x38, 0x95, 0x53, 0x06, 0x06, 0x06, 0x05, 0xc5, 0x68, 0xc6, 0x89, 0x80, 0x3a, 0xc6, 0x89, 0x80, 0x3a, 0xc5, 
0x68, 0x80, 0x3a, 0xc6, 0x89, 0x81, 0x3a, 0x80, 0x3a, 0x81, 0x3a, 0xc5, 0x68, 0x81, 0x3a, 0x80, 0x3a, 0x82, 0x3a, 0x81, 
0x3a, 0x82, 0x3a, 0xc5, 0x68, 0x82, 0x3a, 0x81, 0x3a, 0xd5, 0x64, 0x82, 0x3a, 0xd5, 0x64, 0xc5, 0x68, 0xd5, 0x64, 0x82, 
0x3a, 0xcd, 0xa9, 0xd5, 0x64, 0xcd, 0xa9, 0xd3, 0x96, 0x95, 0x48, 0xc5, 0x68, 0x95, 0x48, 0xc5, 0x68, 0x9a, 0xa0, 0xa0, 
0xbb, 0x95, 0x48, 0xd3, 0x96, 0x9a, 0xa0, 0xa0, 0xbb, 0xb7, 0x51, 0xc5, 0x68, 0xb7, 0x51, 0xc5, 0x68, 0xd3, 0x96, 0xb7, 
0x51, 0x89, 0x93, 0xd3, 0x96, 0xd3, 0x96, 0xe1, 0x43, 0xd3, 0x96, 0xe1, 0x43, 0x89, 0x93, 0xe1, 0x43, 0x89, 0x93, 0xe1, 
0x43, 0x89, 0x93, 0x9a, 0x40, 0xe1, 0x43, 0xe1, 0x43, 0x95, 0x53, 0x9a, 0x40, 0x95, 0x53, 0x9a, 0x40, 0x95, 0x53, 0x9a, 
0x40, 0xcd, 0xa9, 0x95, 0x53, 0xcd, 0xa9, 0x02, 0x03, 0x03, 0x03, 0x04, 0x02, 0x03, 0x03, 0x03, 0x04, 0x87, 0x8b, 0xfc, 
0x7a, 0xcd, 0x40, 0xfc, 0x7a, 0x87, 0x8b, 0x87, 0x8b, 0xcd, 0x40, 0xcd, 0x40, 0xcd, 0x40, 0xca, 0x07, 0x00, 0x00, 0xd5, 
0x00, 0x00, 0x00, 0x13, 0x00, 0x00, 0x00, 0xd5, 0x00, 0x00, 0x00, 0x5a, 0x00, 0x00, 0x00, 0x75, 0x76, 0xf0, 0x00, 0xf0, 
0xf0, 0xf0, 0xf0, 0xf0, 0xf0, 0xf0, 0x11, 0xf0, 0xf0, 0x13, 0xf0, 0xf0, 0x00, 0xf0, 0xf0, 0x83, 0x00, 0x12, 0x84, 0x85, 
0x86, 0x87, 0x88, 0x89, 0xbb, 0xf0, 0xf0, 0xf0, 0x8a, 0x00, 0x08, 0xfe, 0x8b, 0x8c, 0x00, 0x8d, 0xfe, 0x8e, 0xfe, 0x7b, 
0x01, 0x04, 0x00, 0x8f, 0x00, 0x90, 0xfe, 0x80, 0xfe, 0x7b, 0x01, 0x04, 0x00, 0x91, 0x00, 0x7a, 0xfe, 0x92, 0xfe, 0x7c, 
0x01, 0x04, 0x00, 0x93, 0x00, 0x7a, 0xfe, 0x94, 0xfe, 0x7c, 0x01, 0x04, 0x00, 0x95, 0x00, 0x7a, 0xfe, 0x7d, 0xfe, 0x96, 
0x01, 0x04, 0x00, 0x97, 0xfe, 0x7d, 0xfe, 0x98, 0x01, 0x01, 0x01, 0x01, 0x01, 0x01, 0x0f, 0x00, 0x08, 0xfe, 0x99, 0x77, 
0xfe, 0x9a, 0x77, 0xfe, 0x02, 0x79, 0xfe, 0x78, 0x00, 0xfe, 0x03, 0xfe, 0x9b, 0x01, 0x04, 0x00, 0xfe, 0x03, 0xfe, 0x02, 
0x01, 0x77, 0xfe, 0x02, 0x79, 0xfe, 0x78, 0x00, 0xfe, 0x03, 0xfe, 0x9c, 0x01, 0x04, 0x00, 0xfe, 0x03, 0xfe, 0x02, 0x01, 
0x77, 0xfe, 0x02, 0x79, 0xfe, 0x78, 0x00, 0xfe, 0x03, 0xfe, 0x9d, 0x01, 0x04, 0x00, 0xfe, 0x03, 0xfe, 0x02, 0x01, 0x77, 
0xfe, 0x02, 0x79, 0xfe, 0x78, 0x00, 0xfe, 0x03, 0xfe, 0x9e, 0x01, 0x04, 0x00, 0xfe, 0x03, 0xfe, 0x02, 0x01, 0x7f, 0xfe, 
0x78, 0x00, 0x01, 0x04, 0x00, 0x9f, 0x00, 0xfe, 0x7e, 0xfe, 0x07, 0x17, 0xfe, 0xa0, 0x08, 0xfe, 0x03, 0xfe, 0x02, 0x01, 
0x04, 0x00, 0x01, 0x01, 0xa1, 0xf0, 0xf0, 0x01, 0x13, 0x3f, 0x40, 0x41, 0x42, 0x43, 0x44, 0x45, 0x14, 0x15, 0x16, 0x17, 
0x18, 0x19, 0x46, 0x47, 0x48, 0x1a, 0x1b, 0xe8, 0xbe, 0xe8, 0xbe, 0xe8, 0xbe, 0xe8, 0xbe, 0xe8, 0xbe, 0xe8, 0xbe, 0xe8, 
0xbe, 0xe8, 0xbe, 0xe8, 0xbe, 0xe8, 0xbe, 0xe8, 0xbe, 0xe8, 0xbe, 0xe8, 0xbe, 0xc5, 0x68, 0xc6, 0x89, 0x80, 0x3a, 0xc6, 
0x89, 0x80, 0x3a, 0xc5, 0x68, 0x80, 0x3a, 0xc6, 0x89, 0x81, 0x3a, 0x80, 0x3a, 0x81, 0x3a, 0xc5, 0x68, 0x81, 0x3a, 0x80, 
0x3a, 0x82, 0x3a, 0x81, 0x3a, 0x82, 0x3a, 0xc5, 0x68, 0x82, 0x3a, 0x81, 0x3a, 0xd5, 0x64, 0x82, 0x3a, 0xd5, 0x64, 0xc5, 
0x68, 0xd5, 0x64, 0x82, 0x3a, 0xd5, 0x64, 0xc5, 0x68, 0xc5, 0x68, 0xc0, 0xa0, 0xc6, 0xb8, 0xc5, 0x68, 0x52, 0x49, 0x50, 
0x53, 0x5f, 0x43, 0x49, 0x44, 0x23, 0x75, 0x00, 0x00, 0x01, 0x00, 0x00, 0x00, 0x0c, 0x00, 0x00, 0x00, 0x00, 0x00, 0x00, 
0x00, 0x00, 0x00, 0x00, 0x04, 0x06, 0x00, 0x00, 0x00, 0x00, 0x00, 0x00, 0x4c, 0x4f, 0x4d, 0x53, 0x00, 0x03, 0x01, 0x00, 
0x0b, 0x00, 0x08, 0x00, 0xa8, 0x61, 0x00, 0x00, 0x00, 0x00, 0x00, 0x00, 0x3c, 0x16, 0x00, 0x00, 0x91, 0x02, 0x01, 0xd1, 
0x10, 0x02, 0x47, 0x4c, 0x53, 0x4c, 0x2e, 0x73, 0x74, 0x64, 0x2e, 0x34, 0x35, 0x30, 0x00, 0x00, 0x00, 0x00, 0xa0, 0x04, 
0x00, 0x01, 0xbf, 0x0f, 0x00, 0x9f, 0x2c, 0xed, 0xc2, 0xa5, 0xf3, 0x06, 0x00, 0x82, 0x1f, 0x8c, 0x1a, 0xb0, 0x23, 0x88, 
0x1c, 0xab, 0x22, 0xd9, 0x1b, 0xc2, 0x26, 0x10, 0xb4, 0x07, 0x06, 0x40, 0x10, 0x02, 0x06, 0x40, 0x10, 0xa4, 0x09, 0x06, 
0x10, 0x10, 0xe0, 0x01, 0x06, 0x10, 0x10, 0x02, 0x06, 0x10, 0x10, 0x02, 0x06, 0x10, 0x10, 0x7a, 0x06, 0x10, 0x00, 0x8e, 
0x18, 0x02, 0x37, 0x00, 0xa2, 0x00, 0x05, 0x00, 0x07, 0x01, 0x10, 0x00, 0x23, 0x00, 0x01, 0x05, 0x00, 0x07, 0x01, 0x10, 
0x00, 0x23, 0x40, 0x01, 0x05, 0x00, 0x07, 0x01, 0x10, 0x00, 0x23, 0x40, 0x01, 0x05, 0x00, 0x07, 0x01, 0x10, 0x00, 0x23, 
0x40, 0x01, 0x05, 0x00, 0x07, 0x01, 0x10, 0x00, 0x23, 0x40, 0x01, 0x05, 0x00, 0x07, 0x01, 0x10, 0x00, 0x23, 0x80, 0x02, 
0x01, 0x05, 0x00, 0x07, 0x01, 0x10, 0x00, 0x23, 0x80, 0x02, 0x01, 0x05, 0x00, 0x07, 0x01, 0x10, 0x00, 0x23, 0x40, 0x01, 
0x05, 0x00, 0x07, 0x01, 0x10, 0x00, 0x23, 0x30, 0x01, 0x23, 0x40, 0x01, 0x23, 0x10, 0x01, 0x23, 0x08, 0x01, 0x23, 0x04, 
0x01, 0x23, 0x04, 0x01, 0x23, 0x10, 0x01, 0x23, 0x10, 0x01, 0x23, 0x08, 0x01, 0x00, 0x00, 0x23, 0x08, 0x01, 0x00, 0x00, 
0x23, 0x04, 0x01, 0x00, 0x00, 0x23, 0x04, 0x01, 0x23, 0x08, 0x01, 0x23, 0x04, 0x01, 0x23, 0x04, 0x01, 0x23, 0x04, 0x01, 
0x00, 0x00, 0x23, 0x04, 0x01, 0x00, 0x00, 0x23, 0x04, 0x01, 0x00, 0x00, 0x23, 0x04, 0x01, 0x00, 0x00, 0x23, 0x04, 0x01, 
0x00, 0x00, 0x23, 0x04, 0x01, 0x00, 0x00, 0x23, 0x10, 0x01, 0x00, 0x00, 0x23, 0x0c, 0x01, 0x00, 0x00, 0x23, 0x04, 0x01, 
0x00, 0x00, 0x23, 0x08, 0x01, 0x00, 0x00, 0x23, 0x04, 0x01, 0x00, 0x00, 0x23, 0x04, 0x01, 0x00, 0x00, 0x23, 0x04, 0x01, 
0x00, 0x00, 0x23, 0x04, 0x01, 0x00, 0x00, 0x23, 0x04, 0x01, 0x00, 0x00, 0x23, 0x04, 0x01, 0x23, 0x90, 0x01, 0x01, 0x00, 
0x00, 0x23, 0x0c, 0x01, 0x00, 0x00, 0x23, 0x04, 0x01, 0x00, 0x00, 0x23, 0x10, 0x01, 0x23, 0x10, 0x01, 0x00, 0x00, 0x23, 
0x08, 0x01, 0x00, 0x00, 0x23, 0x04, 0x01, 0x23, 0x04, 0x01, 0x00, 0x00, 0x23, 0x08, 0x01, 0x00, 0x00, 0x23, 0x04, 0x01, 
0x23, 0x04, 0x01, 0x00, 0x00, 0x23, 0x10, 0x01, 0x00, 0x00, 0x23, 0x04, 0x01, 0x23, 0x04, 0x01, 0x00, 0x00, 0x23, 0x08, 
0x01, 0x23, 0x04, 0x01, 0x00, 0x00, 0x23, 0x04, 0x01, 0x00, 0x00, 0x23, 0x04, 0x01, 0x23, 0x04, 0x01, 0x23, 0x0c, 0x01, 
0x00, 0x00, 0x23, 0x04, 0x01, 0x23, 0x04, 0x01, 0x23, 0x04, 0x01, 0x23, 0x04, 0x01, 0x00, 0x00, 0x23, 0x04, 0x01, 0x00, 
0x00, 0x23, 0x0c, 0x01, 0x23, 0x04, 0x01, 0x00, 0x00, 0x23, 0x04, 0x01, 0x23, 0x04, 0x01, 0x23, 0x04, 0x01, 0x05, 0x00, 
0x07, 0x01, 0x10, 0x00, 0x23, 0x04, 0x01, 0x23, 0x30, 0x01, 0x23, 0x08, 0x01, 0x05, 0x00, 0x07, 0x01, 0x10, 0x00, 0x23, 
0x08, 0x01, 0x05, 0x00, 0x07, 0x01, 0x10, 0x00, 0x23, 0x40, 0x01, 0x00, 0x00, 0x23, 0x40, 0x01, 0x00, 0x00, 0x23, 0x04, 
0x01, 0x00, 0x00, 0x23, 0x04, 0x01, 0x00, 0x00, 0x23, 0x04, 0x01, 0x23, 0x04, 0x01, 0x00, 0x00, 0x23, 0x40, 0x01, 0x00, 
0x00, 0x23, 0x04, 0x01, 0x00, 0x00, 0x23, 0x04, 0x01, 0x00, 0x00, 0x23, 0x04, 0x01, 0x23, 0x04, 0x01, 0x00, 0x00, 0x23, 
0x40, 0x01, 0x00, 0x00, 0x23, 0x40, 0x01, 0x00, 0x00, 0x23, 0x04, 0x01, 0x00, 0x00, 0x23, 0x04, 0x01, 0x00, 0x00, 0x23, 
0x04, 0x01, 0x00, 0x00, 0x23, 0x04, 0x10, 0xc4, 0x13, 0x21, 0x00, 0x10, 0x00, 0x22, 0x00, 0x10, 0x85, 0x01, 0x1e, 0x00, 
0x00, 0xeb, 0x09, 0x0e, 0x10, 0x00, 0x1e, 0x0a, 0x10, 0xc8, 0x12, 0x0b, 0x2b, 0x10, 0xcf, 0x0e, 0x1e, 0x00, 0x10, 0xc6, 
0x0c, 0x1e, 0x06, 0x10, 0xa3, 0x0d, 0x1e, 0x09, 0x00, 0xa1, 0x27, 0x02, 0x47, 0x00, 0x02, 0x00, 0x0b, 0x01, 0x00, 0x01, 
0x0b, 0x01, 0x01, 0x93, 0x02, 0x0e, 0xa1, 0x04, 0xf4, 0x13, 0x08, 0xa6, 0x02, 0xe9, 0x13, 0x20, 0xb7, 0x02, 0x20, 0x0d, 
0x04, 0xb8, 0x02, 0x90, 0x01, 0x1d, 0x04, 0xbe, 0x02, 0xa6, 0x0f, 0x1d, 0x1d, 0xb5, 0x02, 0xd7, 0x10, 0x20, 0x01, 0xb7, 
0x02, 0x18, 0x0d, 0x03, 0xb8, 0x02, 0x5c, 0x18, 0x03, 0xb5, 0x02, 0x75, 0x20, 0x00, 0xbb, 0x04, 0x0c, 0x80, 0x28, 0x00, 
0x00, 0x00, 0x00, 0x3e, 0xd1, 0x1c, 0x02, 0x65, 0xbb, 0x04, 0x0b, 0xe8, 0x1c, 0x04, 0x00, 0x00, 0x00, 0xbc, 0x02, 0xf7, 
0x20, 0x65, 0x96, 0x14, 0xbc, 0x02, 0x02, 0x65, 0x96, 0x14, 0xb7, 0x02, 0x8f, 0x07, 0x0d, 0x02, 0xb7, 0x02, 0x02, 0x0b, 
0x03, 0xbb, 0x04, 0x0b, 0xa2, 0x28, 0x09, 0x00, 0x00, 0x00, 0xbc, 0x02, 0xef, 0x17, 0x18, 0xa5, 0x14, 0xbc, 0x02, 0xe0, 
0x01, 0x1d, 0x96, 0x14, 0xbc, 0x02, 0x02, 0x1d, 0x96, 0x14, 0xbc, 0x02, 0x02, 0x1d, 0x96, 0x14, 0xbc, 0x02, 0x7a, 0x1d, 
0xa5, 0x14, 0xbe, 0x83, 0xc0, 0x02, 0x8e, 0x18, 0x65, 0x65, 0x65, 0x65, 0xda, 0x03, 0xdb, 0x03, 0x65, 0x46, 0x65, 0x1d, 
0x13, 0x0d, 0x0d, 0x1d, 0x1d, 0x13, 0x13, 0x0d, 0x0d, 0x13, 0x0d, 0x0d, 0x0d, 0x0d, 0x0d, 0x0d, 0x0d, 0x0d, 0x1d, 0x14, 
0x0c, 0x13, 0x0c, 0x0c, 0x0c, 0x0c, 0x0d, 0x0d, 0xad, 0x08, 0x18, 0x0d, 0x1d, 0x1d, 0x13, 0x0c, 0x0d, 0x13, 0x0d, 0x0d, 
0x1d, 0x0c, 0x0d, 0x13, 0x0d, 0x0d, 0x0d, 0x0b, 0x18, 0x0d, 0x0d, 0x0b, 0x0d, 0x0d, 0x18, 0x0d, 0x0d, 0x0d, 0x0d, 0x0d, 
0x46, 0x13, 0x13, 0x65, 0x65, 0x0d, 0x0d, 0x0d, 0x0d, 0x9d, 0x09, 0x0c, 0x0d, 0x0d, 0x0d, 0x9e, 0x09, 0x9f, 0x09, 0x0c, 
0x0c, 0x0c, 0x0c, 0xdc, 0x09, 0x3e, 0x8b, 0x25, 0x02, 0xe3, 0x15, 0x39, 0x9d, 0x03, 0xd0, 0x38, 0x02, 0xbb, 0x04, 0x0c, 
0xcf, 0x16, 0x06, 0x00, 0x00, 0x00, 0x3e, 0x85, 0x1e, 0x01, 0x1d, 0x39, 0x9a, 0x05, 0xd0, 0x33, 0x01, 0xbb, 0x04, 0x0b, 
0xe3, 0x15, 0x02, 0x00, 0x00, 0x00, 0xbb, 0x04, 0x0d, 0xb9, 0x19, 0x00, 0x00, 0x00, 0xbf, 0xbb, 0x04, 0x0d, 0xed, 0x0a, 
0x00, 0x00, 0x00, 0x3f, 0xbb, 0x04, 0x0d, 0xac, 0x10, 0x00, 0x00, 0x00, 0x20, 0x94, 0x02, 0x91, 0x14, 0xbb, 0x04, 0x0d, 
0x86, 0x28, 0x00, 0x00, 0x00, 0x00, 0xbb, 0x04, 0x0d, 0xe1, 0x1e, 0x00, 0x00, 0x00, 0xa0, 0xbb, 0x04, 0x0d, 0xa1, 0x07, 
0x00, 0x00, 0x80, 0x3f, 0xec, 0x04, 0x1d, 0xe0, 0x2b, 0xdc, 0x05, 0xdc, 0x05, 0xdc, 0x05, 0xdc, 0x05, 0xbb, 0x04, 0x0b, 
0xdf, 0x05, 0x00, 0x00, 0x00, 0x00, 0xbb, 0x04, 0x0b, 0x06, 0x01, 0x00, 0x00, 0x00, 0x3e, 0x87, 0x1e, 0x03, 0x0c, 0x39, 
0x89, 0x05, 0x86, 0x2a, 0x03, 0x3e, 0x83, 0x2a, 0x01, 0x0c, 0x39, 0x8a, 0x05, 0xcc, 0x3c, 0x01, 0x3e, 0xa9, 0x3c, 0x03, 
0x1d, 0x39, 0x9b, 0x05, 0xda, 0x2d, 0x03, 0x39, 0x9b, 0x05, 0xc6, 0x0c, 0x03, 0x3e, 0xbf, 0x3a, 0x03, 0x0d, 0x39, 0x9b, 
0x05, 0x9c, 0x2d, 0x03, 0xbe, 0x02, 0xa1, 0x27, 0x1d, 0x0d, 0x3e, 0xfa, 0x09, 0x03, 0x88, 0x08, 0x39, 0x85, 0x0d, 0xfa, 
0x32, 0x03, 0xcc, 0x04, 0x13, 0xc7, 0x34, 0xc4, 0x14, 0xc4, 0x14, 0xc6, 0x06, 0x08, 0x82, 0x40, 0x00, 0x82, 0x0a, 0x18, 
0xf4, 0x60, 0x01, 0x0c, 0xd2, 0xaa, 0x01, 0xa4, 0x9d, 0x02, 0x22, 0xec, 0xaf, 0x02, 0x00, 0x13, 0xe2, 0x05, 0xfb, 0x41, 
0xc5, 0x1f, 0x9d, 0x14, 0x01, 0x65, 0xbd, 0x7f, 0xbd, 0x7f, 0x01, 0x1d, 0x98, 0x41, 0xde, 0xa5, 0x01, 0xc1, 0x0a, 0x0d, 
0xcd, 0x46, 0xcd, 0x46, 0x02, 0x4a, 0x0d, 0xb2, 0xcf, 0x01, 0xb2, 0xcf, 0x01, 0xe0, 0xdd, 0x02, 0x4b, 0x0d, 0x89, 0x08, 
0x89, 0x08, 0xc4, 0xe0, 0x02, 0xd2, 0x0a, 0x1d, 0x92, 0x22, 0x92, 0x22, 0xec, 0xa2, 0x01, 0x02, 0xc1, 0x12, 0x1d, 0xbf, 
0x72, 0xc4, 0x71, 0xbf, 0x72, 0xc1, 0x0a, 0x0d, 0xc5, 0x18, 0xc5, 0x18, 0x03, 0x5c, 0x0d, 0xdb, 0x79, 0x01, 0x04, 0xe4, 
0x7d, 0xc8, 0x16, 0x09, 0x8e, 0x3e, 0x8e, 0x3e, 0xd6, 0xab, 0x01, 0xa7, 0x1e, 0xed, 0x1e, 0x00, 0xba, 0x1e, 0x00, 0xc9, 
0x24, 0xed, 0x1e, 0x18, 0xca, 0x24, 0xc8, 0x16, 0x09, 0xe7, 0x27, 0xeb, 0x3e, 0xc4, 0x94, 0x01, 0xd9, 0x14, 0x0d, 0xc5, 
0x20, 0xc5, 0x20, 0xe0, 0x92, 0x01, 0xf2, 0x87, 0x01, 0xd2, 0x0a, 0x1d, 0xf0, 0x15, 0xf0, 0x15, 0x87, 0x62, 0x03, 0x99, 
0x1e, 0xe1, 0x2c, 0x18, 0xe2, 0x2c, 0xe5, 0x1e, 0x1d, 0xb4, 0x5f, 0x07, 0x45, 0x00, 0x00, 0x59, 0x2e, 0x00, 0x00, 0x83, 
0x2c, 0x00, 0x00, 0x22, 0x39, 0x00, 0x00, 0xc1, 0x0a, 0x0d, 0xf5, 0x39, 0xf5, 0x39, 0x03, 0xc8, 0x10, 0x0d, 0x9e, 0x56, 
0xb0, 0xd8, 0x02, 0x9e, 0x56, 0xce, 0x10, 0x1d, 0xbe, 0x07, 0xe6, 0x23, 0xbe, 0x07, 0xc0, 0x0a, 0xb8, 0x08, 0xad, 0x61, 
0xe0, 0xd2, 0x01, 0xad, 0x61, 0xc1, 0x0a, 0x1d, 0xf0, 0x09, 0xf0, 0x09, 0x00, 0xc1, 0x0a, 0x1d, 0xdd, 0x9b, 0x01, 0xed, 
0x91, 0x01, 0x01, 0x2d, 0x13, 0x84, 0x2c, 0xf7, 0x48, 0xf7, 0x48, 0x10, 0xce, 0x10, 0x13, 0xa2, 0x09, 0xa2, 0x09, 0x94, 
0xa0, 0x01, 0x4b, 0x13, 0xae, 0xd4, 0x01, 0xae, 0xd4, 0x01, 0xfe, 0xdf, 0x02, 0xc1, 0x0a, 0x0d, 0xc3, 0xdc, 0x01, 0xc3, 
0xdc, 0x01, 0x00, 0xd2, 0x0a, 0x1d, 0x9a, 0xa4, 0x01, 0x9a, 0xa4, 0x01, 0xcc, 0x35, 0x00, 0xc1, 0x0a, 0x0d, 0xb4, 0x14, 
0xf5, 0x23, 0x01, 0xd2, 0x0a, 0x1d, 0xaf, 0x37, 0xaf, 0x37, 0xfb, 0x22, 0x01, 0xc0, 0x0a, 0xb8, 0x08, 0xcb, 0x6f, 0xcb, 
0x6f, 0xe2, 0x3e, 0xc1, 0x0a, 0x1d, 0xe9, 0x3e, 0xe9, 0x3e, 0x00, 0xc1, 0x0a, 0x1d, 0xa8, 0x1b, 0xc1, 0x23, 0x01, 0x22, 
0xf6, 0x51, 0xa8, 0x1b, 0x3d, 0x18, 0x8a, 0xc1, 0x01, 0x8a, 0xc1, 0x01, 0x8a, 0xc1, 0x01, 0x18, 0x13, 0x8b, 0x05, 0xb3, 
0x06, 0xab, 0x22, 0x8a, 0x14, 0xc1, 0x0a, 0x0d, 0x85, 0x56, 0xb9, 0x5c, 0x00, 0x22, 0x85, 0x56, 0x00, 0x13, 0x8b, 0x05, 
0xf0, 0x2f, 0xab, 0x22, 0x8d, 0x14, 0xc1, 0x0a, 0x0d, 0xe1, 0x6e, 0xab, 0x9b, 0x01, 0x01, 0x22, 0xe1, 0x6e, 0x00, 0x13, 
0x8b, 0x05, 0xe4, 0x6e, 0xab, 0x22, 0x90, 0x14, 0xc1, 0x0a, 0x0d, 0xd5, 0x6f, 0x9d, 0x9c, 0x01, 0x02, 0x22, 0xd5, 0x6f, 
0x00, 0x22, 0xc0, 0x77, 0xdb, 0xd7, 0x01, 0xc1, 0x0a, 0x0d, 0x99, 0x39, 0xf5, 0x90, 0x02, 0x01, 0x3f, 0x0d, 0x94, 0xcd, 
0x01, 0x94, 0xcd, 0x01, 0xd2, 0x0a, 0x1d, 0xe1, 0x3d, 0xe1, 0x3d, 0xc3, 0x81, 0x01, 0x01, 0x13, 0x9b, 0x05, 0xae, 0x19, 
0xc2, 0x26, 0x8b, 0x14, 0x22, 0x00, 0xae, 0x19, 0x8d, 0x1e, 0x88, 0x06, 0x00, 0x00, 0x00, 0x00, 0xd7, 0x0c, 0x00, 0x00, 
0x00, 0x00, 0x00, 0x00, 0x4c, 0x4f, 0x4d, 0x53, 0x00, 0x03, 0x01, 0x00, 0x0b, 0x00, 0x08, 0x00, 0x44, 0x62, 0x00, 0x00, 
0x00, 0x00, 0x00, 0x00, 0x88, 0x26, 0x00, 0x00, 0x91, 0x02, 0x01, 0xd1, 0x10, 0x02, 0x47, 0x4c, 0x53, 0x4c, 0x2e, 0x73, 
0x74, 0x64, 0x2e, 0x34, 0x35, 0x30, 0x00, 0x00, 0x00, 0x00, 0xa0, 0x04, 0x00, 0x01, 0xff, 0x0e, 0x04, 0x9f, 0x2c, 0xed, 
0xc2, 0xa5, 0xf3, 0x06, 0x00, 0x88, 0x1c, 0xf3, 0x23, 0xbf, 0x1c, 0xa0, 0x02, 0x9f, 0x2c, 0x07, 0xa0, 0x02, 0x9f, 0x2c, 
0x0c, 0x37, 0xe6, 0x13, 0x06, 0x00, 0x00, 0x01, 0x00, 0x01, 0x00, 0x01, 0x00, 0x01, 0x00, 0x01, 0x00, 0x00, 0xe8, 0x45, 
0x00, 0x00, 0xd5, 0x0c, 0x00, 0x00, 0x92, 0x0c, 0x00, 0x10, 0xfd, 0x2c, 0x06, 0x40, 0x10, 0x02, 0x06, 0x40, 0x10, 0x93, 
0x05, 0x06, 0x10, 0x10, 0x81, 0x26, 0x06, 0x10, 0x10, 0x02, 0x06, 0x10, 0x10, 0x02, 0x06, 0x10, 0x10, 0x50, 0x06, 0x10, 
0x00, 0x5b, 0x02, 0x37, 0x00, 0xa2, 0x00, 0x05, 0x00, 0x07, 0x01, 0x10, 0x00, 0x23, 0x00, 0x01, 0x05, 0x00, 0x07, 0x01, 
0x10, 0x00, 0x23, 0x40, 0x01, 0x05, 0x00, 0x07, 0x01, 0x10, 0x00, 0x23, 0x40, 0x01, 0x05, 0x00, 0x07, 0x01, 0x10, 0x00, 
0x23, 0x40, 0x01, 0x05, 0x00, 0x07, 0x01, 0x10, 0x00, 0x23, 0x40, 0x01, 0x05, 0x00, 0x07, 0x01, 0x10, 0x00, 0x23, 0x80, 
0x02, 0x01, 0x05, 0x00, 0x07, 0x01, 0x10, 0x00, 0x23, 0x80, 0x02, 0x01, 0x05, 0x00, 0x07, 0x01, 0x10, 0x00, 0x23, 0x40, 
0x01, 0x05, 0x00, 0x07, 0x01, 0x10, 0x00, 0x23, 0x30, 0x01, 0x23, 0x40, 0x01, 0x23, 0x10, 0x01, 0x23, 0x08, 0x01, 0x23, 
0x04, 0x01, 0x23, 0x04, 0x01, 0x23, 0x10, 0x01, 0x23, 0x10, 0x01, 0x23, 0x08, 0x01, 0x00, 0x00, 0x23, 0x08, 0x01, 0x00, 
0x00, 0x23, 0x04, 0x01, 0x00, 0x00, 0x23, 0x04, 0x01, 0x23, 0x08, 0x01, 0x23, 0x04, 0x01, 0x23, 0x04, 0x01, 0x23, 0x04, 
0x01, 0x00, 0x00, 0x23, 0x04, 0x01, 0x00, 0x00, 0x23, 0x04, 0x01, 0x00, 0x00, 0x23, 0x04, 0x01, 0x00, 0x00, 0x23, 0x04, 
0x01, 0x00, 0x00, 0x23, 0x04, 0x01, 0x00, 0x00, 0x23, 0x10, 0x01, 0x00, 0x00, 0x23, 0x0c, 0x01, 0x00, 0x00, 0x23, 0x04, 
0x01, 0x00, 0x00, 0x23, 0x08, 0x01, 0x00, 0x00, 0x23, 0x04, 0x01, 0x00, 0x00, 0x23, 0x04, 0x01, 0x00, 0x00, 0x23, 0x04, 
0x01, 0x00, 0x00, 0x23, 0x04, 0x01, 0x00, 0x00, 0x23, 0x04, 0x01, 0x00, 0x00, 0x23, 0x04, 0x01, 0x23, 0x90, 0x01, 0x01, 
0x00, 0x00, 0x23, 0x0c, 0x01, 0x00, 0x00, 0x23, 0x04, 0x01, 0x00, 0x00, 0x23, 0x10, 0x01, 0x23, 0x10, 0x01, 0x00, 0x00, 
0x23, 0x08, 0x01, 0x00, 0x00, 0x23, 0x04, 0x01, 0x23, 0x04, 0x01, 0x00, 0x00, 0x23, 0x08, 0x01, 0x00, 0x00, 0x23, 0x04, 
0x01, 0x23, 0x04, 0x01, 0x00, 0x00, 0x23, 0x10, 0x01, 0x00, 0x00, 0x23, 0x04, 0x01, 0x23, 0x04, 0x01, 0x00, 0x00, 0x23, 
0x08, 0x01, 0x23, 0x04, 0x01, 0x00, 0x00, 0x23, 0x04, 0x01, 0x00, 0x00, 0x23, 0x04, 0x01, 0x23, 0x04, 0x01, 0x23, 0x0c, 
0x01, 0x00, 0x00, 0x23, 0x04, 0x01, 0x23, 0x04, 0x01, 0x23, 0x04, 0x01, 0x23, 0x04, 0x01, 0x00, 0x00, 0x23, 0x04, 0x01, 
0x00, 0x00, 0x23, 0x0c, 0x01, 0x23, 0x04, 0x01, 0x00, 0x00, 0x23, 0x04, 0x01, 0x23, 0x04, 0x01, 0x23, 0x04, 0x01, 0x05, 
0x00, 0x07, 0x01, 0x10, 0x00, 0x23, 0x04, 0x01, 0x23, 0x30, 0x01, 0x23, 0x08, 0x01, 0x05, 0x00, 0x07, 0x01, 0x10, 0x00, 
0x23, 0x08, 0x01, 0x05, 0x00, 0x07, 0x01, 0x10, 0x00, 0x23, 0x40, 0x01, 0x00, 0x00, 0x23, 0x40, 0x01, 0x00, 0x00, 0x23, 
0x04, 0x01, 0x00, 0x00, 0x23, 0x04, 0x01, 0x00, 0x00, 0x23, 0x04, 0x01, 0x23, 0x04, 0x01, 0x00, 0x00, 0x23, 0x40, 0x01, 
0x00, 0x00, 0x23, 0x04, 0x01, 0x00, 0x00, 0x23, 0x04, 0x01, 0x00, 0x00, 0x23, 0x04, 0x01, 0x23, 0x04, 0x01, 0x00, 0x00, 
0x23, 0x40, 0x01, 0x00, 0x00, 0x23, 0x40, 0x01, 0x00, 0x00, 0x23, 0x04, 0x01, 0x00, 0x00, 0x23, 0x04, 0x01, 0x00, 0x00, 
0x23, 0x04, 0x01, 0x00, 0x00, 0x23, 0x04, 0x10, 0x9a, 0x3e, 0x21, 0x00, 0x10, 0x00, 0x22, 0x00, 0x00, 0xcc, 0x95, 0x01, 
0x00, 0x00, 0xd5, 0x42, 0x00, 0x00, 0xb4, 0x03, 0x00, 0x00, 0xc9, 0x27, 0x00, 0x00, 0x96, 0x2b, 0x00, 0x00, 0xd8, 0x60, 
0x00, 0x00, 0xf2, 0x33, 0x00, 0x00, 0xf5, 0x2f, 0x00, 0x00, 0x81, 0x53, 0x00, 0x00, 0xe6, 0xa2, 0x01, 0x00, 0x00, 0xc5, 
0x14, 0x00, 0x00, 0xef, 0x9f, 0x01, 0x00, 0x00, 0xdc, 0x52, 0x00, 0x00, 0x99, 0x7c, 0x00, 0x00, 0xa2, 0x82, 0x01, 0x00, 
0x00, 0xb6, 0x10, 0x00, 0x00, 0xd8, 0x36, 0x00, 0x00, 0xed, 0x23, 0x00, 0x00, 0xd7, 0x80, 0x01, 0x00, 0x00, 0x9c, 0x12, 
0x00, 0x00, 0xd4, 0x5b, 0x00, 0x00, 0xd8, 0x36, 0x00, 0x00, 0xf5, 0x15, 0x00, 0x00, 0xb4, 0x2f, 0x00, 0x00, 0x90, 0x25, 
0x00, 0x00, 0xef, 0xcc, 0x01, 0x00, 0x00, 0xe6, 0xa2, 0x01, 0x00, 0x00, 0xc1, 0x14, 0x00, 0x00, 0xf5, 0x15, 0x00, 0x00, 
0xb4, 0x2f, 0x00, 0x00, 0x90, 0x25, 0x00, 0x00, 0xef, 0xcc, 0x01, 0x00, 0x00, 0xe6, 0xa2, 0x01, 0x00, 0x00, 0x87, 0x82, 
0x01, 0x00, 0x00, 0xa6, 0x2e, 0x00, 0x00, 0xf2, 0x33, 0x00, 0x00, 0xf5, 0x2f, 0x00, 0x00, 0xfd, 0x52, 0x00, 0x00, 0xe6, 
0xa2, 0x01, 0x00, 0x00, 0xef, 0xb8, 0x02, 0x02, 0x37, 0x00, 0x0d, 0x00, 0x05, 0x00, 0x07, 0x01, 0x10, 0x00, 0x23, 0x00, 
0x01, 0x00, 0x00, 0x23, 0x40, 0x01, 0x00, 0x00, 0x23, 0x10, 0x01, 0x00, 0x00, 0x23, 0x04, 0x01, 0x00, 0x00, 0x23, 0x04, 
0x01, 0x00, 0x00, 0x23, 0x04, 0x10, 0xf6, 0x29, 0x21, 0x00, 0x10, 0x00, 0x22, 0x02, 0x10, 0xb3, 0x06, 0x1e, 0x00, 0x00, 
0xce, 0x21, 0x00, 0x10, 0x00, 0x21, 0x02, 0x10, 0x00, 0x22, 0x02, 0x00, 0xeb, 0x04, 0x00, 0x10, 0x00, 0x21, 0x01, 0x10, 
0x00, 0x22, 0x02, 0x10, 0x8b, 0x0d, 0x0b, 0x16, 0x00, 0x94, 0xf9, 0x01, 0x00, 0x00, 0xfb, 0x87, 0x02, 0x00, 0x10, 0x00, 
0x1e, 0x00, 0x00, 0x9a, 0x89, 0x02, 0x00, 0x00, 0xf4, 0x22, 0x00, 0x00, 0xab, 0xcb, 0x01, 0x00, 0x00, 0xa4, 0xae, 0x01, 
0x00, 0x00, 0xb7, 0x57, 0x00, 0x00, 0xf9, 0x47, 0x00, 0x00, 0x8e, 0x45, 0x00, 0x00, 0xa1, 0x21, 0x00, 0x00, 0xd0, 0xb9, 
0x01, 0x00, 0x00, 0xd3, 0xb9, 0x01, 0x00, 0x00, 0x9e, 0x86, 0x01, 0x00, 0x00, 0xb1, 0xe5, 0x01, 0x00, 0x00, 0x9e, 0xca, 
0x01, 0x00, 0x00, 0x81, 0xd0, 0x01, 0x00, 0x00, 0xe6, 0x05, 0x00, 0x00, 0x8a, 0x07, 0x00, 0x00, 0xce, 0xb2, 0x01, 0x00, 
0x00, 0x6d, 0x00, 0x00, 0xe0, 0x2c, 0x00, 0x00, 0x82, 0x23, 0x00, 0x00, 0x83, 0xa8, 0x01, 0x00, 0x00, 0xf6, 0x52, 0x00, 
0x00, 0xd4, 0x25, 0x00, 0x00, 0xba, 0x0f, 0x00, 0x00, 0xbf, 0xd5, 0x01, 0x00, 0x00, 0xf4, 0x47, 0x00, 0x00, 0xaa, 0x38, 
0x00, 0x00, 0xa7, 0x70, 0x00, 0x00, 0xe7, 0x08, 0x00, 0x00, 0x9e, 0x93, 0x01, 0x00, 0x00, 0x2e, 0x00, 0x00, 0x82, 0x25, 
0x00, 0x00, 0xad, 0x25, 0x00, 0x00, 0xef, 0x6a, 0x00, 0x00, 0xb4, 0x7d, 0x00, 0x00, 0xf4, 0x25, 0x00, 0x93, 0x02, 0x0e, 
0xa1, 0x04, 0xf4, 0x13, 0x08, 0x94, 0x02, 0xf1, 0x13, 0xa6, 0x02, 0x08, 0x20, 0xb7, 0x02, 0x20, 0x0d, 0x04, 0xb7, 0x02, 
0x09, 0x0d, 0x03, 0xfe, 0x02, 0xb6, 0x13, 0x1d, 0x1d, 0x0d, 0x0d, 0x0d, 0x18, 0xb5, 0x02, 0xcd, 0x13, 0x20, 0x01, 0x3e, 
0xfa, 0x09, 0x07, 0x0c, 0xb7, 0x02, 0xeb, 0x09, 0x0d, 0x02, 0x3e, 0xfa, 0x09, 0x07, 0x13, 0xc1, 0x04, 0xe4, 0x21, 0x18, 
0x89, 0x05, 0x90, 0x05, 0xb8, 0x02, 0xb9, 0x2a, 0x1d, 0x04, 0xb8, 0x02, 0x3d, 0x18, 0x03, 0xb5, 0x02, 0x75, 0x20, 0x00, 
0xbb, 0x04, 0x0c, 0x80, 0x28, 0x00, 0x00, 0x00, 0x00, 0x3e, 0xd1, 0x1c, 0x02, 0x65, 0xbb, 0x04, 0x0c, 0xd8, 0x1c, 0x01, 
0x00, 0x00, 0x00, 0xbb, 0x04, 0x0c, 0x06, 0x02, 0x00, 0x00, 0x00, 0x3e, 0x8d, 0x1e, 0x02, 0x0c, 0xbb, 0x04, 0x0c, 0x94, 
0x1e, 0x03, 0x00, 0x00, 0x00, 0xbb, 0x04, 0x0c, 0x06, 0x04, 0x00, 0x00, 0x00, 0xbb, 0x04, 0x0c, 0x06, 0x05, 0x00, 0x00, 
0x00, 0x3e, 0x9d, 0x1e, 0x02, 0x0d, 0xbb, 0x04, 0x0b, 0x96, 0x1e, 0x04, 0x00, 0x00, 0x00, 0xbc, 0x02, 0xe0, 0x03, 0x65, 
0x96, 0x14, 0xbc, 0x02, 0x02, 0x65, 0x96, 0x14, 0xb7, 0x02, 0xe5, 0x2b, 0x0b, 0x03, 0xbb, 0x04, 0x0b, 0xa2, 0x28, 0x09, 
0x00, 0x00, 0x00, 0xbc, 0x02, 0xcf, 0x01, 0x18, 0xa5, 0x14, 0xbc, 0x02, 0x81, 0x26, 0x1d, 0x96, 0x14, 0xbc, 0x02, 0x02, 
0x1d, 0x96, 0x14, 0xbc, 0x02, 0x02, 0x1d, 0x96, 0x14, 0xbc, 0x02, 0x50, 0x1d, 0xa5, 0x14, 0xbe, 0x83, 0xc0, 0x02, 0x5b, 
0x65, 0x65, 0x65, 0x65, 0x86, 0x16, 0x87, 0x16, 0x65, 0x46, 0x65, 0x1d, 0x13, 0x0d, 0x0d, 0x1d, 0x1d, 0x13, 0x13, 0x0d, 
0x0d, 0x13, 0x0d, 0x0d, 0x0d, 0x0d, 0x0d, 0x0d, 0x0d, 0x0d, 0x1d, 0x14, 0x0c, 0x13, 0x0c, 0x0c, 0x0c, 0x0c, 0x0d, 0x0d, 
0xbd, 0x13, 0x18, 0x0d, 0x1d, 0x1d, 0x13, 0x0c, 0x0d, 0x13, 0x0d, 0x0d, 0x1d, 0x0c, 0x0d, 0x13, 0x0d, 0x0d, 0x0d, 0x0b, 
0x18, 0x0d, 0x0d, 0x0b, 0x0d, 0x0d, 0x18, 0x0d, 0x0d, 0x0d, 0x0d, 0x0d, 0x46, 0x13, 0x13, 0x65, 0x65, 0x0d, 0x0d, 0x0d, 
0x0d, 0x3c, 0x0c, 0x0d, 0x0d, 0x0d, 0x3d, 0x3e, 0x0c, 0x0c, 0x0c, 0x0c, 0x66, 0x3e, 0xfa, 0x09, 0x02, 0x38, 0x39, 0xb5, 
0x05, 0xa0, 0x34, 0x02, 0xbb, 0x04, 0x0d, 0xf1, 0x16, 0x00, 0x00, 0x00, 0x00, 0xbb, 0x04, 0x0d, 0x83, 0x26, 0x00, 0x00, 
0x80, 0x3f, 0xec, 0x04, 0x1d, 0xf4, 0x11, 0xf4, 0x11, 0xf4, 0x11, 0xf4, 0x11, 0xf4, 0x11, 0xec, 0x04, 0x1d, 0xd6, 0x19, 
0xc6, 0x05, 0xc6, 0x05, 0xc6, 0x05, 0xca, 0x2b, 0x3e, 0xa9, 0x23, 0x01, 0x1d, 0x3e, 0x02, 0x02, 0x1d, 0xbb, 0x04, 0x0d, 
0x83, 0x0a, 0x00, 0x00, 0x00, 0x40, 0xbb, 0x04, 0x0d, 0xd0, 0x0c, 0x00, 0x00, 0x80, 0xbf, 0xfe, 0x02, 0xcc, 0x07, 0x65, 
0x1d, 0x0c, 0x0c, 0x0c, 0x0d, 0x3e, 0xfa, 0x09, 0x02, 0xa7, 0x0a, 0x39, 0xa4, 0x0f, 0xfc, 0x1f, 0x02, 0x39, 0x9a, 0x05, 
0xb3, 0x06, 0x01, 0x89, 0x03, 0xdf, 0x35, 0x0d, 0x03, 0x00, 0x00, 0x00, 0x01, 0x00, 0xab, 0x02, 0xcc, 0x05, 0x98, 0x01, 
0x3e, 0xfa, 0x09, 0x00, 0xfe, 0x03, 0x39, 0xfb, 0x08, 0xe8, 0x47, 0x00, 0x89, 0x03, 0xb1, 0x57, 0x0d, 0x01, 0x00, 0x00, 
0x00, 0x01, 0x00, 0xab, 0x02, 0xd2, 0x05, 0x96, 0x01, 0x3e, 0xfa, 0x09, 0x00, 0xff, 0x03, 0x39, 0xfc, 0x08, 0xfa, 0x42, 
0x00, 0x3e, 0xd9, 0x4a, 0x03, 0x0d, 0x39, 0x8c, 0x05, 0xce, 0x3d, 0x03, 0xbb, 0x04, 0x0c, 0xe9, 0x1e, 0x11, 0x00, 0x00, 
0x00, 0x3e, 0xc3, 0x1e, 0x03, 0x1d, 0x39, 0x9c, 0x05, 0xc6, 0x2e, 0x03, 0xad, 0x06, 0x1d, 0xf9, 0x38, 0xad, 0x06, 0x0d, 
0x02, 0xad, 0x06, 0x18, 0x02, 0xad, 0x06, 0x18, 0x02, 0xad, 0x06, 0x0d, 0x02, 0xcc, 0x04, 0x13, 0xb2, 0x1c, 0xd9, 0x0b, 
0xd9, 0x0b, 0xcc, 0x04, 0x13, 0xbd, 0x10, 0xec, 0x09, 0xec, 0x09, 0xec, 0x04, 0x1d, 0xf4, 0x21, 0xdc, 0x05, 0xdc, 0x05, 
0xdc, 0x05, 0xdc, 0x05, 0xc6, 0x06, 0x08, 0xca, 0x2a, 0x00, 0x82, 0x0a, 0x18, 0xb6, 0x65, 0x39, 0x89, 0x05, 0xa4, 0x84, 
0x01, 0x07, 0x39, 0x90, 0x05, 0xf4, 0x22, 0x07, 0x13, 0x8b, 0x05, 0xfc, 0x19, 0xc5, 0x1f, 0xbe, 0x14, 0x01, 0x0d, 0x8d, 
0x3e, 0x8d, 0x3e, 0x80, 0x0b, 0xf3, 0x09, 0xa6, 0x23, 0x98, 0xd0, 0x02, 0xc2, 0xb6, 0x02, 0x94, 0xe4, 0x02, 0x94, 0xe4, 
0x02, 0x94, 0xe4, 0x02, 0x96, 0xe4, 0x02, 0xc1, 0x0a, 0x1d, 0xfb, 0xd6, 0x01, 0xfb, 0xd6, 0x01, 0x00, 0x13, 0xe2, 0x05, 
0xc1, 0x2b, 0xa2, 0x1f, 0x8b, 0x14, 0x01, 0x65, 0xb6, 0x33, 0xb6, 0x33, 0x01, 0x1d, 0xde, 0x30, 0xe6, 0x8d, 0x01, 0x2d, 
0x13, 0xd0, 0xc0, 0x01, 0xd0, 0xc0, 0x01, 0xd0, 0xc0, 0x01, 0x10, 0x7c, 0x13, 0xc3, 0x1e, 0x01, 0x2b, 0xa3, 0xc3, 0x01, 
0x9f, 0x0e, 0x80, 0x06, 0xc1, 0x0a, 0x0d, 0x93, 0xc1, 0x01, 0x93, 0xc1, 0x01, 0x00, 0xc1, 0x0a, 0x0d, 0xdc, 0xc1, 0x01, 
0x48, 0x01, 0xe0, 0x0a, 0x1d, 0xdd, 0x3a, 0xfe, 0x86, 0x01, 0xdd, 0x3a, 0xd8, 0xab, 0x02, 0xd8, 0xab, 0x02, 0xc1, 0x12, 
0x1d, 0xa5, 0x61, 0xae, 0x37, 0xa5, 0x61, 0x2d, 0x13, 0xc4, 0x04, 0xc4, 0x04, 0xc4, 0x04, 0x10, 0x13, 0x8a, 0x05, 0x92, 
0x5c, 0xa2, 0x1f, 0x91, 0x14, 0x01, 0x0c, 0xbb, 0x93, 0x01, 0xbb, 0x93, 0x01, 0xca, 0x14, 0x09, 0xac, 0x79, 0xac, 0x79, 
0xf6, 0xea, 0x01, 0xb8, 0x14, 0x09, 0xcf, 0xaa, 0x01, 0xcf, 0xaa, 0x01, 0xa7, 0x1e, 0xeb, 0x93, 0x01, 0x00, 0xba, 0x1e, 
0x00, 0xc5, 0x6d, 0xeb, 0x93, 0x01, 0x18, 0xc6, 0x6d, 0xc1, 0x0a, 0x0d, 0xc2, 0x99, 0x01, 0xba, 0x9e, 0x01, 0x00, 0xca, 
0x16, 0x09, 0x8f, 0x76, 0x8f, 0x76, 0xa0, 0xf7, 0x01, 0x99, 0x1e, 0xf3, 0x02, 0x18, 0xf4, 0x02, 0xe5, 0x1e, 0x09, 0xa7, 
0x88, 0x01, 0xc6, 0x44, 0x00, 0x00, 0x7a, 0x2f, 0x00, 0x00, 0x5a, 0x3e, 0x00, 0x00, 0x81, 0x35, 0x00, 0x00, 0xb8, 0x14, 
0x09, 0xba, 0x83, 0x02, 0xba, 0x83, 0x02, 0xa7, 0x1e, 0xac, 0x94, 0x01, 0x00, 0xba, 0x1e, 0x00, 0x84, 0xa2, 0x01, 0xac, 
0x94, 0x01, 0x18, 0x83, 0xa2, 0x01, 0xc1, 0x0a, 0x0d, 0xc2, 0x9f, 0x01, 0xee, 0xa3, 0x01, 0x00, 0xc8, 0x16, 0x09, 0xbd, 
0xa5, 0x01, 0xbd, 0xa5, 0x01, 0xa2, 0xa7, 0x01, 0x99, 0x1e, 0xd3, 0x13, 0x18, 0xd4, 0x13, 0xe5, 0x1e, 0x09, 0x8b, 0x6f, 
0x00, 0x1d, 0x00, 0x00, 0x14, 0x3f, 0x00, 0x00, 0xdd, 0x33, 0x00, 0x00, 0x5b, 0x35, 0x00, 0x00, 0xb8, 0x14, 0x09, 0xba, 
0x83, 0x02, 0xba, 0x83, 0x02, 0xa7, 0x1e, 0xac, 0x94, 0x01, 0x00, 0xba, 0x1e, 0x00, 0x84, 0xa2, 0x01, 0xac, 0x94, 0x01, 
0x18, 0x83, 0xa2, 0x01, 0xc1, 0x0a, 0x0d, 0xc2, 0x9f, 0x01, 0xf0, 0xa3, 0x01, 0x01, 0xc8, 0x16, 0x09, 0xbd, 0xa5, 0x01, 
0xbd, 0xa5, 0x01, 0xa4, 0xa7, 0x01, 0x99, 0x1e, 0xd3, 0x13, 0x18, 0xd4, 0x13, 0xe5, 0x1e, 0x09, 0x8b, 0x6f, 0x01, 0x1d, 
0x00, 0x00, 0xc7, 0x38, 0x00, 0x00, 0xde, 0x33, 0x00, 0x00, 0x5c, 0x35, 0x00, 0x00, 0xb8, 0x14, 0x09, 0xba, 0x83, 0x02, 
0xba, 0x83, 0x02, 0xa7, 0x1e, 0xdc, 0x63, 0x00, 0xba, 0x1e, 0x00, 0xba, 0xa1, 0x01, 0xdc, 0x63, 0x18, 0xb9, 0xa1, 0x01, 
0xc1, 0x0a, 0x0d, 0xc2, 0x99, 0x01, 0xbc, 0x9e, 0x01, 0x01, 0xca, 0x16, 0x09, 0x8f, 0x76, 0x8f, 0x76, 0xa2, 0xf7, 0x01, 
0x99, 0x1e, 0xab, 0x1a, 0x18, 0xac, 0x1a, 0xe5, 0x1e, 0x09, 0xb7, 0x4a, 0x02, 0x1d, 0x00, 0x00, 0xc8, 0x38, 0x00, 0x00, 
0x5b, 0x3e, 0x00, 0x00, 0x82, 0x35, 0x00, 0x00, 0xa7, 0x1e, 0xdd, 0x10, 0x00, 0xba, 0x1e, 0x00, 0xe9, 0x12, 0xdb, 0xbf, 
0x01, 0x18, 0xea, 0x12, 0x13, 0x9b, 0x05, 0xd2, 0x95, 0x01, 0xa2, 0x1f, 0x8e, 0x14, 0x01, 0x1d, 0xe1, 0x29, 0xe1, 0x29, 
0x99, 0x1e, 0xfc, 0x6d, 0x18, 0x82, 0x41, 0x13, 0x8a, 0x05, 0xc7, 0x08, 0xa2, 0x1f, 0x94, 0x14, 0x01, 0x0c, 0xf1, 0x8f, 
0x01, 0xf1, 0x8f, 0x01, 0xcb, 0x14, 0x09, 0x97, 0x08, 0x97, 0x08, 0x9e, 0xc0, 0x01, 0xa7, 0x1e, 0xf6, 0x2f, 0x00, 0xba, 
0x1e, 0x00, 0xdc, 0x22, 0x9f, 0x70, 0x18, 0xdb, 0x22, 0xc1, 0x0a, 0x0d, 0x85, 0x1d, 0xb7, 0x28, 0x01, 0xc3, 0x10, 0x0d, 
0x8e, 0x45, 0xcc, 0xeb, 0x01, 0x8e, 0x45, 0xd2, 0x0a, 0x13, 0xb5, 0x5d, 0xb5, 0x5d, 0xdf, 0x40, 0x01, 0x13, 0x8a, 0x05, 
0xd0, 0x25, 0xa2, 0x1f, 0x97, 0x14, 0x01, 0x0c, 0xc4, 0x16, 0xc4, 0x16, 0x22, 0xd9, 0x75, 0x00, 0x22, 0xcd, 0x98, 0x01, 
0x94, 0x3c, 0xd9, 0x06, 0x18, 0xd0, 0xb9, 0x01, 0x84, 0xad, 0x02, 0xf6, 0x43, 0x82, 0x21, 0x01, 0xfe, 0x03, 0xd3, 0xb9, 
0x01, 0xdc, 0x72, 0xe7, 0x0a, 0x1d, 0x9e, 0x86, 0x01, 0x9e, 0x86, 0x01, 0xb5, 0x33, 0x01, 0xbd, 0xa0, 0x01, 0x6c, 0x1d, 
0xb1, 0xe5, 0x01, 0x01, 0x28, 0xac, 0xa9, 0x01, 0xfa, 0x16, 0x99, 0x1e, 0x97, 0x4b, 0x18, 0xae, 0xeb, 0x01, 0xc1, 0x0a, 
0x0d, 0x87, 0xef, 0x01, 0xbd, 0x67, 0x01, 0xc3, 0x10, 0x0d, 0xfc, 0x82, 0x01, 0xb4, 0xea, 0x01, 0xfc, 0x82, 0x01, 0xd2, 
0x0a, 0x13, 0xd9, 0x49, 0xd9, 0x49, 0x9b, 0x2e, 0x01, 0x01, 0xff, 0x03, 0xd6, 0x94, 0x01, 0xd2, 0xe2, 0x01, 0xe7, 0x0a, 
0x1d, 0x81, 0xd0, 0x01, 0x81, 0xd0, 0x01, 0xab, 0x3b, 0x01, 0xbd, 0xa0, 0x01, 0x6c, 0x1d, 0xe6, 0x05, 0x01, 0x28, 0xe1, 
0x33, 0xfa, 0x16, 0x99, 0x1e, 0x95, 0x4b, 0x18, 0x96, 0x4b, 0xe5, 0x1e, 0x1d, 0xe8, 0x74, 0x53, 0x1b, 0x00, 0x00, 0x6c, 
0x31, 0x00, 0x00, 0x54, 0x1b, 0x00, 0x00, 0x2a, 0x56, 0x00, 0x00, 0xc1, 0x0a, 0x0d, 0xf3, 0xb8, 0x01, 0xf3, 0xb8, 0x01, 
0x03, 0x3d, 0x18, 0xce, 0xb2, 0x01, 0xa5, 0x06, 0xa5, 0x06, 0x18, 0xce, 0x10, 0x18, 0x6d, 0x6d, 0xe0, 0xb1, 0x01, 0xc1, 
0x0a, 0x0d, 0xcd, 0x21, 0xcd, 0x21, 0x00, 0xd2, 0x0a, 0x1d, 0x81, 0x7d, 0x81, 0x7d, 0xe3, 0xa5, 0x01, 0x00, 0xc1, 0x0a, 
0x0d, 0xa8, 0xcd, 0x01, 0xd8, 0x2e, 0x01, 0xd2, 0x0a, 0x1d, 0x89, 0x3a, 0x89, 0x3a, 0x9e, 0x93, 0x01, 0x01, 0xc1, 0x0a, 
0x0d, 0xbe, 0x39, 0x8c, 0x2e, 0x02, 0xd2, 0x0a, 0x1d, 0x8f, 0x39, 0x8f, 0x39, 0x2e, 0x02, 0x3d, 0x18, 0xe4, 0x37, 0xe4, 
0x37, 0xe4, 0x37, 0x18, 0x13, 0x9b, 0x05, 0xe5, 0xca, 0x01, 0xa2, 0x1f, 0x8e, 0x14, 0x01, 0x1d, 0xe8, 0xed, 0x01, 0xe8, 
0xed, 0x01, 0x3d, 0x18, 0x83, 0xa8, 0x01, 0x83, 0xa8, 0x01, 0x83, 0xa8, 0x01, 0x18, 0xc1, 0x0a, 0x0d, 0xf6, 0x52, 0xd8, 
0x05, 0x03, 0xc3, 0x10, 0x0d, 0xd4, 0x25, 0xa6, 0xc4, 0x02, 0xd4, 0x25, 0xce, 0x10, 0x18, 0xba, 0x0f, 0x84, 0x88, 0x01, 
0xba, 0x0f, 0x4b, 0x18, 0xbf, 0xd5, 0x01, 0xbd, 0xd2, 0x01, 0xbf, 0xd5, 0x01, 0xc1, 0x0a, 0x0d, 0xc2, 0x1b, 0xc2, 0x1b, 
0x00, 0xd2, 0x0a, 0x1d, 0x9a, 0xa4, 0x01, 0x9a, 0xa4, 0x01, 0xec, 0xb2, 0x01, 0x00, 0xc1, 0x0a, 0x0d, 0xdc, 0x14, 0xb8, 
0xd4, 0x01, 0x01, 0xd2, 0x0a, 0x1d, 0x89, 0x3a, 0x89, 0x3a, 0xad, 0x25, 0x01, 0xc1, 0x0a, 0x0d, 0xf8, 0x6b, 0xa6, 0x86, 
0x02, 0x02, 0xd2, 0x0a, 0x1d, 0xe7, 0xd6, 0x01, 0xe7, 0xd6, 0x01, 0xef, 0x6a, 0x02, 0x99, 0x1e, 0x95, 0x2a, 0x18, 0x96, 
0x2a, 0xe5, 0x1e, 0x1d, 0x92, 0x79, 0x02, 0x52, 0x00, 0x00, 0x0a, 0x37, 0x00, 0x00, 0xf9, 0x2b, 0x00, 0x00, 0x1f, 0x2e, 
0x00, 0x00, 0x13, 0x8b, 0x05, 0xc5, 0xeb, 0x01, 0xa2, 0x1f, 0x9a, 0x14, 0x01, 0x0d, 0xd4, 0x60, 0xd4, 0x60, 0x22, 0xc2, 
0x80, 0x01, 0x00, 0x80, 0x0b, 0xf3, 0x09, 0xfd, 0x5a, 0xef, 0xe5, 0x01, 0xa6, 0x6d, 0xa4, 0x6d, 0xa4, 0x6d, 0xa4, 0x6d, 
0xa2, 0x6d, 0xc1, 0x0a, 0x1d, 0xbe, 0x81, 0x02, 0xbe, 0x81, 0x02, 0x00, 0x80, 0x0b, 0xf3, 0x09, 0x93, 0x9d, 0x01, 0x93, 
0x9d, 0x01, 0xd0, 0xd1, 0x01, 0xce, 0xd1, 0x01, 0xce, 0xd1, 0x01, 0xce, 0xd1, 0x01, 0xcc, 0xd1, 0x01, 0xc1, 0x0a, 0x1d, 
0xfe, 0x2e, 0xfe, 0x2e, 0x00, 0x22, 0xd4, 0xc7, 0x01, 0x00, 0x8d, 0x1e, 0x88, 0x06, 0xc6, 0x06, 0x18, 0xc7, 0xa7, 0x01, 
0x00, 0x82, 0x16, 0xa7, 0x06, 0x89, 0x05, 0x44, 0xa7, 0x06, 0x90, 0x05, 0xd5, 0x0c, 0x18, 0xba, 0x4f, 0x01, 0x13, 0xa4, 
0x38, 0xde, 0x87, 0x01, 0xce, 0x10, 0x13, 0xd5, 0x42, 0xd5, 0x42, 0xce, 0x91, 0x01, 0xc3, 0x10, 0x13, 0xb4, 0x03, 0xb4, 
0x03, 0xb4, 0x89, 0x01, 0x01, 0x0c, 0xc9, 0x27, 0x9c, 0x14, 0xca, 0x14, 0x09, 0xf6, 0x33, 0xf6, 0x33, 0xca, 0x79, 0xa7, 
0x1e, 0xc1, 0x91, 0x01, 0x00, 0xba, 0x1e, 0x00, 0xcb, 0x08, 0xad, 0xde, 0x01, 0x18, 0xcc, 0x08, 0xc1, 0x0a, 0x0d, 0xab, 
0x11, 0xcc, 0x03, 0x01, 0x3f, 0x0d, 0xd8, 0x60, 0xd8, 0x60, 0xc1, 0x0a, 0x0d, 0xf2, 0x33, 0x96, 0x98, 0x01, 0x00, 0x3f, 
0x0d, 0xf5, 0x2f, 0xf5, 0x2f, 0xd0, 0x0a, 0x18, 0x81, 0x53, 0xbe, 0xa8, 0x01, 0x85, 0x4f, 0x81, 0x53, 0x5c, 0x18, 0xe6, 
0xa2, 0x01, 0x01, 0x45, 0xa9, 0x55, 0x9e, 0x1e, 0x5c, 0x53, 0x00, 0x00, 0x18, 0xd6, 0x32, 0x01, 0x0c, 0x9b, 0x47, 0xa4, 
0xdf, 0x01, 0xca, 0x14, 0x09, 0xfd, 0x86, 0x01, 0xfd, 0x86, 0x01, 0xd8, 0x89, 0x01, 0xa7, 0x1e, 0x96, 0x04, 0x00, 0xba, 
0x1e, 0x00, 0xc6, 0x07, 0x9b, 0xce, 0x01, 0x18, 0xc5, 0x07, 0xc1, 0x0a, 0x0d, 0xab, 0x11, 0xce, 0x03, 0x01, 0x3f, 0x0d, 
0xdc, 0x52, 0xdc, 0x52, 0xc1, 0x0a, 0x0d, 0x99, 0x7c, 0xef, 0x25, 0x00, 0xd0, 0x0a, 0x18, 0xa2, 0x82, 0x01, 0xe4, 0xe4, 
0x01, 0x88, 0x06, 0xa2, 0x82, 0x01, 0x5c, 0x18, 0xb6, 0x10, 0x01, 0x45, 0xf3, 0x78, 0x9e, 0x1e, 0x8e, 0x40, 0x00, 0x00, 
0x18, 0xf4, 0x7d, 0x01, 0x0c, 0x9b, 0x47, 0xa6, 0xdf, 0x01, 0xca, 0x14, 0x09, 0xfd, 0x86, 0x01, 0xfd, 0x86, 0x01, 0xd4, 
0x89, 0x01, 0xa7, 0x1e, 0x9a, 0x04, 0x00, 0xba, 0x1e, 0x00, 0x9e, 0x15, 0x9b, 0xce, 0x01, 0x18, 0x9d, 0x15, 0xc1, 0x0a, 
0x0d, 0xae, 0x78, 0xd2, 0x7f, 0x00, 0xc1, 0x0a, 0x0d, 0xd7, 0x80, 0x01, 0x85, 0x01, 0x01, 0xd0, 0x0a, 0x18, 0x9c, 0x12, 
0xbb, 0x6e, 0xb6, 0xa4, 0x01, 0x9c, 0x12, 0x5c, 0x18, 0xd4, 0x5b, 0x01, 0x45, 0xa5, 0x53, 0x9e, 0x1e, 0x8f, 0x40, 0x00, 
0x00, 0x18, 0xf4, 0x7d, 0x01, 0x0c, 0x9b, 0x47, 0xa8, 0xdf, 0x01, 0xca, 0x14, 0x09, 0xfd, 0x86, 0x01, 0xfd, 0x86, 0x01, 
0xd0, 0x89, 0x01, 0xa7, 0x1e, 0x9e, 0x04, 0x00, 0xba, 0x1e, 0x00, 0x9e, 0x15, 0x9b, 0xce, 0x01, 0x18, 0x9d, 0x15, 0xc1, 
0x0a, 0x0d, 0xa6, 0x86, 0x01, 0xcc, 0x8d, 0x01, 0x00, 0xc1, 0x0a, 0x0d, 0xb4, 0x2f, 0x80, 0xbd, 0x01, 0x01, 0x3f, 0x0d, 
0x90, 0x25, 0x90, 0x25, 0xd0, 0x0a, 0x18, 0xef, 0xcc, 0x01, 0xab, 0x78, 0xd2, 0x9d, 0x01, 0xef, 0xcc, 0x01, 0x5c, 0x18, 
0xe6, 0xa2, 0x01, 0x01, 0x45, 0xaa, 0x55, 0x9e, 0x1e, 0x5d, 0x53, 0x00, 0x00, 0x18, 0xda, 0x32, 0x01, 0x0c, 0x9b, 0x47, 
0xaa, 0xdf, 0x01, 0xca, 0x14, 0x09, 0xfd, 0x86, 0x01, 0xfd, 0x86, 0x01, 0xcc, 0x89, 0x01, 0xa7, 0x1e, 0xf1, 0x02, 0x00, 
0xba, 0x1e, 0x00, 0x9e, 0x15, 0xa9, 0x8b, 0x01, 0x18, 0x9d, 0x15, 0xc1, 0x0a, 0x0d, 0xa6, 0x86, 0x01, 0xce, 0x8d, 0x01, 
0x00, 0xc1, 0x0a, 0x0d, 0xb4, 0x2f, 0x82, 0xbd, 0x01, 0x01, 0x3f, 0x0d, 0x90, 0x25, 0x90, 0x25, 0xd0, 0x0a, 0x18, 0xef, 
0xcc, 0x01, 0xab, 0x78, 0xef, 0xcc, 0x01, 0xc2, 0xa8, 0x01, 0x5c, 0x18, 0xe6, 0xa2, 0x01, 0x01, 0x45, 0xab, 0x55, 0x9e, 
0x1e, 0x5e, 0x53, 0x00, 0x00, 0x18, 0x97, 0x10, 0xc1, 0x0a, 0x0d, 0xef, 0x71, 0x80, 0x36, 0x00, 0x3f, 0x0d, 0xa6, 0x2e, 
0xa6, 0x2e, 0xc1, 0x0a, 0x0d, 0xf2, 0x33, 0x98, 0x98, 0x01, 0x01, 0x3f, 0x0d, 0xf5, 0x2f, 0xf5, 0x2f, 0xd0, 0x0a, 0x18, 
0xfd, 0x52, 0x81, 0x4f, 0xfd, 0x52, 0xd6, 0x9d, 0x01, 0x5c, 0x18, 0xe6, 0xa2, 0x01, 0x01, 0x45, 0xac, 0x55, 0x9e, 0x1e, 
0x5f, 0x53, 0x00, 0x00, 0x18, 0xd1, 0x98, 0x01, 0x8f, 0x1e, 0x18, 0x91, 0x07, 0x8f, 0x1e, 0x18, 0x02, 0x8f, 0x1e, 0x18, 
0x02, 0x8f, 0x1e, 0x18, 0xc4, 0x85, 0x01, 0x8f, 0x1e, 0x88, 0x06, 0x00, 0x01, 0x06, 0x00, 0x00, 0x00, 0x00, 0x00, 0x00, 
0x4c, 0x4f, 0x4d, 0x53, 0x00, 0x03, 0x01, 0x00, 0x00, 0x00, 0x07, 0x00, 0x8f, 0x00, 0x00, 0x00, 0x00, 0x00, 0x00, 0x00, 
0x8c, 0x19, 0x00, 0x00, 0x91, 0x02, 0x01, 0xd1, 0x10, 0x02, 0x47, 0x4c, 0x53, 0x4c, 0x2e, 0x73, 0x74, 0x64, 0x2e, 0x34, 
0x35, 0x30, 0x00, 0x00, 0x00, 0x00, 0xa0, 0x04, 0x00, 0x01, 0xcf, 0x0f, 0x00, 0x02, 0xed, 0xc2, 0xa5, 0xf3, 0x06, 0x00, 
0x03, 0x04, 0x05, 0x06, 0x07, 0x08, 0x09, 0x0a, 0x10, 0x20, 0x06, 0x40, 0x10, 0x02, 0x06, 0x40, 0x10, 0x02, 0x06, 0x10, 
0x10, 0x02, 0x06, 0x10, 0x10, 0x02, 0x06, 0x10, 0x10, 0x02, 0x06, 0x10, 0x10, 0x02, 0x06, 0x10, 0x00, 0x13, 0x02, 0x37, 
0x00, 0xa2, 0x00, 0x05, 0x00, 0x07, 0x01, 0x10, 0x00, 0x23, 0x00, 0x01, 0x05, 0x00, 0x07, 0x01, 0x10, 0x00, 0x23, 0x40, 
0x01, 0x05, 0x00, 0x07, 0x01, 0x10, 0x00, 0x23, 0x40, 0x01, 0x05, 0x00, 0x07, 0x01, 0x10, 0x00, 0x23, 0x40, 0x01, 0x05, 
0x00, 0x07, 0x01, 0x10, 0x00, 0x23, 0x40, 0x01, 0x05, 0x00, 0x07, 0x01, 0x10, 0x00, 0x23, 0x80, 0x02, 0x01, 0x05, 0x00, 
0x07, 0x01, 0x10, 0x00, 0x23, 0x80, 0x02, 0x01, 0x05, 0x00, 0x07, 0x01, 0x10, 0x00, 0x23, 0x40, 0x01, 0x05, 0x00, 0x07, 
0x01, 0x10, 0x00, 0x23, 0x30, 0x01, 0x23, 0x40, 0x01, 0x23, 0x10, 0x01, 0x23, 0x08, 0x01, 0x23, 0x04, 0x01, 0x23, 0x04, 
0x01, 0x23, 0x10, 0x01, 0x23, 0x10, 0x01, 0x23, 0x08, 0x01, 0x00, 0x00, 0x23, 0x08, 0x01, 0x00, 0x00, 0x23, 0x04, 0x01, 
0x00, 0x00, 0x23, 0x04, 0x01, 0x23, 0x08, 0x01, 0x23, 0x04, 0x01, 0x23, 0x04, 0x01, 0x23, 0x04, 0x01, 0x00, 0x00, 0x23, 
0x04, 0x01, 0x00, 0x00, 0x23, 0x04, 0x01, 0x00, 0x00, 0x23, 0x04, 0x01, 0x00, 0x00, 0x23, 0x04, 0x01, 0x00, 0x00, 0x23, 
0x04, 0x01, 0x00, 0x00, 0x23, 0x10, 0x01, 0x00, 0x00, 0x23, 0x0c, 0x01, 0x00, 0x00, 0x23, 0x04, 0x01, 0x00, 0x00, 0x23, 
0x08, 0x01, 0x00, 0x00, 0x23, 0x04, 0x01, 0x00, 0x00, 0x23, 0x04, 0x01, 0x00, 0x00, 0x23, 0x04, 0x01, 0x00, 0x00, 0x23, 
0x04, 0x01, 0x00, 0x00, 0x23, 0x04, 0x01, 0x00, 0x00, 0x23, 0x04, 0x01, 0x23, 0x90, 0x01, 0x01, 0x00, 0x00, 0x23, 0x0c, 
0x01, 0x00, 0x00, 0x23, 0x04, 0x01, 0x00, 0x00, 0x23, 0x10, 0x01, 0x23, 0x10, 0x01, 0x00, 0x00, 0x23, 0x08, 0x01, 0x00, 
0x00, 0x23, 0x04, 0x01, 0x23, 0x04, 0x01, 0x00, 0x00, 0x23, 0x08, 0x01, 0x00, 0x00, 0x23, 0x04, 0x01, 0x23, 0x04, 0x01, 
0x00, 0x00, 0x23, 0x10, 0x01, 0x00, 0x00, 0x23, 0x04, 0x01, 0x23, 0x04, 0x01, 0x00, 0x00, 0x23, 0x08, 0x01, 0x23, 0x04, 
0x01, 0x00, 0x00, 0x23, 0x04, 0x01, 0x00, 0x00, 0x23, 0x04, 0x01, 0x23, 0x04, 0x01, 0x23, 0x0c, 0x01, 0x00, 0x00, 0x23, 
0x04, 0x01, 0x23, 0x04, 0x01, 0x23, 0x04, 0x01, 0x23, 0x04, 0x01, 0x00, 0x00, 0x23, 0x04, 0x01, 0x00, 0x00, 0x23, 0x0c, 
0x01, 0x23, 0x04, 0x01, 0x00, 0x00, 0x23, 0x04, 0x01, 0x23, 0x04, 0x01, 0x23, 0x04, 0x01, 0x05, 0x00, 0x07, 0x01, 0x10, 
0x00, 0x23, 0x04, 0x01, 0x23, 0x30, 0x01, 0x23, 0x08, 0x01, 0x05, 0x00, 0x07, 0x01, 0x10, 0x00, 0x23, 0x08, 0x01, 0x05, 
0x00, 0x07, 0x01, 0x10, 0x00, 0x23, 0x40, 0x01, 0x00, 0x00, 0x23, 0x40, 0x01, 0x00, 0x00, 0x23, 0x04, 0x01, 0x00, 0x00, 
0x23, 0x04, 0x01, 0x00, 0x00, 0x23, 0x04, 0x01, 0x23, 0x04, 0x01, 0x00, 0x00, 0x23, 0x40, 0x01, 0x00, 0x00, 0x23, 0x04, 
0x01, 0x00, 0x00, 0x23, 0x04, 0x01, 0x00, 0x00, 0x23, 0x04, 0x01, 0x23, 0x04, 0x01, 0x00, 0x00, 0x23, 0x40, 0x01, 0x00, 
0x00, 0x23, 0x40, 0x01, 0x00, 0x00, 0x23, 0x04, 0x01, 0x00, 0x00, 0x23, 0x04, 0x01, 0x00, 0x00, 0x23, 0x04, 0x01, 0x00, 
0x00, 0x23, 0x04, 0x10, 0x02, 0x21, 0x00, 0x10, 0x00, 0x22, 0x00, 0x10, 0x13, 0x1e, 0x00, 0x00, 0x02, 0x0e, 0x10, 0x00, 
0x1e, 0x0a, 0x10, 0x02, 0x0b, 0x2b, 0x10, 0x12, 0x01, 0x08, 0x10, 0x0f, 0x1e, 0x00, 0x10, 0x02, 0x1e, 0x06, 0x10, 0x02, 
0x1e, 0x09, 0x10, 0x02, 0x0b, 0x03, 0x00, 0x0c, 0x02, 0x47, 0x00, 0x02, 0x00, 0x0b, 0x01, 0x00, 0x01, 0x0b, 0x01, 0x01, 
0x93, 0x02, 0x2c, 0xa1, 0x04, 0x02, 0x17, 0xa6, 0x02, 0x02, 0x20, 0xb7, 0x02, 0x02, 0x19, 0x04, 0xb8, 0x02, 0x02, 0x1a, 
0x04, 0xbe, 0x02, 0x1f, 0x1a, 0x1a, 0xb5, 0x02, 0x22, 0x20, 0x01, 0xb7, 0x02, 0x02, 0x19, 0x03, 0xb8, 0x02, 0x02, 0x1d, 
0x03, 0xb5, 0x02, 0x02, 0x20, 0x00, 0xbb, 0x04, 0x1c, 0x02, 0x00, 0x00, 0x00, 0x00, 0x3e, 0x02, 0x02, 0x1b, 0xbb, 0x04, 
0x1c, 0x02, 0x01, 0x00, 0x00, 0x00, 0xbb, 0x04, 0x1f, 0x02, 0x04, 0x00, 0x00, 0x00, 0xbc, 0x02, 0x25, 0x1b, 0x23, 0xbc, 
0x02, 0x02, 0x1b, 0x23, 0xb7, 0x02, 0x26, 0x19, 0x02, 0xb7, 0x02, 0x02, 0x1f, 0x03, 0xbb, 0x04, 0x1f, 0x02, 0x09, 0x00, 
0x00, 0x00, 0xbc, 0x02, 0x27, 0x1d, 0x26, 0xbc, 0x02, 0x02, 0x1a, 0x23, 0xbc, 0x02, 0x02, 0x1a, 0x23, 0xbc, 0x02, 0x02, 
0x1a, 0x23, 0xbc, 0x02, 0x02, 0x1a, 0x26, 0xbe, 0x83, 0xc0, 0x02, 0x13, 0x1b, 0x1b, 0x1b, 0x1b, 0x10, 0x11, 0x1b, 0x1e, 
0x1b, 0x1a, 0x24, 0x19, 0x19, 0x1a, 0x1a, 0x24, 0x24, 0x19, 0x19, 0x24, 0x19, 0x19, 0x19, 0x19, 0x19, 0x19, 0x19, 0x19, 
0x1a, 0x25, 0x1c, 0x24, 0x1c, 0x1c, 0x1c, 0x1c, 0x19, 0x19, 0x12, 0x1d, 0x19, 0x1a, 0x1a, 0x24, 0x1c, 0x19, 0x24, 0x19, 
0x19, 0x1a, 0x1c, 0x19, 0x24, 0x19, 0x19, 0x19, 0x1f, 0x1d, 0x19, 0x19, 0x1f, 0x19, 0x19, 0x1d, 0x19, 0x19, 0x19, 0x19, 
0x19, 0x1e, 0x24, 0x24, 0x1b, 0x1b, 0x19, 0x19, 0x19, 0x19, 0x13, 0x1c, 0x19, 0x19, 0x19, 0x14, 0x15, 0x1c, 0x1c, 0x1c, 
0x1c, 0x16, 0x3e, 0x36, 0x02, 0x0c, 0x39, 0x27, 0x33, 0x02, 0xbb, 0x04, 0x1c, 0x36, 0x06, 0x00, 0x00, 0x00, 0x3e, 0x02, 
0x01, 0x1a, 0x39, 0x29, 0x4b, 0x01, 0xbb, 0x04, 0x1f, 0x4e, 0x02, 0x00, 0x00, 0x00, 0xbb, 0x04, 0x19, 0x02, 0x00, 0x00, 
0x00, 0xbf, 0xbb, 0x04, 0x19, 0x02, 0x00, 0x00, 0x00, 0x3f, 0xbb, 0x04, 0x19, 0x02, 0x00, 0x00, 0x00, 0x20, 0x94, 0x02, 
0x02, 0xbb, 0x04, 0x19, 0x02, 0x00, 0x00, 0x00, 0x00, 0xbb, 0x04, 0x19, 0x02, 0x00, 0x00, 0x00, 0xa0, 0xbb, 0x04, 0x19, 
0x02, 0x00, 0x00, 0x80, 0x3f, 0xec, 0x04, 0x1a, 0x02, 0x06, 0x06, 0x06, 0x06, 0xbb, 0x04, 0x1f, 0x02, 0x00, 0x00, 0x00, 
0x00, 0xbb, 0x04, 0x1f, 0x02, 0x01, 0x00, 0x00, 0x00, 0x3e, 0x02, 0x03, 0x1c, 0x39, 0x35, 0x61, 0x03, 0x3e, 0x64, 0x01, 
0x1c, 0x39, 0x36, 0x61, 0x01, 0xb2, 0x06, 0x1c, 0x12, 0x02, 0x00, 0x00, 0x00, 0x3e, 0x52, 0x03, 0x1a, 0x39, 0x37, 0x61, 
0x03, 0x39, 0x37, 0x02, 0x03, 0x3e, 0x62, 0x03, 0x19, 0x39, 0x37, 0x5f, 0x03, 0xbb, 0x04, 0x19, 0x62, 0x00, 0x00, 0x00, 
0x40, 0xbb, 0x04, 0x19, 0x02, 0x00, 0x00, 0x80, 0xbf, 0xbc, 0x02, 0x02, 0x19, 0x2a, 0x3e, 0x02, 0x03, 0x3b, 0x39, 0x3c, 
0x65, 0x03, 0xbe, 0x02, 0x0c, 0x1a, 0x19, 0x3e, 0x5c, 0x03, 0x0f, 0x39, 0x3d, 0x65, 0x03, 0xcc, 0x04, 0x24, 0x68, 0x24, 
0x24, 0xc6, 0x06, 0x17, 0x77, 0x00, 0x18, 0x18, 0x7a, 0x01, 0x1c, 0x02, 0x76, 0x22, 0x78, 0x00, 0x01, 0x1c, 0x02, 0x7a, 
0xc7, 0x10, 0x1c, 0x02, 0x02, 0x68, 0x13, 0x21, 0x02, 0x0d, 0x28, 0x01, 0x1b, 0x02, 0x02, 0x01, 0x1a, 0x02, 0x84, 0x01, 
0xc1, 0x0a, 0x19, 0x02, 0x02, 0x02, 0x4a, 0x19, 0x02, 0x02, 0x38, 0x4b, 0x19, 0x02, 0x02, 0x38, 0xd2, 0x0a, 0x1a, 0x02, 
0x02, 0x08, 0x02, 0xc1, 0x12, 0x1a, 0x02, 0x0c, 0x02, 0xc1, 0x0a, 0x19, 0x02, 0x02, 0x03, 0x5c, 0x19, 0x02, 0x01, 0x04, 
0x4b, 0xc8, 0x16, 0x2e, 0x02, 0x02, 0x40, 0xa7, 0x1e, 0x01, 0x00, 0xba, 0x1e, 0x00, 0x03, 0x01, 0x18, 0x04, 0xc8, 0x16, 
0x2e, 0x02, 0x0a, 0x42, 0xd9, 0x14, 0x19, 0x02, 0x02, 0x42, 0x48, 0xd2, 0x0a, 0x1a, 0x02, 0x02, 0x10, 0x03, 0x99, 0x1e, 
0x08, 0x18, 0x07, 0xe5, 0x1e, 0x1a, 0x0a, 0x4a, 0x00, 0x00, 0x00, 0x3f, 0x00, 0x00, 0x00, 0x52, 0x00, 0x00, 0x00, 0x4f, 
0x00, 0x00, 0x00, 0xc1, 0x0a, 0x19, 0x02, 0x02, 0x03, 0xc8, 0x10, 0x19, 0x02, 0x48, 0x02, 0xce, 0x10, 0x1a, 0x02, 0x06, 
0x02, 0xc0, 0x0a, 0x0b, 0x02, 0x4a, 0x02, 0xc1, 0x0a, 0x1a, 0x02, 0x02, 0x00, 0xc1, 0x0a, 0x1a, 0x02, 0x04, 0x01, 0x2d, 
0x24, 0x02, 0x2a, 0x2a, 0x10, 0xce, 0x10, 0x24, 0x02, 0x02, 0x5e, 0x4b, 0x24, 0x02, 0x02, 0x3c, 0xc1, 0x0a, 0x19, 0x02, 
0x02, 0x00, 0xd2, 0x0a, 0x1a, 0x02, 0x02, 0x0c, 0x00, 0xc1, 0x0a, 0x19, 0x02, 0x06, 0x01, 0xd2, 0x0a, 0x1a, 0x02, 0x02, 
0x04, 0x01, 0xc0, 0x0a, 0x0b, 0x02, 0x02, 0x10, 0xc1, 0x0a, 0x1a, 0x02, 0x02, 0x00, 0xc1, 0x0a, 0x1a, 0x02, 0x04, 0x01, 
0x22, 0xba, 0x01, 0x02, 0x3d, 0x1d, 0x02, 0x02, 0x02, 0x18, 0x13, 0x38, 0x02, 0x07, 0x33, 0xc1, 0x0a, 0x19, 0x02, 0x04, 
0x00, 0x22, 0x02, 0x00, 0x13, 0x38, 0x02, 0x07, 0x34, 0xc1, 0x0a, 0x19, 0x02, 0x08, 0x01, 0x22, 0x02, 0x00, 0x13, 0x38, 
0x02, 0x07, 0x2a, 0xc1, 0x0a, 0x19, 0x02, 0x0c, 0x02, 0x22, 0x02, 0x00, 0x22, 0xc4, 0x01, 0x42, 0x01, 0x1c, 0x02, 0xce, 
0x01, 0xcb, 0x10, 0x1c, 0x02, 0x02, 0xbc, 0x01, 0xbf, 0x0c, 0x19, 0x02, 0xbe, 0x01, 0xc8, 0x10, 0x19, 0x02, 0x6a, 0x02, 
0xc8, 0x10, 0x19, 0x02, 0x02, 0x6c, 0x4b, 0x19, 0x02, 0x6c, 0x02, 0xbf, 0x0c, 0x19, 0x02, 0x0a, 0x4a, 0x19, 0x02, 0x08, 
0x02, 0x4b, 0x19, 0x02, 0x06, 0x02, 0xc8, 0x10, 0x19, 0x02, 0x86, 0x01, 0x0e, 0xc1, 0x0a, 0x19, 0x02, 0x58, 0x00, 0x4a, 
0x19, 0x02, 0x02, 0x04, 0xd2, 0x0a, 0x1a, 0x02, 0x02, 0x5c, 0x00, 0xc1, 0x0a, 0x19, 0x02, 0x02, 0x03, 0x4a, 0x19, 0x02, 
0x0c, 0x02, 0xc1, 0x0a, 0x19, 0x02, 0x06, 0x00, 0x4b, 0x19, 0x02, 0x02, 0x04, 0xd2, 0x0a, 0x1a, 0x02, 0x02, 0x0a, 0x00, 
0xc1, 0x0a, 0x19, 0x02, 0x02, 0x00, 0xc3, 0x10, 0x19, 0x02, 0x9a, 0x01, 0x18, 0xc1, 0x0a, 0x19, 0x02, 0x06, 0x03, 0x4a, 
0x19, 0x02, 0x04, 0x02, 0x4b, 0x19, 0x02, 0x08, 0x02, 0xc0, 0x10, 0x1c, 0x02, 0x2c, 0xc0, 0x01, 0xbf, 0x0c, 0x19, 0x02, 
0x02, 0x4a, 0x19, 0x02, 0x2c, 0x02, 0xc3, 0x10, 0x19, 0x02, 0xa8, 0x01, 0x02, 0x4a, 0x19, 0x02, 0x02, 0x0e, 0x4b, 0x19, 
0x02, 0x14, 0x02, 0x13, 0x38, 0x02, 0x09, 0x20, 0x22, 0x00, 0x0e, 0x3f, 0x19, 0x02, 0x04, 0x13, 0x38, 0x02, 0x09, 0x22, 
0x22, 0x00, 0x02, 0xc1, 0x0a, 0x19, 0x02, 0x1e, 0x01, 0x3f, 0x19, 0x02, 0x02, 0xd2, 0x0a, 0x1a, 0x02, 0x02, 0x22, 0x01, 
0x13, 0x37, 0x02, 0x0a, 0x20, 0x22, 0x00, 0x02, 0x22, 0x94, 0x02, 0x98, 0x01, 0x8d, 0x1e, 0x88, 0x06, 0x00, 0x00, 0x00, 
0x00, 0x00, 0x00, 0x00, 0x08, 0x07, 0x00, 0x00, 0x00, 0x00, 0x00, 0x00, 0x4c, 0x4f, 0x4d, 0x53, 0x00, 0x03, 0x01, 0x00, 
0x0b, 0x00, 0x08, 0x00, 0x95, 0x62, 0x00, 0x00, 0x00, 0x00, 0x00, 0x00, 0x30, 0x10, 0x00, 0x00, 0x91, 0x02, 0x01, 0xd1, 
0x10, 0x02, 0x47, 0x4c, 0x53, 0x4c, 0x2e, 0x73, 0x74, 0x64, 0x2e, 0x34, 0x35, 0x30, 0x00, 0x00, 0x00, 0x00, 0xa0, 0x04, 
0x00, 0x01, 0xef, 0x0e, 0x04, 0x9f, 0x2c, 0xed, 0xc2, 0xa5, 0xf3, 0x06, 0x00, 0x88, 0x1c, 0xf3, 0x23, 0xa0, 0x02, 0x9f, 
0x2c, 0x07, 0xa0, 0x02, 0x9f, 0x2c, 0x0c, 0x00, 0xce, 0x59, 0x00, 0x00, 0xd5, 0x0c, 0x00, 0x00, 0x92, 0x0c, 0x00, 0x00, 
0xac, 0x35, 0x00, 0x00, 0x9c, 0x22, 0x00, 0x00, 0xb4, 0x03, 0x00, 0x00, 0xc9, 0x27, 0x00, 0x00, 0x96, 0x2b, 0x00, 0x00, 
0x99, 0x04, 0x00, 0x00, 0xf2, 0x33, 0x00, 0x00, 0xf5, 0x2f, 0x00, 0x00, 0x81, 0x53, 0x00, 0x00, 0xd8, 0x87, 0x02, 0x00, 
0x00, 0xb7, 0x79, 0x00, 0x00, 0xfd, 0x3a, 0x00, 0x00, 0x95, 0x12, 0x00, 0x00, 0xe4, 0xad, 0x01, 0x00, 0x00, 0xe9, 0x42, 
0x00, 0x00, 0xb6, 0x10, 0x00, 0x00, 0x99, 0x2e, 0x00, 0x00, 0x84, 0x41, 0x00, 0x00, 0xd7, 0x80, 0x01, 0x00, 0x00, 0xa8, 
0xd7, 0x01, 0x00, 0x00, 0xb7, 0x69, 0x00, 0x00, 0x99, 0x2e, 0x00, 0x00, 0xfc, 0x4e, 0x00, 0x00, 0xb4, 0x2f, 0x00, 0x00, 
0xed, 0x84, 0x02, 0x00, 0x00, 0xe3, 0x07, 0x00, 0x00, 0xd8, 0x87, 0x02, 0x00, 0x00, 0xb3, 0x79, 0x00, 0x00, 0xfc, 0x4e, 
0x00, 0x00, 0xb4, 0x2f, 0x00, 0x00, 0xed, 0x84, 0x02, 0x00, 0x00, 0xe3, 0x07, 0x00, 0x00, 0xd8, 0x87, 0x02, 0x00, 0x00, 
0xf9, 0xe6, 0x01, 0x00, 0x00, 0xa6, 0x2e, 0x00, 0x00, 0xf2, 0x33, 0x00, 0x00, 0xf5, 0x2f, 0x00, 0x00, 0xfd, 0x52, 0x00, 
0x00, 0xd8, 0x87, 0x02, 0x00, 0x00, 0xc1, 0xd7, 0x02, 0x02, 0x37, 0x00, 0x0d, 0x00, 0x05, 0x00, 0x07, 0x01, 0x10, 0x00, 
0x23, 0x00, 0x01, 0x00, 0x00, 0x23, 0x40, 0x01, 0x00, 0x00, 0x23, 0x10, 0x01, 0x00, 0x00, 0x23, 0x04, 0x01, 0x00, 0x00, 
0x23, 0x04, 0x01, 0x00, 0x00, 0x23, 0x04, 0x10, 0xf6, 0x29, 0x21, 0x00, 0x10, 0x00, 0x22, 0x02, 0x10, 0xb3, 0x06, 0x1e, 
0x00, 0x10, 0xd6, 0x0f, 0x0b, 0x16, 0x00, 0xb2, 0xfa, 0x01, 0x00, 0x00, 0xf4, 0x22, 0x00, 0x00, 0xab, 0xcb, 0x01, 0x00, 
0x00, 0xec, 0x56, 0x00, 0x00, 0xf9, 0x47, 0x00, 0x00, 0x8e, 0x45, 0x00, 0x00, 0xa1, 0x21, 0x00, 0x00, 0x9c, 0x17, 0x00, 
0x00, 0xaa, 0x0b, 0x00, 0x00, 0xd9, 0x5e, 0x00, 0x93, 0x02, 0x0e, 0xa1, 0x04, 0xf4, 0x13, 0x08, 0xa6, 0x02, 0xe9, 0x13, 
0x20, 0xb7, 0x02, 0x20, 0x0d, 0x04, 0xb7, 0x02, 0x09, 0x0d, 0x03, 0xb5, 0x02, 0x17, 0x20, 0x01, 0x3e, 0xfa, 0x09, 0x07, 
0x0c, 0xb7, 0x02, 0xeb, 0x09, 0x0d, 0x02, 0x3e, 0xfa, 0x09, 0x07, 0x13, 0xc1, 0x04, 0xe4, 0x21, 0x18, 0x89, 0x05, 0x90, 
0x05, 0xb8, 0x02, 0xb9, 0x2a, 0x1d, 0x04, 0xbb, 0x04, 0x0c, 0xcc, 0x26, 0x00, 0x00, 0x00, 0x00, 0x3e, 0xd1, 0x1c, 0x02, 
0x65, 0xbb, 0x04, 0x0c, 0xd8, 0x1c, 0x01, 0x00, 0x00, 0x00, 0xbb, 0x04, 0x0c, 0x06, 0x02, 0x00, 0x00, 0x00, 0x3e, 0x8d, 
0x1e, 0x02, 0x0c, 0xbb, 0x04, 0x0c, 0x94, 0x1e, 0x03, 0x00, 0x00, 0x00, 0xbb, 0x04, 0x0c, 0x06, 0x04, 0x00, 0x00, 0x00, 
0xbb, 0x04, 0x0c, 0x06, 0x05, 0x00, 0x00, 0x00, 0x3e, 0x9d, 0x1e, 0x02, 0x0d, 0xbb, 0x04, 0x0d, 0x81, 0x08, 0x00, 0x00, 
0x80, 0x3f, 0xbb, 0x04, 0x0d, 0x84, 0x26, 0x00, 0x00, 0x00, 0x00, 0xbb, 0x04, 0x0d, 0xe5, 0x27, 0x00, 0x00, 0x00, 0x40, 
0x94, 0x02, 0x1f, 0xbb, 0x04, 0x0d, 0xf0, 0x0c, 0x00, 0x00, 0x80, 0xbf, 0xfe, 0x02, 0xcc, 0x07, 0x65, 0x1d, 0x0c, 0x0c, 
0x0c, 0x0d, 0x3e, 0xfa, 0x09, 0x02, 0xa7, 0x0a, 0x39, 0xa4, 0x0f, 0xfc, 0x1f, 0x02, 0x3e, 0x8f, 0x34, 0x01, 0x1d, 0x39, 
0x9a, 0x05, 0xdc, 0x2d, 0x01, 0x3e, 0xf7, 0x2d, 0x03, 0x0d, 0x39, 0x8c, 0x05, 0xce, 0x3d, 0x03, 0xcc, 0x04, 0x13, 0xa7, 
0x2b, 0xd9, 0x0b, 0xd9, 0x0b, 0xcc, 0x04, 0x13, 0xbd, 0x10, 0xec, 0x09, 0xec, 0x09, 0xc6, 0x06, 0x08, 0xbe, 0x4c, 0x00, 
0x82, 0x0a, 0x18, 0xb6, 0x65, 0x39, 0x89, 0x05, 0xa4, 0x84, 0x01, 0x07, 0x39, 0x90, 0x05, 0xf4, 0x22, 0x07, 0x13, 0xe2, 
0x05, 0xaa, 0x14, 0xa2, 0x1f, 0x8b, 0x14, 0x01, 0x65, 0xd9, 0x05, 0xd9, 0x05, 0x01, 0x1d, 0xe5, 0xad, 0x01, 0xe6, 0x8d, 
0x01, 0x2d, 0x13, 0xd0, 0xc0, 0x01, 0xd0, 0xc0, 0x01, 0xd0, 0xc0, 0x01, 0x10, 0x7c, 0x13, 0xc3, 0x1e, 0x01, 0x2b, 0xa3, 
0xc3, 0x01, 0x9f, 0x0e, 0x80, 0x06, 0xc1, 0x0a, 0x0d, 0x93, 0xc1, 0x01, 0x93, 0xc1, 0x01, 0x00, 0xc1, 0x0a, 0x0d, 0xdc, 
0xc1, 0x01, 0x48, 0x01, 0xe0, 0x0a, 0x1d, 0xdd, 0x3a, 0xfe, 0x86, 0x01, 0xdd, 0x3a, 0xd8, 0xab, 0x02, 0xd8, 0xab, 0x02, 
0xc1, 0x12, 0x1d, 0xa5, 0x61, 0x95, 0xa7, 0x01, 0xa5, 0x61, 0x2d, 0x13, 0xc4, 0x04, 0xc4, 0x04, 0xc4, 0x04, 0x10, 0x13, 
0x8a, 0x05, 0x92, 0x5c, 0xa2, 0x1f, 0x91, 0x14, 0x01, 0x0c, 0xbb, 0x93, 0x01, 0xbb, 0x93, 0x01, 0xca, 0x14, 0x09, 0xac, 
0x79, 0xac, 0x79, 0xf6, 0xea, 0x01, 0xb8, 0x14, 0x09, 0xcf, 0xaa, 0x01, 0xcf, 0xaa, 0x01, 0xa7, 0x1e, 0xeb, 0x93, 0x01, 
0x00, 0xba, 0x1e, 0x00, 0xc5, 0x6d, 0xeb, 0x93, 0x01, 0x18, 0xc6, 0x6d, 0xc1, 0x0a, 0x0d, 0xc2, 0x99, 0x01, 0xba, 0x9e, 
0x01, 0x00, 0xca, 0x16, 0x09, 0x8f, 0x76, 0x8f, 0x76, 0xa0, 0xf7, 0x01, 0x99, 0x1e, 0xf3, 0x02, 0x18, 0xf4, 0x02, 0xe5, 
0x1e, 0x09, 0xa7, 0x88, 0x01, 0xc6, 0x44, 0x00, 0x00, 0x7a, 0x2f, 0x00, 0x00, 0x5a, 0x3e, 0x00, 0x00, 0x81, 0x35, 0x00, 
0x00, 0xb8, 0x14, 0x09, 0xba, 0x83, 0x02, 0xba, 0x83, 0x02, 0xa7, 0x1e, 0xac, 0x94, 0x01, 0x00, 0xba, 0x1e, 0x00, 0x84, 
0xa2, 0x01, 0xac, 0x94, 0x01, 0x18, 0x83, 0xa2, 0x01, 0xc1, 0x0a, 0x0d, 0xc2, 0x9f, 0x01, 0xee, 0xa3, 0x01, 0x00, 0xc8, 
0x16, 0x09, 0xbd, 0xa5, 0x01, 0xbd, 0xa5, 0x01, 0xa2, 0xa7, 0x01, 0x99, 0x1e, 0xd3, 0x13, 0x18, 0xd4, 0x13, 0xe5, 0x1e, 
0x09, 0x8b, 0x6f, 0x00, 0x1d, 0x00, 0x00, 0x14, 0x3f, 0x00, 0x00, 0xdd, 0x33, 0x00, 0x00, 0x5b, 0x35, 0x00, 0x00, 0xb8, 
0x14, 0x09, 0xba, 0x83, 0x02, 0xba, 0x83, 0x02, 0xa7, 0x1e, 0xac, 0x94, 0x01, 0x00, 0xba, 0x1e, 0x00, 0x84, 0xa2, 0x01, 
0xac, 0x94, 0x01, 0x18, 0x83, 0xa2, 0x01, 0xc1, 0x0a, 0x0d, 0xc2, 0x9f, 0x01, 0xf0, 0xa3, 0x01, 0x01, 0xc8, 0x16, 0x09, 
0xbd, 0xa5, 0x01, 0xbd, 0xa5, 0x01, 0xa4, 0xa7, 0x01, 0x99, 0x1e, 0xd3, 0x13, 0x18, 0xd4, 0x13, 0xe5, 0x1e, 0x09, 0x8b, 
0x6f, 0x01, 0x1d, 0x00, 0x00, 0xc7, 0x38, 0x00, 0x00, 0xde, 0x33, 0x00, 0x00, 0x5c, 0x35, 0x00, 0x00, 0xb8, 0x14, 0x09, 
0xba, 0x83, 0x02, 0xba, 0x83, 0x02, 0xa7, 0x1e, 0xdc, 0x63, 0x00, 0xba, 0x1e, 0x00, 0xba, 0xa1, 0x01, 0xdc, 0x63, 0x18, 
0xb9, 0xa1, 0x01, 0xc1, 0x0a, 0x0d, 0xc2, 0x99, 0x01, 0xbc, 0x9e, 0x01, 0x01, 0xca, 0x16, 0x09, 0x8f, 0x76, 0x8f, 0x76, 
0xa2, 0xf7, 0x01, 0x99, 0x1e, 0xab, 0x1a, 0x18, 0xac, 0x1a, 0xe5, 0x1e, 0x09, 0xb7, 0x4a, 0x02, 0x1d, 0x00, 0x00, 0xc8, 
0x38, 0x00, 0x00, 0x5b, 0x3e, 0x00, 0x00, 0x82, 0x35, 0x00, 0x00, 0xa7, 0x1e, 0x8e, 0x0f, 0x00, 0xba, 0x1e, 0x00, 0xf7, 
0xac, 0x01, 0x90, 0x0f, 0x18, 0xf8, 0xac, 0x01, 0x99, 0x1e, 0x86, 0xbc, 0x01, 0x18, 0x87, 0xbc, 0x01, 0x13, 0x8a, 0x05, 
0xa4, 0xc6, 0x01, 0xa2, 0x1f, 0x94, 0x14, 0x01, 0x0c, 0xf1, 0x8f, 0x01, 0xf1, 0x8f, 0x01, 0xcb, 0x14, 0x09, 0x97, 0x08, 
0x97, 0x08, 0x9e, 0xc0, 0x01, 0xa7, 0x1e, 0xf3, 0x6b, 0x00, 0xba, 0x1e, 0x00, 0xdc, 0x22, 0xd2, 0x21, 0x18, 0xdb, 0x22, 
0xc1, 0x0a, 0x0d, 0x85, 0x1d, 0xb7, 0x28, 0x01, 0xc3, 0x10, 0x0d, 0x8e, 0x45, 0xcc, 0xeb, 0x01, 0x8e, 0x45, 0xd2, 0x0a, 
0x13, 0xb5, 0x5d, 0xb5, 0x5d, 0xdf, 0x40, 0x01, 0x13, 0x8a, 0x05, 0xd0, 0x25, 0xa2, 0x1f, 0x97, 0x14, 0x01, 0x0c, 0xc4, 
0x16, 0xc4, 0x16, 0x22, 0xd9, 0x75, 0x00, 0x22, 0xcd, 0x98, 0x01, 0x94, 0x3c, 0xd9, 0x06, 0x18, 0x9c, 0x17, 0xd0, 0x8a, 
0x01, 0xbd, 0x5e, 0xb1, 0x81, 0x01, 0x99, 0x1e, 0xcd, 0x70, 0x18, 0xf7, 0x1c, 0x99, 0x1e, 0xc5, 0x8d, 0x01, 0x18, 0xc6, 
0x8d, 0x01, 0x99, 0x1e, 0x8c, 0x9a, 0x01, 0x18, 0x8b, 0x9a, 0x01, 0x13, 0x8b, 0x05, 0xf4, 0xa5, 0x01, 0xa2, 0x1f, 0x9a, 
0x14, 0x01, 0x0d, 0x8b, 0x71, 0x8b, 0x71, 0x22, 0x9e, 0xa7, 0x01, 0x00, 0x8d, 0x1e, 0x88, 0x06, 0xc6, 0x06, 0x18, 0xf9, 
0x95, 0x01, 0x00, 0x82, 0x16, 0xa7, 0x06, 0x89, 0x05, 0x44, 0xa7, 0x06, 0x90, 0x05, 0xd5, 0x0c, 0x18, 0x98, 0xb3, 0x02, 
0x01, 0x13, 0xd9, 0xf1, 0x01, 0xbe, 0x41, 0xce, 0x10, 0x13, 0x9c, 0x22, 0x9c, 0x22, 0xa0, 0xb0, 0x01, 0xc3, 0x10, 0x13, 
0xb4, 0x03, 0xb4, 0x03, 0x86, 0xa8, 0x01, 0x01, 0x0c, 0xc9, 0x27, 0xee, 0x32, 0xca, 0x14, 0x09, 0xf6, 0x33, 0xf6, 0x33, 
0x9c, 0x98, 0x01, 0xa7, 0x1e, 0x91, 0x94, 0x01, 0x00, 0xba, 0x1e, 0x00, 0xcb, 0x08, 0xd0, 0x4b, 0x18, 0xcc, 0x08, 0xc1, 
0x0a, 0x0d, 0xab, 0x11, 0xcc, 0x03, 0x01, 0x3f, 0x0d, 0x99, 0x04, 0x99, 0x04, 0xc1, 0x0a, 0x0d, 0xf2, 0x33, 0xa4, 0x33, 
0x00, 0x3f, 0x0d, 0xf5, 0x2f, 0xf5, 0x2f, 0xd0, 0x0a, 0x18, 0x81, 0x53, 0x9e, 0x62, 0x85, 0x4f, 0x81, 0x53, 0x5c, 0x18, 
0xd8, 0x87, 0x02, 0x01, 0x45, 0x99, 0x32, 0x9e, 0x1e, 0x05, 0x5b, 0x00, 0x00, 0x18, 0xa7, 0xf7, 0x01, 0x01, 0x0c, 0xf0, 
0x7d, 0x84, 0x99, 0x01, 0xca, 0x14, 0x09, 0xfd, 0x86, 0x01, 0xfd, 0x86, 0x01, 0xb8, 0x43, 0xa7, 0x1e, 0xdb, 0x60, 0x00, 
0xba, 0x1e, 0x00, 0xab, 0x5d, 0x8f, 0x09, 0x18, 0xac, 0x5d, 0xc1, 0x0a, 0x0d, 0xab, 0x11, 0xce, 0x03, 0x01, 0x3f, 0x0d, 
0x95, 0x12, 0x95, 0x12, 0xc1, 0x0a, 0x0d, 0xe4, 0xad, 0x01, 0x9c, 0x9f, 0x01, 0x00, 0xd0, 0x0a, 0x18, 0xe9, 0x42, 0xb6, 
0x83, 0x02, 0xfa, 0x6a, 0xe9, 0x42, 0x5c, 0x18, 0xb6, 0x10, 0x01, 0x45, 0x9c, 0x88, 0x01, 0x9e, 0x1e, 0x37, 0x48, 0x00, 
0x00, 0x18, 0x89, 0xac, 0x01, 0x01, 0x0c, 0xf0, 0x7d, 0x86, 0x99, 0x01, 0xca, 0x14, 0x09, 0xfd, 0x86, 0x01, 0xfd, 0x86, 
0x01, 0xb4, 0x43, 0xa7, 0x1e, 0xd7, 0x60, 0x00, 0xba, 0x1e, 0x00, 0xd3, 0x4f, 0x8f, 0x09, 0x18, 0xd4, 0x4f, 0xc1, 0x0a, 
0x0d, 0xae, 0x78, 0xd2, 0x7f, 0x00, 0xc1, 0x0a, 0x0d, 0xd7, 0x80, 0x01, 0x85, 0x01, 0x01, 0xd0, 0x0a, 0x18, 0xa8, 0xd7, 
0x01, 0xd0, 0x56, 0x94, 0x88, 0x03, 0xa8, 0xd7, 0x01, 0x5c, 0x18, 0xb7, 0x69, 0x01, 0x45, 0x94, 0xc5, 0x01, 0x9e, 0x1e, 
0x38, 0x48, 0x00, 0x00, 0x18, 0x89, 0xac, 0x01, 0x01, 0x0c, 0xf0, 0x7d, 0x88, 0x99, 0x01, 0xca, 0x14, 0x09, 0xfd, 0x86, 
0x01, 0xfd, 0x86, 0x01, 0xb0, 0x43, 0xa7, 0x1e, 0xd3, 0x60, 0x00, 0xba, 0x1e, 0x00, 0xd3, 0x4f, 0x8f, 0x09, 0x18, 0xd4, 
0x4f, 0xc1, 0x0a, 0x0d, 0xa6, 0x86, 0x01, 0xcc, 0x8d, 0x01, 0x00, 0xc1, 0x0a, 0x0d, 0xb4, 0x2f, 0x80, 0xbd, 0x01, 0x01, 
0x3f, 0x0d, 0xed, 0x84, 0x02, 0xed, 0x84, 0x02, 0xd0, 0x0a, 0x18, 0xe3, 0x07, 0x9d, 0xdd, 0x01, 0xb2, 0x57, 0xe3, 0x07, 
0x5c, 0x18, 0xd8, 0x87, 0x02, 0x01, 0x45, 0x9a, 0x32, 0x9e, 0x1e, 0x06, 0x5b, 0x00, 0x00, 0x18, 0xa3, 0xf7, 0x01, 0x01, 
0x0c, 0xf0, 0x7d, 0x8a, 0x99, 0x01, 0xca, 0x14, 0x09, 0xfd, 0x86, 0x01, 0xfd, 0x86, 0x01, 0xac, 0x43, 0xa7, 0x1e, 0xe3, 
0x67, 0x00, 0xba, 0x1e, 0x00, 0xd3, 0x4f, 0x9b, 0xf0, 0x01, 0x18, 0xd4, 0x4f, 0xc1, 0x0a, 0x0d, 0xa6, 0x86, 0x01, 0xce, 
0x8d, 0x01, 0x00, 0xc1, 0x0a, 0x0d, 0xb4, 0x2f, 0x82, 0xbd, 0x01, 0x01, 0x3f, 0x0d, 0xed, 0x84, 0x02, 0xed, 0x84, 0x02, 
0xd0, 0x0a, 0x18, 0xe3, 0x07, 0x9d, 0xdd, 0x01, 0xe3, 0x07, 0xa2, 0x62, 0x5c, 0x18, 0xd8, 0x87, 0x02, 0x01, 0x45, 0x9b, 
0x32, 0x9e, 0x1e, 0x07, 0x5b, 0x00, 0x00, 0x18, 0x97, 0x10, 0xc1, 0x0a, 0x0d, 0xe1, 0xd6, 0x01, 0xf1, 0x2e, 0x00, 0x3f, 
0x0d, 0xa6, 0x2e, 0xa6, 0x2e, 0xc1, 0x0a, 0x0d, 0xf2, 0x33, 0xa6, 0x33, 0x01, 0x3f, 0x0d, 0xf5, 0x2f, 0xf5, 0x2f, 0xd0, 
0x0a, 0x18, 0xfd, 0x52, 0x81, 0x4f, 0xfd, 0x52, 0xb6, 0x57, 0x5c, 0x18, 0xd8, 0x87, 0x02, 0x01, 0x45, 0x9c, 0x32, 0x9e, 
0x1e, 0x08, 0x5b, 0x00, 0x00, 0x18, 0xd1, 0x98, 0x01, 0x8f, 0x1e, 0x18, 0x91, 0x07, 0x8f, 0x1e, 0x18, 0x02, 0x8f, 0x1e, 
0x18, 0x02, 0x8f, 0x1e, 0x18, 0x94, 0x88, 0x01, 0x8f, 0x1e, 0x88, 0x06, 0xf5, 0x13, 0x00, 0x00, 0x00, 0x00, 0x00, 0x00, 
0x4c, 0x4f, 0x4d, 0x53, 0x00, 0x03, 0x01, 0x00, 0x0b, 0x00, 0x08, 0x00, 0x5c, 0x62, 0x00, 0x00, 0x00, 0x00, 0x00, 0x00, 
0xc8, 0x36, 0x00, 0x00, 0x91, 0x02, 0x01, 0xd1, 0x10, 0x02, 0x47, 0x4c, 0x53, 0x4c, 0x2e, 0x73, 0x74, 0x64, 0x2e, 0x34, 
0x35, 0x30, 0x00, 0x00, 0x00, 0x00, 0xa0, 0x04, 0x00, 0x01, 0x8f, 0x0f, 0x04, 0x9f, 0x2c, 0xed, 0xc2, 0xa5, 0xf3, 0x06, 
0x00, 0xab, 0x22, 0x88, 0x1c, 0xf3, 0x23, 0xbf, 0x1c, 0xa0, 0x02, 0x9f, 0x2c, 0x07, 0xa0, 0x02, 0x9f, 0x2c, 0x0c, 0x37, 
0xe6, 0x13, 0x06, 0x00, 0x00, 0x01, 0x00, 0x01, 0x00, 0x01, 0x00, 0x01, 0x00, 0x01, 0x00, 0x00, 0x8e, 0x26, 0x00, 0x00, 
0xfc, 0x0d, 0x00, 0x00, 0xde, 0x11, 0x00, 0x00, 0xd5, 0x0c, 0x00, 0x00, 0x92, 0x0c, 0x00, 0x10, 0xc1, 0x3f, 0x06, 0x40, 
0x10, 0x02, 0x06, 0x40, 0x10, 0xd5, 0x14, 0x06, 0x10, 0x10, 0x8c, 0x0d, 0x06, 0x10, 0x10, 0x02, 0x06, 0x10, 0x10, 0x02, 
0x06, 0x10, 0x10, 0x50, 0x06, 0x10, 0x00, 0xd2, 0x1b, 0x02, 0x37, 0x00, 0xa2, 0x00, 0x05, 0x00, 0x07, 0x01, 0x10, 0x00, 
0x23, 0x00, 0x01, 0x05, 0x00, 0x07, 0x01, 0x10, 0x00, 0x23, 0x40, 0x01, 0x05, 0x00, 0x07, 0x01, 0x10, 0x00, 0x23, 0x40, 
0x01, 0x05, 0x00, 0x07, 0x01, 0x10, 0x00, 0x23, 0x40, 0x01, 0x05, 0x00, 0x07, 0x01, 0x10, 0x00, 0x23, 0x40, 0x01, 0x05, 
0x00, 0x07, 0x01, 0x10, 0x00, 0x23, 0x80, 0x02, 0x01, 0x05, 0x00, 0x07, 0x01, 0x10, 0x00, 0x23, 0x80, 0x02, 0x01, 0x05, 
0x00, 0x07, 0x01, 0x10, 0x00, 0x23, 0x40, 0x01, 0x05, 0x00, 0x07, 0x01, 0x10, 0x00, 0x23, 0x30, 0x01, 0x23, 0x40, 0x01, 
0x23, 0x10, 0x01, 0x23, 0x08, 0x01, 0x23, 0x04, 0x01, 0x23, 0x04, 0x01, 0x23, 0x10, 0x01, 0x23, 0x10, 0x01, 0x23, 0x08, 
0x01, 0x00, 0x00, 0x23, 0x08, 0x01, 0x00, 0x00, 0x23, 0x04, 0x01, 0x00, 0x00, 0x23, 0x04, 0x01, 0x23, 0x08, 0x01, 0x23, 
0x04, 0x01, 0x23, 0x04, 0x01, 0x23, 0x04, 0x01, 0x00, 0x00, 0x23, 0x04, 0x01, 0x00, 0x00, 0x23, 0x04, 0x01, 0x00, 0x00, 
0x23, 0x04, 0x01, 0x00, 0x00, 0x23, 0x04, 0x01, 0x00, 0x00, 0x23, 0x04, 0x01, 0x00, 0x00, 0x23, 0x10, 0x01, 0x00, 0x00, 
0x23, 0x0c, 0x01, 0x00, 0x00, 0x23, 0x04, 0x01, 0x00, 0x00, 0x23, 0x08, 0x01, 0x00, 0x00, 0x23, 0x04, 0x01, 0x00, 0x00, 
0x23, 0x04, 0x01, 0x00, 0x00, 0x23, 0x04, 0x01, 0x00, 0x00, 0x23, 0x04, 0x01, 0x00, 0x00, 0x23, 0x04, 0x01, 0x00, 0x00, 
0x23, 0x04, 0x01, 0x23, 0x90, 0x01, 0x01, 0x00, 0x00, 0x23, 0x0c, 0x01, 0x00, 0x00, 0x23, 0x04, 0x01, 0x00, 0x00, 0x23, 
0x10, 0x01, 0x23, 0x10, 0x01, 0x00, 0x00, 0x23, 0x08, 0x01, 0x00, 0x00, 0x23, 0x04, 0x01, 0x23, 0x04, 0x01, 0x00, 0x00, 
0x23, 0x08, 0x01, 0x00, 0x00, 0x23, 0x04, 0x01, 0x23, 0x04, 0x01, 0x00, 0x00, 0x23, 0x10, 0x01, 0x00, 0x00, 0x23, 0x04, 
0x01, 0x23, 0x04, 0x01, 0x00, 0x00, 0x23, 0x08, 0x01, 0x23, 0x04, 0x01, 0x00, 0x00, 0x23, 0x04, 0x01, 0x00, 0x00, 0x23, 
0x04, 0x01, 0x23, 0x04, 0x01, 0x23, 0x0c, 0x01, 0x00, 0x00, 0x23, 0x04, 0x01, 0x23, 0x04, 0x01, 0x23, 0x04, 0x01, 0x23, 
0x04, 0x01, 0x00, 0x00, 0x23, 0x04, 0x01, 0x00, 0x00, 0x23, 0x0c, 0x01, 0x23, 0x04, 0x01, 0x00, 0x00, 0x23, 0x04, 0x01, 
0x23, 0x04, 0x01, 0x23, 0x04, 0x01, 0x05, 0x00, 0x07, 0x01, 0x10, 0x00, 0x23, 0x04, 0x01, 0x23, 0x30, 0x01, 0x23, 0x08, 
0x01, 0x05, 0x00, 0x07, 0x01, 0x10, 0x00, 0x23, 0x08, 0x01, 0x05, 0x00, 0x07, 0x01, 0x10, 0x00, 0x23, 0x40, 0x01, 0x00, 
0x00, 0x23, 0x40, 0x01, 0x00, 0x00, 0x23, 0x04, 0x01, 0x00, 0x00, 0x23, 0x04, 0x01, 0x00, 0x00, 0x23, 0x04, 0x01, 0x23, 
0x04, 0x01, 0x00, 0x00, 0x23, 0x40, 0x01, 0x00, 0x00, 0x23, 0x04, 0x01, 0x00, 0x00, 0x23, 0x04, 0x01, 0x00, 0x00, 0x23, 
0x04, 0x01, 0x23, 0x04, 0x01, 0x00, 0x00, 0x23, 0x40, 0x01, 0x00, 0x00, 0x23, 0x40, 0x01, 0x00, 0x00, 0x23, 0x04, 0x01, 
0x00, 0x00, 0x23, 0x04, 0x01, 0x00, 0x00, 0x23, 0x04, 0x01, 0x00, 0x00, 0x23, 0x04, 0x10, 0xe4, 0x10, 0x21, 0x00, 0x10, 
0x00, 0x22, 0x00, 0x10, 0xcc, 0x05, 0x1e, 0x06, 0x00, 0x90, 0xaa, 0x02, 0x00, 0x00, 0xbf, 0x84, 0x01, 0x00, 0x00, 0xab, 
0x79, 0x00, 0x00, 0x9e, 0xb7, 0x01, 0x00, 0x00, 0xa7, 0xb2, 0x01, 0x00, 0x00, 0xcc, 0xce, 0x01, 0x00, 0x00, 0x97, 0xb7, 
0x01, 0x00, 0x00, 0xd0, 0x25, 0x00, 0x00, 0xeb, 0x4a, 0x00, 0x00, 0x90, 0x81, 0x01, 0x00, 0x00, 0xf3, 0x4f, 0x00, 0x00, 
0xce, 0x2a, 0x00, 0x00, 0xd5, 0x01, 0x00, 0x00, 0xc4, 0x8b, 0x01, 0x00, 0x00, 0xcd, 0x40, 0x00, 0x00, 0xf0, 0x59, 0x00, 
0x00, 0xfd, 0x4d, 0x00, 0x00, 0xd3, 0xb3, 0x01, 0x00, 0x00, 0xf8, 0x87, 0x01, 0x00, 0x00, 0xd5, 0x1e, 0x00, 0x00, 0xce, 
0x08, 0x00, 0x00, 0xc7, 0x30, 0x00, 0x00, 0xd0, 0x37, 0x00, 0x00, 0xde, 0x07, 0x00, 0x00, 0xa9, 0x6e, 0x00, 0x00, 0xfe, 
0xe9, 0x01, 0x00, 0x00, 0xed, 0xfb, 0x01, 0x00, 0x00, 0xe6, 0x09, 0x00, 0x00, 0x6a, 0x00, 0x00, 0xfe, 0x82, 0x01, 0x00, 
0x00, 0x87, 0x5c, 0x00, 0x00, 0xa8, 0xe7, 0x01, 0x00, 0x00, 0xb4, 0x03, 0x00, 0x00, 0xd5, 0xec, 0x01, 0x00, 0x00, 0x96, 
0x2b, 0x00, 0x00, 0x99, 0x04, 0x00, 0x00, 0xf2, 0x33, 0x00, 0x00, 0xf5, 0x2f, 0x00, 0x00, 0x81, 0x53, 0x00, 0x00, 0xd8, 
0x87, 0x02, 0x00, 0x00, 0xb7, 0x79, 0x00, 0x00, 0xfd, 0x3a, 0x00, 0x00, 0x95, 0x12, 0x00, 0x00, 0xe4, 0xad, 0x01, 0x00, 
0x00, 0xdb, 0xa7, 0x01, 0x00, 0x00, 0xb6, 0x10, 0x00, 0x00, 0xd8, 0x36, 0x00, 0x00, 0x84, 0x41, 0x00, 0x00, 0xd7, 0x80, 
0x01, 0x00, 0x00, 0xd5, 0x52, 0x00, 0x00, 0xd4, 0x5b, 0x00, 0x00, 0xd8, 0x36, 0x00, 0x00, 0xfc, 0x4e, 0x00, 0x00, 0xb4, 
0x2f, 0x00, 0x00, 0xed, 0x84, 0x02, 0x00, 0x00, 0xe3, 0x07, 0x00, 0x00, 0xd8, 0x87, 0x02, 0x00, 0x00, 0xb3, 0x79, 0x00, 
0x00, 0xfc, 0x4e, 0x00, 0x00, 0xb4, 0x2f, 0x00, 0x00, 0xed, 0x84, 0x02, 0x00, 0x00, 0xe3, 0x07, 0x00, 0x00, 0xd8, 0x87, 
0x02, 0x00, 0x00, 0xf9, 0xe6, 0x01, 0x00, 0x00, 0xa6, 0x2e, 0x00, 0x00, 0xf2, 0x33, 0x00, 0x00, 0xf5, 0x2f, 0x00, 0x00, 
0xfd, 0x52, 0x00, 0x00, 0xd8, 0x87, 0x02, 0x00, 0x00, 0xbd, 0xe0, 0x02, 0x02, 0x37, 0x00, 0x0d, 0x00, 0x05, 0x00, 0x07, 
0x01, 0x10, 0x00, 0x23, 0x00, 0x01, 0x00, 0x00, 0x23, 0x40, 0x01, 0x00, 0x00, 0x23, 0x10, 0x01, 0x00, 0x00, 0x23, 0x04, 
0x01, 0x00, 0x00, 0x23, 0x04, 0x01, 0x00, 0x00, 0x23, 0x04, 0x10, 0xf6, 0x29, 0x21, 0x00, 0x10, 0x00, 0x22, 0x02, 0x10, 
0xb3, 0x06, 0x1e, 0x00, 0x00, 0xce, 0x21, 0x00, 0x10, 0x00, 0x21, 0x02, 0x10, 0x00, 0x22, 0x02, 0x00, 0xeb, 0x04, 0x00, 
0x10, 0x00, 0x21, 0x01, 0x10, 0x00, 0x22, 0x02, 0x10, 0x8b, 0x0d, 0x0b, 0x16, 0x00, 0xf6, 0xab, 0x02, 0x00, 0x00, 0xdd, 
0xba, 0x02, 0x00, 0x10, 0x00, 0x1e, 0x00, 0x00, 0x90, 0x0e, 0x00, 0x10, 0x00, 0x21, 0x0b, 0x10, 0x00, 0x22, 0x00, 0x00, 
0x80, 0xcf, 0x01, 0x00, 0x00, 0x95, 0x20, 0x00, 0x00, 0xfd, 0x27, 0x00, 0x00, 0xee, 0x52, 0x00, 0x00, 0xe6, 0x16, 0x00, 
0x00, 0xa3, 0x76, 0x00, 0x00, 0xa4, 0x2c, 0x00, 0x00, 0xb3, 0x6c, 0x00, 0x00, 0x9a, 0xbf, 0x01, 0x00, 0x00, 0x8c, 0x36, 
0x00, 0x00, 0xdf, 0xdc, 0x01, 0x00, 0x00, 0xa4, 0xae, 0x01, 0x00, 0x00, 0xb7, 0x57, 0x00, 0x00, 0xf9, 0x47, 0x00, 0x00, 
0x8e, 0x45, 0x00, 0x00, 0xa1, 0x21, 0x00, 0x00, 0xd0, 0xb9, 0x01, 0x00, 0x00, 0xd3, 0xb9, 0x01, 0x00, 0x00, 0x9e, 0x86, 
0x01, 0x00, 0x00, 0xb1, 0xe5, 0x01, 0x00, 0x00, 0x9e, 0xca, 0x01, 0x00, 0x00, 0x81, 0xd0, 0x01, 0x00, 0x00, 0xe6, 0x05, 
0x00, 0x00, 0x8a, 0x07, 0x00, 0x00, 0xce, 0xb2, 0x01, 0x00, 0x00, 0x6d, 0x00, 0x00, 0xe0, 0x2c, 0x00, 0x00, 0x82, 0x23, 
0x00, 0x00, 0x83, 0xa8, 0x01, 0x00, 0x00, 0xf6, 0x52, 0x00, 0x00, 0xd4, 0x25, 0x00, 0x00, 0xba, 0x0f, 0x00, 0x00, 0xbf, 
0xd5, 0x01, 0x00, 0x00, 0xf4, 0x47, 0x00, 0x00, 0x42, 0x00, 0x00, 0xbf, 0x38, 0x00, 0x00, 0xe7, 0x08, 0x00, 0x00, 0x9e, 
0x93, 0x01, 0x00, 0x00, 0x2e, 0x00, 0x00, 0x82, 0x25, 0x00, 0x00, 0xad, 0x25, 0x00, 0x00, 0xef, 0x6a, 0x00, 0x00, 0xb4, 
0x7d, 0x00, 0x00, 0xf4, 0x25, 0x00, 0x00, 0xfc, 0x08, 0x00, 0x00, 0xa7, 0x25, 0x00, 0x93, 0x02, 0x0e, 0xa1, 0x04, 0xf4, 
0x13, 0x08, 0xa6, 0x02, 0xe9, 0x13, 0x20, 0xb7, 0x02, 0x16, 0x0d, 0x03, 0x94, 0x02, 0x1d, 0xb7, 0x02, 0x28, 0x0d, 0x04, 
0xfe, 0x02, 0xac, 0x13, 0x1d, 0x1d, 0x0d, 0x0d, 0x0d, 0x18, 0x3e, 0xbb, 0x09, 0x07, 0x18, 0x89, 0x03, 0xf9, 0x07, 0x0d, 
0x03, 0x00, 0x00, 0x00, 0x01, 0x00, 0xab, 0x02, 0xcc, 0x05, 0x98, 0x01, 0x3e, 0xfa, 0x09, 0x00, 0xfe, 0x03, 0xc1, 0x04, 
0xbc, 0x0a, 0x1d, 0x95, 0x05, 0xfb, 0x08, 0xb5, 0x02, 0x99, 0x1c, 0x20, 0x01, 0x3e, 0xfa, 0x09, 0x07, 0x0c, 0xb7, 0x02, 
0xeb, 0x09, 0x0d, 0x02, 0x3e, 0xfa, 0x09, 0x07, 0x13, 0xc1, 0x04, 0xe4, 0x21, 0x18, 0x89, 0x05, 0x90, 0x05, 0xb8, 0x02, 
0xb9, 0x2a, 0x1d, 0x04, 0xb8, 0x02, 0x3d, 0x18, 0x03, 0xb5, 0x02, 0x75, 0x20, 0x00, 0xbb, 0x04, 0x0c, 0x80, 0x28, 0x00, 
0x00, 0x00, 0x00, 0x3e, 0xd1, 0x1c, 0x02, 0x65, 0xbb, 0x04, 0x0c, 0xd8, 0x1c, 0x01, 0x00, 0x00, 0x00, 0x3e, 0x95, 0x1d, 
0x02, 0x46, 0xbb, 0x04, 0x0c, 0x9c, 0x1d, 0x02, 0x00, 0x00, 0x00, 0x3e, 0x8d, 0x1e, 0x02, 0x0c, 0xbb, 0x04, 0x0c, 0x94, 
0x1e, 0x03, 0x00, 0x00, 0x00, 0xbb, 0x04, 0x0c, 0x06, 0x04, 0x00, 0x00, 0x00, 0xbb, 0x04, 0x0c, 0x06, 0x05, 0x00, 0x00, 
0x00, 0x3e, 0x9d, 0x1e, 0x02, 0x0d, 0xbb, 0x04, 0x0b, 0x96, 0x1e, 0x04, 0x00, 0x00, 0x00, 0xbc, 0x02, 0xe3, 0x0e, 0x65, 
0x96, 0x14, 0xbc, 0x02, 0x02, 0x65, 0x96, 0x14, 0xb7, 0x02, 0xa1, 0x19, 0x0b, 0x03, 0xbb, 0x04, 0x0b, 0xa2, 0x28, 0x09, 
0x00, 0x00, 0x00, 0xbc, 0x02, 0xd5, 0x23, 0x18, 0xa5, 0x14, 0xbc, 0x02, 0x8c, 0x0d, 0x1d, 0x96, 0x14, 0xbc, 0x02, 0x02, 
0x1d, 0x96, 0x14, 0xbc, 0x02, 0x02, 0x1d, 0x96, 0x14, 0xbc, 0x02, 0x50, 0x1d, 0xa5, 0x14, 0xbe, 0x83, 0xc0, 0x02, 0xd2, 
0x1b, 0x65, 0x65, 0x65, 0x65, 0xe4, 0x0c, 0xe5, 0x0c, 0x65, 0x46, 0x65, 0x1d, 0x13, 0x0d, 0x0d, 0x1d, 0x1d, 0x13, 0x13, 
0x0d, 0x0d, 0x13, 0x0d, 0x0d, 0x0d, 0x0d, 0x0d, 0x0d, 0x0d, 0x0d, 0x1d, 0x14, 0x0c, 0x13, 0x0c, 0x0c, 0x0c, 0x0c, 0x0d, 
0x0d, 0xba, 0x02, 0x18, 0x0d, 0x1d, 0x1d, 0x13, 0x0c, 0x0d, 0x13, 0x0d, 0x0d, 0x1d, 0x0c, 0x0d, 0x13, 0x0d, 0x0d, 0x0d, 
0x0b, 0x18, 0x0d, 0x0d, 0x0b, 0x0d, 0x0d, 0x18, 0x0d, 0x0d, 0x0d, 0x0d, 0x0d, 0x46, 0x13, 0x13, 0x65, 0x65, 0x0d, 0x0d, 
0x0d, 0x0d, 0x80, 0x09, 0x0c, 0x0d, 0x0d, 0x0d, 0x81, 0x09, 0x82, 0x09, 0x0c, 0x0c, 0x0c, 0x0c, 0xaa, 0x09, 0x3e, 0x8b, 
0x25, 0x02, 0x93, 0x17, 0x39, 0xcd, 0x04, 0xf0, 0x35, 0x02, 0x3e, 0xd5, 0x34, 0x02, 0x1d, 0xbb, 0x04, 0x0b, 0xf2, 0x1d, 
0x03, 0x00, 0x00, 0x00, 0xbb, 0x04, 0x0d, 0x0d, 0x00, 0x00, 0x00, 0x00, 0xbb, 0x04, 0x0d, 0x83, 0x26, 0x00, 0x00, 0x80, 
0x3f, 0xec, 0x04, 0x1d, 0xf4, 0x11, 0xf4, 0x11, 0xf4, 0x11, 0xf4, 0x11, 0xf4, 0x11, 0xec, 0x04, 0x1d, 0xd6, 0x19, 0xc6, 
0x05, 0xc6, 0x05, 0xc6, 0x05, 0xca, 0x2b, 0x3e, 0xa7, 0x23, 0x01, 0x1d, 0x39, 0x9b, 0x05, 0xa0, 0x3a, 0x01, 0x3e, 0xbd, 
0x3a, 0x07, 0x0d, 0xbb, 0x04, 0x0c, 0xda, 0x20, 0x3a, 0x00, 0x00, 0x00, 0xec, 0x04, 0x1d, 0x82, 0x03, 0xdc, 0x05, 0xdc, 
0x05, 0xdc, 0x05, 0xdc, 0x05, 0xbb, 0x04, 0x0c, 0xe9, 0x02, 0x3e, 0x00, 0x00, 0x00, 0xbb, 0x04, 0x0c, 0x1d, 0x39, 0x00, 
0x00, 0x00, 0x3e, 0xbf, 0x20, 0x02, 0x18, 0xbb, 0x04, 0x0c, 0xd8, 0x20, 0x3d, 0x00, 0x00, 0x00, 0xbb, 0x04, 0x0b, 0xe3, 
0x02, 0x02, 0x00, 0x00, 0x00, 0xbb, 0x04, 0x0b, 0x05, 0x01, 0x00, 0x00, 0x00, 0xbb, 0x04, 0x0d, 0xb9, 0x09, 0x0a, 0xd7, 
0xa3, 0x3a, 0xbb, 0x04, 0x0b, 0xb4, 0x09, 0x00, 0x00, 0x00, 0x00, 0xbb, 0x04, 0x0c, 0xe4, 0x02, 0x3b, 0x00, 0x00, 0x00, 
0xbb, 0x04, 0x0c, 0x18, 0x3f, 0x00, 0x00, 0x00, 0xbb, 0x04, 0x0c, 0x06, 0x40, 0x00, 0x00, 0x00, 0xbb, 0x04, 0x0c, 0x12, 
0x43, 0x00, 0x00, 0x00, 0xbb, 0x04, 0x0c, 0x06, 0x44, 0x00, 0x00, 0x00, 0xbb, 0x04, 0x0c, 0x2f, 0x3c, 0x00, 0x00, 0x00, 
0x3e, 0xed, 0x20, 0x02, 0x0b, 0xbb, 0x04, 0x0c, 0xb6, 0x1e, 0x08, 0x00, 0x00, 0x00, 0xbb, 0x04, 0x0c, 0xa8, 0x01, 0x24, 
0x00, 0x00, 0x00, 0xbb, 0x04, 0x0c, 0xb4, 0x01, 0x42, 0x00, 0x00, 0x00, 0xbb, 0x04, 0x0c, 0x05, 0x41, 0x00, 0x00, 0x00, 
0xbb, 0x04, 0x0c, 0x8f, 0x01, 0x29, 0x00, 0x00, 0x00, 0xbb, 0x04, 0x0c, 0x0b, 0x27, 0x00, 0x00, 0x00, 0xbb, 0x04, 0x0d, 
0xcd, 0x29, 0x00, 0x00, 0x00, 0x40, 0xbb, 0x04, 0x0d, 0xd0, 0x0c, 0x00, 0x00, 0x80, 0xbf, 0xfe, 0x02, 0xcc, 0x07, 0x65, 
0x1d, 0x0c, 0x0c, 0x0c, 0x0d, 0x3e, 0xfa, 0x09, 0x02, 0xa7, 0x0a, 0x39, 0xa4, 0x0f, 0xfc, 0x1f, 0x02, 0x39, 0x9b, 0x05, 
0xb3, 0x06, 0x01, 0x39, 0xfb, 0x08, 0xce, 0x21, 0x00, 0x89, 0x03, 0xb1, 0x57, 0x0d, 0x01, 0x00, 0x00, 0x00, 0x01, 0x00, 
0xab, 0x02, 0xd2, 0x05, 0x96, 0x01, 0x3e, 0xfa, 0x09, 0x00, 0xff, 0x03, 0x39, 0xfc, 0x08, 0xfa, 0x42, 0x00, 0x3e, 0xd7, 
0x4a, 0x03, 0x0d, 0x39, 0x8d, 0x05, 0xcc, 0x3d, 0x03, 0xbb, 0x04, 0x0c, 0xe9, 0x1e, 0x11, 0x00, 0x00, 0x00, 0x3e, 0xc3, 
0x1e, 0x03, 0x1d, 0x39, 0x9c, 0x05, 0xc6, 0x2e, 0x03, 0xbb, 0x04, 0x0c, 0xc9, 0x0d, 0x45, 0x00, 0x00, 0x00, 0x39, 0xfb, 
0x08, 0xda, 0x1b, 0x00, 0xad, 0x06, 0x1d, 0x89, 0x47, 0xad, 0x06, 0x0d, 0x02, 0xad, 0x06, 0x18, 0x02, 0xad, 0x06, 0x18, 
0x02, 0xad, 0x06, 0x0d, 0x02, 0xcc, 0x04, 0x13, 0xb2, 0x1c, 0xd9, 0x0b, 0xd9, 0x0b, 0xcc, 0x04, 0x13, 0xbd, 0x10, 0xec, 
0x09, 0xec, 0x09, 0xc6, 0x06, 0x08, 0xbe, 0x4c, 0x00, 0x82, 0x0a, 0x18, 0xb6, 0x65, 0x39, 0x89, 0x05, 0xc0, 0x82, 0x01, 
0x07, 0x39, 0x90, 0x05, 0x8c, 0x36, 0x07, 0x39, 0x95, 0x05, 0x8b, 0x9c, 0x02, 0x07, 0x13, 0x8b, 0x05, 0x82, 0x9f, 0x02, 
0xc5, 0x1f, 0xbe, 0x14, 0x01, 0x0d, 0xd9, 0x05, 0xd9, 0x05, 0x01, 0x1d, 0xa3, 0x9a, 0x01, 0xe2, 0x94, 0x01, 0x3d, 0x18, 
0xe4, 0x1a, 0xe4, 0x1a, 0xe4, 0x1a, 0x18, 0x80, 0x0b, 0xf3, 0x09, 0x8b, 0x0d, 0x88, 0xd3, 0x01, 0xb2, 0xb9, 0x01, 0x84, 
0xe7, 0x01, 0x84, 0xe7, 0x01, 0x84, 0xe7, 0x01, 0x86, 0xe7, 0x01, 0xc1, 0x0a, 0x1d, 0xe5, 0x40, 0xe5, 0x40, 0x00, 0x13, 
0xe2, 0x05, 0xc7, 0x44, 0xa2, 0x1f, 0x8b, 0x14, 0x01, 0x65, 0xb6, 0x33, 0xb6, 0x33, 0x01, 0x1d, 0xde, 0x30, 0xe6, 0x8d, 
0x01, 0x2d, 0x13, 0xd0, 0xc0, 0x01, 0xd0, 0xc0, 0x01, 0xd0, 0xc0, 0x01, 0x10, 0x7c, 0x13, 0xc3, 0x1e, 0x01, 0x2b, 0xa3, 
0xc3, 0x01, 0x9f, 0x0e, 0x80, 0x06, 0xc1, 0x0a, 0x0d, 0x93, 0xc1, 0x01, 0x93, 0xc1, 0x01, 0x00, 0xc1, 0x0a, 0x0d, 0xdc, 
0xc1, 0x01, 0x48, 0x01, 0xe0, 0x0a, 0x1d, 0xdd, 0x3a, 0xfe, 0x86, 0x01, 0xdd, 0x3a, 0xd8, 0xab, 0x02, 0xd8, 0xab, 0x02, 
0xc1, 0x12, 0x1d, 0xa5, 0x61, 0xae, 0x37, 0xa5, 0x61, 0x2d, 0x13, 0xc4, 0x04, 0xc4, 0x04, 0xc4, 0x04, 0x10, 0x13, 0x8a, 
0x05, 0x92, 0x5c, 0xa2, 0x1f, 0x91, 0x14, 0x01, 0x0c, 0xbb, 0x93, 0x01, 0xbb, 0x93, 0x01, 0xca, 0x14, 0x09, 0xac, 0x79, 
0xac, 0x79, 0xf6, 0xea, 0x01, 0xb8, 0x14, 0x09, 0xcf, 0xaa, 0x01, 0xcf, 0xaa, 0x01, 0xa7, 0x1e, 0xeb, 0x93, 0x01, 0x00, 
0xba, 0x1e, 0x00, 0xc5, 0x6d, 0xeb, 0x93, 0x01, 0x18, 0xc6, 0x6d, 0xc1, 0x0a, 0x0d, 0xc2, 0x99, 0x01, 0xba, 0x9e, 0x01, 
0x00, 0xca, 0x16, 0x09, 0x8f, 0x76, 0x8f, 0x76, 0xa0, 0xf7, 0x01, 0x99, 0x1e, 0xf3, 0x02, 0x18, 0xf4, 0x02, 0xe5, 0x1e, 
0x09, 0xa7, 0x88, 0x01, 0xc6, 0x44, 0x00, 0x00, 0x7a, 0x2f, 0x00, 0x00, 0x5a, 0x3e, 0x00, 0x00, 0x81, 0x35, 0x00, 0x00, 
0xb8, 0x14, 0x09, 0xba, 0x83, 0x02, 0xba, 0x83, 0x02, 0xa7, 0x1e, 0xac, 0x94, 0x01, 0x00, 0xba, 0x1e, 0x00, 0x84, 0xa2, 
0x01, 0xac, 0x94, 0x01, 0x18, 0x83, 0xa2, 0x01, 0xc1, 0x0a, 0x0d, 0xc2, 0x9f, 0x01, 0xee, 0xa3, 0x01, 0x00, 0xc8, 0x16, 
0x09, 0xbd, 0xa5, 0x01, 0xbd, 0xa5, 0x01, 0xa2, 0xa7, 0x01, 0x99, 0x1e, 0xd3, 0x13, 0x18, 0xd4, 0x13, 0xe5, 0x1e, 0x09, 
0x8b, 0x6f, 0x00, 0x1d, 0x00, 0x00, 0x14, 0x3f, 0x00, 0x00, 0xdd, 0x33, 0x00, 0x00, 0x5b, 0x35, 0x00, 0x00, 0xb8, 0x14, 
0x09, 0xba, 0x83, 0x02, 0xba, 0x83, 0x02, 0xa7, 0x1e, 0xac, 0x94, 0x01, 0x00, 0xba, 0x1e, 0x00, 0x84, 0xa2, 0x01, 0xac, 
0x94, 0x01, 0x18, 0x83, 0xa2, 0x01, 0xc1, 0x0a, 0x0d, 0xc2, 0x9f, 0x01, 0xf0, 0xa3, 0x01, 0x01, 0xc8, 0x16, 0x09, 0xbd, 
0xa5, 0x01, 0xbd, 0xa5, 0x01, 0xa4, 0xa7, 0x01, 0x99, 0x1e, 0xd3, 0x13, 0x18, 0xd4, 0x13, 0xe5, 0x1e, 0x09, 0x8b, 0x6f, 
0x01, 0x1d, 0x00, 0x00, 0xc7, 0x38, 0x00, 0x00, 0xde, 0x33, 0x00, 0x00, 0x5c, 0x35, 0x00, 0x00, 0xb8, 0x14, 0x09, 0xba, 
0x83, 0x02, 0xba, 0x83, 0x02, 0xa7, 0x1e, 0xdc, 0x63, 0x00, 0xba, 0x1e, 0x00, 0xba, 0xa1, 0x01, 0xdc, 0x63, 0x18, 0xb9, 
0xa1, 0x01, 0xc1, 0x0a, 0x0d, 0xc2, 0x99, 0x01, 0xbc, 0x9e, 0x01, 0x01, 0xca, 0x16, 0x09, 0x8f, 0x76, 0x8f, 0x76, 0xa2, 
0xf7, 0x01, 0x99, 0x1e, 0xab, 0x1a, 0x18, 0xac, 0x1a, 0xe5, 0x1e, 0x09, 0xb7, 0x4a, 0x02, 0x1d, 0x00, 0x00, 0xc8, 0x38, 
0x00, 0x00, 0x5b, 0x3e, 0x00, 0x00, 0x82, 0x35, 0x00, 0x00, 0xa7, 0x1e, 0xdd, 0x10, 0x00, 0xba, 0x1e, 0x00, 0xe9, 0x12, 
0xdb, 0xbf, 0x01, 0x18, 0xea, 0x12, 0x13, 0x9a, 0x05, 0xd2, 0x95, 0x01, 0xa2, 0x1f, 0x8e, 0x14, 0x01, 0x1d, 0xe1, 0x29, 
0xe1, 0x29, 0x99, 0x1e, 0xfc, 0x6d, 0x18, 0x82, 0x41, 0x13, 0x8a, 0x05, 0xc7, 0x08, 0xa2, 0x1f, 0x94, 0x14, 0x01, 0x0c, 
0xf1, 0x8f, 0x01, 0xf1, 0x8f, 0x01, 0xcb, 0x14, 0x09, 0x97, 0x08, 0x97, 0x08, 0x9e, 0xc0, 0x01, 0xa7, 0x1e, 0xf6, 0x2f, 
0x00, 0xba, 0x1e, 0x00, 0xdc, 0x22, 0x9f, 0x70, 0x18, 0xdb, 0x22, 0xc1, 0x0a, 0x0d, 0x85, 0x1d, 0xb7, 0x28, 0x01, 0xc3, 
0x10, 0x0d, 0x8e, 0x45, 0xcc, 0xeb, 0x01, 0x8e, 0x45, 0xd2, 0x0a, 0x13, 0xb5, 0x5d, 0xb5, 0x5d, 0xdf, 0x40, 0x01, 0x13, 
0x8a, 0x05, 0xd0, 0x25, 0xa2, 0x1f, 0x97, 0x14, 0x01, 0x0c, 0xc4, 0x16, 0xc4, 0x16, 0x22, 0xf5, 0x73, 0x00, 0x22, 0x81, 
0xaa, 0x01, 0x94, 0x3c, 0xd9, 0x06, 0x18, 0xd0, 0xb9, 0x01, 0x84, 0xad, 0x02, 0xda, 0x45, 0xce, 0x0f, 0x01, 0xfe, 0x03, 
0xd3, 0xb9, 0x01, 0xdc, 0x72, 0xe7, 0x0a, 0x1d, 0x9e, 0x86, 0x01, 0x9e, 0x86, 0x01, 0xb5, 0x33, 0x01, 0xee, 0xb9, 0x01, 
0x6c, 0x1d, 0xb1, 0xe5, 0x01, 0x01, 0x28, 0xac, 0xa9, 0x01, 0xfa, 0x16, 0x99, 0x1e, 0x97, 0x4b, 0x18, 0xae, 0xeb, 0x01, 
0xc1, 0x0a, 0x0d, 0x87, 0xef, 0x01, 0xbd, 0x67, 0x01, 0xc3, 0x10, 0x0d, 0xfc, 0x82, 0x01, 0xb4, 0xea, 0x01, 0xfc, 0x82, 
0x01, 0xd2, 0x0a, 0x13, 0xd9, 0x49, 0xd9, 0x49, 0x9b, 0x2e, 0x01, 0x01, 0xff, 0x03, 0xd6, 0x94, 0x01, 0xd2, 0xe2, 0x01, 
0xe7, 0x0a, 0x1d, 0x81, 0xd0, 0x01, 0x81, 0xd0, 0x01, 0xab, 0x3b, 0x01, 0xee, 0xb9, 0x01, 0x6c, 0x1d, 0xe6, 0x05, 0x01, 
0x28, 0xe1, 0x33, 0xfa, 0x16, 0x99, 0x1e, 0x95, 0x4b, 0x18, 0x96, 0x4b, 0xe5, 0x1e, 0x1d, 0xe8, 0x74, 0x53, 0x1b, 0x00, 
0x00, 0x6c, 0x31, 0x00, 0x00, 0x54, 0x1b, 0x00, 0x00, 0x2a, 0x56, 0x00, 0x00, 0xc1, 0x0a, 0x0d, 0xf3, 0xb8, 0x01, 0xf3, 
0xb8, 0x01, 0x03, 0x3d, 0x18, 0xce, 0xb2, 0x01, 0xa5, 0x06, 0xa5, 0x06, 0x18, 0xce, 0x10, 0x18, 0x6d, 0x6d, 0xe0, 0xb1, 
0x01, 0xc1, 0x0a, 0x0d, 0xcd, 0x21, 0xcd, 0x21, 0x00, 0xd2, 0x0a, 0x1d, 0x81, 0x7d, 0x81, 0x7d, 0xe3, 0xa5, 0x01, 0x00, 
0xc1, 0x0a, 0x0d, 0xa8, 0xcd, 0x01, 0xd8, 0x2e, 0x01, 0xd2, 0x0a, 0x1d, 0x89, 0x3a, 0x89, 0x3a, 0x9e, 0x93, 0x01, 0x01, 
0xc1, 0x0a, 0x0d, 0xbe, 0x39, 0x8c, 0x2e, 0x02, 0xd2, 0x0a, 0x1d, 0x8f, 0x39, 0x8f, 0x39, 0x2e, 0x02, 0x3d, 0x18, 0xe4, 
0x37, 0xe4, 0x37, 0xe4, 0x37, 0x18, 0x13, 0x9a, 0x05, 0xe5, 0xca, 0x01, 0xa2, 0x1f, 0x8e, 0x14, 0x01, 0x1d, 0xe8, 0xed, 
0x01, 0xe8, 0xed, 0x01, 0x3d, 0x18, 0x83, 0xa8, 0x01, 0x83, 0xa8, 0x01, 0x83, 0xa8, 0x01, 0x18, 0xc1, 0x0a, 0x0d, 0xf6, 
0x52, 0xd8, 0x05, 0x03, 0xc3, 0x10, 0x0d, 0xd4, 0x25, 0xa6, 0xc4, 0x02, 0xd4, 0x25, 0xce, 0x10, 0x18, 0xba, 0x0f, 0x84, 
0x88, 0x01, 0xba, 0x0f, 0x4b, 0x18, 0xbf, 0xd5, 0x01, 0xbd, 0xd2, 0x01, 0xbf, 0xd5, 0x01, 0xc1, 0x0a, 0x0d, 0xc2, 0x1b, 
0xc2, 0x1b, 0x00, 0xd2, 0x0a, 0x1d, 0x9a, 0xa4, 0x01, 0x9a, 0xa4, 0x01, 0xe6, 0x99, 0x01, 0x00, 0xc1, 0x0a, 0x0d, 0xdc, 
0x14, 0xb8, 0xd4, 0x01, 0x01, 0xd2, 0x0a, 0x1d, 0x89, 0x3a, 0x89, 0x3a, 0xad, 0x25, 0x01, 0xc1, 0x0a, 0x0d, 0xf8, 0x6b, 
0xa6, 0x86, 0x02, 0x02, 0xd2, 0x0a, 0x1d, 0xe7, 0xd6, 0x01, 0xe7, 0xd6, 0x01, 0xef, 0x6a, 0x02, 0x99, 0x1e, 0x95, 0x2a, 
0x18, 0x96, 0x2a, 0xe5, 0x1e, 0x1d, 0x92, 0x79, 0x02, 0x52, 0x00, 0x00, 0x0a, 0x37, 0x00, 0x00, 0xf9, 0x2b, 0x00, 0x00, 
0x1f, 0x2e, 0x00, 0x00, 0x13, 0x8b, 0x05, 0xc5, 0xeb, 0x01, 0xa2, 0x1f, 0x9a, 0x14, 0x01, 0x0d, 0xd4, 0x60, 0xd4, 0x60, 
0x22, 0xc2, 0x80, 0x01, 0x00, 0x80, 0x0b, 0xf3, 0x09, 0xfd, 0x5a, 0xef, 0xe5, 0x01, 0xa6, 0x6d, 0xa4, 0x6d, 0xa4, 0x6d, 
0xa4, 0x6d, 0xa2, 0x6d, 0xc1, 0x0a, 0x1d, 0xbe, 0x81, 0x02, 0xbe, 0x81, 0x02, 0x00, 0x80, 0x0b, 0xf3, 0x09, 0x93, 0x9d, 
0x01, 0x93, 0x9d, 0x01, 0xd0, 0xd1, 0x01, 0xce, 0xd1, 0x01, 0xce, 0xd1, 0x01, 0xce, 0xd1, 0x01, 0xcc, 0xd1, 0x01, 0xc1, 
0x0a, 0x1d, 0xe9, 0x08, 0xe9, 0x08, 0x00, 0x22, 0xec, 0x8f, 0x01, 0x00, 0x23, 0x9a, 0x05, 0xea, 0x90, 0x01, 0xc5, 0x1f, 
0x8e, 0x14, 0x94, 0x14, 0x01, 0x1d, 0xf1, 0xd8, 0x01, 0xf1, 0xd8, 0x01, 0x3d, 0x18, 0xac, 0xdc, 0x01, 0xac, 0xdc, 0x01, 
0xac, 0xdc, 0x01, 0x18, 0xc3, 0x10, 0x18, 0xf9, 0x95, 0x01, 0x87, 0x2d, 0xf9, 0x95, 0x01, 0x13, 0xc3, 0x05, 0xfe, 0x92, 
0x01, 0xc5, 0x1f, 0xda, 0x15, 0x01, 0x46, 0xb9, 0x05, 0xb9, 0x05, 0xc1, 0x12, 0x18, 0xf1, 0xd2, 0x01, 0xf1, 0xd2, 0x01, 
0xad, 0x45, 0x22, 0xb2, 0x27, 0x00, 0xd9, 0x06, 0x1d, 0xa8, 0x94, 0x01, 0x9e, 0xce, 0x01, 0xda, 0xbb, 0x01, 0x80, 0xcf, 
0x01, 0x01, 0x1d, 0x95, 0x20, 0xfa, 0xbc, 0x01, 0x3d, 0x18, 0xfd, 0x27, 0xfd, 0x27, 0xfd, 0x27, 0x18, 0xc1, 0x0a, 0x0d, 
0xee, 0x52, 0xda, 0x0a, 0x03, 0xc3, 0x10, 0x0d, 0xe6, 0x16, 0xba, 0xb5, 0x02, 0xe6, 0x16, 0xce, 0x10, 0x18, 0xa3, 0x76, 
0xcf, 0x0c, 0xa3, 0x76, 0x3d, 0x18, 0xa4, 0x2c, 0xbf, 0x28, 0xbf, 0x28, 0x18, 0x4b, 0x18, 0xb3, 0x6c, 0x8f, 0x40, 0xb3, 
0x6c, 0x13, 0x8d, 0x05, 0x82, 0x92, 0x01, 0xbf, 0x1c, 0x8a, 0x14, 0xc1, 0x0a, 0x0d, 0x8a, 0x59, 0x8c, 0xeb, 0x01, 0x00, 
0x22, 0x8a, 0x59, 0x00, 0x13, 0x8d, 0x05, 0xdf, 0x4d, 0xbf, 0x1c, 0x8d, 0x14, 0xc1, 0x0a, 0x0d, 0xe1, 0x6e, 0xca, 0x2e, 
0x01, 0x22, 0xe1, 0x6e, 0x00, 0x13, 0x8d, 0x05, 0xe4, 0x6e, 0xbf, 0x1c, 0x90, 0x14, 0xc1, 0x0a, 0x0d, 0xfb, 0x36, 0xb2, 
0x66, 0x02, 0x22, 0xfb, 0x36, 0x00, 0x8d, 0x1e, 0x88, 0x06, 0xc6, 0x06, 0x1d, 0xdb, 0x9f, 0x01, 0x00, 0x99, 0x0e, 0xa7, 
0x06, 0x95, 0x05, 0xc9, 0x0e, 0xa7, 0x06, 0xfb, 0x08, 0x4e, 0x18, 0x92, 0xa5, 0x02, 0x01, 0x18, 0xfb, 0x74, 0xe4, 0xb0, 
0x01, 0x5c, 0x0d, 0x95, 0x46, 0x01, 0x42, 0x85, 0x75, 0x13, 0x8b, 0x05, 0x8f, 0x2d, 0xc5, 0x1f, 0xb9, 0x15, 0x01, 0x0d, 
0xa2, 0x1f, 0xa2, 0x1f, 0xc8, 0x16, 0x09, 0x92, 0x72, 0xa4, 0x64, 0x92, 0x72, 0xa7, 0x1e, 0xcf, 0x6c, 0x00, 0xba, 0x1e, 
0x00, 0xc3, 0x69, 0xcf, 0x6c, 0x18, 0xc4, 0x69, 0x9e, 0x1e, 0x7a, 0x0b, 0x00, 0x00, 0x18, 0x8c, 0x03, 0x13, 0x8b, 0x05, 
0x9d, 0x3f, 0xc5, 0x1f, 0xc5, 0x15, 0x01, 0x0d, 0xc7, 0x64, 0xc7, 0x64, 0xca, 0x16, 0x09, 0x90, 0x61, 0x9e, 0x8e, 0x01, 
0x90, 0x61, 0xa7, 0x1e, 0xd7, 0x42, 0x00, 0xba, 0x1e, 0x00, 0xcb, 0x3f, 0xd7, 0x42, 0x18, 0xcc, 0x3f, 0x9e, 0x1e, 0x7a, 
0x0b, 0x00, 0x00, 0x18, 0x8c, 0x03, 0x13, 0x96, 0x05, 0x95, 0x63, 0xc5, 0x1f, 0xb6, 0x15, 0x01, 0x18, 0xe1, 0x5a, 0xe1, 
0x5a, 0x13, 0x8b, 0x05, 0xbe, 0x4b, 0xc5, 0x1f, 0xc2, 0x15, 0x01, 0x0d, 0xa6, 0x59, 0xa6, 0x59, 0xc1, 0x0a, 0x0d, 0xb3, 
0x44, 0xb0, 0x60, 0x02, 0x13, 0x8c, 0x05, 0xde, 0x3a, 0xd3, 0x1c, 0x8d, 0x14, 0x01, 0x0d, 0xa7, 0x60, 0xa7, 0x60, 0x4a, 
0x0d, 0xd3, 0x57, 0xd1, 0xc1, 0x01, 0xd3, 0x57, 0x5c, 0x0d, 0xe2, 0xcb, 0x01, 0x01, 0x04, 0x82, 0x4d, 0xca, 0x16, 0x09, 
0xfd, 0x40, 0xfd, 0x40, 0x88, 0x86, 0x02, 0xa7, 0x1e, 0x92, 0xa8, 0x01, 0x00, 0xba, 0x1e, 0x00, 0x80, 0x65, 0x92, 0xa8, 
0x01, 0x18, 0xff, 0x64, 0xc1, 0x0a, 0x0d, 0xc0, 0x87, 0x01, 0xb6, 0x90, 0x01, 0x00, 0xc1, 0x0a, 0x0d, 0xd2, 0x0f, 0x88, 
0xa0, 0x01, 0x01, 0xc3, 0x10, 0x0d, 0xab, 0x29, 0xab, 0x29, 0xca, 0x93, 0x01, 0x5c, 0x0d, 0xff, 0x58, 0x01, 0x1b, 0xe7, 
0x96, 0x01, 0x4a, 0x0d, 0xbd, 0x0a, 0x97, 0x7d, 0xbd, 0x0a, 0xc3, 0x10, 0x0d, 0xd7, 0x0e, 0xe9, 0x5b, 0xd7, 0x0e, 0xc8, 
0x10, 0x0d, 0xda, 0x6e, 0xda, 0x6e, 0x8e, 0x90, 0x01, 0x99, 0x1e, 0xbc, 0xad, 0x01, 0x18, 0xbb, 0xad, 0x01, 0xe5, 0x1e, 
0x0d, 0x96, 0x1f, 0xd1, 0x45, 0x00, 0x00, 0x35, 0x5d, 0x00, 0x00, 0x89, 0x4a, 0x00, 0x00, 0xf4, 0x2f, 0x00, 0x00, 0xc3, 
0x10, 0x0d, 0xd7, 0x36, 0xdf, 0x3e, 0xf1, 0x30, 0x6c, 0x0d, 0xa4, 0xd5, 0x01, 0x01, 0x28, 0xca, 0x32, 0x8c, 0x14, 0x4a, 
0x0d, 0x81, 0x1f, 0xca, 0x7f, 0x81, 0x1f, 0x3f, 0x0d, 0xc7, 0x41, 0xc7, 0x41, 0x5c, 0x0d, 0x91, 0x32, 0x01, 0x1b, 0xf7, 
0x6c, 0xc3, 0x10, 0x0d, 0x8a, 0xc7, 0x01, 0xd2, 0xec, 0x02, 0x8a, 0xc7, 0x01, 0x13, 0x8b, 0x05, 0x9f, 0x82, 0x01, 0xc5, 
0x1f, 0xbc, 0x15, 0x01, 0x0d, 0x9f, 0x02, 0x9f, 0x02, 0x6c, 0x0d, 0xab, 0x79, 0x01, 0x25, 0xb3, 0xb7, 0x01, 0x93, 0x75, 
0x13, 0x96, 0x05, 0xc8, 0xa0, 0x01, 0xc5, 0x1f, 0xc8, 0x15, 0x01, 0x18, 0xd6, 0x16, 0xd6, 0x16, 0x13, 0x8b, 0x05, 0xd1, 
0x06, 0xc5, 0x1f, 0xcb, 0x15, 0x01, 0x0d, 0xd5, 0xab, 0x01, 0xd5, 0xab, 0x01, 0xca, 0x16, 0x09, 0xa4, 0xbc, 0x01, 0xa4, 
0xbc, 0x01, 0xfc, 0x89, 0x02, 0xa7, 0x1e, 0xd3, 0x08, 0x00, 0xba, 0x1e, 0x00, 0x84, 0x4d, 0xd3, 0x08, 0x18, 0x83, 0x4d, 
0x13, 0x8b, 0x05, 0x9a, 0x73, 0xc5, 0x1f, 0xd4, 0x15, 0x01, 0x0d, 0x89, 0x2e, 0x89, 0x2e, 0x4a, 0x0d, 0x91, 0x78, 0x9a, 
0x0e, 0x91, 0x78, 0x13, 0x8b, 0x05, 0x90, 0x27, 0xc5, 0x1f, 0xd7, 0x15, 0x01, 0x0d, 0xcf, 0x65, 0xcf, 0x65, 0xc3, 0x10, 
0x0d, 0xc6, 0x14, 0xf9, 0x29, 0xc6, 0x14, 0x13, 0x88, 0x05, 0xc0, 0x36, 0xc5, 0x1f, 0xbf, 0x15, 0x01, 0x0b, 0xfe, 0xb9, 
0x01, 0xfe, 0xb9, 0x01, 0x5c, 0x13, 0xd1, 0xcf, 0x01, 0x01, 0x3e, 0xa9, 0xbc, 0x01, 0xc1, 0x0a, 0x0d, 0xbc, 0x9b, 0x01, 
0xbc, 0x9b, 0x01, 0x01, 0xc1, 0x0a, 0x0d, 0x97, 0xb7, 0x01, 0xdb, 0x1b, 0x00, 0x7c, 0x0d, 0xd0, 0x25, 0x01, 0x2b, 0x8a, 
0x44, 0x8c, 0x14, 0x8a, 0x01, 0x7c, 0x0d, 0xeb, 0x4a, 0x01, 0x2e, 0x9e, 0xa2, 0x01, 0xd2, 0x46, 0xba, 0x59, 0x13, 0xe2, 
0x05, 0xb4, 0xc4, 0x01, 0xc5, 0x1f, 0xa3, 0x14, 0x01, 0x65, 0xe6, 0x3b, 0xe6, 0x3b, 0xc1, 0x0a, 0x1d, 0xf3, 0x70, 0xf3, 
0x70, 0x00, 0x3d, 0x18, 0x9e, 0x10, 0x9e, 0x10, 0x9e, 0x10, 0x18, 0xc1, 0x0a, 0x1d, 0x8d, 0x5b, 0xe3, 0xbb, 0x01, 0x01, 
0x3d, 0x18, 0x94, 0x74, 0x94, 0x74, 0x94, 0x74, 0x18, 0xc1, 0x0a, 0x1d, 0xb9, 0x74, 0x89, 0xbc, 0x01, 0x02, 0x3d, 0x18, 
0xd2, 0x78, 0xd2, 0x78, 0xd2, 0x78, 0x18, 0xd0, 0x0a, 0x46, 0xe3, 0x0b, 0xba, 0x11, 0xcb, 0x07, 0xe3, 0x0b, 0xb4, 0x0a, 
0x46, 0xff, 0xb4, 0x01, 0x43, 0x46, 0x00, 0x00, 0x01, 0xfe, 0x03, 0x92, 0x85, 0x01, 0xa4, 0xaf, 0x01, 0x01, 0x18, 0xb0, 
0x66, 0xa2, 0x96, 0x02, 0xc1, 0x12, 0x18, 0xfb, 0x0c, 0xc6, 0xde, 0x01, 0xfb, 0x0c, 0xe8, 0x0a, 0x1d, 0xa7, 0xa9, 0x01, 
0xf3, 0x4f, 0xa7, 0xa9, 0x01, 0x02, 0x84, 0x34, 0x3d, 0x18, 0xce, 0x2a, 0xce, 0x2a, 0xce, 0x2a, 0x18, 0x4a, 0x18, 0xd5, 
0x01, 0xfb, 0x65, 0xd5, 0x01, 0x99, 0x1e, 0xcb, 0x78, 0x18, 0xcc, 0x78, 0xe5, 0x1e, 0x18, 0xae, 0x21, 0x0c, 0x4a, 0x00, 
0x00, 0x2b, 0x1f, 0x00, 0x00, 0x8e, 0x30, 0x00, 0x00, 0x48, 0x39, 0x00, 0x00, 0x13, 0x8b, 0x05, 0xbb, 0xd6, 0x01, 0xc5, 
0x1f, 0xf7, 0x14, 0x01, 0x0d, 0x86, 0xc8, 0x01, 0x86, 0xc8, 0x01, 0x4a, 0x0d, 0xcd, 0x40, 0xcd, 0x40, 0x98, 0x9c, 0x01, 
0xce, 0x10, 0x18, 0xf0, 0x59, 0xec, 0x0a, 0xf0, 0x59, 0x13, 0x8b, 0x05, 0x95, 0xa1, 0x01, 0xc5, 0x1f, 0xd1, 0x15, 0x01, 
0x0d, 0x98, 0x53, 0x98, 0x53, 0xca, 0x16, 0x09, 0x92, 0x19, 0x92, 0x19, 0xfe, 0x89, 0x02, 0xa7, 0x1e, 0xef, 0x3f, 0x00, 
0xba, 0x1e, 0x00, 0x84, 0x4d, 0xef, 0x3f, 0x18, 0x83, 0x4d, 0x13, 0x8b, 0x05, 0xcc, 0x72, 0xc5, 0x1f, 0xce, 0x15, 0x01, 
0x0d, 0x97, 0x37, 0x97, 0x37, 0xc3, 0x10, 0x0d, 0xce, 0x35, 0xa0, 0xb2, 0x01, 0xce, 0x35, 0x6c, 0x0d, 0xb1, 0xe8, 0x01, 
0x01, 0x28, 0x8a, 0xab, 0x01, 0x8c, 0x14, 0x4a, 0x0d, 0xd6, 0xad, 0x01, 0xcc, 0x7f, 0xd6, 0xad, 0x01, 0x3f, 0x0d, 0x95, 
0x55, 0x95, 0x55, 0x5c, 0x0d, 0xd6, 0x92, 0x01, 0x01, 0x1b, 0x91, 0x63, 0x13, 0x9a, 0x05, 0xbf, 0x9a, 0x01, 0xc5, 0x1f, 
0x86, 0x15, 0x01, 0x1d, 0x87, 0x59, 0x87, 0x59, 0x3d, 0x18, 0xf8, 0x87, 0x01, 0xf8, 0x87, 0x01, 0xf8, 0x87, 0x01, 0x18, 
0x23, 0x8b, 0x05, 0xf9, 0x55, 0xc5, 0x1f, 0x86, 0x15, 0x93, 0x14, 0x01, 0x0d, 0xa4, 0x37, 0xa4, 0x37, 0xce, 0x10, 0x18, 
0xce, 0x08, 0x87, 0x16, 0xce, 0x08, 0x01, 0x18, 0xd0, 0x42, 0xca, 0xe0, 0x01, 0x5c, 0x18, 0xd9, 0x86, 0x01, 0x01, 0x45, 
0xf8, 0x8c, 0x01, 0x13, 0x96, 0x05, 0x81, 0x2c, 0xc5, 0x1f, 0x80, 0x15, 0x01, 0x18, 0xd8, 0x8e, 0x01, 0xd8, 0x8e, 0x01, 
0xc4, 0x12, 0x0d, 0xc9, 0x1d, 0x8c, 0x45, 0xc9, 0x1d, 0x6c, 0x0d, 0xf6, 0xa2, 0x01, 0x01, 0x28, 0x91, 0x6c, 0x8c, 0x14, 
0x6c, 0x0d, 0xbf, 0xd4, 0x01, 0x01, 0x1a, 0xcc, 0xbd, 0x01, 0xc2, 0x8c, 0x01, 0xc3, 0x10, 0x0d, 0xd0, 0x37, 0x94, 0xdc, 
0x01, 0xcf, 0x7a, 0x4a, 0x0d, 0xde, 0x07, 0xae, 0x3f, 0xde, 0x07, 0xce, 0x10, 0x18, 0xa9, 0x6e, 0xc3, 0x5f, 0xa9, 0x6e, 
0x4b, 0x18, 0xfe, 0xe9, 0x01, 0xa7, 0x05, 0xfe, 0xe9, 0x01, 0x99, 0x1e, 0xab, 0x10, 0x18, 0xac, 0x10, 0xe5, 0x1e, 0x18, 
0x97, 0x3b, 0xc1, 0x59, 0x00, 0x00, 0xb4, 0x4e, 0x00, 0x00, 0x6d, 0x58, 0x00, 0x00, 0x49, 0x39, 0x00, 0x00, 0xc1, 0x0a, 
0x0d, 0x81, 0xd1, 0x01, 0x81, 0xd1, 0x01, 0x00, 0xc1, 0x0a, 0x0d, 0xe6, 0x09, 0x9b, 0xc7, 0x01, 0x01, 0xc1, 0x0a, 0x0d, 
0x6a, 0xb1, 0xc6, 0x01, 0x02, 0xe0, 0x0a, 0x1d, 0xfe, 0x82, 0x01, 0xce, 0x8d, 0x01, 0xe8, 0x83, 0x01, 0xfe, 0x82, 0x01, 
0xc0, 0x82, 0x01, 0x9e, 0x1e, 0xdd, 0x3c, 0x00, 0x00, 0x88, 0x06, 0xc6, 0x06, 0x18, 0xaf, 0x9a, 0x01, 0x00, 0x82, 0x16, 
0xa7, 0x06, 0x89, 0x05, 0x44, 0xa7, 0x06, 0x90, 0x05, 0xd5, 0x0c, 0x18, 0x94, 0xbc, 0x02, 0x01, 0x13, 0xd9, 0xf1, 0x01, 
0xba, 0x4a, 0xce, 0x10, 0x13, 0xa8, 0xe7, 0x01, 0xa8, 0xe7, 0x01, 0xa8, 0xfe, 0x02, 0xc3, 0x10, 0x13, 0xb4, 0x03, 0xb4, 
0x03, 0x8e, 0xf6, 0x02, 0x01, 0x0c, 0xd5, 0xec, 0x01, 0xea, 0x3b, 0xca, 0x14, 0x09, 0xf6, 0x33, 0xf6, 0x33, 0x98, 0xa1, 
0x01, 0xa7, 0x1e, 0xc2, 0x3d, 0x00, 0xba, 0x1e, 0x00, 0xa6, 0x5c, 0xd0, 0x4b, 0x18, 0xa5, 0x5c, 0xc1, 0x0a, 0x0d, 0xc6, 
0x53, 0xbf, 0xc1, 0x01, 0x01, 0x3f, 0x0d, 0x99, 0x04, 0x99, 0x04, 0xc1, 0x0a, 0x0d, 0xf2, 0x33, 0xe7, 0x91, 0x01, 0x00, 
0x3f, 0x0d, 0xf5, 0x2f, 0xf5, 0x2f, 0xd0, 0x0a, 0x18, 0x81, 0x53, 0x9a, 0x6b, 0x85, 0x4f, 0x81, 0x53, 0x5c, 0x18, 0xd8, 
0x87, 0x02, 0x01, 0x45, 0xd7, 0x36, 0x9e, 0x1e, 0x43, 0x5d, 0x00, 0x00, 0x18, 0xa7, 0xf7, 0x01, 0x01, 0x0c, 0xf0, 0x7d, 
0x80, 0xa2, 0x01, 0xca, 0x14, 0x09, 0xfd, 0x86, 0x01, 0xfd, 0x86, 0x01, 0xb4, 0x4c, 0xa7, 0x1e, 0xdb, 0x60, 0x00, 0xba, 
0x1e, 0x00, 0xc6, 0x07, 0x8f, 0x09, 0x18, 0xc5, 0x07, 0xc1, 0x0a, 0x0d, 0xc6, 0x53, 0xbd, 0xc1, 0x01, 0x01, 0x3f, 0x0d, 
0x95, 0x12, 0x95, 0x12, 0xc1, 0x0a, 0x0d, 0xe4, 0xad, 0x01, 0xef, 0x25, 0x00, 0xd0, 0x0a, 0x18, 0xdb, 0xa7, 0x01, 0xc0, 
0xa7, 0x01, 0x88, 0x06, 0xdb, 0xa7, 0x01, 0x5c, 0x18, 0xb6, 0x10, 0x01, 0x45, 0xa1, 0x5a, 0x9e, 0x1e, 0x3c, 0x31, 0x00, 
0x00, 0x18, 0x97, 0x47, 0x01, 0x0c, 0xf0, 0x7d, 0x82, 0xa2, 0x01, 0xca, 0x14, 0x09, 0xfd, 0x86, 0x01, 0xfd, 0x86, 0x01, 
0xb0, 0x4c, 0xa7, 0x1e, 0xd7, 0x60, 0x00, 0xba, 0x1e, 0x00, 0xdf, 0x94, 0x02, 0x8f, 0x09, 0x18, 0xe0, 0x94, 0x02, 0xc1, 
0x0a, 0x0d, 0xdd, 0x4c, 0xb9, 0x45, 0x00, 0xc1, 0x0a, 0x0d, 0xd7, 0x80, 0x01, 0x91, 0xc6, 0x01, 0x01, 0xd0, 0x0a, 0x18, 
0xd5, 0x52, 0xad, 0xd3, 0x01, 0x92, 0x67, 0xd5, 0x52, 0x5c, 0x18, 0xd4, 0x5b, 0x01, 0x45, 0xd3, 0x34, 0x9e, 0x1e, 0x3d, 
0x31, 0x00, 0x00, 0x18, 0x97, 0x47, 0x01, 0x0c, 0xf0, 0x7d, 0x84, 0xa2, 0x01, 0xca, 0x14, 0x09, 0xfd, 0x86, 0x01, 0xfd, 
0x86, 0x01, 0xac, 0x4c, 0xa7, 0x1e, 0xd3, 0x60, 0x00, 0xba, 0x1e, 0x00, 0xdf, 0x94, 0x02, 0x8f, 0x09, 0x18, 0xe0, 0x94, 
0x02, 0xc1, 0x0a, 0x0d, 0xe5, 0x3e, 0xbf, 0x37, 0x00, 0xc1, 0x0a, 0x0d, 0xb4, 0x2f, 0x8b, 0x08, 0x01, 0x3f, 0x0d, 0xed, 
0x84, 0x02, 0xed, 0x84, 0x02, 0xd0, 0x0a, 0x18, 0xe3, 0x07, 0x9d, 0xdd, 0x01, 0xae, 0x60, 0xe3, 0x07, 0x5c, 0x18, 0xd8, 
0x87, 0x02, 0x01, 0x45, 0xd8, 0x36, 0x9e, 0x1e, 0x44, 0x5d, 0x00, 0x00, 0x18, 0xa3, 0xf7, 0x01, 0x01, 0x0c, 0xf0, 0x7d, 
0x86, 0xa2, 0x01, 0xca, 0x14, 0x09, 0xfd, 0x86, 0x01, 0xfd, 0x86, 0x01, 0xa8, 0x4c, 0xa7, 0x1e, 0xe3, 0x67, 0x00, 0xba, 
0x1e, 0x00, 0xdf, 0x94, 0x02, 0x9b, 0xf0, 0x01, 0x18, 0xe0, 0x94, 0x02, 0xc1, 0x0a, 0x0d, 0xe5, 0x3e, 0xbd, 0x37, 0x00, 
0xc1, 0x0a, 0x0d, 0xb4, 0x2f, 0x89, 0x08, 0x01, 0x3f, 0x0d, 0xed, 0x84, 0x02, 0xed, 0x84, 0x02, 0xd0, 0x0a, 0x18, 0xe3, 
0x07, 0x9d, 0xdd, 0x01, 0xe3, 0x07, 0x9e, 0x6b, 0x5c, 0x18, 0xd8, 0x87, 0x02, 0x01, 0x45, 0xd9, 0x36, 0x9e, 0x1e, 0x45, 
0x5d, 0x00, 0x00, 0x18, 0x97, 0x10, 0xc1, 0x0a, 0x0d, 0xe1, 0xd6, 0x01, 0xfd, 0xf3, 0x01, 0x00, 0x3f, 0x0d, 0xa6, 0x2e, 
0xa6, 0x2e, 0xc1, 0x0a, 0x0d, 0xf2, 0x33, 0xe5, 0x91, 0x01, 0x01, 0x3f, 0x0d, 0xf5, 0x2f, 0xf5, 0x2f, 0xd0, 0x0a, 0x18, 
0xfd, 0x52, 0x81, 0x4f, 0xfd, 0x52, 0xb2, 0x60, 0x5c, 0x18, 0xd8, 0x87, 0x02, 0x01, 0x45, 0xda, 0x36, 0x9e, 0x1e, 0x46, 
0x5d, 0x00, 0x00, 0x18, 0xd1, 0x98, 0x01, 0x8f, 0x1e, 0x18, 0x91, 0x07, 0x8f, 0x1e, 0x18, 0x02, 0x8f, 0x1e, 0x18, 0x02, 
0x8f, 0x1e, 0x18, 0xbf, 0x49, 0x8f, 0x1e, 0x88, 0x06, 0x00, 0x00, 0x00, 0x78, 0x08, 0x00, 0x00, 0x00, 0x00, 0x00, 0x00, 
0x4c, 0x4f, 0x4d, 0x53, 0x00, 0x03, 0x01, 0x00, 0x0b, 0x00, 0x08, 0x00, 0xa4, 0x61, 0x00, 0x00, 0x00, 0x00, 0x00, 0x00, 
0x30, 0x14, 0x00, 0x00, 0x91, 0x02, 0x01, 0xd1, 0x10, 0x02, 0x47, 0x4c, 0x53, 0x4c, 0x2e, 0x73, 0x74, 0x64, 0x2e, 0x34, 
0x35, 0x30, 0x00, 0x00, 0x00, 0x00, 0xa0, 0x04, 0x00, 0x01, 0x9f, 0x0f, 0x04, 0x9f, 0x2c, 0xed, 0xc2, 0xa5, 0xf3, 0x06, 
0x00, 0x88, 0x1c, 0xf3, 0x23, 0x8c, 0x1a, 0xef, 0x25, 0xd9, 0x1b, 0xa0, 0x02, 0x9f, 0x2c, 0x07, 0xa0, 0x02, 0x9f, 0x2c, 
0x0c, 0x00, 0xce, 0x59, 0x00, 0x00, 0xd5, 0x0c, 0x00, 0x00, 0x92, 0x0c, 0x00, 0x10, 0xc5, 0x36, 0x06, 0x10, 0x37, 0x83, 
0x13, 0x0b, 0x00, 0x05, 0x00, 0x07, 0x01, 0x10, 0x00, 0x23, 0x00, 0x01, 0x05, 0x00, 0x07, 0x01, 0x10, 0x00, 0x23, 0x40, 
0x01, 0x23, 0x30, 0x01, 0x23, 0x04, 0x01, 0x23, 0x04, 0x01, 0x23, 0x04, 0x01, 0x23, 0x04, 0x00, 0x86, 0x3f, 0x00, 0x10, 
0x00, 0x01, 0x01, 0x10, 0xa3, 0x4a, 0x06, 0x80, 0x02, 0x00, 0xa0, 0x13, 0x02, 0x47, 0x00, 0x01, 0x00, 0x23, 0x00, 0x10, 
0xf2, 0x1b, 0x21, 0x00, 0x10, 0x00, 0x22, 0x01, 0x00, 0xc0, 0x5f, 0x00, 0x00, 0xa8, 0xe7, 0x01, 0x00, 0x00, 0xb4, 0x03, 
0x00, 0x00, 0xd5, 0xec, 0x01, 0x00, 0x00, 0x96, 0x2b, 0x00, 0x00, 0x99, 0x04, 0x00, 0x00, 0xf2, 0x33, 0x00, 0x00, 0xf5, 
0x2f, 0x00, 0x00, 0x81, 0x53, 0x00, 0x00, 0xd8, 0x87, 0x02, 0x00, 0x00, 0xb7, 0x79, 0x00, 0x00, 0xfd, 0x3a, 0x00, 0x00, 
0x95, 0x12, 0x00, 0x00, 0xe4, 0xad, 0x01, 0x00, 0x00, 0xe9, 0x42, 0x00, 0x00, 0xb6, 0x10, 0x00, 0x00, 0x99, 0x2e, 0x00, 
0x00, 0x84, 0x41, 0x00, 0x00, 0xd7, 0x80, 0x01, 0x00, 0x00, 0xd5, 0x52, 0x00, 0x00, 0xc6, 0xc0, 0x01, 0x00, 0x00, 0x99, 
0x2e, 0x00, 0x00, 0xfc, 0x4e, 0x00, 0x00, 0xb4, 0x2f, 0x00, 0x00, 0xed, 0x84, 0x02, 0x00, 0x00, 0xe3, 0x07, 0x00, 0x00, 
0xd8, 0x87, 0x02, 0x00, 0x00, 0xb3, 0x79, 0x00, 0x00, 0xfc, 0x4e, 0x00, 0x00, 0xb4, 0x2f, 0x00, 0x00, 0xed, 0x84, 0x02, 
0x00, 0x00, 0xe3, 0x07, 0x00, 0x00, 0xd8, 0x87, 0x02, 0x00, 0x00, 0xf9, 0xe6, 0x01, 0x00, 0x00, 0xa6, 0x2e, 0x00, 0x00, 
0xf2, 0x33, 0x00, 0x00, 0xf5, 0x2f, 0x00, 0x00, 0xfd, 0x52, 0x00, 0x00, 0xd8, 0x87, 0x02, 0x00, 0x00, 0xff, 0xdb, 0x02, 
0x02, 0x37, 0x00, 0x0d, 0x00, 0x05, 0x00, 0x07, 0x01, 0x10, 0x00, 0x23, 0x00, 0x01, 0x00, 0x00, 0x23, 0x40, 0x01, 0x00, 
0x00, 0x23, 0x10, 0x01, 0x00, 0x00, 0x23, 0x04, 0x01, 0x00, 0x00, 0x23, 0x04, 0x01, 0x00, 0x00, 0x23, 0x04, 0x10, 0xf6, 
0x29, 0x21, 0x00, 0x10, 0x00, 0x22, 0x02, 0x10, 0xb3, 0x06, 0x1e, 0x00, 0x10, 0xd6, 0x0f, 0x0b, 0x16, 0x00, 0xcd, 0x13, 
0x0e, 0x10, 0x00, 0x1e, 0x0a, 0x10, 0xc6, 0x17, 0x1e, 0x00, 0x10, 0xab, 0x14, 0x1e, 0x09, 0x00, 0xce, 0x89, 0x02, 0x00, 
0x00, 0x8c, 0x30, 0x00, 0x00, 0xab, 0xd7, 0x01, 0x00, 0x00, 0xec, 0x56, 0x00, 0x00, 0xf9, 0x47, 0x00, 0x00, 0x8e, 0x45, 
0x00, 0x00, 0xa1, 0x21, 0x00, 0x00, 0x9c, 0x17, 0x00, 0x00, 0xfb, 0x1a, 0x00, 0x00, 0xb3, 0x38, 0x00, 0x93, 0x02, 0x0e, 
0xa1, 0x04, 0xf4, 0x13, 0x08, 0xa6, 0x02, 0xe9, 0x13, 0x20, 0xb7, 0x02, 0x20, 0x0d, 0x04, 0xb7, 0x02, 0x09, 0x0d, 0x03, 
0xb5, 0x02, 0x17, 0x20, 0x01, 0x3e, 0xfa, 0x09, 0x07, 0x0c, 0xb7, 0x02, 0xeb, 0x09, 0x0d, 0x02, 0x3e, 0xfa, 0x09, 0x07, 
0x13, 0xc1, 0x04, 0xe4, 0x21, 0x18, 0x89, 0x05, 0x90, 0x05, 0xb8, 0x02, 0xb9, 0x2a, 0x1d, 0x04, 0xb8, 0x02, 0x3d, 0x18, 
0x03, 0xb5, 0x02, 0x75, 0x20, 0x00, 0xbb, 0x04, 0x0b, 0xae, 0x28, 0x08, 0x00, 0x00, 0x00, 0xbc, 0x02, 0xff, 0x05, 0x1d, 
0xa2, 0x14, 0x8e, 0x03, 0x83, 0x13, 0x65, 0x46, 0x0c, 0x0c, 0x0c, 0x0d, 0xa2, 0x11, 0xb2, 0x06, 0x0c, 0x86, 0x3f, 0x40, 
0x00, 0x00, 0x00, 0xbc, 0x02, 0xa3, 0x4a, 0xe0, 0x07, 0xa3, 0x27, 0xae, 0x02, 0xa0, 0x13, 0x91, 0x02, 0x3e, 0xfa, 0x09, 
0x02, 0xe1, 0x0b, 0x39, 0xde, 0x10, 0xf8, 0x11, 0x02, 0xbb, 0x04, 0x0c, 0x9d, 0x0b, 0x00, 0x00, 0x00, 0x00, 0x3e, 0xd1, 
0x1c, 0x02, 0x65, 0xbb, 0x04, 0x0c, 0xd8, 0x1c, 0x01, 0x00, 0x00, 0x00, 0xbb, 0x04, 0x0c, 0x06, 0x02, 0x00, 0x00, 0x00, 
0x3e, 0x8d, 0x1e, 0x02, 0x0c, 0xbb, 0x04, 0x0c, 0x94, 0x1e, 0x03, 0x00, 0x00, 0x00, 0xbb, 0x04, 0x0c, 0x06, 0x04, 0x00, 
0x00, 0x00, 0xbb, 0x04, 0x0c, 0x06, 0x05, 0x00, 0x00, 0x00, 0x3e, 0x9d, 0x1e, 0x02, 0x0d, 0xbb, 0x04, 0x0d, 0x81, 0x08, 
0x00, 0x00, 0x80, 0x3f, 0xbb, 0x04, 0x0d, 0x84, 0x26, 0x00, 0x00, 0x00, 0x00, 0xbb, 0x04, 0x0d, 0xe5, 0x27, 0x00, 0x00, 
0x00, 0x40, 0x94, 0x02, 0x1f, 0xbb, 0x04, 0x0b, 0x88, 0x28, 0x01, 0x00, 0x00, 0x00, 0xbb, 0x04, 0x0b, 0x05, 0x00, 0x00, 
0x00, 0x00, 0xbb, 0x04, 0x0d, 0x91, 0x1b, 0x00, 0x00, 0x80, 0xbf, 0xfe, 0x02, 0xcc, 0x07, 0x65, 0x1d, 0x0c, 0x0c, 0x0c, 
0x0d, 0x3e, 0xfa, 0x09, 0x02, 0xa7, 0x0a, 0x39, 0xa4, 0x0f, 0xfc, 0x1f, 0x02, 0x3e, 0x8f, 0x34, 0x01, 0x1d, 0x39, 0x9a, 
0x05, 0xdc, 0x2d, 0x01, 0xbb, 0x04, 0x0b, 0xe9, 0x0f, 0x03, 0x00, 0x00, 0x00, 0xbb, 0x04, 0x0b, 0x05, 0x02, 0x00, 0x00, 
0x00, 0x3e, 0x87, 0x1e, 0x03, 0x0d, 0x39, 0x8c, 0x05, 0xce, 0x3d, 0x03, 0x3e, 0xcb, 0x3d, 0x01, 0x0c, 0x39, 0x8d, 0x05, 
0xfe, 0x29, 0x01, 0xb7, 0x02, 0xf5, 0x33, 0x0b, 0x02, 0x3e, 0xfa, 0x09, 0x03, 0x11, 0x39, 0x8e, 0x05, 0xc2, 0x41, 0x03, 
0x3e, 0xcd, 0x41, 0x03, 0x0b, 0x39, 0x9a, 0x05, 0xa2, 0x2d, 0x01, 0x3e, 0x93, 0x2d, 0x01, 0x0d, 0xcc, 0x04, 0x13, 0xa0, 
0x12, 0xd9, 0x0b, 0xd9, 0x0b, 0xcc, 0x04, 0x13, 0xbd, 0x10, 0xec, 0x09, 0xec, 0x09, 0xc6, 0x06, 0x08, 0xbe, 0x4c, 0x00, 
0x82, 0x0a, 0x18, 0xb6, 0x65, 0x39, 0x89, 0x05, 0x8c, 0x83, 0x01, 0x07, 0x39, 0x90, 0x05, 0x8c, 0x30, 0x07, 0x01, 0x0c, 
0xb1, 0x56, 0xc2, 0xe6, 0x01, 0x33, 0x8a, 0x05, 0xe1, 0x0c, 0xda, 0x19, 0x8b, 0x14, 0xad, 0x8d, 0x01, 0x97, 0x14, 0x01, 
0x0c, 0xea, 0x6e, 0xea, 0x6e, 0x13, 0xe2, 0x05, 0xb3, 0x24, 0xa2, 0x1f, 0x8b, 0x14, 0x01, 0x65, 0xb5, 0xf5, 0x01, 0xb5, 
0xf5, 0x01, 0x01, 0x1d, 0xfe, 0x62, 0xe6, 0x8d, 0x01, 0x2d, 0x13, 0xd0, 0xc0, 0x01, 0xd0, 0xc0, 0x01, 0xd0, 0xc0, 0x01, 
0x10, 0x7c, 0x13, 0xc3, 0x1e, 0x01, 0x2b, 0xa3, 0xc3, 0x01, 0x9f, 0x0e, 0x80, 0x06, 0xc1, 0x0a, 0x0d, 0x93, 0xc1, 0x01, 
0x93, 0xc1, 0x01, 0x00, 0xc1, 0x0a, 0x0d, 0xdc, 0xc1, 0x01, 0x48, 0x01, 0xe0, 0x0a, 0x1d, 0xdd, 0x3a, 0xfe, 0x86, 0x01, 
0xdd, 0x3a, 0xd8, 0xab, 0x02, 0xd8, 0xab, 0x02, 0xc1, 0x12, 0x1d, 0xa5, 0x61, 0xce, 0x69, 0xa5, 0x61, 0x2d, 0x13, 0xc4, 
0x04, 0xc4, 0x04, 0xc4, 0x04, 0x10, 0x13, 0x8a, 0x05, 0x92, 0x5c, 0xa2, 0x1f, 0x91, 0x14, 0x01, 0x0c, 0xbb, 0x93, 0x01, 
0xbb, 0x93, 0x01, 0xca, 0x14, 0x09, 0xac, 0x79, 0xac, 0x79, 0xf6, 0xea, 0x01, 0xb8, 0x14, 0x09, 0xcf, 0xaa, 0x01, 0xcf, 
0xaa, 0x01, 0xa7, 0x1e, 0xeb, 0x93, 0x01, 0x00, 0xba, 0x1e, 0x00, 0xc5, 0x6d, 0xeb, 0x93, 0x01, 0x18, 0xc6, 0x6d, 0xc1, 
0x0a, 0x0d, 0xc2, 0x99, 0x01, 0xba, 0x9e, 0x01, 0x00, 0xca, 0x16, 0x09, 0x8f, 0x76, 0x8f, 0x76, 0xa0, 0xf7, 0x01, 0x99, 
0x1e, 0xf3, 0x02, 0x18, 0xf4, 0x02, 0xe5, 0x1e, 0x09, 0xa7, 0x88, 0x01, 0xc6, 0x44, 0x00, 0x00, 0x7a, 0x2f, 0x00, 0x00, 
0x5a, 0x3e, 0x00, 0x00, 0x81, 0x35, 0x00, 0x00, 0xb8, 0x14, 0x09, 0xba, 0x83, 0x02, 0xba, 0x83, 0x02, 0xa7, 0x1e, 0xac, 
0x94, 0x01, 0x00, 0xba, 0x1e, 0x00, 0x84, 0xa2, 0x01, 0xac, 0x94, 0x01, 0x18, 0x83, 0xa2, 0x01, 0xc1, 0x0a, 0x0d, 0xc2, 
0x9f, 0x01, 0xee, 0xa3, 0x01, 0x00, 0xc8, 0x16, 0x09, 0xbd, 0xa5, 0x01, 0xbd, 0xa5, 0x01, 0xa2, 0xa7, 0x01, 0x99, 0x1e, 
0xd3, 0x13, 0x18, 0xd4, 0x13, 0xe5, 0x1e, 0x09, 0x8b, 0x6f, 0x00, 0x1d, 0x00, 0x00, 0x14, 0x3f, 0x00, 0x00, 0xdd, 0x33, 
0x00, 0x00, 0x5b, 0x35, 0x00, 0x00, 0xb8, 0x14, 0x09, 0xba, 0x83, 0x02, 0xba, 0x83, 0x02, 0xa7, 0x1e, 0xac, 0x94, 0x01, 
0x00, 0xba, 0x1e, 0x00, 0x84, 0xa2, 0x01, 0xac, 0x94, 0x01, 0x18, 0x83, 0xa2, 0x01, 0xc1, 0x0a, 0x0d, 0xc2, 0x9f, 0x01, 
0xf0, 0xa3, 0x01, 0x01, 0xc8, 0x16, 0x09, 0xbd, 0xa5, 0x01, 0xbd, 0xa5, 0x01, 0xa4, 0xa7, 0x01, 0x99, 0x1e, 0xd3, 0x13, 
0x18, 0xd4, 0x13, 0xe5, 0x1e, 0x09, 0x8b, 0x6f, 0x01, 0x1d, 0x00, 0x00, 0xc7, 0x38, 0x00, 0x00, 0xde, 0x33, 0x00, 0x00, 
0x5c, 0x35, 0x00, 0x00, 0xb8, 0x14, 0x09, 0xba, 0x83, 0x02, 0xba, 0x83, 0x02, 0xa7, 0x1e, 0xdc, 0x63, 0x00, 0xba, 0x1e, 
0x00, 0xba, 0xa1, 0x01, 0xdc, 0x63, 0x18, 0xb9, 0xa1, 0x01, 0xc1, 0x0a, 0x0d, 0xc2, 0x99, 0x01, 0xbc, 0x9e, 0x01, 0x01, 
0xca, 0x16, 0x09, 0x8f, 0x76, 0x8f, 0x76, 0xa2, 0xf7, 0x01, 0x99, 0x1e, 0xab, 0x1a, 0x18, 0xac, 0x1a, 0xe5, 0x1e, 0x09, 
0xb7, 0x4a, 0x02, 0x1d, 0x00, 0x00, 0xc8, 0x38, 0x00, 0x00, 0x5b, 0x3e, 0x00, 0x00, 0x82, 0x35, 0x00, 0x00, 0xa7, 0x1e, 
0x8e, 0x0f, 0x00, 0xba, 0x1e, 0x00, 0xf7, 0xac, 0x01, 0x90, 0x0f, 0x18, 0xf8, 0xac, 0x01, 0x99, 0x1e, 0x86, 0xbc, 0x01, 
0x18, 0x87, 0xbc, 0x01, 0x13, 0x8a, 0x05, 0xa4, 0xc6, 0x01, 0xa2, 0x1f, 0x94, 0x14, 0x01, 0x0c, 0xf1, 0x8f, 0x01, 0xf1, 
0x8f, 0x01, 0xcb, 0x14, 0x09, 0x97, 0x08, 0x97, 0x08, 0x9e, 0xc0, 0x01, 0xa7, 0x1e, 0xf3, 0x6b, 0x00, 0xba, 0x1e, 0x00, 
0xdc, 0x22, 0xd2, 0x21, 0x18, 0xdb, 0x22, 0xc1, 0x0a, 0x0d, 0x85, 0x1d, 0xb7, 0x28, 0x01, 0xc3, 0x10, 0x0d, 0x8e, 0x45, 
0xcc, 0xeb, 0x01, 0x8e, 0x45, 0xd2, 0x0a, 0x13, 0xb5, 0x5d, 0xb5, 0x5d, 0xdf, 0x40, 0x01, 0x13, 0x8a, 0x05, 0xd0, 0x25, 
0xa2, 0x1f, 0x97, 0x14, 0x01, 0x0c, 0xc4, 0x16, 0xc4, 0x16, 0x22, 0xc1, 0x74, 0x00, 0x22, 0xcd, 0xa4, 0x01, 0x94, 0x3c, 
0xd9, 0x06, 0x18, 0x9c, 0x17, 0xd0, 0x8a, 0x01, 0xa5, 0x5d, 0xb1, 0x8d, 0x01, 0x99, 0x1e, 0xcd, 0x70, 0x18, 0xf7, 0x1c, 
0x99, 0x1e, 0xc5, 0x8d, 0x01, 0x18, 0xc6, 0x8d, 0x01, 0x99, 0x1e, 0x8c, 0x9a, 0x01, 0x18, 0x8b, 0x9a, 0x01, 0x13, 0x8b, 
0x05, 0xf4, 0xa5, 0x01, 0xa2, 0x1f, 0x9a, 0x14, 0x01, 0x0d, 0xb1, 0x97, 0x01, 0xb1, 0x97, 0x01, 0x22, 0xf8, 0x80, 0x01, 
0x00, 0xbc, 0x0e, 0x0b, 0xcc, 0xac, 0x01, 0xb7, 0x07, 0x13, 0x88, 0x05, 0xbf, 0xb9, 0x01, 0xef, 0x25, 0x8a, 0x14, 0x22, 
0x00, 0xbf, 0xb9, 0x01, 0x13, 0x8f, 0x05, 0xf8, 0x34, 0xd9, 0x1b, 0x90, 0x14, 0x01, 0x0d, 0xf7, 0x5e, 0xf7, 0x5e, 0x13, 
0x8f, 0x05, 0xe6, 0xdc, 0x01, 0xd9, 0x1b, 0x93, 0x14, 0x01, 0x0d, 0x89, 0x9f, 0x01, 0x89, 0x9f, 0x01, 0xc8, 0x10, 0x0d, 
0x9c, 0x0f, 0xf8, 0x4c, 0x9c, 0x0f, 0xbc, 0x0e, 0x0b, 0xa8, 0x24, 0xa8, 0x24, 0x13, 0x88, 0x05, 0xfa, 0x6d, 0xef, 0x25, 
0x8d, 0x14, 0x22, 0x00, 0xfa, 0x6d, 0x8d, 0x1e, 0x88, 0x06, 0xc6, 0x06, 0x18, 0xf9, 0x97, 0x02, 0x00, 0x82, 0x16, 0xa7, 
0x06, 0x89, 0x05, 0x44, 0xa7, 0x06, 0x90, 0x05, 0xd5, 0x0c, 0x18, 0xd6, 0xb7, 0x02, 0x01, 0x13, 0xd9, 0xf1, 0x01, 0xfc, 
0x45, 0xce, 0x10, 0x13, 0xa8, 0xe7, 0x01, 0xa8, 0xe7, 0x01, 0xea, 0xf9, 0x02, 0xc3, 0x10, 0x13, 0xb4, 0x03, 0xb4, 0x03, 
0xd0, 0xf1, 0x02, 0x01, 0x0c, 0xd5, 0xec, 0x01, 0xac, 0x37, 0xca, 0x14, 0x09, 0xf6, 0x33, 0xf6, 0x33, 0xda, 0x9c, 0x01, 
0xa7, 0x1e, 0xed, 0x8d, 0x01, 0x00, 0xba, 0x1e, 0x00, 0xcb, 0x08, 0xd0, 0x4b, 0x18, 0xcc, 0x08, 0xc1, 0x0a, 0x0d, 0xab, 
0x11, 0xbf, 0xc1, 0x01, 0x01, 0x3f, 0x0d, 0x99, 0x04, 0x99, 0x04, 0xc1, 0x0a, 0x0d, 0xf2, 0x33, 0xe7, 0x91, 0x01, 0x00, 
0x3f, 0x0d, 0xf5, 0x2f, 0xf5, 0x2f, 0xd0, 0x0a, 0x18, 0x81, 0x53, 0xdc, 0x66, 0x85, 0x4f, 0x81, 0x53, 0x5c, 0x18, 0xd8, 
0x87, 0x02, 0x01, 0x45, 0xb8, 0x34, 0x9e, 0x1e, 0x24, 0x5c, 0x00, 0x00, 0x18, 0xa7, 0xf7, 0x01, 0x01, 0x0c, 0xf0, 0x7d, 
0xc2, 0x9d, 0x01, 0xca, 0x14, 0x09, 0xfd, 0x86, 0x01, 0xfd, 0x86, 0x01, 0xf6, 0x47, 0xa7, 0x1e, 0xdb, 0x60, 0x00, 0xba, 
0x1e, 0x00, 0xab, 0x5d, 0x8f, 0x09, 0x18, 0xac, 0x5d, 0xc1, 0x0a, 0x0d, 0xab, 0x11, 0xbd, 0xc1, 0x01, 0x01, 0x3f, 0x0d, 
0x95, 0x12, 0x95, 0x12, 0xc1, 0x0a, 0x0d, 0xe4, 0xad, 0x01, 0xef, 0x25, 0x00, 0xd0, 0x0a, 0x18, 0xe9, 0x42, 0xf4, 0x87, 
0x02, 0xfa, 0x6a, 0xe9, 0x42, 0x5c, 0x18, 0xb6, 0x10, 0x01, 0x45, 0xbb, 0x8a, 0x01, 0x9e, 0x1e, 0x56, 0x49, 0x00, 0x00, 
0x18, 0x89, 0xac, 0x01, 0x01, 0x0c, 0xf0, 0x7d, 0xc4, 0x9d, 0x01, 0xca, 0x14, 0x09, 0xfd, 0x86, 0x01, 0xfd, 0x86, 0x01, 
0xf2, 0x47, 0xa7, 0x1e, 0xd7, 0x60, 0x00, 0xba, 0x1e, 0x00, 0xd3, 0x4f, 0x8f, 0x09, 0x18, 0xd4, 0x4f, 0xc1, 0x0a, 0x0d, 
0xae, 0x78, 0xb9, 0x45, 0x00, 0xc1, 0x0a, 0x0d, 0xd7, 0x80, 0x01, 0x91, 0xc6, 0x01, 0x01, 0xd0, 0x0a, 0x18, 0xd5, 0x52, 
0xad, 0xd3, 0x01, 0xd4, 0x62, 0xd5, 0x52, 0x5c, 0x18, 0xc6, 0xc0, 0x01, 0x01, 0x45, 0xb4, 0x32, 0x9e, 0x1e, 0x57, 0x49, 
0x00, 0x00, 0x18, 0x89, 0xac, 0x01, 0x01, 0x0c, 0xf0, 0x7d, 0xc6, 0x9d, 0x01, 0xca, 0x14, 0x09, 0xfd, 0x86, 0x01, 0xfd, 
0x86, 0x01, 0xee, 0x47, 0xa7, 0x1e, 0xd3, 0x60, 0x00, 0xba, 0x1e, 0x00, 0xd3, 0x4f, 0x8f, 0x09, 0x18, 0xd4, 0x4f, 0xc1, 
0x0a, 0x0d, 0xa6, 0x86, 0x01, 0xbf, 0x37, 0x00, 0xc1, 0x0a, 0x0d, 0xb4, 0x2f, 0x8b, 0x08, 0x01, 0x3f, 0x0d, 0xed, 0x84, 
0x02, 0xed, 0x84, 0x02, 0xd0, 0x0a, 0x18, 0xe3, 0x07, 0x9d, 0xdd, 0x01, 0xf0, 0x5b, 0xe3, 0x07, 0x5c, 0x18, 0xd8, 0x87, 
0x02, 0x01, 0x45, 0xb9, 0x34, 0x9e, 0x1e, 0x25, 0x5c, 0x00, 0x00, 0x18, 0xa3, 0xf7, 0x01, 0x01, 0x0c, 0xf0, 0x7d, 0xc8, 
0x9d, 0x01, 0xca, 0x14, 0x09, 0xfd, 0x86, 0x01, 0xfd, 0x86, 0x01, 0xea, 0x47, 0xa7, 0x1e, 0xe3, 0x67, 0x00, 0xba, 0x1e, 
0x00, 0xd3, 0x4f, 0x9b, 0xf0, 0x01, 0x18, 0xd4, 0x4f, 0xc1, 0x0a, 0x0d, 0xa6, 0x86, 0x01, 0xbd, 0x37, 0x00, 0xc1, 0x0a, 
0x0d, 0xb4, 0x2f, 0x89, 0x08, 0x01, 0x3f, 0x0d, 0xed, 0x84, 0x02, 0xed, 0x84, 0x02, 0xd0, 0x0a, 0x18, 0xe3, 0x07, 0x9d, 
0xdd, 0x01, 0xe3, 0x07, 0xe0, 0x66, 0x5c, 0x18, 0xd8, 0x87, 0x02, 0x01, 0x45, 0xba, 0x34, 0x9e, 0x1e, 0x26, 0x5c, 0x00, 
0x00, 0x18, 0x97, 0x10, 0xc1, 0x0a, 0x0d, 0xe1, 0xd6, 0x01, 0xfd, 0xf3, 0x01, 0x00, 0x3f, 0x0d, 0xa6, 0x2e, 0xa6, 0x2e, 
0xc1, 0x0a, 0x0d, 0xf2, 0x33, 0xe5, 0x91, 0x01, 0x01, 0x3f, 0x0d, 0xf5, 0x2f, 0xf5, 0x2f, 0xd0, 0x0a, 0x18, 0xfd, 0x52, 
0x81, 0x4f, 0xfd, 0x52, 0xf4, 0x5b, 0x5c, 0x18, 0xd8, 0x87, 0x02, 0x01, 0x45, 0xbb, 0x34, 0x9e, 0x1e, 0x27, 0x5c, 0x00, 
0x00, 0x18, 0xd1, 0x98, 0x01, 0x8f, 0x1e, 0x18, 0x91, 0x07, 0x8f, 0x1e, 0x18, 0x02, 0x8f, 0x1e, 0x18, 0x02, 0x8f, 0x1e, 
0x18, 0xf0, 0x81, 0x01, 0x8f, 0x1e, 0x88, 0x06, 0xfd, 0x05, 0x00, 0x00, 0x00, 0x00, 0x00, 0x00, 0x4c, 0x4f, 0x4d, 0x53, 
0x00, 0x03, 0x01, 0x00, 0x0b, 0x00, 0x08, 0x00, 0xa8, 0x61, 0x00, 0x00, 0x00, 0x00, 0x00, 0x00, 0xac, 0x15, 0x00, 0x00, 
0x91, 0x02, 0x01, 0xd1, 0x10, 0x02, 0x47, 0x4c, 0x53, 0x4c, 0x2e, 0x73, 0x74, 0x64, 0x2e, 0x34, 0x35, 0x30, 0x00, 0x00, 
0x00, 0x00, 0xa0, 0x04, 0x00, 0x01, 0xbf, 0x0f, 0x00, 0x9f, 0x2c, 0xed, 0xc2, 0xa5, 0xf3, 0x06, 0x00, 0x82, 0x1f, 0x8c, 
0x1a, 0xb0, 0x23, 0x88, 0x1c, 0xab, 0x22, 0xd9, 0x1b, 0xc2, 0x26, 0x10, 0xb4, 0x07, 0x06, 0x40, 0x10, 0x02, 0x06, 0x40, 
0x10, 0xa4, 0x09, 0x06, 0x10, 0x10, 0xe0, 0x01, 0x06, 0x10, 0x10, 0x02, 0x06, 0x10, 0x10, 0x02, 0x06, 0x10, 0x10, 0x7a, 
0x06, 0x10, 0x00, 0x8e, 0x18, 0x02, 0x37, 0x00, 0x95, 0x00, 0x05, 0x00, 0x07, 0x01, 0x10, 0x00, 0x23, 0x00, 0x01, 0x05, 
0x00, 0x07, 0x01, 0x10, 0x00, 0x23, 0x40, 0x01, 0x05, 0x00, 0x07, 0x01, 0x10, 0x00, 0x23, 0x40, 0x01, 0x05, 0x00, 0x07, 
0x01, 0x10, 0x00, 0x23, 0x40, 0x01, 0x05, 0x00, 0x07, 0x01, 0x10, 0x00, 0x23, 0x40, 0x01, 0x05, 0x00, 0x07, 0x01, 0x10, 
0x00, 0x23, 0x80, 0x02, 0x01, 0x05, 0x00, 0x07, 0x01, 0x10, 0x00, 0x23, 0x80, 0x02, 0x01, 0x05, 0x00, 0x07, 0x01, 0x10, 
0x00, 0x23, 0x40, 0x01, 0x05, 0x00, 0x07, 0x01, 0x10, 0x00, 0x23, 0x30, 0x01, 0x23, 0x40, 0x01, 0x23, 0x10, 0x01, 0x23, 
0x08, 0x01, 0x23, 0x04, 0x01, 0x23, 0x04, 0x01, 0x23, 0x10, 0x01, 0x23, 0x10, 0x01, 0x23, 0x08, 0x01, 0x23, 0x08, 0x01, 
0x23, 0x04, 0x01, 0x00, 0x00, 0x23, 0x04, 0x01, 0x23, 0x08, 0x01, 0x23, 0x04, 0x01, 0x23, 0x04, 0x01, 0x23, 0x04, 0x01, 
0x23, 0x04, 0x01, 0x23, 0x04, 0x01, 0x00, 0x00, 0x23, 0x04, 0x01, 0x00, 0x00, 0x23, 0x04, 0x01, 0x00, 0x00, 0x23, 0x04, 
0x01, 0x00, 0x00, 0x23, 0x10, 0x01, 0x00, 0x00, 0x23, 0x0c, 0x01, 0x00, 0x00, 0x23, 0x04, 0x01, 0x00, 0x00, 0x23, 0x08, 
0x01, 0x00, 0x00, 0x23, 0x04, 0x01, 0x00, 0x00, 0x23, 0x04, 0x01, 0x00, 0x00, 0x23, 0x04, 0x01, 0x23, 0x04, 0x01, 0x00, 
0x00, 0x23, 0x04, 0x01, 0x00, 0x00, 0x23, 0x04, 0x01, 0x23, 0x90, 0x01, 0x01, 0x00, 0x00, 0x23, 0x0c, 0x01, 0x23, 0x04, 
0x01, 0x23, 0x10, 0x01, 0x23, 0x10, 0x01, 0x00, 0x00, 0x23, 0x08, 0x01, 0x00, 0x00, 0x23, 0x04, 0x01, 0x23, 0x04, 0x01, 
0x00, 0x00, 0x23, 0x08, 0x01, 0x00, 0x00, 0x23, 0x04, 0x01, 0x23, 0x04, 0x01, 0x00, 0x00, 0x23, 0x10, 0x01, 0x00, 0x00, 
0x23, 0x04, 0x01, 0x23, 0x04, 0x01, 0x00, 0x00, 0x23, 0x08, 0x01, 0x23, 0x04, 0x01, 0x00, 0x00, 0x23, 0x04, 0x01, 0x00, 
0x00, 0x23, 0x04, 0x01, 0x23, 0x04, 0x01, 0x23, 0x0c, 0x01, 0x23, 0x04, 0x01, 0x23, 0x04, 0x01, 0x23, 0x04, 0x01, 0x23, 
0x04, 0x01, 0x23, 0x04, 0x01, 0x23, 0x0c, 0x01, 0x23, 0x04, 0x01, 0x23, 0x04, 0x01, 0x23, 0x04, 0x01, 0x23, 0x04, 0x01, 
0x05, 0x00, 0x07, 0x01, 0x10, 0x00, 0x23, 0x04, 0x01, 0x23, 0x30, 0x01, 0x23, 0x08, 0x01, 0x05, 0x00, 0x07, 0x01, 0x10, 
0x00, 0x23, 0x08, 0x01, 0x05, 0x00, 0x07, 0x01, 0x10, 0x00, 0x23, 0x40, 0x01, 0x00, 0x00, 0x23, 0x40, 0x01, 0x00, 0x00, 
0x23, 0x04, 0x01, 0x00, 0x00, 0x23, 0x04, 0x01, 0x00, 0x00, 0x23, 0x04, 0x01, 0x23, 0x04, 0x01, 0x23, 0x40, 0x01, 0x00, 
0x00, 0x23, 0x04, 0x01, 0x00, 0x00, 0x23, 0x04, 0x01, 0x00, 0x00, 0x23, 0x04, 0x01, 0x23, 0x04, 0x01, 0x23, 0x40, 0x01, 
0x00, 0x00, 0x23, 0x40, 0x01, 0x00, 0x00, 0x23, 0x04, 0x01, 0x00, 0x00, 0x23, 0x04, 0x01, 0x00, 0x00, 0x23, 0x04, 0x01, 
0x00, 0x00, 0x23, 0x04, 0x10, 0xc4, 0x13, 0x21, 0x00, 0x10, 0x00, 0x22, 0x00, 0x10, 0x85, 0x01, 0x1e, 0x00, 0x00, 0xeb, 
0x09, 0x0e, 0x10, 0x00, 0x1e, 0x0a, 0x10, 0xc8, 0x12, 0x0b, 0x2b, 0x10, 0xcf, 0x0e, 0x1e, 0x00, 0x10, 0xc6, 0x0c, 0x1e, 
0x06, 0x10, 0xa3, 0x0d, 0x1e, 0x09, 0x00, 0xb9, 0x1c, 0x02, 0x47, 0x00, 0x04, 0x00, 0x0b, 0x01, 0x00, 0x01, 0x0b, 0x01, 
0x01, 0x01, 0x0b, 0x01, 0x03, 0x01, 0x0b, 0x01, 0x04, 0x93, 0x02, 0x0e, 0xa1, 0x04, 0xf4, 0x13, 0x08, 0xa6, 0x02, 0xe9, 
0x13, 0x20, 0xb7, 0x02, 0x20, 0x0d, 0x04, 0xb8, 0x02, 0x90, 0x01, 0x1d, 0x04, 0xbe, 0x02, 0xa6, 0x0f, 0x1d, 0x1d, 0xb5, 
0x02, 0xd7, 0x10, 0x20, 0x01, 0xb7, 0x02, 0x18, 0x0d, 0x03, 0xb8, 0x02, 0x5c, 0x18, 0x03, 0xb5, 0x02, 0x75, 0x20, 0x00, 
0xbb, 0x04, 0x0c, 0x80, 0x28, 0x00, 0x00, 0x00, 0x00, 0x3e, 0xd1, 0x1c, 0x02, 0x65, 0xbb, 0x04, 0x0b, 0xe8, 0x1c, 0x04, 
0x00, 0x00, 0x00, 0xbc, 0x02, 0xf7, 0x20, 0x65, 0x96, 0x14, 0xbc, 0x02, 0x02, 0x65, 0x96, 0x14, 0xb7, 0x02, 0x8f, 0x07, 
0x0d, 0x02, 0xb7, 0x02, 0x02, 0x0b, 0x03, 0xbb, 0x04, 0x0b, 0xa2, 0x28, 0x09, 0x00, 0x00, 0x00, 0xbc, 0x02, 0xef, 0x17, 
0x18, 0xa5, 0x14, 0xbc, 0x02, 0xe0, 0x01, 0x1d, 0x96, 0x14, 0xbc, 0x02, 0x02, 0x1d, 0x96, 0x14, 0xbc, 0x02, 0x02, 0x1d, 
0x96, 0x14, 0xbc, 0x02, 0x7a, 0x1d, 0xa5, 0x14, 0xbe, 0x83, 0xc0, 0x02, 0x8e, 0x18, 0x65, 0x65, 0x65, 0x65, 0xda, 0x03, 
0xdb, 0x03, 0x65, 0x46, 0x65, 0x1d, 0x13, 0x0d, 0x0d, 0x1d, 0x1d, 0x13, 0x13, 0x0d, 0x0d, 0x13, 0x0d, 0x0d, 0x0d, 0x0d, 
0x0d, 0x0d, 0x0d, 0x0d, 0x1d, 0x14, 0x0c, 0x13, 0x0c, 0x0c, 0x0c, 0x0c, 0x0d, 0x0d, 0xad, 0x08, 0x18, 0x0d, 0x1d, 0x1d, 
0x13, 0x0c, 0x0d, 0x13, 0x0d, 0x0d, 0x1d, 0x0c, 0x0d, 0x13, 0x0d, 0x0d, 0x0d, 0x0b, 0x18, 0x0d, 0x0d, 0x0b, 0x0d, 0x0d, 
0x18, 0x0d, 0x0d, 0x0d, 0x0d, 0x0d, 0x46, 0x13, 0x13, 0x65, 0x65, 0x0d, 0x0d, 0x0d, 0x0d, 0x9d, 0x09, 0x0c, 0x0d, 0x0d, 
0x0d, 0x9e, 0x09, 0x9f, 0x09, 0x0c, 0x0c, 0x0c, 0x0c, 0xdc, 0x09, 0x3e, 0x8b, 0x25, 0x02, 0xe3, 0x15, 0x39, 0x9d, 0x03, 
0xd0, 0x38, 0x02, 0xbb, 0x04, 0x0c, 0xcf, 0x16, 0x06, 0x00, 0x00, 0x00, 0x3e, 0x85, 0x1e, 0x01, 0x1d, 0x39, 0x9a, 0x05, 
0xd0, 0x33, 0x01, 0xbb, 0x04, 0x0b, 0xe3, 0x15, 0x02, 0x00, 0x00, 0x00, 0xbb, 0x04, 0x0d, 0xb9, 0x19, 0x00, 0x00, 0x00, 
0xbf, 0xbb, 0x04, 0x0d, 0xed, 0x0a, 0x00, 0x00, 0x00, 0x3f, 0xbb, 0x04, 0x0d, 0xac, 0x10, 0x00, 0x00, 0x00, 0x20, 0x94, 
0x02, 0x91, 0x14, 0xbb, 0x04, 0x0d, 0x86, 0x28, 0x00, 0x00, 0x00, 0x00, 0xbb, 0x04, 0x0d, 0xe1, 0x1e, 0x00, 0x00, 0x00, 
0xa0, 0xbb, 0x04, 0x0d, 0xa1, 0x07, 0x00, 0x00, 0x80, 0x3f, 0xec, 0x04, 0x1d, 0xe0, 0x2b, 0xdc, 0x05, 0xdc, 0x05, 0xdc, 
0x05, 0xdc, 0x05, 0xbb, 0x04, 0x0b, 0xdf, 0x05, 0x00, 0x00, 0x00, 0x00, 0xbb, 0x04, 0x0b, 0x06, 0x01, 0x00, 0x00, 0x00, 
0x3e, 0x87, 0x1e, 0x03, 0x0c, 0x39, 0x89, 0x05, 0x86, 0x2a, 0x03, 0x3e, 0x83, 0x2a, 0x01, 0x0c, 0x39, 0x8a, 0x05, 0xcc, 
0x3c, 0x01, 0x3e, 0xa9, 0x3c, 0x03, 0x1d, 0x39, 0x9b, 0x05, 0xda, 0x2d, 0x03, 0x39, 0x9b, 0x05, 0xc6, 0x0c, 0x03, 0x3e, 
0xbf, 0x3a, 0x03, 0x0d, 0x39, 0x9b, 0x05, 0x9c, 0x2d, 0x03, 0xbc, 0x02, 0xcd, 0x2b, 0x0d, 0x8d, 0x14, 0xde, 0x02, 0x94, 
0x0f, 0x1d, 0x0d, 0xf2, 0x05, 0xf2, 0x05, 0x3e, 0xfa, 0x09, 0x03, 0xbc, 0x0d, 0x39, 0xb9, 0x12, 0x92, 0x28, 0x03, 0xcc, 
0x04, 0x13, 0xc7, 0x34, 0xc4, 0x14, 0xc4, 0x14, 0xc6, 0x06, 0x08, 0x82, 0x40, 0x00, 0x82, 0x0a, 0x18, 0xf4, 0x60, 0x01, 
0x0c, 0xd2, 0xaa, 0x01, 0xa4, 0x9d, 0x02, 0x22, 0xec, 0xaf, 0x02, 0x00, 0x13, 0xe2, 0x05, 0xfb, 0x41, 0xc5, 0x1f, 0x9d, 
0x14, 0x01, 0x65, 0xbd, 0x7f, 0xbd, 0x7f, 0x01, 0x1d, 0x98, 0x41, 0xde, 0xa5, 0x01, 0xc1, 0x0a, 0x0d, 0xcd, 0x46, 0xcd, 
0x46, 0x02, 0x4a, 0x0d, 0xb2, 0xcf, 0x01, 0xb2, 0xcf, 0x01, 0xe0, 0xdd, 0x02, 0x4b, 0x0d, 0x89, 0x08, 0x89, 0x08, 0xc4, 
0xe0, 0x02, 0xd2, 0x0a, 0x1d, 0x92, 0x22, 0x92, 0x22, 0xec, 0xa2, 0x01, 0x02, 0xc1, 0x12, 0x1d, 0xbf, 0x72, 0xc4, 0x71, 
0xbf, 0x72, 0xc1, 0x0a, 0x0d, 0xc5, 0x18, 0xc5, 0x18, 0x03, 0x5c, 0x0d, 0xdb, 0x79, 0x01, 0x04, 0xe4, 0x7d, 0xc8, 0x16, 
0x09, 0x8e, 0x3e, 0x8e, 0x3e, 0xd6, 0xab, 0x01, 0xa7, 0x1e, 0xed, 0x1e, 0x00, 0xba, 0x1e, 0x00, 0xc9, 0x24, 0xed, 0x1e, 
0x18, 0xca, 0x24, 0xc8, 0x16, 0x09, 0xe7, 0x27, 0xeb, 0x3e, 0xc4, 0x94, 0x01, 0xd9, 0x14, 0x0d, 0xc5, 0x20, 0xc5, 0x20, 
0xe0, 0x92, 0x01, 0xf2, 0x87, 0x01, 0xd2, 0x0a, 0x1d, 0xf0, 0x15, 0xf0, 0x15, 0x87, 0x62, 0x03, 0x99, 0x1e, 0xe1, 0x2c, 
0x18, 0xe2, 0x2c, 0xe5, 0x1e, 0x1d, 0xb4, 0x5f, 0x07, 0x45, 0x00, 0x00, 0x59, 0x2e, 0x00, 0x00, 0x83, 0x2c, 0x00, 0x00, 
0x22, 0x39, 0x00, 0x00, 0xc1, 0x0a, 0x0d, 0xf5, 0x39, 0xf5, 0x39, 0x03, 0xc8, 0x10, 0x0d, 0x9e, 0x56, 0xb0, 0xd8, 0x02, 
0x9e, 0x56, 0xce, 0x10, 0x1d, 0xbe, 0x07, 0xe6, 0x23, 0xbe, 0x07, 0xc0, 0x0a, 0xb8, 0x08, 0xad, 0x61, 0xe0, 0xd2, 0x01, 
0xad, 0x61, 0xc1, 0x0a, 0x1d, 0xf0, 0x09, 0xf0, 0x09, 0x00, 0xc1, 0x0a, 0x1d, 0xdd, 0x9b, 0x01, 0xed, 0x91, 0x01, 0x01, 
0x2d, 0x13, 0x84, 0x2c, 0xf7, 0x48, 0xf7, 0x48, 0x10, 0xce, 0x10, 0x13, 0xa2, 0x09, 0xa2, 0x09, 0x94, 0xa0, 0x01, 0x4b, 
0x13, 0xae, 0xd4, 0x01, 0xae, 0xd4, 0x01, 0xfe, 0xdf, 0x02, 0xc1, 0x0a, 0x0d, 0xc3, 0xdc, 0x01, 0xc3, 0xdc, 0x01, 0x00, 
0xd2, 0x0a, 0x1d, 0x9a, 0xa4, 0x01, 0x9a, 0xa4, 0x01, 0xcc, 0x35, 0x00, 0xc1, 0x0a, 0x0d, 0xb4, 0x14, 0xf5, 0x23, 0x01, 
0xd2, 0x0a, 0x1d, 0xaf, 0x37, 0xaf, 0x37, 0xfb, 0x22, 0x01, 0xc0, 0x0a, 0xb8, 0x08, 0xcb, 0x6f, 0xcb, 0x6f, 0xe2, 0x3e, 
0xc1, 0x0a, 0x1d, 0xe9, 0x3e, 0xe9, 0x3e, 0x00, 0xc1, 0x0a, 0x1d, 0xa8, 0x1b, 0xc1, 0x23, 0x01, 0x22, 0xf6, 0x51, 0xa8, 
0x1b, 0x3d, 0x18, 0x8a, 0xc1, 0x01, 0x8a, 0xc1, 0x01, 0x8a, 0xc1, 0x01, 0x18, 0x13, 0x8b, 0x05, 0xb3, 0x06, 0xab, 0x22, 
0x8a, 0x14, 0xc1, 0x0a, 0x0d, 0x85, 0x56, 0xb9, 0x5c, 0x00, 0x22, 0x85, 0x56, 0x00, 0x13, 0x8b, 0x05, 0xf0, 0x2f, 0xab, 
0x22, 0x8d, 0x14, 0xc1, 0x0a, 0x0d, 0xe1, 0x6e, 0xab, 0x9b, 0x01, 0x01, 0x22, 0xe1, 0x6e, 0x00, 0x13, 0x8b, 0x05, 0xe4, 
0x6e, 0xab, 0x22, 0x90, 0x14, 0xc1, 0x0a, 0x0d, 0xd5, 0x6f, 0x9d, 0x9c, 0x01, 0x02, 0x22, 0xd5, 0x6f, 0x00, 0x22, 0xc0, 
0x77, 0xdb, 0xd7, 0x01, 0xc1, 0x0a, 0x0d, 0x99, 0x39, 0xf5, 0x90, 0x02, 0x01, 0x3f, 0x0d, 0x94, 0xcd, 0x01, 0x94, 0xcd, 
0x01, 0xd2, 0x0a, 0x1d, 0xe1, 0x3d, 0xe1, 0x3d, 0xc3, 0x81, 0x01, 0x01, 0x13, 0x9b, 0x05, 0xae, 0x19, 0xc2, 0x26, 0x8b, 
0x14, 0x22, 0x00, 0xae, 0x19, 0x8d, 0x1e, 0x88, 0x06, 0x00, 0x00, 0x00, 0x4c, 0x0b, 0x00, 0x00, 0x00, 0x00, 0x00, 0x00, 
0x4c, 0x4f, 0x4d, 0x53, 0x00, 0x03, 0x01, 0x00, 0x0b, 0x00, 0x08, 0x00, 0x44, 0x62, 0x00, 0x00, 0x00, 0x00, 0x00, 0x00, 
0x30, 0x21, 0x00, 0x00, 0x91, 0x02, 0x01, 0xd1, 0x10, 0x02, 0x47, 0x4c, 0x53, 0x4c, 0x2e, 0x73, 0x74, 0x64, 0x2e, 0x34, 
0x35, 0x30, 0x00, 0x00, 0x00, 0x00, 0xa0, 0x04, 0x00, 0x01, 0xff, 0x0e, 0x04, 0x9f, 0x2c, 0xed, 0xc2, 0xa5, 0xf3, 0x06, 
0x00, 0x88, 0x1c, 0xf3, 0x23, 0xbf, 0x1c, 0xa0, 0x02, 0x9f, 0x2c, 0x07, 0xa0, 0x02, 0x9f, 0x2c, 0x0c, 0x10, 0xe0, 0x1b, 
0x06, 0x40, 0x10, 0x02, 0x06, 0x40, 0x10, 0xe7, 0x07, 0x06, 0x10, 0x10, 0x8c, 0x03, 0x06, 0x10, 0x10, 0x02, 0x06, 0x10, 
0x10, 0x02, 0x06, 0x10, 0x10, 0x50, 0x06, 0x10, 0x00, 0xb9, 0x14, 0x02, 0x37, 0x00, 0x95, 0x00, 0x05, 0x00, 0x07, 0x01, 
0x10, 0x00, 0x23, 0x00, 0x01, 0x05, 0x00, 0x07, 0x01, 0x10, 0x00, 0x23, 0x40, 0x01, 0x05, 0x00, 0x07, 0x01, 0x10, 0x00, 
0x23, 0x40, 0x01, 0x05, 0x00, 0x07, 0x01, 0x10, 0x00, 0x23, 0x40, 0x01, 0x05, 0x00, 0x07, 0x01, 0x10, 0x00, 0x23, 0x40, 
0x01, 0x05, 0x00, 0x07, 0x01, 0x10, 0x00, 0x23, 0x80, 0x02, 0x01, 0x05, 0x00, 0x07, 0x01, 0x10, 0x00, 0x23, 0x80, 0x02, 
0x01, 0x05, 0x00, 0x07, 0x01, 0x10, 0x00, 0x23, 0x40, 0x01, 0x05, 0x00, 0x07, 0x01, 0x10, 0x00, 0x23, 0x30, 0x01, 0x23, 
0x40, 0x01, 0x23, 0x10, 0x01, 0x23, 0x08, 0x01, 0x23, 0x04, 0x01, 0x23, 0x04, 0x01, 0x23, 0x10, 0x01, 0x23, 0x10, 0x01, 
0x23, 0x08, 0x01, 0x23, 0x08, 0x01, 0x23, 0x04, 0x01, 0x00, 0x00, 0x23, 0x04, 0x01, 0x23, 0x08, 0x01, 0x23, 0x04, 0x01, 
0x23, 0x04, 0x01, 0x23, 0x04, 0x01, 0x23, 0x04, 0x01, 0x23, 0x04, 0x01, 0x00, 0x00, 0x23, 0x04, 0x01, 0x00, 0x00, 0x23, 
0x04, 0x01, 0x00, 0x00, 0x23, 0x04, 0x01, 0x00, 0x00, 0x23, 0x10, 0x01, 0x00, 0x00, 0x23, 0x0c, 0x01, 0x00, 0x00, 0x23, 
0x04, 0x01, 0x00, 0x00, 0x23, 0x08, 0x01, 0x00, 0x00, 0x23, 0x04, 0x01, 0x00, 0x00, 0x23, 0x04, 0x01, 0x00, 0x00, 0x23, 
0x04, 0x01, 0x23, 0x04, 0x01, 0x00, 0x00, 0x23, 0x04, 0x01, 0x00, 0x00, 0x23, 0x04, 0x01, 0x23, 0x90, 0x01, 0x01, 0x00, 
0x00, 0x23, 0x0c, 0x01, 0x23, 0x04, 0x01, 0x23, 0x10, 0x01, 0x23, 0x10, 0x01, 0x00, 0x00, 0x23, 0x08, 0x01, 0x00, 0x00, 
0x23, 0x04, 0x01, 0x23, 0x04, 0x01, 0x00, 0x00, 0x23, 0x08, 0x01, 0x00, 0x00, 0x23, 0x04, 0x01, 0x23, 0x04, 0x01, 0x00, 
0x00, 0x23, 0x10, 0x01, 0x00, 0x00, 0x23, 0x04, 0x01, 0x23, 0x04, 0x01, 0x00, 0x00, 0x23, 0x08, 0x01, 0x23, 0x04, 0x01, 
0x00, 0x00, 0x23, 0x04, 0x01, 0x00, 0x00, 0x23, 0x04, 0x01, 0x23, 0x04, 0x01, 0x23, 0x0c, 0x01, 0x23, 0x04, 0x01, 0x23, 
0x04, 0x01, 0x23, 0x04, 0x01, 0x23, 0x04, 0x01, 0x23, 0x04, 0x01, 0x23, 0x0c, 0x01, 0x23, 0x04, 0x01, 0x23, 0x04, 0x01, 
0x23, 0x04, 0x01, 0x23, 0x04, 0x01, 0x05, 0x00, 0x07, 0x01, 0x10, 0x00, 0x23, 0x04, 0x01, 0x23, 0x30, 0x01, 0x23, 0x08, 
0x01, 0x05, 0x00, 0x07, 0x01, 0x10, 0x00, 0x23, 0x08, 0x01, 0x05, 0x00, 0x07, 0x01, 0x10, 0x00, 0x23, 0x40, 0x01, 0x00, 
0x00, 0x23, 0x40, 0x01, 0x00, 0x00, 0x23, 0x04, 0x01, 0x00, 0x00, 0x23, 0x04, 0x01, 0x00, 0x00, 0x23, 0x04, 0x01, 0x23, 
0x04, 0x01, 0x23, 0x40, 0x01, 0x00, 0x00, 0x23, 0x04, 0x01, 0x00, 0x00, 0x23, 0x04, 0x01, 0x00, 0x00, 0x23, 0x04, 0x01, 
0x23, 0x04, 0x01, 0x23, 0x40, 0x01, 0x00, 0x00, 0x23, 0x40, 0x01, 0x00, 0x00, 0x23, 0x04, 0x01, 0x00, 0x00, 0x23, 0x04, 
0x01, 0x00, 0x00, 0x23, 0x04, 0x01, 0x00, 0x00, 0x23, 0x04, 0x10, 0xea, 0x3b, 0x21, 0x00, 0x10, 0x00, 0x22, 0x00, 0x00, 
0xbb, 0x2a, 0x02, 0x37, 0x00, 0x08, 0x00, 0x05, 0x00, 0x07, 0x01, 0x10, 0x00, 0x23, 0x00, 0x01, 0x23, 0x40, 0x01, 0x23, 
0x10, 0x01, 0x23, 0x04, 0x01, 0x23, 0x04, 0x01, 0x23, 0x04, 0x10, 0xf6, 0x29, 0x21, 0x00, 0x10, 0x00, 0x22, 0x02, 0x10, 
0xb3, 0x06, 0x1e, 0x00, 0x10, 0xce, 0x21, 0x21, 0x02, 0x10, 0x00, 0x22, 0x02, 0x10, 0xeb, 0x04, 0x21, 0x01, 0x10, 0x00, 
0x22, 0x02, 0x10, 0x8b, 0x0d, 0x0b, 0x16, 0x10, 0xe7, 0x0e, 0x1e, 0x00, 0x93, 0x02, 0x0e, 0xa1, 0x04, 0xf4, 0x13, 0x08, 
0x94, 0x02, 0xf1, 0x13, 0xa6, 0x02, 0x08, 0x20, 0xb7, 0x02, 0x20, 0x0d, 0x04, 0xb7, 0x02, 0x09, 0x0d, 0x03, 0xfe, 0x02, 
0xb6, 0x13, 0x1d, 0x1d, 0x0d, 0x0d, 0x0d, 0x18, 0xb5, 0x02, 0xcd, 0x13, 0x20, 0x01, 0x3e, 0xfa, 0x09, 0x07, 0x0c, 0xb7, 
0x02, 0xeb, 0x09, 0x0d, 0x02, 0x3e, 0xfa, 0x09, 0x07, 0x13, 0xc1, 0x04, 0xe4, 0x21, 0x18, 0x89, 0x05, 0x90, 0x05, 0xb8, 
0x02, 0xb9, 0x2a, 0x1d, 0x04, 0xb8, 0x02, 0x3d, 0x18, 0x03, 0xb5, 0x02, 0x75, 0x20, 0x00, 0xbb, 0x04, 0x0c, 0x80, 0x28, 
0x00, 0x00, 0x00, 0x00, 0x3e, 0xd1, 0x1c, 0x02, 0x65, 0xbb, 0x04, 0x0c, 0xd8, 0x1c, 0x01, 0x00, 0x00, 0x00, 0xbb, 0x04, 
0x0c, 0x06, 0x02, 0x00, 0x00, 0x00, 0x3e, 0x8d, 0x1e, 0x02, 0x0c, 0xbb, 0x04, 0x0c, 0x94, 0x1e, 0x03, 0x00, 0x00, 0x00, 
0xbb, 0x04, 0x0c, 0x06, 0x04, 0x00, 0x00, 0x00, 0xbb, 0x04, 0x0c, 0x06, 0x05, 0x00, 0x00, 0x00, 0x3e, 0x9d, 0x1e, 0x02, 
0x0d, 0xbb, 0x04, 0x0b, 0x96, 0x1e, 0x04, 0x00, 0x00, 0x00, 0xbc, 0x02, 0xcb, 0x0c, 0x65, 0x96, 0x14, 0xbc, 0x02, 0x02, 
0x65, 0x96, 0x14, 0xb7, 0x02, 0xb9, 0x1b, 0x0b, 0x03, 0xbb, 0x04, 0x0b, 0xa2, 0x28, 0x09, 0x00, 0x00, 0x00, 0xbc, 0x02, 
0xcf, 0x14, 0x18, 0xa5, 0x14, 0xbc, 0x02, 0x8c, 0x03, 0x1d, 0x96, 0x14, 0xbc, 0x02, 0x02, 0x1d, 0x96, 0x14, 0xbc, 0x02, 
0x02, 0x1d, 0x96, 0x14, 0xbc, 0x02, 0x50, 0x1d, 0xa5, 0x14, 0xbe, 0x83, 0xc0, 0x02, 0xb9, 0x14, 0x65, 0x65, 0x65, 0x65, 
0xf0, 0x0d, 0xf1, 0x0d, 0x65, 0x46, 0x65, 0x1d, 0x13, 0x0d, 0x0d, 0x1d, 0x1d, 0x13, 0x13, 0x0d, 0x0d, 0x13, 0x0d, 0x0d, 
0x0d, 0x0d, 0x0d, 0x0d, 0x0d, 0x0d, 0x1d, 0x14, 0x0c, 0x13, 0x0c, 0x0c, 0x0c, 0x0c, 0x0d, 0x0d, 0xfd, 0x09, 0x18, 0x0d, 
0x1d, 0x1d, 0x13, 0x0c, 0x0d, 0x13, 0x0d, 0x0d, 0x1d, 0x0c, 0x0d, 0x13, 0x0d, 0x0d, 0x0d, 0x0b, 0x18, 0x0d, 0x0d, 0x0b, 
0x0d, 0x0d, 0x18, 0x0d, 0x0d, 0x0d, 0x0d, 0x0d, 0x46, 0x13, 0x13, 0x65, 0x65, 0x0d, 0x0d, 0x0d, 0x0d, 0xc3, 0x0b, 0x0c, 
0x0d, 0x0d, 0x0d, 0xc4, 0x0b, 0xc5, 0x0b, 0x0c, 0x0c, 0x0c, 0x0c, 0xed, 0x0b, 0x3e, 0xfa, 0x09, 0x02, 0xd0, 0x01, 0x39, 
0xcd, 0x06, 0xf0, 0x31, 0x02, 0xbb, 0x04, 0x0d, 0xf1, 0x16, 0x00, 0x00, 0x00, 0x00, 0xbb, 0x04, 0x0d, 0x83, 0x26, 0x00, 
0x00, 0x80, 0x3f, 0xec, 0x04, 0x1d, 0xf4, 0x11, 0xf4, 0x11, 0xf4, 0x11, 0xf4, 0x11, 0xf4, 0x11, 0xec, 0x04, 0x1d, 0xd6, 
0x19, 0xc6, 0x05, 0xc6, 0x05, 0xc6, 0x05, 0xca, 0x2b, 0x3e, 0xa9, 0x23, 0x01, 0x1d, 0x3e, 0x02, 0x02, 0x1d, 0xbb, 0x04, 
0x0d, 0x83, 0x0a, 0x00, 0x00, 0x00, 0x40, 0xbb, 0x04, 0x0d, 0xd0, 0x0c, 0x00, 0x00, 0x80, 0xbf, 0xfe, 0x02, 0xcc, 0x07, 
0x65, 0x1d, 0x0c, 0x0c, 0x0c, 0x0d, 0x3e, 0xfa, 0x09, 0x02, 0xa7, 0x0a, 0x39, 0xa4, 0x0f, 0xfc, 0x1f, 0x02, 0x39, 0x9a, 
0x05, 0xb3, 0x06, 0x01, 0x89, 0x03, 0xdf, 0x35, 0x0d, 0x03, 0x00, 0x00, 0x00, 0x01, 0x00, 0xab, 0x02, 0xcc, 0x05, 0x98, 
0x01, 0x3e, 0xfa, 0x09, 0x00, 0xfe, 0x03, 0x39, 0xfb, 0x08, 0xe8, 0x47, 0x00, 0x89, 0x03, 0xb1, 0x57, 0x0d, 0x01, 0x00, 
0x00, 0x00, 0x01, 0x00, 0xab, 0x02, 0xd2, 0x05, 0x96, 0x01, 0x3e, 0xfa, 0x09, 0x00, 0xff, 0x03, 0x39, 0xfc, 0x08, 0xfa, 
0x42, 0x00, 0x3e, 0xd9, 0x4a, 0x03, 0x0d, 0x39, 0x8c, 0x05, 0xce, 0x3d, 0x03, 0xbb, 0x04, 0x0c, 0xe9, 0x1e, 0x11, 0x00, 
0x00, 0x00, 0x3e, 0xc3, 0x1e, 0x03, 0x1d, 0x39, 0x9c, 0x05, 0xc6, 0x2e, 0x03, 0xad, 0x06, 0x1d, 0xf9, 0x38, 0xad, 0x06, 
0x0d, 0x02, 0xad, 0x06, 0x18, 0x02, 0xad, 0x06, 0x18, 0x02, 0xad, 0x06, 0x0d, 0x02, 0xcc, 0x04, 0x13, 0xb2, 0x1c, 0xd9, 
0x0b, 0xd9, 0x0b, 0xcc, 0x04, 0x13, 0xbd, 0x10, 0xec, 0x09, 0xec, 0x09, 0xec, 0x04, 0x1d, 0xf4, 0x21, 0xdc, 0x05, 0xdc, 
0x05, 0xdc, 0x05, 0xdc, 0x05, 0xc6, 0x06, 0x08, 0xca, 0x2a, 0x00, 0x82, 0x0a, 0x18, 0xb6, 0x65, 0x39, 0x89, 0x05, 0xa4, 
0x84, 0x01, 0x07, 0x39, 0x90, 0x05, 0xf4, 0x22, 0x07, 0x13, 0x8b, 0x05, 0xfc, 0x19, 0xc5, 0x1f, 0xbe, 0x14, 0x01, 0x0d, 
0x8d, 0x3e, 0x8d, 0x3e, 0x80, 0x0b, 0xf3, 0x09, 0xa6, 0x23, 0x98, 0xd0, 0x02, 0xc2, 0xb6, 0x02, 0x94, 0xe4, 0x02, 0x94, 
0xe4, 0x02, 0x94, 0xe4, 0x02, 0x96, 0xe4, 0x02, 0xc1, 0x0a, 0x1d, 0xfb, 0xd6, 0x01, 0xfb, 0xd6, 0x01, 0x00, 0x13, 0xe2, 
0x05, 0xc1, 0x2b, 0xa2, 0x1f, 0x8b, 0x14, 0x01, 0x65, 0xb6, 0x33, 0xb6, 0x33, 0x01, 0x1d, 0xde, 0x30, 0xe6, 0x8d, 0x01, 
0x2d, 0x13, 0xd0, 0xc0, 0x01, 0xd0, 0xc0, 0x01, 0xd0, 0xc0, 0x01, 0x10, 0x7c, 0x13, 0xc3, 0x1e, 0x01, 0x2b, 0xa3, 0xc3, 
0x01, 0x9f, 0x0e, 0x80, 0x06, 0xc1, 0x0a, 0x0d, 0x93, 0xc1, 0x01, 0x93, 0xc1, 0x01, 0x00, 0xc1, 0x0a, 0x0d, 0xdc, 0xc1, 
0x01, 0x48, 0x01, 0xe0, 0x0a, 0x1d, 0xdd, 0x3a, 0xfe, 0x86, 0x01, 0xdd, 0x3a, 0xd8, 0xab, 0x02, 0xd8, 0xab, 0x02, 0xc1, 
0x12, 0x1d, 0xa5, 0x61, 0xae, 0x37, 0xa5, 0x61, 0x2d, 0x13, 0xc4, 0x04, 0xc4, 0x04, 0xc4, 0x04, 0x10, 0x13, 0x8a, 0x05, 
0x92, 0x5c, 0xa2, 0x1f, 0x91, 0x14, 0x01, 0x0c, 0xbb, 0x93, 0x01, 0xbb, 0x93, 0x01, 0xca, 0x14, 0x09, 0xac, 0x79, 0xac, 
0x79, 0xf6, 0xea, 0x01, 0xb8, 0x14, 0x09, 0xcf, 0xaa, 0x01, 0xcf, 0xaa, 0x01, 0xa7, 0x1e, 0xeb, 0x93, 0x01, 0x00, 0xba, 
0x1e, 0x00, 0xc5, 0x6d, 0xeb, 0x93, 0x01, 0x18, 0xc6, 0x6d, 0xc1, 0x0a, 0x0d, 0xc2, 0x99, 0x01, 0xba, 0x9e, 0x01, 0x00, 
0xca, 0x16, 0x09, 0x8f, 0x76, 0x8f, 0x76, 0xa0, 0xf7, 0x01, 0x99, 0x1e, 0xf3, 0x02, 0x18, 0xf4, 0x02, 0xe5, 0x1e, 0x09, 
0xa7, 0x88, 0x01, 0xc6, 0x44, 0x00, 0x00, 0x7a, 0x2f, 0x00, 0x00, 0x5a, 0x3e, 0x00, 0x00, 0x81, 0x35, 0x00, 0x00, 0xb8, 
0x14, 0x09, 0xba, 0x83, 0x02, 0xba, 0x83, 0x02, 0xa7, 0x1e, 0xac, 0x94, 0x01, 0x00, 0xba, 0x1e, 0x00, 0x84, 0xa2, 0x01, 
0xac, 0x94, 0x01, 0x18, 0x83, 0xa2, 0x01, 0xc1, 0x0a, 0x0d, 0xc2, 0x9f, 0x01, 0xee, 0xa3, 0x01, 0x00, 0xc8, 0x16, 0x09, 
0xbd, 0xa5, 0x01, 0xbd, 0xa5, 0x01, 0xa2, 0xa7, 0x01, 0x99, 0x1e, 0xd3, 0x13, 0x18, 0xd4, 0x13, 0xe5, 0x1e, 0x09, 0x8b, 
0x6f, 0x00, 0x1d, 0x00, 0x00, 0x14, 0x3f, 0x00, 0x00, 0xdd, 0x33, 0x00, 0x00, 0x5b, 0x35, 0x00, 0x00, 0xb8, 0x14, 0x09, 
0xba, 0x83, 0x02, 0xba, 0x83, 0x02, 0xa7, 0x1e, 0xac, 0x94, 0x01, 0x00, 0xba, 0x1e, 0x00, 0x84, 0xa2, 0x01, 0xac, 0x94, 
0x01, 0x18, 0x83, 0xa2, 0x01, 0xc1, 0x0a, 0x0d, 0xc2, 0x9f, 0x01, 0xf0, 0xa3, 0x01, 0x01, 0xc8, 0x16, 0x09, 0xbd, 0xa5, 
0x01, 0xbd, 0xa5, 0x01, 0xa4, 0xa7, 0x01, 0x99, 0x1e, 0xd3, 0x13, 0x18, 0xd4, 0x13, 0xe5, 0x1e, 0x09, 0x8b, 0x6f, 0x01, 
0x1d, 0x00, 0x00, 0xc7, 0x38, 0x00, 0x00, 0xde, 0x33, 0x00, 0x00, 0x5c, 0x35, 0x00, 0x00, 0xb8, 0x14, 0x09, 0xba, 0x83, 
0x02, 0xba, 0x83, 0x02, 0xa7, 0x1e, 0xdc, 0x63, 0x00, 0xba, 0x1e, 0x00, 0xba, 0xa1, 0x01, 0xdc, 0x63, 0x18, 0xb9, 0xa1, 
0x01, 0xc1, 0x0a, 0x0d, 0xc2, 0x99, 0x01, 0xbc, 0x9e, 0x01, 0x01, 0xca, 0x16, 0x09, 0x8f, 0x76, 0x8f, 0x76, 0xa2, 0xf7, 
0x01, 0x99, 0x1e, 0xab, 0x1a, 0x18, 0xac, 0x1a, 0xe5, 0x1e, 0x09, 0xb7, 0x4a, 0x02, 0x1d, 0x00, 0x00, 0xc8, 0x38, 0x00, 
0x00, 0x5b, 0x3e, 0x00, 0x00, 0x82, 0x35, 0x00, 0x00, 0xa7, 0x1e, 0xdd, 0x10, 0x00, 0xba, 0x1e, 0x00, 0xe9, 0x12, 0xdb, 
0xbf, 0x01, 0x18, 0xea, 0x12, 0x13, 0x9b, 0x05, 0xd2, 0x95, 0x01, 0xa2, 0x1f, 0x8e, 0x14, 0x01, 0x1d, 0xe1, 0x29, 0xe1, 
0x29, 0x99, 0x1e, 0xfc, 0x6d, 0x18, 0x82, 0x41, 0x13, 0x8a, 0x05, 0xc7, 0x08, 0xa2, 0x1f, 0x94, 0x14, 0x01, 0x0c, 0xf1, 
0x8f, 0x01, 0xf1, 0x8f, 0x01, 0xcb, 0x14, 0x09, 0x97, 0x08, 0x97, 0x08, 0x9e, 0xc0, 0x01, 0xa7, 0x1e, 0xf6, 0x2f, 0x00, 
0xba, 0x1e, 0x00, 0xdc, 0x22, 0x9f, 0x70, 0x18, 0xdb, 0x22, 0xc1, 0x0a, 0x0d, 0x85, 0x1d, 0xb7, 0x28, 0x01, 0xc3, 0x10, 
0x0d, 0x8e, 0x45, 0xcc, 0xeb, 0x01, 0x8e, 0x45, 0xd2, 0x0a, 0x13, 0xb5, 0x5d, 0xb5, 0x5d, 0xdf, 0x40, 0x01, 0x13, 0x8a, 
0x05, 0xd0, 0x25, 0xa2, 0x1f, 0x97, 0x14, 0x01, 0x0c, 0xc4, 0x16, 0xc4, 0x16, 0x22, 0xd9, 0x75, 0x00, 0x22, 0xcd, 0x98, 
0x01, 0x94, 0x3c, 0xd9, 0x06, 0x18, 0xd0, 0xb9, 0x01, 0x84, 0xad, 0x02, 0xf6, 0x43, 0x82, 0x21, 0x01, 0xfe, 0x03, 0xd3, 
0xb9, 0x01, 0xdc, 0x72, 0xe7, 0x0a, 0x1d, 0x9e, 0x86, 0x01, 0x9e, 0x86, 0x01, 0xb5, 0x33, 0x01, 0xbd, 0xa0, 0x01, 0x6c, 
0x1d, 0xb1, 0xe5, 0x01, 0x01, 0x28, 0xac, 0xa9, 0x01, 0xfa, 0x16, 0x99, 0x1e, 0x97, 0x4b, 0x18, 0xae, 0xeb, 0x01, 0xc1, 
0x0a, 0x0d, 0x87, 0xef, 0x01, 0xbd, 0x67, 0x01, 0xc3, 0x10, 0x0d, 0xfc, 0x82, 0x01, 0xb4, 0xea, 0x01, 0xfc, 0x82, 0x01, 
0xd2, 0x0a, 0x13, 0xd9, 0x49, 0xd9, 0x49, 0x9b, 0x2e, 0x01, 0x01, 0xff, 0x03, 0xd6, 0x94, 0x01, 0xd2, 0xe2, 0x01, 0xe7, 
0x0a, 0x1d, 0x81, 0xd0, 0x01, 0x81, 0xd0, 0x01, 0xab, 0x3b, 0x01, 0xbd, 0xa0, 0x01, 0x6c, 0x1d, 0xe6, 0x05, 0x01, 0x28, 
0xe1, 0x33, 0xfa, 0x16, 0x99, 0x1e, 0x95, 0x4b, 0x18, 0x96, 0x4b, 0xe5, 0x1e, 0x1d, 0xe8, 0x74, 0x53, 0x1b, 0x00, 0x00, 
0x6c, 0x31, 0x00, 0x00, 0x54, 0x1b, 0x00, 0x00, 0x2a, 0x56, 0x00, 0x00, 0xc1, 0x0a, 0x0d, 0xf3, 0xb8, 0x01, 0xf3, 0xb8, 
0x01, 0x03, 0x3d, 0x18, 0xce, 0xb2, 0x01, 0xa5, 0x06, 0xa5, 0x06, 0x18, 0xce, 0x10, 0x18, 0x6d, 0x6d, 0xe0, 0xb1, 0x01, 
0xc1, 0x0a, 0x0d, 0xcd, 0x21, 0xcd, 0x21, 0x00, 0xd2, 0x0a, 0x1d, 0x81, 0x7d, 0x81, 0x7d, 0xe3, 0xa5, 0x01, 0x00, 0xc1, 
0x0a, 0x0d, 0xa8, 0xcd, 0x01, 0xd8, 0x2e, 0x01, 0xd2, 0x0a, 0x1d, 0x89, 0x3a, 0x89, 0x3a, 0x9e, 0x93, 0x01, 0x01, 0xc1, 
0x0a, 0x0d, 0xbe, 0x39, 0x8c, 0x2e, 0x02, 0xd2, 0x0a, 0x1d, 0x8f, 0x39, 0x8f, 0x39, 0x2e, 0x02, 0x3d, 0x18, 0xe4, 0x37, 
0xe4, 0x37, 0xe4, 0x37, 0x18, 0x13, 0x9b, 0x05, 0xe5, 0xca, 0x01, 0xa2, 0x1f, 0x8e, 0x14, 0x01, 0x1d, 0xe8, 0xed, 0x01, 
0xe8, 0xed, 0x01, 0x3d, 0x18, 0x83, 0xa8, 0x01, 0x83, 0xa8, 0x01, 0x83, 0xa8, 0x01, 0x18, 0xc1, 0x0a, 0x0d, 0xf6, 0x52, 
0xd8, 0x05, 0x03, 0xc3, 0x10, 0x0d, 0xd4, 0x25, 0xa6, 0xc4, 0x02, 0xd4, 0x25, 0xce, 0x10, 0x18, 0xba, 0x0f, 0x84, 0x88, 
0x01, 0xba, 0x0f, 0x4b, 0x18, 0xbf, 0xd5, 0x01, 0xbd, 0xd2, 0x01, 0xbf, 0xd5, 0x01, 0xc1, 0x0a, 0x0d, 0xc2, 0x1b, 0xc2, 
0x1b, 0x00, 0xd2, 0x0a, 0x1d, 0x9a, 0xa4, 0x01, 0x9a, 0xa4, 0x01, 0xec, 0xb2, 0x01, 0x00, 0xc1, 0x0a, 0x0d, 0xdc, 0x14, 
0xb8, 0xd4, 0x01, 0x01, 0xd2, 0x0a, 0x1d, 0x89, 0x3a, 0x89, 0x3a, 0xad, 0x25, 0x01, 0xc1, 0x0a, 0x0d, 0xf8, 0x6b, 0xa6, 
0x86, 0x02, 0x02, 0xd2, 0x0a, 0x1d, 0xe7, 0xd6, 0x01, 0xe7, 0xd6, 0x01, 0xef, 0x6a, 0x02, 0x99, 0x1e, 0x95, 0x2a, 0x18, 
0x96, 0x2a, 0xe5, 0x1e, 0x1d, 0x92, 0x79, 0x02, 0x52, 0x00, 0x00, 0x0a, 0x37, 0x00, 0x00, 0xf9, 0x2b, 0x00, 0x00, 0x1f, 
0x2e, 0x00, 0x00, 0x13, 0x8b, 0x05, 0xc5, 0xeb, 0x01, 0xa2, 0x1f, 0x9a, 0x14, 0x01, 0x0d, 0xd4, 0x60, 0xd4, 0x60, 0x22, 
0xc2, 0x80, 0x01, 0x00, 0x80, 0x0b, 0xf3, 0x09, 0xfd, 0x5a, 0xef, 0xe5, 0x01, 0xa6, 0x6d, 0xa4, 0x6d, 0xa4, 0x6d, 0xa4, 
0x6d, 0xa2, 0x6d, 0xc1, 0x0a, 0x1d, 0xbe, 0x81, 0x02, 0xbe, 0x81, 0x02, 0x00, 0x80, 0x0b, 0xf3, 0x09, 0x93, 0x9d, 0x01, 
0x93, 0x9d, 0x01, 0xd0, 0xd1, 0x01, 0xce, 0xd1, 0x01, 0xce, 0xd1, 0x01, 0xce, 0xd1, 0x01, 0xcc, 0xd1, 0x01, 0xc1, 0x0a, 
0x1d, 0xfe, 0x2e, 0xfe, 0x2e, 0x00, 0x22, 0xd4, 0xc7, 0x01, 0x00, 0x8d, 0x1e, 0x88, 0x06, 0xc6, 0x06, 0x18, 0xc7, 0xa7, 
0x01, 0x00, 0x82, 0x16, 0xa7, 0x06, 0x89, 0x05, 0x44, 0xa7, 0x06, 0x90, 0x05, 0xd5, 0x0c, 0x18, 0xba, 0x4f, 0x01, 0x13, 
0xa4, 0x38, 0xde, 0x87, 0x01, 0xce, 0x10, 0x13, 0xd5, 0x42, 0xd5, 0x42, 0xce, 0x91, 0x01, 0xc3, 0x10, 0x13, 0xb4, 0x03, 
0xb4, 0x03, 0xb4, 0x89, 0x01, 0x01, 0x0c, 0xc9, 0x27, 0x9c, 0x14, 0xca, 0x14, 0x09, 0xf6, 0x33, 0xf6, 0x33, 0xca, 0x79, 
0xa7, 0x1e, 0xc1, 0x91, 0x01, 0x00, 0xba, 0x1e, 0x00, 0xcb, 0x08, 0xad, 0xde, 0x01, 0x18, 0xcc, 0x08, 0xc1, 0x0a, 0x0d, 
0xab, 0x11, 0xcc, 0x03, 0x01, 0x3f, 0x0d, 0xd8, 0x60, 0xd8, 0x60, 0xc1, 0x0a, 0x0d, 0xf2, 0x33, 0x96, 0x98, 0x01, 0x00, 
0x3f, 0x0d, 0xf5, 0x2f, 0xf5, 0x2f, 0xd0, 0x0a, 0x18, 0x81, 0x53, 0xbe, 0xa8, 0x01, 0x85, 0x4f, 0x81, 0x53, 0x5c, 0x18, 
0xe6, 0xa2, 0x01, 0x01, 0x45, 0xa9, 0x55, 0x9e, 0x1e, 0x5c, 0x53, 0x00, 0x00, 0x18, 0xd6, 0x32, 0x01, 0x0c, 0x9b, 0x47, 
0xa4, 0xdf, 0x01, 0xca, 0x14, 0x09, 0xfd, 0x86, 0x01, 0xfd, 0x86, 0x01, 0xd8, 0x89, 0x01, 0xa7, 0x1e, 0x96, 0x04, 0x00, 
0xba, 0x1e, 0x00, 0xc6, 0x07, 0x9b, 0xce, 0x01, 0x18, 0xc5, 0x07, 0xc1, 0x0a, 0x0d, 0xab, 0x11, 0xce, 0x03, 0x01, 0x3f, 
0x0d, 0xdc, 0x52, 0xdc, 0x52, 0xc1, 0x0a, 0x0d, 0x99, 0x7c, 0xef, 0x25, 0x00, 0xd0, 0x0a, 0x18, 0xa2, 0x82, 0x01, 0xe4, 
0xe4, 0x01, 0x88, 0x06, 0xa2, 0x82, 0x01, 0x5c, 0x18, 0xb6, 0x10, 0x01, 0x45, 0xf3, 0x78, 0x9e, 0x1e, 0x8e, 0x40, 0x00, 
0x00, 0x18, 0xf4, 0x7d, 0x01, 0x0c, 0x9b, 0x47, 0xa6, 0xdf, 0x01, 0xca, 0x14, 0x09, 0xfd, 0x86, 0x01, 0xfd, 0x86, 0x01, 
0xd4, 0x89, 0x01, 0xa7, 0x1e, 0x9a, 0x04, 0x00, 0xba, 0x1e, 0x00, 0x9e, 0x15, 0x9b, 0xce, 0x01, 0x18, 0x9d, 0x15, 0xc1, 
0x0a, 0x0d, 0xae, 0x78, 0xd2, 0x7f, 0x00, 0xc1, 0x0a, 0x0d, 0xd7, 0x80, 0x01, 0x85, 0x01, 0x01, 0xd0, 0x0a, 0x18, 0x9c, 
0x12, 0xbb, 0x6e, 0xb6, 0xa4, 0x01, 0x9c, 0x12, 0x5c, 0x18, 0xd4, 0x5b, 0x01, 0x45, 0xa5, 0x53, 0x9e, 0x1e, 0x8f, 0x40, 
0x00, 0x00, 0x18, 0xf4, 0x7d, 0x01, 0x0c, 0x9b, 0x47, 0xa8, 0xdf, 0x01, 0xca, 0x14, 0x09, 0xfd, 0x86, 0x01, 0xfd, 0x86, 
0x01, 0xd0, 0x89, 0x01, 0xa7, 0x1e, 0x9e, 0x04, 0x00, 0xba, 0x1e, 0x00, 0x9e, 0x15, 0x9b, 0xce, 0x01, 0x18, 0x9d, 0x15, 
0xc1, 0x0a, 0x0d, 0xa6, 0x86, 0x01, 0xcc, 0x8d, 0x01, 0x00, 0xc1, 0x0a, 0x0d, 0xb4, 0x2f, 0x80, 0xbd, 0x01, 0x01, 0x3f, 
0x0d, 0x90, 0x25, 0x90, 0x25, 0xd0, 0x0a, 0x18, 0xef, 0xcc, 0x01, 0xab, 0x78, 0xd2, 0x9d, 0x01, 0xef, 0xcc, 0x01, 0x5c, 
0x18, 0xe6, 0xa2, 0x01, 0x01, 0x45, 0xaa, 0x55, 0x9e, 0x1e, 0x5d, 0x53, 0x00, 0x00, 0x18, 0xda, 0x32, 0x01, 0x0c, 0x9b, 
0x47, 0xaa, 0xdf, 0x01, 0xca, 0x14, 0x09, 0xfd, 0x86, 0x01, 0xfd, 0x86, 0x01, 0xcc, 0x89, 0x01, 0xa7, 0x1e, 0xf1, 0x02, 
0x00, 0xba, 0x1e, 0x00, 0x9e, 0x15, 0xa9, 0x8b, 0x01, 0x18, 0x9d, 0x15, 0xc1, 0x0a, 0x0d, 0xa6, 0x86, 0x01, 0xce, 0x8d, 
0x01, 0x00, 0xc1, 0x0a, 0x0d, 0xb4, 0x2f, 0x82, 0xbd, 0x01, 0x01, 0x3f, 0x0d, 0x90, 0x25, 0x90, 0x25, 0xd0, 0x0a, 0x18, 
0xef, 0xcc, 0x01, 0xab, 0x78, 0xef, 0xcc, 0x01, 0xc2, 0xa8, 0x01, 0x5c, 0x18, 0xe6, 0xa2, 0x01, 0x01, 0x45, 0xab, 0x55, 
0x9e, 0x1e, 0x5e, 0x53, 0x00, 0x00, 0x18, 0x97, 0x10, 0xc1, 0x0a, 0x0d, 0xef, 0x71, 0x80, 0x36, 0x00, 0x3f, 0x0d, 0xa6, 
0x2e, 0xa6, 0x2e, 0xc1, 0x0a, 0x0d, 0xf2, 0x33, 0x98, 0x98, 0x01, 0x01, 0x3f, 0x0d, 0xf5, 0x2f, 0xf5, 0x2f, 0xd0, 0x0a, 
0x18, 0xfd, 0x52, 0x81, 0x4f, 0xfd, 0x52, 0xd6, 0x9d, 0x01, 0x5c, 0x18, 0xe6, 0xa2, 0x01, 0x01, 0x45, 0xac, 0x55, 0x9e, 
0x1e, 0x5f, 0x53, 0x00, 0x00, 0x18, 0xd1, 0x98, 0x01, 0x8f, 0x1e, 0x18, 0x91, 0x07, 0x8f, 0x1e, 0x18, 0x02, 0x8f, 0x1e, 
0x18, 0x02, 0x8f, 0x1e, 0x18, 0xc4, 0x85, 0x01, 0x8f, 0x1e, 0x88, 0x06, 0x00, 0x00, 0x00, 0x00, 0x7a, 0x07, 0x00, 0x00, 
0x00, 0x00, 0x00, 0x00, 0x4c, 0x4f, 0x4d, 0x53, 0x00, 0x03, 0x01, 0x00, 0x0b, 0x00, 0x08, 0x00, 0xa8, 0x61, 0x00, 0x00, 
0x00, 0x00, 0x00, 0x00, 0xe8, 0x18, 0x00, 0x00, 0x91, 0x02, 0x01, 0x91, 0x02, 0x20, 0xd1, 0x10, 0x02, 0x47, 0x4c, 0x53, 
0x4c, 0x2e, 0x73, 0x74, 0x64, 0x2e, 0x34, 0x35, 0x30, 0x00, 0x00, 0x00, 0x00, 0xa0, 0x04, 0x00, 0x01, 0xbf, 0x0f, 0x00, 
0x9f, 0x2c, 0xed, 0xc2, 0xa5, 0xf3, 0x06, 0x00, 0x82, 0x1f, 0x8c, 0x1a, 0xb0, 0x23, 0x88, 0x1c, 0xab, 0x22, 0xd9, 0x1b, 
0xc2, 0x26, 0x10, 0xe2, 0x0b, 0x06, 0x40, 0x10, 0x02, 0x06, 0x40, 0x10, 0xd6, 0x05, 0x06, 0x10, 0x10, 0xfe, 0x01, 0x06, 
0x10, 0x10, 0x02, 0x06, 0x10, 0x10, 0x02, 0x06, 0x10, 0x10, 0x7a, 0x06, 0x10, 0x00, 0x84, 0x17, 0x02, 0x37, 0x00, 0x95, 
0x00, 0x05, 0x00, 0x07, 0x01, 0x10, 0x00, 0x23, 0x00, 0x01, 0x05, 0x00, 0x07, 0x01, 0x10, 0x00, 0x23, 0x40, 0x01, 0x05, 
0x00, 0x07, 0x01, 0x10, 0x00, 0x23, 0x40, 0x01, 0x05, 0x00, 0x07, 0x01, 0x10, 0x00, 0x23, 0x40, 0x01, 0x05, 0x00, 0x07, 
0x01, 0x10, 0x00, 0x23, 0x40, 0x01, 0x05, 0x00, 0x07, 0x01, 0x10, 0x00, 0x23, 0x80, 0x02, 0x01, 0x05, 0x00, 0x07, 0x01, 
0x10, 0x00, 0x23, 0x80, 0x02, 0x01, 0x05, 0x00, 0x07, 0x01, 0x10, 0x00, 0x23, 0x40, 0x01, 0x05, 0x00, 0x07, 0x01, 0x10, 
0x00, 0x23, 0x30, 0x01, 0x23, 0x40, 0x01, 0x23, 0x10, 0x01, 0x23, 0x08, 0x01, 0x23, 0x04, 0x01, 0x23, 0x04, 0x01, 0x23, 
0x10, 0x01, 0x23, 0x10, 0x01, 0x23, 0x08, 0x01, 0x23, 0x08, 0x01, 0x23, 0x04, 0x01, 0x00, 0x00, 0x23, 0x04, 0x01, 0x23, 
0x08, 0x01, 0x23, 0x04, 0x01, 0x23, 0x04, 0x01, 0x23, 0x04, 0x01, 0x23, 0x04, 0x01, 0x23, 0x04, 0x01, 0x00, 0x00, 0x23, 
0x04, 0x01, 0x00, 0x00, 0x23, 0x04, 0x01, 0x00, 0x00, 0x23, 0x04, 0x01, 0x00, 0x00, 0x23, 0x10, 0x01, 0x00, 0x00, 0x23, 
0x0c, 0x01, 0x00, 0x00, 0x23, 0x04, 0x01, 0x00, 0x00, 0x23, 0x08, 0x01, 0x00, 0x00, 0x23, 0x04, 0x01, 0x00, 0x00, 0x23, 
0x04, 0x01, 0x00, 0x00, 0x23, 0x04, 0x01, 0x23, 0x04, 0x01, 0x00, 0x00, 0x23, 0x04, 0x01, 0x00, 0x00, 0x23, 0x04, 0x01, 
0x23, 0x90, 0x01, 0x01, 0x00, 0x00, 0x23, 0x0c, 0x01, 0x23, 0x04, 0x01, 0x23, 0x10, 0x01, 0x23, 0x10, 0x01, 0x00, 0x00, 
0x23, 0x08, 0x01, 0x00, 0x00, 0x23, 0x04, 0x01, 0x23, 0x04, 0x01, 0x00, 0x00, 0x23, 0x08, 0x01, 0x00, 0x00, 0x23, 0x04, 
0x01, 0x23, 0x04, 0x01, 0x00, 0x00, 0x23, 0x10, 0x01, 0x00, 0x00, 0x23, 0x04, 0x01, 0x23, 0x04, 0x01, 0x00, 0x00, 0x23, 
0x08, 0x01, 0x23, 0x04, 0x01, 0x00, 0x00, 0x23, 0x04, 0x01, 0x00, 0x00, 0x23, 0x04, 0x01, 0x23, 0x04, 0x01, 0x23, 0x0c, 
0x01, 0x23, 0x04, 0x01, 0x23, 0x04, 0x01, 0x23, 0x04, 0x01, 0x23, 0x04, 0x01, 0x23, 0x04, 0x01, 0x23, 0x0c, 0x01, 0x23, 
0x04, 0x01, 0x23, 0x04, 0x01, 0x23, 0x04, 0x01, 0x23, 0x04, 0x01, 0x05, 0x00, 0x07, 0x01, 0x10, 0x00, 0x23, 0x04, 0x01, 
0x23, 0x30, 0x01, 0x23, 0x08, 0x01, 0x05, 0x00, 0x07, 0x01, 0x10, 0x00, 0x23, 0x08, 0x01, 0x05, 0x00, 0x07, 0x01, 0x10, 
0x00, 0x23, 0x40, 0x01, 0x00, 0x00, 0x23, 0x40, 0x01, 0x00, 0x00, 0x23, 0x04, 0x01, 0x00, 0x00, 0x23, 0x04, 0x01, 0x00, 
0x00, 0x23, 0x04, 0x01, 0x23, 0x04, 0x01, 0x23, 0x40, 0x01, 0x00, 0x00, 0x23, 0x04, 0x01, 0x00, 0x00, 0x23, 0x04, 0x01, 
0x00, 0x00, 0x23, 0x04, 0x01, 0x23, 0x04, 0x01, 0x23, 0x40, 0x01, 0x00, 0x00, 0x23, 0x40, 0x01, 0x00, 0x00, 0x23, 0x04, 
0x01, 0x00, 0x00, 0x23, 0x04, 0x01, 0x00, 0x00, 0x23, 0x04, 0x01, 0x00, 0x00, 0x23, 0x04, 0x10, 0xd0, 0x13, 0x21, 0x00, 
0x10, 0x00, 0x22, 0x00, 0x10, 0x85, 0x01, 0x1e, 0x00, 0x00, 0xeb, 0x09, 0x0e, 0x10, 0x00, 0x1e, 0x0a, 0x10, 0xc8, 0x12, 
0x0b, 0x2b, 0x10, 0xea, 0x0e, 0x01, 0x08, 0x10, 0xb9, 0x1d, 0x1e, 0x00, 0x10, 0xc6, 0x0c, 0x1e, 0x06, 0x10, 0xa3, 0x0d, 
0x1e, 0x09, 0x00, 0xbb, 0x1d, 0x02, 0x47, 0x00, 0x04, 0x00, 0x0b, 0x01, 0x00, 0x01, 0x0b, 0x01, 0x01, 0x01, 0x0b, 0x01, 
0x03, 0x01, 0x0b, 0x01, 0x04, 0x93, 0x02, 0x0e, 0xa1, 0x04, 0xf4, 0x13, 0x08, 0xa6, 0x02, 0xe9, 0x13, 0x20, 0xb7, 0x02, 
0x20, 0x0d, 0x04, 0xb8, 0x02, 0x90, 0x01, 0x1d, 0x04, 0xbe, 0x02, 0xa6, 0x0f, 0x1d, 0x1d, 0xb5, 0x02, 0xd7, 0x10, 0x20, 
0x01, 0xb7, 0x02, 0x18, 0x0d, 0x03, 0xb8, 0x02, 0x5c, 0x18, 0x03, 0xb5, 0x02, 0x75, 0x20, 0x00, 0xbb, 0x04, 0x0c, 0x80, 
0x28, 0x00, 0x00, 0x00, 0x00, 0x3e, 0xd1, 0x1c, 0x02, 0x65, 0xbb, 0x04, 0x0c, 0xd8, 0x1c, 0x01, 0x00, 0x00, 0x00, 0xbb, 
0x04, 0x0c, 0x06, 0x02, 0x00, 0x00, 0x00, 0xbb, 0x04, 0x0b, 0x0a, 0x04, 0x00, 0x00, 0x00, 0xbc, 0x02, 0xc9, 0x1c, 0x65, 
0x96, 0x14, 0xbc, 0x02, 0x02, 0x65, 0x96, 0x14, 0xb7, 0x02, 0xbd, 0x0b, 0x0d, 0x02, 0xb7, 0x02, 0x02, 0x0b, 0x03, 0xbb, 
0x04, 0x0b, 0xa2, 0x28, 0x09, 0x00, 0x00, 0x00, 0xbc, 0x02, 0x8f, 0x17, 0x18, 0xa5, 0x14, 0xbc, 0x02, 0xfe, 0x01, 0x1d, 
0x96, 0x14, 0xbc, 0x02, 0x02, 0x1d, 0x96, 0x14, 0xbc, 0x02, 0x02, 0x1d, 0x96, 0x14, 0xbc, 0x02, 0x7a, 0x1d, 0xa5, 0x14, 
0xbe, 0x83, 0xc0, 0x02, 0x84, 0x17, 0x65, 0x65, 0x65, 0x65, 0xf1, 0x05, 0xf2, 0x05, 0x65, 0x46, 0x65, 0x1d, 0x13, 0x0d, 
0x0d, 0x1d, 0x1d, 0x13, 0x13, 0x0d, 0x0d, 0x13, 0x0d, 0x0d, 0x0d, 0x0d, 0x0d, 0x0d, 0x0d, 0x0d, 0x1d, 0x14, 0x0c, 0x13, 
0x0c, 0x0c, 0x0c, 0x0c, 0x0d, 0x0d, 0xdd, 0x08, 0x18, 0x0d, 0x1d, 0x1d, 0x13, 0x0c, 0x0d, 0x13, 0x0d, 0x0d, 0x1d, 0x0c, 
0x0d, 0x13, 0x0d, 0x0d, 0x0d, 0x0b, 0x18, 0x0d, 0x0d, 0x0b, 0x0d, 0x0d, 0x18, 0x0d, 0x0d, 0x0d, 0x0d, 0x0d, 0x46, 0x13, 
0x13, 0x65, 0x65, 0x0d, 0x0d, 0x0d, 0x0d, 0xdc, 0x09, 0x0c, 0x0d, 0x0d, 0x0d, 0xdd, 0x09, 0xde, 0x09, 0x0c, 0x0c, 0x0c, 
0x0c, 0x9b, 0x0a, 0x3e, 0x8b, 0x25, 0x02, 0xdd, 0x15, 0x39, 0x97, 0x03, 0xdc, 0x38, 0x02, 0xbb, 0x04, 0x0c, 0xcf, 0x16, 
0x06, 0x00, 0x00, 0x00, 0x3e, 0x85, 0x1e, 0x01, 0x1d, 0x39, 0x9a, 0x05, 0xd0, 0x33, 0x01, 0xbb, 0x04, 0x0b, 0xe3, 0x15, 
0x02, 0x00, 0x00, 0x00, 0xbb, 0x04, 0x0d, 0xb9, 0x19, 0x00, 0x00, 0x00, 0xbf, 0xbb, 0x04, 0x0d, 0xed, 0x0a, 0x00, 0x00, 
0x00, 0x3f, 0xbb, 0x04, 0x0d, 0xac, 0x10, 0x00, 0x00, 0x00, 0x20, 0x94, 0x02, 0x91, 0x14, 0xbb, 0x04, 0x0d, 0x86, 0x28, 
0x00, 0x00, 0x00, 0x00, 0xbb, 0x04, 0x0d, 0xe1, 0x1e, 0x00, 0x00, 0x00, 0xa0, 0xbb, 0x04, 0x0d, 0xa1, 0x07, 0x00, 0x00, 
0x80, 0x3f, 0xec, 0x04, 0x1d, 0xe0, 0x2b, 0xdc, 0x05, 0xdc, 0x05, 0xdc, 0x05, 0xdc, 0x05, 0xbb, 0x04, 0x0b, 0xdf, 0x05, 
0x00, 0x00, 0x00, 0x00, 0xbb, 0x04, 0x0b, 0x06, 0x01, 0x00, 0x00, 0x00, 0x3e, 0x87, 0x1e, 0x03, 0x0c, 0x39, 0x89, 0x05, 
0x86, 0x2a, 0x03, 0x3e, 0x83, 0x2a, 0x01, 0x0c, 0x39, 0x8a, 0x05, 0xcc, 0x3c, 0x01, 0xb2, 0x06, 0x0c, 0xea, 0x0e, 0x02, 
0x00, 0x00, 0x00, 0x3e, 0x93, 0x4b, 0x03, 0x1d, 0x39, 0x9b, 0x05, 0xda, 0x2d, 0x03, 0x39, 0x9b, 0x05, 0xc6, 0x0c, 0x03, 
0x3e, 0xbf, 0x3a, 0x03, 0x0d, 0x39, 0x9b, 0x05, 0x9c, 0x2d, 0x03, 0xbb, 0x04, 0x0d, 0xff, 0x36, 0x00, 0x00, 0x00, 0x40, 
0xbb, 0x04, 0x0d, 0xd0, 0x0c, 0x00, 0x00, 0x80, 0xbf, 0xbc, 0x02, 0xe3, 0x01, 0x0d, 0x90, 0x14, 0xbc, 0x02, 0x64, 0x0d, 
0x8d, 0x14, 0xde, 0x02, 0xf4, 0x0d, 0x1d, 0x0d, 0xcf, 0x05, 0x81, 0x06, 0x3e, 0xfa, 0x09, 0x03, 0xfb, 0x0c, 0x39, 0xf8, 
0x11, 0x94, 0x29, 0x03, 0xcc, 0x04, 0x13, 0xc7, 0x34, 0xc4, 0x14, 0xc4, 0x14, 0xc6, 0x06, 0x08, 0x82, 0x40, 0x00, 0x82, 
0x0a, 0x18, 0xf4, 0x60, 0x01, 0x0c, 0xba, 0xa9, 0x01, 0x8c, 0x9c, 0x02, 0x22, 0xd4, 0xae, 0x02, 0x00, 0x01, 0x0c, 0xc5, 
0x31, 0x8e, 0xfd, 0x01, 0xc7, 0x10, 0x0c, 0xc7, 0x51, 0xc7, 0x51, 0x94, 0x8a, 0x01, 0x13, 0xe2, 0x05, 0x83, 0x2c, 0xc5, 
0x1f, 0x9d, 0x14, 0x01, 0x65, 0x8e, 0x92, 0x01, 0x8e, 0x92, 0x01, 0x01, 0x1d, 0x85, 0x62, 0xde, 0xa5, 0x01, 0xc1, 0x0a, 
0x0d, 0xcd, 0x46, 0xcd, 0x46, 0x02, 0x4a, 0x0d, 0xb2, 0xcf, 0x01, 0xb2, 0xcf, 0x01, 0xe0, 0xdd, 0x02, 0x4b, 0x0d, 0x89, 
0x08, 0x89, 0x08, 0xc4, 0xe0, 0x02, 0xd2, 0x0a, 0x1d, 0x92, 0x22, 0x92, 0x22, 0xec, 0xa2, 0x01, 0x02, 0xc1, 0x12, 0x1d, 
0xbf, 0x72, 0xd9, 0x31, 0xbf, 0x72, 0xc1, 0x0a, 0x0d, 0xc5, 0x18, 0xc5, 0x18, 0x03, 0x5c, 0x0d, 0xdb, 0x79, 0x01, 0x04, 
0xe4, 0x7d, 0xc8, 0x16, 0x09, 0x8e, 0x3e, 0x8e, 0x3e, 0xd6, 0xab, 0x01, 0xa7, 0x1e, 0xed, 0x1e, 0x00, 0xba, 0x1e, 0x00, 
0xc9, 0x24, 0xed, 0x1e, 0x18, 0xca, 0x24, 0xc8, 0x16, 0x09, 0xe7, 0x27, 0xeb, 0x3e, 0xc4, 0x94, 0x01, 0xd9, 0x14, 0x0d, 
0xc5, 0x20, 0xc5, 0x20, 0xe0, 0x92, 0x01, 0xf2, 0x87, 0x01, 0xd2, 0x0a, 0x1d, 0xf0, 0x15, 0xf0, 0x15, 0x87, 0x62, 0x03, 
0x99, 0x1e, 0xe1, 0x2c, 0x18, 0xe2, 0x2c, 0xe5, 0x1e, 0x1d, 0xb4, 0x5f, 0x07, 0x45, 0x00, 0x00, 0x59, 0x2e, 0x00, 0x00, 
0x83, 0x2c, 0x00, 0x00, 0x22, 0x39, 0x00, 0x00, 0xc1, 0x0a, 0x0d, 0xf5, 0x39, 0xf5, 0x39, 0x03, 0xc8, 0x10, 0x0d, 0x9e, 
0x56, 0xb0, 0xd8, 0x02, 0x9e, 0x56, 0xce, 0x10, 0x1d, 0xbe, 0x07, 0xe6, 0x23, 0xbe, 0x07, 0xc0, 0x0a, 0xb8, 0x08, 0xad, 
0x61, 0xe0, 0xd2, 0x01, 0xad, 0x61, 0xc1, 0x0a, 0x1d, 0xf0, 0x09, 0xf0, 0x09, 0x00, 0xc1, 0x0a, 0x1d, 0xdd, 0x9b, 0x01, 
0xed, 0x91, 0x01, 0x01, 0x2d, 0x13, 0x84, 0x2c, 0xf7, 0x48, 0xf7, 0x48, 0x10, 0xce, 0x10, 0x13, 0xa2, 0x09, 0xa2, 0x09, 
0x94, 0xa0, 0x01, 0x4b, 0x13, 0xae, 0xd4, 0x01, 0xae, 0xd4, 0x01, 0xfe, 0xdf, 0x02, 0xc1, 0x0a, 0x0d, 0xc3, 0xdc, 0x01, 
0xc3, 0xdc, 0x01, 0x00, 0xd2, 0x0a, 0x1d, 0x9a, 0xa4, 0x01, 0x9a, 0xa4, 0x01, 0xcc, 0x35, 0x00, 0xc1, 0x0a, 0x0d, 0xb4, 
0x14, 0xf5, 0x23, 0x01, 0xd2, 0x0a, 0x1d, 0xaf, 0x37, 0xaf, 0x37, 0xfb, 0x22, 0x01, 0xc0, 0x0a, 0xb8, 0x08, 0xcb, 0x6f, 
0xcb, 0x6f, 0xe2, 0x3e, 0xc1, 0x0a, 0x1d, 0xe9, 0x3e, 0xe9, 0x3e, 0x00, 0xc1, 0x0a, 0x1d, 0xa8, 0x1b, 0xc1, 0x23, 0x01, 
0x22, 0xf6, 0x51, 0xa8, 0x1b, 0x3d, 0x18, 0x8a, 0xc1, 0x01, 0x8a, 0xc1, 0x01, 0x8a, 0xc1, 0x01, 0x18, 0x13, 0x8b, 0x05, 
0xb3, 0x06, 0xab, 0x22, 0x8a, 0x14, 0xc1, 0x0a, 0x0d, 0x85, 0x56, 0xb9, 0x5c, 0x00, 0x22, 0x85, 0x56, 0x00, 0x13, 0x8b, 
0x05, 0xf0, 0x2f, 0xab, 0x22, 0x8d, 0x14, 0xc1, 0x0a, 0x0d, 0xe1, 0x6e, 0xab, 0x9b, 0x01, 0x01, 0x22, 0xe1, 0x6e, 0x00, 
0x13, 0x8b, 0x05, 0xe4, 0x6e, 0xab, 0x22, 0x90, 0x14, 0xc1, 0x0a, 0x0d, 0xd5, 0x6f, 0x9d, 0x9c, 0x01, 0x02, 0x22, 0xd5, 
0x6f, 0x00, 0x22, 0xc0, 0x77, 0xdb, 0xd7, 0x01, 0x01, 0x0c, 0xb4, 0x5f, 0x8e, 0xda, 0x01, 0xcb, 0x10, 0x0c, 0xdd, 0x40, 
0xdd, 0x40, 0xfe, 0x77, 0xbf, 0x0c, 0x0d, 0xdb, 0x36, 0xa2, 0x41, 0xc8, 0x10, 0x0d, 0xbe, 0x47, 0xf8, 0xdd, 0x01, 0xbe, 
0x47, 0xc8, 0x10, 0x0d, 0xab, 0x2a, 0xab, 0x2a, 0xcc, 0xb3, 0x01, 0x4b, 0x0d, 0x94, 0x78, 0x90, 0x9f, 0x02, 0x94, 0x78, 
0xbf, 0x0c, 0x0d, 0x8f, 0x0c, 0xba, 0x52, 0x4a, 0x0d, 0xa0, 0x10, 0xf8, 0x51, 0xa0, 0x10, 0x4b, 0x0d, 0xa3, 0x8a, 0x01, 
0x93, 0x86, 0x01, 0xa3, 0x8a, 0x01, 0xc8, 0x10, 0x0d, 0xf0, 0x37, 0xda, 0xdb, 0x01, 0x82, 0x47, 0xc1, 0x0a, 0x0d, 0xfc, 
0x96, 0x01, 0xe3, 0x11, 0x00, 0x4a, 0x0d, 0xf6, 0x08, 0xf6, 0x08, 0xf2, 0x9f, 0x01, 0xd2, 0x0a, 0x1d, 0x89, 0x8b, 0x02, 
0x89, 0x8b, 0x02, 0xf7, 0x93, 0x02, 0x00, 0xc1, 0x0a, 0x0d, 0x90, 0xef, 0x01, 0x90, 0xef, 0x01, 0x03, 0x4a, 0x0d, 0x8f, 
0x83, 0x01, 0xd8, 0x38, 0x8f, 0x83, 0x01, 0xc1, 0x0a, 0x0d, 0xef, 0x7c, 0xef, 0x10, 0x00, 0x4b, 0x0d, 0xd8, 0xd4, 0x01, 
0xd8, 0xd4, 0x01, 0xe8, 0x57, 0xd2, 0x0a, 0x1d, 0xf9, 0x4f, 0xf9, 0x4f, 0xee, 0x73, 0x00, 0xc1, 0x0a, 0x0d, 0xa2, 0x4e, 
0xa2, 0x4e, 0x00, 0xc3, 0x10, 0x0d, 0xf1, 0x7e, 0xe0, 0xb3, 0x01, 0xad, 0x7a, 0xc1, 0x0a, 0x0d, 0x97, 0x49, 0xe7, 0x79, 
0x03, 0x4a, 0x0d, 0xb0, 0x93, 0x01, 0x98, 0x4a, 0xb0, 0x93, 0x01, 0x4b, 0x0d, 0x87, 0x22, 0xe1, 0x56, 0x87, 0x22, 0xc0, 
0x10, 0x0c, 0xf4, 0x30, 0xb0, 0x41, 0xdc, 0xe6, 0x01, 0xbf, 0x0c, 0x0d, 0xd8, 0x54, 0xd8, 0x54, 0x4a, 0x0d, 0xe7, 0x13, 
0xbe, 0x71, 0xe7, 0x13, 0xc3, 0x10, 0x0d, 0xc1, 0x69, 0x92, 0xe4, 0x01, 0xc1, 0x69, 0x4a, 0x0d, 0x8b, 0x50, 0x8b, 0x50, 
0xbe, 0x29, 0x4b, 0x0d, 0xd5, 0x2d, 0xa1, 0xcc, 0x01, 0xd5, 0x2d, 0x23, 0x8b, 0x05, 0xb2, 0x77, 0xc2, 0x26, 0x91, 0x14, 
0x8b, 0x14, 0x22, 0x00, 0xf2, 0x01, 0x3f, 0x0d, 0xe0, 0x71, 0x92, 0xe9, 0x01, 0x23, 0x8b, 0x05, 0xaa, 0x28, 0xc2, 0x26, 
0x91, 0x14, 0x8e, 0x14, 0x22, 0x00, 0xaa, 0x28, 0xc1, 0x0a, 0x0d, 0xf9, 0x90, 0x02, 0xbd, 0x7d, 0x01, 0x3f, 0x0d, 0xe6, 
0xd9, 0x01, 0xe6, 0xd9, 0x01, 0xd2, 0x0a, 0x1d, 0xe1, 0x3d, 0xe1, 0x3d, 0xc6, 0x1e, 0x01, 0x13, 0x9b, 0x05, 0xab, 0x1f, 
0xc2, 0x26, 0x8b, 0x14, 0x22, 0x00, 0xab, 0x1f, 0x22, 0xc6, 0xb1, 0x01, 0x80, 0x06, 0x8d, 0x1e, 0x88, 0x06, 0x00, 0x00, 
0x00, 0x00, 0x00, 0x00, 0x21, 0x06, 0x00, 0x00, 0x00, 0x00, 0x00, 0x00, 0x4c, 0x4f, 0x4d, 0x53, 0x00, 0x03, 0x01, 0x00, 
0x0b, 0x00, 0x08, 0x00, 0x95, 0x62, 0x00, 0x00, 0x00, 0x00, 0x00, 0x00, 0x70, 0x0d, 0x00, 0x00, 0x91, 0x02, 0x01, 0xd1, 
0x10, 0x02, 0x47, 0x4c, 0x53, 0x4c, 0x2e, 0x73, 0x74, 0x64, 0x2e, 0x34, 0x35, 0x30, 0x00, 0x00, 0x00, 0x00, 0xa0, 0x04, 
0x00, 0x01, 0xef, 0x0e, 0x04, 0x9f, 0x2c, 0xed, 0xc2, 0xa5, 0xf3, 0x06, 0x00, 0x88, 0x1c, 0xf3, 0x23, 0xa0, 0x02, 0x9f, 
0x2c, 0x07, 0xa0, 0x02, 0x9f, 0x2c, 0x0c, 0x00, 0xce, 0x14, 0x02, 0x37, 0x00, 0x08, 0x00, 0x05, 0x00, 0x07, 0x01, 0x10, 
0x00, 0x23, 0x00, 0x01, 0x23, 0x40, 0x01, 0x23, 0x10, 0x01, 0x23, 0x04, 0x01, 0x23, 0x04, 0x01, 0x23, 0x04, 0x10, 0xf6, 
0x29, 0x21, 0x00, 0x10, 0x00, 0x22, 0x02, 0x10, 0xb3, 0x06, 0x1e, 0x00, 0x10, 0xd6, 0x0f, 0x0b, 0x16, 0x93, 0x02, 0x0e, 
0xa1, 0x04, 0xf4, 0x13, 0x08, 0xa6, 0x02, 0xe9, 0x13, 0x20, 0xb7, 0x02, 0x20, 0x0d, 0x04, 0xb7, 0x02, 0x09, 0x0d, 0x03, 
0xb5, 0x02, 0x17, 0x20, 0x01, 0x3e, 0xfa, 0x09, 0x07, 0x0c, 0xb7, 0x02, 0xeb, 0x09, 0x0d, 0x02, 0x3e, 0xfa, 0x09, 0x07, 
0x13, 0xc1, 0x04, 0xe4, 0x21, 0x18, 0x89, 0x05, 0x90, 0x05, 0xb8, 0x02, 0xb9, 0x2a, 0x1d, 0x04, 0xbb, 0x04, 0x0c, 0xcc, 
0x26, 0x00, 0x00, 0x00, 0x00, 0x3e, 0xd1, 0x1c, 0x02, 0x65, 0xbb, 0x04, 0x0c, 0xd8, 0x1c, 0x01, 0x00, 0x00, 0x00, 0xbb, 
0x04, 0x0c, 0x06, 0x02, 0x00, 0x00, 0x00, 0x3e, 0x8d, 0x1e, 0x02, 0x0c, 0xbb, 0x04, 0x0c, 0x94, 0x1e, 0x03, 0x00, 0x00, 
0x00, 0xbb, 0x04, 0x0c, 0x06, 0x04, 0x00, 0x00, 0x00, 0xbb, 0x04, 0x0c, 0x06, 0x05, 0x00, 0x00, 0x00, 0x3e, 0x9d, 0x1e, 
0x02, 0x0d, 0xbb, 0x04, 0x0d, 0x81, 0x08, 0x00, 0x00, 0x80, 0x3f, 0xbb, 0x04, 0x0d, 0x84, 0x26, 0x00, 0x00, 0x00, 0x00, 
0xbb, 0x04, 0x0d, 0xe5, 0x27, 0x00, 0x00, 0x00, 0x40, 0x94, 0x02, 0x1f, 0xbb, 0x04, 0x0d, 0xf0, 0x0c, 0x00, 0x00, 0x80, 
0xbf, 0xfe, 0x02, 0xcc, 0x07, 0x65, 0x1d, 0x0c, 0x0c, 0x0c, 0x0d, 0x3e, 0xfa, 0x09, 0x02, 0xa7, 0x0a, 0x39, 0xa4, 0x0f, 
0xfc, 0x1f, 0x02, 0x3e, 0x8f, 0x34, 0x01, 0x1d, 0x39, 0x9a, 0x05, 0xdc, 0x2d, 0x01, 0x3e, 0xf7, 0x2d, 0x03, 0x0d, 0x39, 
0x8c, 0x05, 0xce, 0x3d, 0x03, 0xcc, 0x04, 0x13, 0xa7, 0x2b, 0xd9, 0x0b, 0xd9, 0x0b, 0xcc, 0x04, 0x13, 0xbd, 0x10, 0xec, 
0x09, 0xec, 0x09, 0xc6, 0x06, 0x08, 0xbe, 0x4c, 0x00, 0x82, 0x0a, 0x18, 0xb6, 0x65, 0x39, 0x89, 0x05, 0xa4, 0x84, 0x01, 
0x07, 0x39, 0x90, 0x05, 0xf4, 0x22, 0x07, 0x13, 0xe2, 0x05, 0xaa, 0x14, 0xa2, 0x1f, 0x8b, 0x14, 0x01, 0x65, 0xd9, 0x05, 
0xd9, 0x05, 0x01, 0x1d, 0xe5, 0xad, 0x01, 0xe6, 0x8d, 0x01, 0x2d, 0x13, 0xd0, 0xc0, 0x01, 0xd0, 0xc0, 0x01, 0xd0, 0xc0, 
0x01, 0x10, 0x7c, 0x13, 0xc3, 0x1e, 0x01, 0x2b, 0xa3, 0xc3, 0x01, 0x9f, 0x0e, 0x80, 0x06, 0xc1, 0x0a, 0x0d, 0x93, 0xc1, 
0x01, 0x93, 0xc1, 0x01, 0x00, 0xc1, 0x0a, 0x0d, 0xdc, 0xc1, 0x01, 0x48, 0x01, 0xe0, 0x0a, 0x1d, 0xdd, 0x3a, 0xfe, 0x86, 
0x01, 0xdd, 0x3a, 0xd8, 0xab, 0x02, 0xd8, 0xab, 0x02, 0xc1, 0x12, 0x1d, 0xa5, 0x61, 0x95, 0xa7, 0x01, 0xa5, 0x61, 0x2d, 
0x13, 0xc4, 0x04, 0xc4, 0x04, 0xc4, 0x04, 0x10, 0x13, 0x8a, 0x05, 0x92, 0x5c, 0xa2, 0x1f, 0x91, 0x14, 0x01, 0x0c, 0xbb, 
0x93, 0x01, 0xbb, 0x93, 0x01, 0xca, 0x14, 0x09, 0xac, 0x79, 0xac, 0x79, 0xf6, 0xea, 0x01, 0xb8, 0x14, 0x09, 0xcf, 0xaa, 
0x01, 0xcf, 0xaa, 0x01, 0xa7, 0x1e, 0xeb, 0x93, 0x01, 0x00, 0xba, 0x1e, 0x00, 0xc5, 0x6d, 0xeb, 0x93, 0x01, 0x18, 0xc6, 
0x6d, 0xc1, 0x0a, 0x0d, 0xc2, 0x99, 0x01, 0xba, 0x9e, 0x01, 0x00, 0xca, 0x16, 0x09, 0x8f, 0x76, 0x8f, 0x76, 0xa0, 0xf7, 
0x01, 0x99, 0x1e, 0xf3, 0x02, 0x18, 0xf4, 0x02, 0xe5, 0x1e, 0x09, 0xa7, 0x88, 0x01, 0xc6, 0x44, 0x00, 0x00, 0x7a, 0x2f, 
0x00, 0x00, 0x5a, 0x3e, 0x00, 0x00, 0x81, 0x35, 0x00, 0x00, 0xb8, 0x14, 0x09, 0xba, 0x83, 0x02, 0xba, 0x83, 0x02, 0xa7, 
0x1e, 0xac, 0x94, 0x01, 0x00, 0xba, 0x1e, 0x00, 0x84, 0xa2, 0x01, 0xac, 0x94, 0x01, 0x18, 0x83, 0xa2, 0x01, 0xc1, 0x0a, 
0x0d, 0xc2, 0x9f, 0x01, 0xee, 0xa3, 0x01, 0x00, 0xc8, 0x16, 0x09, 0xbd, 0xa5, 0x01, 0xbd, 0xa5, 0x01, 0xa2, 0xa7, 0x01, 
0x99, 0x1e, 0xd3, 0x13, 0x18, 0xd4, 0x13, 0xe5, 0x1e, 0x09, 0x8b, 0x6f, 0x00, 0x1d, 0x00, 0x00, 0x14, 0x3f, 0x00, 0x00, 
0xdd, 0x33, 0x00, 0x00, 0x5b, 0x35, 0x00, 0x00, 0xb8, 0x14, 0x09, 0xba, 0x83, 0x02, 0xba, 0x83, 0x02, 0xa7, 0x1e, 0xac, 
0x94, 0x01, 0x00, 0xba, 0x1e, 0x00, 0x84, 0xa2, 0x01, 0xac, 0x94, 0x01, 0x18, 0x83, 0xa2, 0x01, 0xc1, 0x0a, 0x0d, 0xc2, 
0x9f, 0x01, 0xf0, 0xa3, 0x01, 0x01, 0xc8, 0x16, 0x09, 0xbd, 0xa5, 0x01, 0xbd, 0xa5, 0x01, 0xa4, 0xa7, 0x01, 0x99, 0x1e, 
0xd3, 0x13, 0x18, 0xd4, 0x13, 0xe5, 0x1e, 0x09, 0x8b, 0x6f, 0x01, 0x1d, 0x00, 0x00, 0xc7, 0x38, 0x00, 0x00, 0xde, 0x33, 
0x00, 0x00, 0x5c, 0x35, 0x00, 0x00, 0xb8, 0x14, 0x09, 0xba, 0x83, 0x02, 0xba, 0x83, 0x02, 0xa7, 0x1e, 0xdc, 0x63, 0x00, 
0xba, 0x1e, 0x00, 0xba, 0xa1, 0x01, 0xdc, 0x63, 0x18, 0xb9, 0xa1, 0x01, 0xc1, 0x0a, 0x0d, 0xc2, 0x99, 0x01, 0xbc, 0x9e, 
0x01, 0x01, 0xca, 0x16, 0x09, 0x8f, 0x76, 0x8f, 0x76, 0xa2, 0xf7, 0x01, 0x99, 0x1e, 0xab, 0x1a, 0x18, 0xac, 0x1a, 0xe5, 
0x1e, 0x09, 0xb7, 0x4a, 0x02, 0x1d, 0x00, 0x00, 0xc8, 0x38, 0x00, 0x00, 0x5b, 0x3e, 0x00, 0x00, 0x82, 0x35, 0x00, 0x00, 
0xa7, 0x1e, 0x8e, 0x0f, 0x00, 0xba, 0x1e, 0x00, 0xf7, 0xac, 0x01, 0x90, 0x0f, 0x18, 0xf8, 0xac, 0x01, 0x99, 0x1e, 0x86, 
0xbc, 0x01, 0x18, 0x87, 0xbc, 0x01, 0x13, 0x8a, 0x05, 0xa4, 0xc6, 0x01, 0xa2, 0x1f, 0x94, 0x14, 0x01, 0x0c, 0xf1, 0x8f, 
0x01, 0xf1, 0x8f, 0x01, 0xcb, 0x14, 0x09, 0x97, 0x08, 0x97, 0x08, 0x9e, 0xc0, 0x01, 0xa7, 0x1e, 0xf3, 0x6b, 0x00, 0xba, 
0x1e, 0x00, 0xdc, 0x22, 0xd2, 0x21, 0x18, 0xdb, 0x22, 0xc1, 0x0a, 0x0d, 0x85, 0x1d, 0xb7, 0x28, 0x01, 0xc3, 0x10, 0x0d, 
0x8e, 0x45, 0xcc, 0xeb, 0x01, 0x8e, 0x45, 0xd2, 0x0a, 0x13, 0xb5, 0x5d, 0xb5, 0x5d, 0xdf, 0x40, 0x01, 0x13, 0x8a, 0x05, 
0xd0, 0x25, 0xa2, 0x1f, 0x97, 0x14, 0x01, 0x0c, 0xc4, 0x16, 0xc4, 0x16, 0x22, 0xd9, 0x75, 0x00, 0x22, 0xcd, 0x98, 0x01, 
0x94, 0x3c, 0xd9, 0x06, 0x18, 0x9c, 0x17, 0xd0, 0x8a, 0x01, 0xbd, 0x5e, 0xb1, 0x81, 0x01, 0x99, 0x1e, 0xcd, 0x70, 0x18, 
0xf7, 0x1c, 0x99, 0x1e, 0xc5, 0x8d, 0x01, 0x18, 0xc6, 0x8d, 0x01, 0x99, 0x1e, 0x8c, 0x9a, 0x01, 0x18, 0x8b, 0x9a, 0x01, 
0x13, 0x8b, 0x05, 0xf4, 0xa5, 0x01, 0xa2, 0x1f, 0x9a, 0x14, 0x01, 0x0d, 0x8b, 0x71, 0x8b, 0x71, 0x22, 0x9e, 0xa7, 0x01, 
0x00, 0x8d, 0x1e, 0x88, 0x06, 0xc6, 0x06, 0x18, 0xf9, 0x95, 0x01, 0x00, 0x82, 0x16, 0xa7, 0x06, 0x89, 0x05, 0x44, 0xa7, 
0x06, 0x90, 0x05, 0xd5, 0x0c, 0x18, 0x98, 0xb3, 0x02, 0x01, 0x13, 0xd9, 0xf1, 0x01, 0xbe, 0x41, 0xce, 0x10, 0x13, 0x9c, 
0x22, 0x9c, 0x22, 0xa0, 0xb0, 0x01, 0xc3, 0x10, 0x13, 0xb4, 0x03, 0xb4, 0x03, 0x86, 0xa8, 0x01, 0x01, 0x0c, 0xc9, 0x27, 
0xee, 0x32, 0xca, 0x14, 0x09, 0xf6, 0x33, 0xf6, 0x33, 0x9c, 0x98, 0x01, 0xa7, 0x1e, 0x91, 0x94, 0x01, 0x00, 0xba, 0x1e, 
0x00, 0xcb, 0x08, 0xd0, 0x4b, 0x18, 0xcc, 0x08, 0xc1, 0x0a, 0x0d, 0xab, 0x11, 0xcc, 0x03, 0x01, 0x3f, 0x0d, 0x99, 0x04, 
0x99, 0x04, 0xc1, 0x0a, 0x0d, 0xf2, 0x33, 0xa4, 0x33, 0x00, 0x3f, 0x0d, 0xf5, 0x2f, 0xf5, 0x2f, 0xd0, 0x0a, 0x18, 0x81, 
0x53, 0x9e, 0x62, 0x85, 0x4f, 0x81, 0x53, 0x5c, 0x18, 0xd8, 0x87, 0x02, 0x01, 0x45, 0x99, 0x32, 0x9e, 0x1e, 0x05, 0x5b, 
0x00, 0x00, 0x18, 0xa7, 0xf7, 0x01, 0x01, 0x0c, 0xf0, 0x7d, 0x84, 0x99, 0x01, 0xca, 0x14, 0x09, 0xfd, 0x86, 0x01, 0xfd, 
0x86, 0x01, 0xb8, 0x43, 0xa7, 0x1e, 0xdb, 0x60, 0x00, 0xba, 0x1e, 0x00, 0xab, 0x5d, 0x8f, 0x09, 0x18, 0xac, 0x5d, 0xc1, 
0x0a, 0x0d, 0xab, 0x11, 0xce, 0x03, 0x01, 0x3f, 0x0d, 0x95, 0x12, 0x95, 0x12, 0xc1, 0x0a, 0x0d, 0xe4, 0xad, 0x01, 0x9c, 
0x9f, 0x01, 0x00, 0xd0, 0x0a, 0x18, 0xe9, 0x42, 0xb6, 0x83, 0x02, 0xfa, 0x6a, 0xe9, 0x42, 0x5c, 0x18, 0xb6, 0x10, 0x01, 
0x45, 0x9c, 0x88, 0x01, 0x9e, 0x1e, 0x37, 0x48, 0x00, 0x00, 0x18, 0x89, 0xac, 0x01, 0x01, 0x0c, 0xf0, 0x7d, 0x86, 0x99, 
0x01, 0xca, 0x14, 0x09, 0xfd, 0x86, 0x01, 0xfd, 0x86, 0x01, 0xb4, 0x43, 0xa7, 0x1e, 0xd7, 0x60, 0x00, 0xba, 0x1e, 0x00, 
0xd3, 0x4f, 0x8f, 0x09, 0x18, 0xd4, 0x4f, 0xc1, 0x0a, 0x0d, 0xae, 0x78, 0xd2, 0x7f, 0x00, 0xc1, 0x0a, 0x0d, 0xd7, 0x80, 
0x01, 0x85, 0x01, 0x01, 0xd0, 0x0a, 0x18, 0xa8, 0xd7, 0x01, 0xd0, 0x56, 0x94, 0x88, 0x03, 0xa8, 0xd7, 0x01, 0x5c, 0x18, 
0xb7, 0x69, 0x01, 0x45, 0x94, 0xc5, 0x01, 0x9e, 0x1e, 0x38, 0x48, 0x00, 0x00, 0x18, 0x89, 0xac, 0x01, 0x01, 0x0c, 0xf0, 
0x7d, 0x88, 0x99, 0x01, 0xca, 0x14, 0x09, 0xfd, 0x86, 0x01, 0xfd, 0x86, 0x01, 0xb0, 0x43, 0xa7, 0x1e, 0xd3, 0x60, 0x00, 
0xba, 0x1e, 0x00, 0xd3, 0x4f, 0x8f, 0x09, 0x18, 0xd4, 0x4f, 0xc1, 0x0a, 0x0d, 0xa6, 0x86, 0x01, 0xcc, 0x8d, 0x01, 0x00, 
0xc1, 0x0a, 0x0d, 0xb4, 0x2f, 0x80, 0xbd, 0x01, 0x01, 0x3f, 0x0d, 0xed, 0x84, 0x02, 0xed, 0x84, 0x02, 0xd0, 0x0a, 0x18, 
0xe3, 0x07, 0x9d, 0xdd, 0x01, 0xb2, 0x57, 0xe3, 0x07, 0x5c, 0x18, 0xd8, 0x87, 0x02, 0x01, 0x45, 0x9a, 0x32, 0x9e, 0x1e, 
0x06, 0x5b, 0x00, 0x00, 0x18, 0xa3, 0xf7, 0x01, 0x01, 0x0c, 0xf0, 0x7d, 0x8a, 0x99, 0x01, 0xca, 0x14, 0x09, 0xfd, 0x86, 
0x01, 0xfd, 0x86, 0x01, 0xac, 0x43, 0xa7, 0x1e, 0xe3, 0x67, 0x00, 0xba, 0x1e, 0x00, 0xd3, 0x4f, 0x9b, 0xf0, 0x01, 0x18, 
0xd4, 0x4f, 0xc1, 0x0a, 0x0d, 0xa6, 0x86, 0x01, 0xce, 0x8d, 0x01, 0x00, 0xc1, 0x0a, 0x0d, 0xb4, 0x2f, 0x82, 0xbd, 0x01, 
0x01, 0x3f, 0x0d, 0xed, 0x84, 0x02, 0xed, 0x84, 0x02, 0xd0, 0x0a, 0x18, 0xe3, 0x07, 0x9d, 0xdd, 0x01, 0xe3, 0x07, 0xa2, 
0x62, 0x5c, 0x18, 0xd8, 0x87, 0x02, 0x01, 0x45, 0x9b, 0x32, 0x9e, 0x1e, 0x07, 0x5b, 0x00, 0x00, 0x18, 0x97, 0x10, 0xc1, 
0x0a, 0x0d, 0xe1, 0xd6, 0x01, 0xf1, 0x2e, 0x00, 0x3f, 0x0d, 0xa6, 0x2e, 0xa6, 0x2e, 0xc1, 0x0a, 0x0d, 0xf2, 0x33, 0xa6, 
0x33, 0x01, 0x3f, 0x0d, 0xf5, 0x2f, 0xf5, 0x2f, 0xd0, 0x0a, 0x18, 0xfd, 0x52, 0x81, 0x4f, 0xfd, 0x52, 0xb6, 0x57, 0x5c, 
0x18, 0xd8, 0x87, 0x02, 0x01, 0x45, 0x9c, 0x32, 0x9e, 0x1e, 0x08, 0x5b, 0x00, 0x00, 0x18, 0xd1, 0x98, 0x01, 0x8f, 0x1e, 
0x18, 0x91, 0x07, 0x8f, 0x1e, 0x18, 0x02, 0x8f, 0x1e, 0x18, 0x02, 0x8f, 0x1e, 0x18, 0x94, 0x88, 0x01, 0x8f, 0x1e, 0x88, 
0x06, 0x00, 0x00, 0x00, 0x00, 0x00, 0x00, 0x00, 0xc9, 0x11, 0x00, 0x00, 0x00, 0x00, 0x00, 0x00, 0x4c, 0x4f, 0x4d, 0x53, 
0x00, 0x03, 0x01, 0x00, 0x0b, 0x00, 0x08, 0x00, 0x5c, 0x62, 0x00, 0x00, 0x00, 0x00, 0x00, 0x00, 0xc0, 0x2f, 0x00, 0x00, 
0x91, 0x02, 0x01, 0xd1, 0x10, 0x02, 0x47, 0x4c, 0x53, 0x4c, 0x2e, 0x73, 0x74, 0x64, 0x2e, 0x34, 0x35, 0x30, 0x00, 0x00, 
0x00, 0x00, 0xa0, 0x04, 0x00, 0x01, 0x8f, 0x0f, 0x04, 0x9f, 0x2c, 0xed, 0xc2, 0xa5, 0xf3, 0x06, 0x00, 0xab, 0x22, 0x88, 
0x1c, 0xf3, 0x23, 0xbf, 0x1c, 0xa0, 0x02, 0x9f, 0x2c, 0x07, 0xa0, 0x02, 0x9f, 0x2c, 0x0c, 0x00, 0xf4, 0x39, 0x00, 0x10, 
0xbf, 0x34, 0x06, 0x40, 0x10, 0x02, 0x06, 0x40, 0x10, 0xe4, 0x12, 0x06, 0x10, 0x10, 0xb6, 0x04, 0x06, 0x10, 0x10, 0x02, 
0x06, 0x10, 0x10, 0x02, 0x06, 0x10, 0x10, 0x50, 0x06, 0x10, 0x00, 0xc7, 0x1a, 0x02, 0x37, 0x00, 0x95, 0x00, 0x05, 0x00, 
0x07, 0x01, 0x10, 0x00, 0x23, 0x00, 0x01, 0x05, 0x00, 0x07, 0x01, 0x10, 0x00, 0x23, 0x40, 0x01, 0x05, 0x00, 0x07, 0x01, 
0x10, 0x00, 0x23, 0x40, 0x01, 0x05, 0x00, 0x07, 0x01, 0x10, 0x00, 0x23, 0x40, 0x01, 0x05, 0x00, 0x07, 0x01, 0x10, 0x00, 
0x23, 0x40, 0x01, 0x05, 0x00, 0x07, 0x01, 0x10, 0x00, 0x23, 0x80, 0x02, 0x01, 0x05, 0x00, 0x07, 0x01, 0x10, 0x00, 0x23, 
0x80, 0x02, 0x01, 0x05, 0x00, 0x07, 0x01, 0x10, 0x00, 0x23, 0x40, 0x01, 0x05, 0x00, 0x07, 0x01, 0x10, 0x00, 0x23, 0x30, 
0x01, 0x23, 0x40, 0x01, 0x23, 0x10, 0x01, 0x23, 0x08, 0x01, 0x23, 0x04, 0x01, 0x23, 0x04, 0x01, 0x23, 0x10, 0x01, 0x23, 
0x10, 0x01, 0x23, 0x08, 0x01, 0x23, 0x08, 0x01, 0x23, 0x04, 0x01, 0x00, 0x00, 0x23, 0x04, 0x01, 0x23, 0x08, 0x01, 0x23, 
0x04, 0x01, 0x23, 0x04, 0x01, 0x23, 0x04, 0x01, 0x23, 0x04, 0x01, 0x23, 0x04, 0x01, 0x00, 0x00, 0x23, 0x04, 0x01, 0x00, 
0x00, 0x23, 0x04, 0x01, 0x00, 0x00, 0x23, 0x04, 0x01, 0x00, 0x00, 0x23, 0x10, 0x01, 0x00, 0x00, 0x23, 0x0c, 0x01, 0x00, 
0x00, 0x23, 0x04, 0x01, 0x00, 0x00, 0x23, 0x08, 0x01, 0x00, 0x00, 0x23, 0x04, 0x01, 0x00, 0x00, 0x23, 0x04, 0x01, 0x00, 
0x00, 0x23, 0x04, 0x01, 0x23, 0x04, 0x01, 0x00, 0x00, 0x23, 0x04, 0x01, 0x00, 0x00, 0x23, 0x04, 0x01, 0x23, 0x90, 0x01, 
0x01, 0x00, 0x00, 0x23, 0x0c, 0x01, 0x23, 0x04, 0x01, 0x23, 0x10, 0x01, 0x23, 0x10, 0x01, 0x00, 0x00, 0x23, 0x08, 0x01, 
0x00, 0x00, 0x23, 0x04, 0x01, 0x23, 0x04, 0x01, 0x00, 0x00, 0x23, 0x08, 0x01, 0x00, 0x00, 0x23, 0x04, 0x01, 0x23, 0x04, 
0x01, 0x00, 0x00, 0x23, 0x10, 0x01, 0x00, 0x00, 0x23, 0x04, 0x01, 0x23, 0x04, 0x01, 0x00, 0x00, 0x23, 0x08, 0x01, 0x23, 
0x04, 0x01, 0x00, 0x00, 0x23, 0x04, 0x01, 0x00, 0x00, 0x23, 0x04, 0x01, 0x23, 0x04, 0x01, 0x23, 0x0c, 0x01, 0x23, 0x04, 
0x01, 0x23, 0x04, 0x01, 0x23, 0x04, 0x01, 0x23, 0x04, 0x01, 0x23, 0x04, 0x01, 0x23, 0x0c, 0x01, 0x23, 0x04, 0x01, 0x23, 
0x04, 0x01, 0x23, 0x04, 0x01, 0x23, 0x04, 0x01, 0x05, 0x00, 0x07, 0x01, 0x10, 0x00, 0x23, 0x04, 0x01, 0x23, 0x30, 0x01, 
0x23, 0x08, 0x01, 0x05, 0x00, 0x07, 0x01, 0x10, 0x00, 0x23, 0x08, 0x01, 0x05, 0x00, 0x07, 0x01, 0x10, 0x00, 0x23, 0x40, 
0x01, 0x00, 0x00, 0x23, 0x40, 0x01, 0x00, 0x00, 0x23, 0x04, 0x01, 0x00, 0x00, 0x23, 0x04, 0x01, 0x00, 0x00, 0x23, 0x04, 
0x01, 0x23, 0x04, 0x01, 0x23, 0x40, 0x01, 0x00, 0x00, 0x23, 0x04, 0x01, 0x00, 0x00, 0x23, 0x04, 0x01, 0x00, 0x00, 0x23, 
0x04, 0x01, 0x23, 0x04, 0x01, 0x23, 0x40, 0x01, 0x00, 0x00, 0x23, 0x40, 0x01, 0x00, 0x00, 0x23, 0x04, 0x01, 0x00, 0x00, 
0x23, 0x04, 0x01, 0x00, 0x00, 0x23, 0x04, 0x01, 0x00, 0x00, 0x23, 0x04, 0x10, 0xae, 0x3c, 0x21, 0x00, 0x10, 0x00, 0x22, 
0x00, 0x10, 0xcc, 0x05, 0x1e, 0x06, 0x00, 0xe6, 0xff, 0x01, 0x00, 0x00, 0x97, 0xb7, 0x01, 0x00, 0x00, 0xf4, 0x5b, 0x00, 
0x00, 0xf3, 0x4f, 0x00, 0x00, 0xce, 0x2a, 0x00, 0x00, 0xa3, 0xaf, 0x01, 0x02, 0x37, 0x00, 0x08, 0x00, 0x05, 0x00, 0x07, 
0x01, 0x10, 0x00, 0x23, 0x00, 0x01, 0x23, 0x40, 0x01, 0x23, 0x10, 0x01, 0x23, 0x04, 0x01, 0x23, 0x04, 0x01, 0x23, 0x04, 
0x10, 0xf6, 0x29, 0x21, 0x00, 0x10, 0x00, 0x22, 0x02, 0x10, 0xb3, 0x06, 0x1e, 0x00, 0x10, 0xce, 0x21, 0x21, 0x02, 0x10, 
0x00, 0x22, 0x02, 0x10, 0xeb, 0x04, 0x21, 0x01, 0x10, 0x00, 0x22, 0x02, 0x10, 0x8b, 0x0d, 0x0b, 0x16, 0x10, 0xe7, 0x0e, 
0x1e, 0x00, 0x00, 0x90, 0x0e, 0x00, 0x10, 0x00, 0x21, 0x0b, 0x10, 0x00, 0x22, 0x00, 0x93, 0x02, 0x0e, 0xa1, 0x04, 0xf4, 
0x13, 0x08, 0xa6, 0x02, 0xe9, 0x13, 0x20, 0xb7, 0x02, 0x16, 0x0d, 0x03, 0x94, 0x02, 0x1d, 0xb7, 0x02, 0x28, 0x0d, 0x04, 
0xfe, 0x02, 0xac, 0x13, 0x1d, 0x1d, 0x0d, 0x0d, 0x0d, 0x18, 0x3e, 0xbb, 0x09, 0x07, 0x18, 0x89, 0x03, 0xf9, 0x07, 0x0d, 
0x03, 0x00, 0x00, 0x00, 0x01, 0x00, 0xab, 0x02, 0xcc, 0x05, 0x98, 0x01, 0x3e, 0xfa, 0x09, 0x00, 0xfe, 0x03, 0xc1, 0x04, 
0xbc, 0x0a, 0x1d, 0x95, 0x05, 0xfb, 0x08, 0xb5, 0x02, 0x99, 0x1c, 0x20, 0x01, 0x3e, 0xfa, 0x09, 0x07, 0x0c, 0xb7, 0x02, 
0xeb, 0x09, 0x0d, 0x02, 0x3e, 0xfa, 0x09, 0x07, 0x13, 0xc1, 0x04, 0xe4, 0x21, 0x18, 0x89, 0x05, 0x90, 0x05, 0xb8, 0x02, 
0xb9, 0x2a, 0x1d, 0x04, 0xb8, 0x02, 0x3d, 0x18, 0x03, 0xb5, 0x02, 0x75, 0x20, 0x00, 0xbb, 0x04, 0x0c, 0x80, 0x28, 0x00, 
0x00, 0x00, 0x00, 0x3e, 0xd1, 0x1c, 0x02, 0x65, 0xbb, 0x04, 0x0c, 0xd8, 0x1c, 0x01, 0x00, 0x00, 0x00, 0x3e, 0x95, 0x1d, 
0x02, 0x46, 0xbb, 0x04, 0x0c, 0x9c, 0x1d, 0x02, 0x00, 0x00, 0x00, 0x3e, 0x8d, 0x1e, 0x02, 0x0c, 0xbb, 0x04, 0x0c, 0x94, 
0x1e, 0x03, 0x00, 0x00, 0x00, 0xbb, 0x04, 0x0c, 0x06, 0x04, 0x00, 0x00, 0x00, 0xbb, 0x04, 0x0c, 0x06, 0x05, 0x00, 0x00, 
0x00, 0x3e, 0x9d, 0x1e, 0x02, 0x0d, 0xbb, 0x04, 0x0b, 0x96, 0x1e, 0x04, 0x00, 0x00, 0x00, 0xbc, 0x02, 0xf7, 0x22, 0x65, 
0x96, 0x14, 0xbc, 0x02, 0x02, 0x65, 0x96, 0x14, 0xb7, 0x02, 0x8d, 0x05, 0x0b, 0x03, 0xbb, 0x04, 0x0b, 0xa2, 0x28, 0x09, 
0x00, 0x00, 0x00, 0xbc, 0x02, 0xaf, 0x10, 0x18, 0xa5, 0x14, 0xbc, 0x02, 0xb6, 0x04, 0x1d, 0x96, 0x14, 0xbc, 0x02, 0x02, 
0x1d, 0x96, 0x14, 0xbc, 0x02, 0x02, 0x1d, 0x96, 0x14, 0xbc, 0x02, 0x50, 0x1d, 0xa5, 0x14, 0xbe, 0x83, 0xc0, 0x02, 0xc7, 
0x1a, 0x65, 0x65, 0x65, 0x65, 0xda, 0x02, 0xdb, 0x02, 0x65, 0x46, 0x65, 0x1d, 0x13, 0x0d, 0x0d, 0x1d, 0x1d, 0x13, 0x13, 
0x0d, 0x0d, 0x13, 0x0d, 0x0d, 0x0d, 0x0d, 0x0d, 0x0d, 0x0d, 0x0d, 0x1d, 0x14, 0x0c, 0x13, 0x0c, 0x0c, 0x0c, 0x0c, 0x0d, 
0x0d, 0x8d, 0x0c, 0x18, 0x0d, 0x1d, 0x1d, 0x13, 0x0c, 0x0d, 0x13, 0x0d, 0x0d, 0x1d, 0x0c, 0x0d, 0x13, 0x0d, 0x0d, 0x0d, 
0x0b, 0x18, 0x0d, 0x0d, 0x0b, 0x0d, 0x0d, 0x18, 0x0d, 0x0d, 0x0d, 0x0d, 0x0d, 0x46, 0x13, 0x13, 0x65, 0x65, 0x0d, 0x0d, 
0x0d, 0x0d, 0xa8, 0x0e, 0x0c, 0x0d, 0x0d, 0x0d, 0xa9, 0x0e, 0xaa, 0x0e, 0x0c, 0x0c, 0x0c, 0x0c, 0xd2, 0x0e, 0x3e, 0xfa, 
0x09, 0x02, 0xae, 0x01, 0x39, 0xab, 0x06, 0xb4, 0x32, 0x02, 0x3e, 0xd5, 0x34, 0x02, 0x1d, 0xbb, 0x04, 0x0b, 0xf2, 0x1d, 
0x03, 0x00, 0x00, 0x00, 0xbb, 0x04, 0x0d, 0x0d, 0x00, 0x00, 0x00, 0x00, 0xbb, 0x04, 0x0d, 0x83, 0x26, 0x00, 0x00, 0x80, 
0x3f, 0xec, 0x04, 0x1d, 0xf4, 0x11, 0xf4, 0x11, 0xf4, 0x11, 0xf4, 0x11, 0xf4, 0x11, 0xec, 0x04, 0x1d, 0xd6, 0x19, 0xc6, 
0x05, 0xc6, 0x05, 0xc6, 0x05, 0xca, 0x2b, 0x3e, 0xa7, 0x23, 0x01, 0x1d, 0x39, 0x9b, 0x05, 0xa0, 0x3a, 0x01, 0x3e, 0xbd, 
0x3a, 0x07, 0x0d, 0xbb, 0x04, 0x0c, 0xda, 0x20, 0x3a, 0x00, 0x00, 0x00, 0xec, 0x04, 0x1d, 0x82, 0x03, 0xdc, 0x05, 0xdc, 
0x05, 0xdc, 0x05, 0xdc, 0x05, 0xbb, 0x04, 0x0c, 0xe9, 0x02, 0x3e, 0x00, 0x00, 0x00, 0xbb, 0x04, 0x0c, 0x1d, 0x39, 0x00, 
0x00, 0x00, 0x3e, 0xbf, 0x20, 0x02, 0x18, 0xbb, 0x04, 0x0c, 0xd8, 0x20, 0x3d, 0x00, 0x00, 0x00, 0xbb, 0x04, 0x0b, 0xe3, 
0x02, 0x02, 0x00, 0x00, 0x00, 0xbb, 0x04, 0x0b, 0x05, 0x01, 0x00, 0x00, 0x00, 0xbb, 0x04, 0x0d, 0xb9, 0x09, 0x0a, 0xd7, 
0xa3, 0x3a, 0xbb, 0x04, 0x0b, 0xb4, 0x09, 0x00, 0x00, 0x00, 0x00, 0xbb, 0x04, 0x0c, 0xe4, 0x02, 0x3b, 0x00, 0x00, 0x00, 
0xbb, 0x04, 0x0c, 0x18, 0x3f, 0x00, 0x00, 0x00, 0xbb, 0x04, 0x0c, 0x06, 0x40, 0x00, 0x00, 0x00, 0xbb, 0x04, 0x0c, 0x12, 
0x43, 0x00, 0x00, 0x00, 0xbb, 0x04, 0x0c, 0x06, 0x44, 0x00, 0x00, 0x00, 0xbb, 0x04, 0x0c, 0x2f, 0x3c, 0x00, 0x00, 0x00, 
0x3e, 0xed, 0x20, 0x02, 0x0b, 0xbb, 0x04, 0x0c, 0xb6, 0x1e, 0x08, 0x00, 0x00, 0x00, 0xbb, 0x04, 0x0c, 0xa8, 0x01, 0x24, 
0x00, 0x00, 0x00, 0xbb, 0x04, 0x0c, 0xb4, 0x01, 0x42, 0x00, 0x00, 0x00, 0xbb, 0x04, 0x0c, 0x05, 0x41, 0x00, 0x00, 0x00, 
0xbb, 0x04, 0x0c, 0x8f, 0x01, 0x29, 0x00, 0x00, 0x00, 0xbb, 0x04, 0x0c, 0x0b, 0x27, 0x00, 0x00, 0x00, 0xbb, 0x04, 0x0d, 
0xcd, 0x29, 0x00, 0x00, 0x00, 0x40, 0xbb, 0x04, 0x0d, 0xd0, 0x0c, 0x00, 0x00, 0x80, 0xbf, 0xfe, 0x02, 0xcc, 0x07, 0x65, 
0x1d, 0x0c, 0x0c, 0x0c, 0x0d, 0x3e, 0xfa, 0x09, 0x02, 0xa7, 0x0a, 0x39, 0xa4, 0x0f, 0xfc, 0x1f, 0x02, 0x39, 0x9b, 0x05, 
0xb3, 0x06, 0x01, 0x39, 0xfb, 0x08, 0xce, 0x21, 0x00, 0x89, 0x03, 0xb1, 0x57, 0x0d, 0x01, 0x00, 0x00, 0x00, 0x01, 0x00, 
0xab, 0x02, 0xd2, 0x05, 0x96, 0x01, 0x3e, 0xfa, 0x09, 0x00, 0xff, 0x03, 0x39, 0xfc, 0x08, 0xfa, 0x42, 0x00, 0x3e, 0xd7, 
0x4a, 0x03, 0x0d, 0x39, 0x8d, 0x05, 0xcc, 0x3d, 0x03, 0xbb, 0x04, 0x0c, 0xe9, 0x1e, 0x11, 0x00, 0x00, 0x00, 0x3e, 0xc3, 
0x1e, 0x03, 0x1d, 0x39, 0x9c, 0x05, 0xc6, 0x2e, 0x03, 0xbb, 0x04, 0x0c, 0xc9, 0x0d, 0x45, 0x00, 0x00, 0x00, 0x39, 0xfb, 
0x08, 0xda, 0x1b, 0x00, 0xad, 0x06, 0x1d, 0x89, 0x47, 0xad, 0x06, 0x0d, 0x02, 0xad, 0x06, 0x18, 0x02, 0xad, 0x06, 0x18, 
0x02, 0xad, 0x06, 0x0d, 0x02, 0xcc, 0x04, 0x13, 0xb2, 0x1c, 0xd9, 0x0b, 0xd9, 0x0b, 0xcc, 0x04, 0x13, 0xbd, 0x10, 0xec, 
0x09, 0xec, 0x09, 0xc6, 0x06, 0x08, 0xbe, 0x4c, 0x00, 0x82, 0x0a, 0x18, 0xb6, 0x65, 0x39, 0x89, 0x05, 0xc0, 0x82, 0x01, 
0x07, 0x39, 0x90, 0x05, 0x8c, 0x36, 0x07, 0x39, 0x95, 0x05, 0x8b, 0x9c, 0x02, 0x07, 0x13, 0x8b, 0x05, 0x82, 0x9f, 0x02, 
0xc5, 0x1f, 0xbe, 0x14, 0x01, 0x0d, 0xd9, 0x05, 0xd9, 0x05, 0x01, 0x1d, 0xa3, 0x9a, 0x01, 0xe2, 0x94, 0x01, 0x3d, 0x18, 
0xe4, 0x1a, 0xe4, 0x1a, 0xe4, 0x1a, 0x18, 0x80, 0x0b, 0xf3, 0x09, 0x8b, 0x0d, 0x88, 0xd3, 0x01, 0xb2, 0xb9, 0x01, 0x84, 
0xe7, 0x01, 0x84, 0xe7, 0x01, 0x84, 0xe7, 0x01, 0x86, 0xe7, 0x01, 0xc1, 0x0a, 0x1d, 0xe5, 0x40, 0xe5, 0x40, 0x00, 0x13, 
0xe2, 0x05, 0xc7, 0x44, 0xa2, 0x1f, 0x8b, 0x14, 0x01, 0x65, 0xb6, 0x33, 0xb6, 0x33, 0x01, 0x1d, 0xde, 0x30, 0xe6, 0x8d, 
0x01, 0x2d, 0x13, 0xd0, 0xc0, 0x01, 0xd0, 0xc0, 0x01, 0xd0, 0xc0, 0x01, 0x10, 0x7c, 0x13, 0xc3, 0x1e, 0x01, 0x2b, 0xa3, 
0xc3, 0x01, 0x9f, 0x0e, 0x80, 0x06, 0xc1, 0x0a, 0x0d, 0x93, 0xc1, 0x01, 0x93, 0xc1, 0x01, 0x00, 0xc1, 0x0a, 0x0d, 0xdc, 
0xc1, 0x01, 0x48, 0x01, 0xe0, 0x0a, 0x1d, 0xdd, 0x3a, 0xfe, 0x86, 0x01, 0xdd, 0x3a, 0xd8, 0xab, 0x02, 0xd8, 0xab, 0x02, 
0xc1, 0x12, 0x1d, 0xa5, 0x61, 0xae, 0x37, 0xa5, 0x61, 0x2d, 0x13, 0xc4, 0x04, 0xc4, 0x04, 0xc4, 0x04, 0x10, 0x13, 0x8a, 
0x05, 0x92, 0x5c, 0xa2, 0x1f, 0x91, 0x14, 0x01, 0x0c, 0xbb, 0x93, 0x01, 0xbb, 0x93, 0x01, 0xca, 0x14, 0x09, 0xac, 0x79, 
0xac, 0x79, 0xf6, 0xea, 0x01, 0xb8, 0x14, 0x09, 0xcf, 0xaa, 0x01, 0xcf, 0xaa, 0x01, 0xa7, 0x1e, 0xeb, 0x93, 0x01, 0x00, 
0xba, 0x1e, 0x00, 0xc5, 0x6d, 0xeb, 0x93, 0x01, 0x18, 0xc6, 0x6d, 0xc1, 0x0a, 0x0d, 0xc2, 0x99, 0x01, 0xba, 0x9e, 0x01, 
0x00, 0xca, 0x16, 0x09, 0x8f, 0x76, 0x8f, 0x76, 0xa0, 0xf7, 0x01, 0x99, 0x1e, 0xf3, 0x02, 0x18, 0xf4, 0x02, 0xe5, 0x1e, 
0x09, 0xa7, 0x88, 0x01, 0xc6, 0x44, 0x00, 0x00, 0x7a, 0x2f, 0x00, 0x00, 0x5a, 0x3e, 0x00, 0x00, 0x81, 0x35, 0x00, 0x00, 
0xb8, 0x14, 0x09, 0xba, 0x83, 0x02, 0xba, 0x83, 0x02, 0xa7, 0x1e, 0xac, 0x94, 0x01, 0x00, 0xba, 0x1e, 0x00, 0x84, 0xa2, 
0x01, 0xac, 0x94, 0x01, 0x18, 0x83, 0xa2, 0x01, 0xc1, 0x0a, 0x0d, 0xc2, 0x9f, 0x01, 0xee, 0xa3, 0x01, 0x00, 0xc8, 0x16, 
0x09, 0xbd, 0xa5, 0x01, 0xbd, 0xa5, 0x01, 0xa2, 0xa7, 0x01, 0x99, 0x1e, 0xd3, 0x13, 0x18, 0xd4, 0x13, 0xe5, 0x1e, 0x09, 
0x8b, 0x6f, 0x00, 0x1d, 0x00, 0x00, 0x14, 0x3f, 0x00, 0x00, 0xdd, 0x33, 0x00, 0x00, 0x5b, 0x35, 0x00, 0x00, 0xb8, 0x14, 
0x09, 0xba, 0x83, 0x02, 0xba, 0x83, 0x02, 0xa7, 0x1e, 0xac, 0x94, 0x01, 0x00, 0xba, 0x1e, 0x00, 0x84, 0xa2, 0x01, 0xac, 
0x94, 0x01, 0x18, 0x83, 0xa2, 0x01, 0xc1, 0x0a, 0x0d, 0xc2, 0x9f, 0x01, 0xf0, 0xa3, 0x01, 0x01, 0xc8, 0x16, 0x09, 0xbd, 
0xa5, 0x01, 0xbd, 0xa5, 0x01, 0xa4, 0xa7, 0x01, 0x99, 0x1e, 0xd3, 0x13, 0x18, 0xd4, 0x13, 0xe5, 0x1e, 0x09, 0x8b, 0x6f, 
0x01, 0x1d, 0x00, 0x00, 0xc7, 0x38, 0x00, 0x00, 0xde, 0x33, 0x00, 0x00, 0x5c, 0x35, 0x00, 0x00, 0xb8, 0x14, 0x09, 0xba, 
0x83, 0x02, 0xba, 0x83, 0x02, 0xa7, 0x1e, 0xdc, 0x63, 0x00, 0xba, 0x1e, 0x00, 0xba, 0xa1, 0x01, 0xdc, 0x63, 0x18, 0xb9, 
0xa1, 0x01, 0xc1, 0x0a, 0x0d, 0xc2, 0x99, 0x01, 0xbc, 0x9e, 0x01, 0x01, 0xca, 0x16, 0x09, 0x8f, 0x76, 0x8f, 0x76, 0xa2, 
0xf7, 0x01, 0x99, 0x1e, 0xab, 0x1a, 0x18, 0xac, 0x1a, 0xe5, 0x1e, 0x09, 0xb7, 0x4a, 0x02, 0x1d, 0x00, 0x00, 0xc8, 0x38, 
0x00, 0x00, 0x5b, 0x3e, 0x00, 0x00, 0x82, 0x35, 0x00, 0x00, 0xa7, 0x1e, 0xdd, 0x10, 0x00, 0xba, 0x1e, 0x00, 0xe9, 0x12, 
0xdb, 0xbf, 0x01, 0x18, 0xea, 0x12, 0x13, 0x9a, 0x05, 0xd2, 0x95, 0x01, 0xa2, 0x1f, 0x8e, 0x14, 0x01, 0x1d, 0xe1, 0x29, 
0xe1, 0x29, 0x99, 0x1e, 0xfc, 0x6d, 0x18, 0x82, 0x41, 0x13, 0x8a, 0x05, 0xc7, 0x08, 0xa2, 0x1f, 0x94, 0x14, 0x01, 0x0c, 
0xf1, 0x8f, 0x01, 0xf1, 0x8f, 0x01, 0xcb, 0x14, 0x09, 0x97, 0x08, 0x97, 0x08, 0x9e, 0xc0, 0x01, 0xa7, 0x1e, 0xf6, 0x2f, 
0x00, 0xba, 0x1e, 0x00, 0xdc, 0x22, 0x9f, 0x70, 0x18, 0xdb, 0x22, 0xc1, 0x0a, 0x0d, 0x85, 0x1d, 0xb7, 0x28, 0x01, 0xc3, 
0x10, 0x0d, 0x8e, 0x45, 0xcc, 0xeb, 0x01, 0x8e, 0x45, 0xd2, 0x0a, 0x13, 0xb5, 0x5d, 0xb5, 0x5d, 0xdf, 0x40, 0x01, 0x13, 
0x8a, 0x05, 0xd0, 0x25, 0xa2, 0x1f, 0x97, 0x14, 0x01, 0x0c, 0xc4, 0x16, 0xc4, 0x16, 0x22, 0xf5, 0x73, 0x00, 0x22, 0x81, 
0xaa, 0x01, 0x94, 0x3c, 0xd9, 0x06, 0x18, 0xd0, 0xb9, 0x01, 0x84, 0xad, 0x02, 0xda, 0x45, 0xce, 0x0f, 0x01, 0xfe, 0x03, 
0xd3, 0xb9, 0x01, 0xdc, 0x72, 0xe7, 0x0a, 0x1d, 0x9e, 0x86, 0x01, 0x9e, 0x86, 0x01, 0xb5, 0x33, 0x01, 0xee, 0xb9, 0x01, 
0x6c, 0x1d, 0xb1, 0xe5, 0x01, 0x01, 0x28, 0xac, 0xa9, 0x01, 0xfa, 0x16, 0x99, 0x1e, 0x97, 0x4b, 0x18, 0xae, 0xeb, 0x01, 
0xc1, 0x0a, 0x0d, 0x87, 0xef, 0x01, 0xbd, 0x67, 0x01, 0xc3, 0x10, 0x0d, 0xfc, 0x82, 0x01, 0xb4, 0xea, 0x01, 0xfc, 0x82, 
0x01, 0xd2, 0x0a, 0x13, 0xd9, 0x49, 0xd9, 0x49, 0x9b, 0x2e, 0x01, 0x01, 0xff, 0x03, 0xd6, 0x94, 0x01, 0xd2, 0xe2, 0x01, 
0xe7, 0x0a, 0x1d, 0x81, 0xd0, 0x01, 0x81, 0xd0, 0x01, 0xab, 0x3b, 0x01, 0xee, 0xb9, 0x01, 0x6c, 0x1d, 0xe6, 0x05, 0x01, 
0x28, 0xe1, 0x33, 0xfa, 0x16, 0x99, 0x1e, 0x95, 0x4b, 0x18, 0x96, 0x4b, 0xe5, 0x1e, 0x1d, 0xe8, 0x74, 0x53, 0x1b, 0x00, 
0x00, 0x6c, 0x31, 0x00, 0x00, 0x54, 0x1b, 0x00, 0x00, 0x2a, 0x56, 0x00, 0x00, 0xc1, 0x0a, 0x0d, 0xf3, 0xb8, 0x01, 0xf3, 
0xb8, 0x01, 0x03, 0x3d, 0x18, 0xce, 0xb2, 0x01, 0xa5, 0x06, 0xa5, 0x06, 0x18, 0xce, 0x10, 0x18, 0x6d, 0x6d, 0xe0, 0xb1, 
0x01, 0xc1, 0x0a, 0x0d, 0xcd, 0x21, 0xcd, 0x21, 0x00, 0xd2, 0x0a, 0x1d, 0x81, 0x7d, 0x81, 0x7d, 0xe3, 0xa5, 0x01, 0x00, 
0xc1, 0x0a, 0x0d, 0xa8, 0xcd, 0x01, 0xd8, 0x2e, 0x01, 0xd2, 0x0a, 0x1d, 0x89, 0x3a, 0x89, 0x3a, 0x9e, 0x93, 0x01, 0x01, 
0xc1, 0x0a, 0x0d, 0xbe, 0x39, 0x8c, 0x2e, 0x02, 0xd2, 0x0a, 0x1d, 0x8f, 0x39, 0x8f, 0x39, 0x2e, 0x02, 0x3d, 0x18, 0xe4, 
0x37, 0xe4, 0x37, 0xe4, 0x37, 0x18, 0x13, 0x9a, 0x05, 0xe5, 0xca, 0x01, 0xa2, 0x1f, 0x8e, 0x14, 0x01, 0x1d, 0xe8, 0xed, 
0x01, 0xe8, 0xed, 0x01, 0x3d, 0x18, 0x83, 0xa8, 0x01, 0x83, 0xa8, 0x01, 0x83, 0xa8, 0x01, 0x18, 0xc1, 0x0a, 0x0d, 0xf6, 
0x52, 0xd8, 0x05, 0x03, 0xc3, 0x10, 0x0d, 0xd4, 0x25, 0xa6, 0xc4, 0x02, 0xd4, 0x25, 0xce, 0x10, 0x18, 0xba, 0x0f, 0x84, 
0x88, 0x01, 0xba, 0x0f, 0x4b, 0x18, 0xbf, 0xd5, 0x01, 0xbd, 0xd2, 0x01, 0xbf, 0xd5, 0x01, 0xc1, 0x0a, 0x0d, 0xc2, 0x1b, 
0xc2, 0x1b, 0x00, 0xd2, 0x0a, 0x1d, 0x9a, 0xa4, 0x01, 0x9a, 0xa4, 0x01, 0xe6, 0x99, 0x01, 0x00, 0xc1, 0x0a, 0x0d, 0xdc, 
0x14, 0xb8, 0xd4, 0x01, 0x01, 0xd2, 0x0a, 0x1d, 0x89, 0x3a, 0x89, 0x3a, 0xad, 0x25, 0x01, 0xc1, 0x0a, 0x0d, 0xf8, 0x6b, 
0xa6, 0x86, 0x02, 0x02, 0xd2, 0x0a, 0x1d, 0xe7, 0xd6, 0x01, 0xe7, 0xd6, 0x01, 0xef, 0x6a, 0x02, 0x99, 0x1e, 0x95, 0x2a, 
0x18, 0x96, 0x2a, 0xe5, 0x1e, 0x1d, 0x92, 0x79, 0x02, 0x52, 0x00, 0x00, 0x0a, 0x37, 0x00, 0x00, 0xf9, 0x2b, 0x00, 0x00, 
0x1f, 0x2e, 0x00, 0x00, 0x13, 0x8b, 0x05, 0xc5, 0xeb, 0x01, 0xa2, 0x1f, 0x9a, 0x14, 0x01, 0x0d, 0xd4, 0x60, 0xd4, 0x60, 
0x22, 0xc2, 0x80, 0x01, 0x00, 0x80, 0x0b, 0xf3, 0x09, 0xfd, 0x5a, 0xef, 0xe5, 0x01, 0xa6, 0x6d, 0xa4, 0x6d, 0xa4, 0x6d, 
0xa4, 0x6d, 0xa2, 0x6d, 0xc1, 0x0a, 0x1d, 0xbe, 0x81, 0x02, 0xbe, 0x81, 0x02, 0x00, 0x80, 0x0b, 0xf3, 0x09, 0x93, 0x9d, 
0x01, 0x93, 0x9d, 0x01, 0xd0, 0xd1, 0x01, 0xce, 0xd1, 0x01, 0xce, 0xd1, 0x01, 0xce, 0xd1, 0x01, 0xcc, 0xd1, 0x01, 0xc1, 
0x0a, 0x1d, 0xe9, 0x08, 0xe9, 0x08, 0x00, 0x22, 0xec, 0x8f, 0x01, 0x00, 0x23, 0x9a, 0x05, 0xea, 0x90, 0x01, 0xc5, 0x1f, 
0x8e, 0x14, 0x94, 0x14, 0x01, 0x1d, 0xf1, 0xd8, 0x01, 0xf1, 0xd8, 0x01, 0x3d, 0x18, 0xac, 0xdc, 0x01, 0xac, 0xdc, 0x01, 
0xac, 0xdc, 0x01, 0x18, 0xc3, 0x10, 0x18, 0xf9, 0x95, 0x01, 0x87, 0x2d, 0xf9, 0x95, 0x01, 0x13, 0xc3, 0x05, 0xfe, 0x92, 
0x01, 0xc5, 0x1f, 0xda, 0x15, 0x01, 0x46, 0xb9, 0x05, 0xb9, 0x05, 0xc1, 0x12, 0x18, 0xf1, 0xd2, 0x01, 0xf1, 0xd2, 0x01, 
0xad, 0x45, 0x22, 0xb2, 0x27, 0x00, 0xd9, 0x06, 0x1d, 0xa8, 0x94, 0x01, 0x9e, 0xce, 0x01, 0xda, 0xbb, 0x01, 0x80, 0xcf, 
0x01, 0x01, 0x1d, 0x95, 0x20, 0xfa, 0xbc, 0x01, 0x3d, 0x18, 0xfd, 0x27, 0xfd, 0x27, 0xfd, 0x27, 0x18, 0xc1, 0x0a, 0x0d, 
0xee, 0x52, 0xda, 0x0a, 0x03, 0xc3, 0x10, 0x0d, 0xe6, 0x16, 0xba, 0xb5, 0x02, 0xe6, 0x16, 0xce, 0x10, 0x18, 0xa3, 0x76, 
0xcf, 0x0c, 0xa3, 0x76, 0x3d, 0x18, 0xa4, 0x2c, 0xbf, 0x28, 0xbf, 0x28, 0x18, 0x4b, 0x18, 0xb3, 0x6c, 0x8f, 0x40, 0xb3, 
0x6c, 0x13, 0x8d, 0x05, 0x82, 0x92, 0x01, 0xbf, 0x1c, 0x8a, 0x14, 0xc1, 0x0a, 0x0d, 0x8a, 0x59, 0x8c, 0xeb, 0x01, 0x00, 
0x22, 0x8a, 0x59, 0x00, 0x13, 0x8d, 0x05, 0xdf, 0x4d, 0xbf, 0x1c, 0x8d, 0x14, 0xc1, 0x0a, 0x0d, 0xe1, 0x6e, 0xca, 0x2e, 
0x01, 0x22, 0xe1, 0x6e, 0x00, 0x13, 0x8d, 0x05, 0xe4, 0x6e, 0xbf, 0x1c, 0x90, 0x14, 0xc1, 0x0a, 0x0d, 0xfb, 0x36, 0xb2, 
0x66, 0x02, 0x22, 0xfb, 0x36, 0x00, 0x8d, 0x1e, 0x88, 0x06, 0xc6, 0x06, 0x1d, 0xdb, 0x9f, 0x01, 0x00, 0x99, 0x0e, 0xa7, 
0x06, 0x95, 0x05, 0xc9, 0x0e, 0xa7, 0x06, 0xfb, 0x08, 0x4e, 0x18, 0x92, 0xa5, 0x02, 0x01, 0x18, 0xfb, 0x74, 0xe4, 0xb0, 
0x01, 0x5c, 0x0d, 0x95, 0x46, 0x01, 0x42, 0x85, 0x75, 0x13, 0x8b, 0x05, 0x8f, 0x2d, 0xc5, 0x1f, 0xb9, 0x15, 0x01, 0x0d, 
0xa2, 0x1f, 0xa2, 0x1f, 0xc8, 0x16, 0x09, 0x92, 0x72, 0xa4, 0x64, 0x92, 0x72, 0xa7, 0x1e, 0xcf, 0x6c, 0x00, 0xba, 0x1e, 
0x00, 0xc3, 0x69, 0xcf, 0x6c, 0x18, 0xc4, 0x69, 0x9e, 0x1e, 0x7a, 0x0b, 0x00, 0x00, 0x18, 0x8c, 0x03, 0x13, 0x8b, 0x05, 
0x9d, 0x3f, 0xc5, 0x1f, 0xc5, 0x15, 0x01, 0x0d, 0xc7, 0x64, 0xc7, 0x64, 0xca, 0x16, 0x09, 0x90, 0x61, 0x9e, 0x8e, 0x01, 
0x90, 0x61, 0xa7, 0x1e, 0xd7, 0x42, 0x00, 0xba, 0x1e, 0x00, 0xcb, 0x3f, 0xd7, 0x42, 0x18, 0xcc, 0x3f, 0x9e, 0x1e, 0x7a, 
0x0b, 0x00, 0x00, 0x18, 0x8c, 0x03, 0x13, 0x96, 0x05, 0x95, 0x63, 0xc5, 0x1f, 0xb6, 0x15, 0x01, 0x18, 0xe1, 0x5a, 0xe1, 
0x5a, 0x13, 0x8b, 0x05, 0xbe, 0x4b, 0xc5, 0x1f, 0xc2, 0x15, 0x01, 0x0d, 0xa6, 0x59, 0xa6, 0x59, 0xc1, 0x0a, 0x0d, 0xb3, 
0x44, 0xb0, 0x60, 0x02, 0x13, 0x8c, 0x05, 0xde, 0x3a, 0xd3, 0x1c, 0x8d, 0x14, 0x01, 0x0d, 0xa7, 0x60, 0xa7, 0x60, 0x4a, 
0x0d, 0xd3, 0x57, 0xd1, 0xc1, 0x01, 0xd3, 0x57, 0x5c, 0x0d, 0xe2, 0xcb, 0x01, 0x01, 0x04, 0x82, 0x4d, 0xca, 0x16, 0x09, 
0xfd, 0x40, 0xfd, 0x40, 0x88, 0x86, 0x02, 0xa7, 0x1e, 0x92, 0xa8, 0x01, 0x00, 0xba, 0x1e, 0x00, 0x80, 0x65, 0x92, 0xa8, 
0x01, 0x18, 0xff, 0x64, 0xc1, 0x0a, 0x0d, 0xc0, 0x87, 0x01, 0xb6, 0x90, 0x01, 0x00, 0xc1, 0x0a, 0x0d, 0xd2, 0x0f, 0x88, 
0xa0, 0x01, 0x01, 0xc3, 0x10, 0x0d, 0xab, 0x29, 0xab, 0x29, 0xca, 0x93, 0x01, 0x5c, 0x0d, 0xff, 0x58, 0x01, 0x1b, 0xe7, 
0x96, 0x01, 0x4a, 0x0d, 0xbd, 0x0a, 0x97, 0x7d, 0xbd, 0x0a, 0xc3, 0x10, 0x0d, 0xd7, 0x0e, 0xe9, 0x5b, 0xd7, 0x0e, 0xc8, 
0x10, 0x0d, 0xda, 0x6e, 0xda, 0x6e, 0x8e, 0x90, 0x01, 0x99, 0x1e, 0xbc, 0xad, 0x01, 0x18, 0xbb, 0xad, 0x01, 0xe5, 0x1e, 
0x0d, 0x96, 0x1f, 0xd1, 0x45, 0x00, 0x00, 0x35, 0x5d, 0x00, 0x00, 0x89, 0x4a, 0x00, 0x00, 0xf4, 0x2f, 0x00, 0x00, 0xc3, 
0x10, 0x0d, 0xd7, 0x36, 0xdf, 0x3e, 0xf1, 0x30, 0x6c, 0x0d, 0xa4, 0xd5, 0x01, 0x01, 0x28, 0xca, 0x32, 0x8c, 0x14, 0x4a, 
0x0d, 0x81, 0x1f, 0xca, 0x7f, 0x81, 0x1f, 0x3f, 0x0d, 0xc7, 0x41, 0xc7, 0x41, 0x5c, 0x0d, 0x91, 0x32, 0x01, 0x1b, 0xf7, 
0x6c, 0xc3, 0x10, 0x0d, 0x8a, 0xc7, 0x01, 0xd2, 0xec, 0x02, 0x8a, 0xc7, 0x01, 0x13, 0x8b, 0x05, 0x9f, 0x82, 0x01, 0xc5, 
0x1f, 0xbc, 0x15, 0x01, 0x0d, 0x9f, 0x02, 0x9f, 0x02, 0x6c, 0x0d, 0xab, 0x79, 0x01, 0x25, 0xb3, 0xb7, 0x01, 0x93, 0x75, 
0x13, 0x96, 0x05, 0xc8, 0xa0, 0x01, 0xc5, 0x1f, 0xc8, 0x15, 0x01, 0x18, 0xd6, 0x16, 0xd6, 0x16, 0x13, 0x8b, 0x05, 0xd1, 
0x06, 0xc5, 0x1f, 0xcb, 0x15, 0x01, 0x0d, 0xd5, 0xab, 0x01, 0xd5, 0xab, 0x01, 0xca, 0x16, 0x09, 0xa4, 0xbc, 0x01, 0xa4, 
0xbc, 0x01, 0xfc, 0x89, 0x02, 0xa7, 0x1e, 0xd3, 0x08, 0x00, 0xba, 0x1e, 0x00, 0x84, 0x4d, 0xd3, 0x08, 0x18, 0x83, 0x4d, 
0x13, 0x8b, 0x05, 0x9a, 0x73, 0xc5, 0x1f, 0xd4, 0x15, 0x01, 0x0d, 0x89, 0x2e, 0x89, 0x2e, 0x4a, 0x0d, 0x91, 0x78, 0x9a, 
0x0e, 0x91, 0x78, 0x13, 0x8b, 0x05, 0x90, 0x27, 0xc5, 0x1f, 0xd7, 0x15, 0x01, 0x0d, 0xcf, 0x65, 0xcf, 0x65, 0xc3, 0x10, 
0x0d, 0xc6, 0x14, 0xf9, 0x29, 0xc6, 0x14, 0x13, 0x88, 0x05, 0xc0, 0x36, 0xc5, 0x1f, 0xbf, 0x15, 0x01, 0x0b, 0xfe, 0xb9, 
0x01, 0xfe, 0xb9, 0x01, 0x5c, 0x13, 0xd1, 0xcf, 0x01, 0x01, 0x3e, 0xa9, 0xbc, 0x01, 0xc1, 0x0a, 0x0d, 0xbc, 0x9b, 0x01, 
0xbc, 0x9b, 0x01, 0x01, 0xc1, 0x0a, 0x0d, 0x97, 0xb7, 0x01, 0xdb, 0x1b, 0x00, 0x7c, 0x0d, 0xd0, 0x25, 0x01, 0x2b, 0x8a, 
0x44, 0x8c, 0x14, 0x8a, 0x01, 0x7c, 0x0d, 0xeb, 0x4a, 0x01, 0x2e, 0x9e, 0xa2, 0x01, 0xd2, 0x46, 0xba, 0x59, 0x13, 0xe2, 
0x05, 0xb4, 0xc4, 0x01, 0xc5, 0x1f, 0xa3, 0x14, 0x01, 0x65, 0xe6, 0x3b, 0xe6, 0x3b, 0xc1, 0x0a, 0x1d, 0xf3, 0x70, 0xf3, 
0x70, 0x00, 0x3d, 0x18, 0x9e, 0x10, 0x9e, 0x10, 0x9e, 0x10, 0x18, 0xc1, 0x0a, 0x1d, 0x8d, 0x5b, 0xe3, 0xbb, 0x01, 0x01, 
0x3d, 0x18, 0x94, 0x74, 0x94, 0x74, 0x94, 0x74, 0x18, 0xc1, 0x0a, 0x1d, 0xb9, 0x74, 0x89, 0xbc, 0x01, 0x02, 0x3d, 0x18, 
0xd2, 0x78, 0xd2, 0x78, 0xd2, 0x78, 0x18, 0xd0, 0x0a, 0x46, 0xe3, 0x0b, 0xba, 0x11, 0xcb, 0x07, 0xe3, 0x0b, 0xb4, 0x0a, 
0x46, 0xff, 0xb4, 0x01, 0x43, 0x46, 0x00, 0x00, 0x01, 0xfe, 0x03, 0x92, 0x85, 0x01, 0xa4, 0xaf, 0x01, 0x01, 0x18, 0xb0, 
0x66, 0xa2, 0x96, 0x02, 0xc1, 0x12, 0x18, 0xfb, 0x0c, 0xc6, 0xde, 0x01, 0xfb, 0x0c, 0xe8, 0x0a, 0x1d, 0xa7, 0xa9, 0x01, 
0xf3, 0x4f, 0xa7, 0xa9, 0x01, 0x02, 0x84, 0x34, 0x3d, 0x18, 0xce, 0x2a, 0xce, 0x2a, 0xce, 0x2a, 0x18, 0x4a, 0x18, 0xd5, 
0x01, 0xfb, 0x65, 0xd5, 0x01, 0x99, 0x1e, 0xcb, 0x78, 0x18, 0xcc, 0x78, 0xe5, 0x1e, 0x18, 0xae, 0x21, 0x0c, 0x4a, 0x00, 
0x00, 0x2b, 0x1f, 0x00, 0x00, 0x8e, 0x30, 0x00, 0x00, 0x48, 0x39, 0x00, 0x00, 0x13, 0x8b, 0x05, 0xbb, 0xd6, 0x01, 0xc5, 
0x1f, 0xf7, 0x14, 0x01, 0x0d, 0x86, 0xc8, 0x01, 0x86, 0xc8, 0x01, 0x4a, 0x0d, 0xcd, 0x40, 0xcd, 0x40, 0x98, 0x9c, 0x01, 
0xce, 0x10, 0x18, 0xf0, 0x59, 0xec, 0x0a, 0xf0, 0x59, 0x13, 0x8b, 0x05, 0x95, 0xa1, 0x01, 0xc5, 0x1f, 0xd1, 0x15, 0x01, 
0x0d, 0x98, 0x53, 0x98, 0x53, 0xca, 0x16, 0x09, 0x92, 0x19, 0x92, 0x19, 0xfe, 0x89, 0x02, 0xa7, 0x1e, 0xef, 0x3f, 0x00, 
0xba, 0x1e, 0x00, 0x84, 0x4d, 0xef, 0x3f, 0x18, 0x83, 0x4d, 0x13, 0x8b, 0x05, 0xcc, 0x72, 0xc5, 0x1f, 0xce, 0x15, 0x01, 
0x0d, 0x97, 0x37, 0x97, 0x37, 0xc3, 0x10, 0x0d, 0xce, 0x35, 0xa0, 0xb2, 0x01, 0xce, 0x35, 0x6c, 0x0d, 0xb1, 0xe8, 0x01, 
0x01, 0x28, 0x8a, 0xab, 0x01, 0x8c, 0x14, 0x4a, 0x0d, 0xd6, 0xad, 0x01, 0xcc, 0x7f, 0xd6, 0xad, 0x01, 0x3f, 0x0d, 0x95, 
0x55, 0x95, 0x55, 0x5c, 0x0d, 0xd6, 0x92, 0x01, 0x01, 0x1b, 0x91, 0x63, 0x13, 0x9a, 0x05, 0xbf, 0x9a, 0x01, 0xc5, 0x1f, 
0x86, 0x15, 0x01, 0x1d, 0x87, 0x59, 0x87, 0x59, 0x3d, 0x18, 0xf8, 0x87, 0x01, 0xf8, 0x87, 0x01, 0xf8, 0x87, 0x01, 0x18, 
0x23, 0x8b, 0x05, 0xf9, 0x55, 0xc5, 0x1f, 0x86, 0x15, 0x93, 0x14, 0x01, 0x0d, 0xa4, 0x37, 0xa4, 0x37, 0xce, 0x10, 0x18, 
0xce, 0x08, 0x87, 0x16, 0xce, 0x08, 0x01, 0x18, 0xd0, 0x42, 0xca, 0xe0, 0x01, 0x5c, 0x18, 0xd9, 0x86, 0x01, 0x01, 0x45, 
0xf8, 0x8c, 0x01, 0x13, 0x96, 0x05, 0x81, 0x2c, 0xc5, 0x1f, 0x80, 0x15, 0x01, 0x18, 0xd8, 0x8e, 0x01, 0xd8, 0x8e, 0x01, 
0xc4, 0x12, 0x0d, 0xc9, 0x1d, 0x8c, 0x45, 0xc9, 0x1d, 0x6c, 0x0d, 0xf6, 0xa2, 0x01, 0x01, 0x28, 0x91, 0x6c, 0x8c, 0x14, 
0x6c, 0x0d, 0xbf, 0xd4, 0x01, 0x01, 0x1a, 0xcc, 0xbd, 0x01, 0xc2, 0x8c, 0x01, 0xc3, 0x10, 0x0d, 0xd0, 0x37, 0x94, 0xdc, 
0x01, 0xcf, 0x7a, 0x4a, 0x0d, 0xde, 0x07, 0xae, 0x3f, 0xde, 0x07, 0xce, 0x10, 0x18, 0xa9, 0x6e, 0xc3, 0x5f, 0xa9, 0x6e, 
0x4b, 0x18, 0xfe, 0xe9, 0x01, 0xa7, 0x05, 0xfe, 0xe9, 0x01, 0x99, 0x1e, 0xab, 0x10, 0x18, 0xac, 0x10, 0xe5, 0x1e, 0x18, 
0x97, 0x3b, 0xc1, 0x59, 0x00, 0x00, 0xb4, 0x4e, 0x00, 0x00, 0x6d, 0x58, 0x00, 0x00, 0x49, 0x39, 0x00, 0x00, 0xc1, 0x0a, 
0x0d, 0x81, 0xd1, 0x01, 0x81, 0xd1, 0x01, 0x00, 0xc1, 0x0a, 0x0d, 0xe6, 0x09, 0x9b, 0xc7, 0x01, 0x01, 0xc1, 0x0a, 0x0d, 
0x6a, 0xb1, 0xc6, 0x01, 0x02, 0xe0, 0x0a, 0x1d, 0xfe, 0x82, 0x01, 0xce, 0x8d, 0x01, 0xe8, 0x83, 0x01, 0xfe, 0x82, 0x01, 
0xc0, 0x82, 0x01, 0x9e, 0x1e, 0xdd, 0x3c, 0x00, 0x00, 0x88, 0x06, 0xc6, 0x06, 0x18, 0xaf, 0x9a, 0x01, 0x00, 0x82, 0x16, 
0xa7, 0x06, 0x89, 0x05, 0x44, 0xa7, 0x06, 0x90, 0x05, 0xd5, 0x0c, 0x18, 0x94, 0xbc, 0x02, 0x01, 0x13, 0xd9, 0xf1, 0x01, 
0xba, 0x4a, 0xce, 0x10, 0x13, 0xa8, 0xe7, 0x01, 0xa8, 0xe7, 0x01, 0xa8, 0xfe, 0x02, 0xc3, 0x10, 0x13, 0xb4, 0x03, 0xb4, 
0x03, 0x8e, 0xf6, 0x02, 0x01, 0x0c, 0xd5, 0xec, 0x01, 0xea, 0x3b, 0xca, 0x14, 0x09, 0xf6, 0x33, 0xf6, 0x33, 0x98, 0xa1, 
0x01, 0xa7, 0x1e, 0xc2, 0x3d, 0x00, 0xba, 0x1e, 0x00, 0xa6, 0x5c, 0xd0, 0x4b, 0x18, 0xa5, 0x5c, 0xc1, 0x0a, 0x0d, 0xc6, 
0x53, 0xbf, 0xc1, 0x01, 0x01, 0x3f, 0x0d, 0x99, 0x04, 0x99, 0x04, 0xc1, 0x0a, 0x0d, 0xf2, 0x33, 0xe7, 0x91, 0x01, 0x00, 
0x3f, 0x0d, 0xf5, 0x2f, 0xf5, 0x2f, 0xd0, 0x0a, 0x18, 0x81, 0x53, 0x9a, 0x6b, 0x85, 0x4f, 0x81, 0x53, 0x5c, 0x18, 0xd8, 
0x87, 0x02, 0x01, 0x45, 0xd7, 0x36, 0x9e, 0x1e, 0x43, 0x5d, 0x00, 0x00, 0x18, 0xa7, 0xf7, 0x01, 0x01, 0x0c, 0xf0, 0x7d, 
0x80, 0xa2, 0x01, 0xca, 0x14, 0x09, 0xfd, 0x86, 0x01, 0xfd, 0x86, 0x01, 0xb4, 0x4c, 0xa7, 0x1e, 0xdb, 0x60, 0x00, 0xba, 
0x1e, 0x00, 0xc6, 0x07, 0x8f, 0x09, 0x18, 0xc5, 0x07, 0xc1, 0x0a, 0x0d, 0xc6, 0x53, 0xbd, 0xc1, 0x01, 0x01, 0x3f, 0x0d, 
0x95, 0x12, 0x95, 0x12, 0xc1, 0x0a, 0x0d, 0xe4, 0xad, 0x01, 0xef, 0x25, 0x00, 0xd0, 0x0a, 0x18, 0xdb, 0xa7, 0x01, 0xc0, 
0xa7, 0x01, 0x88, 0x06, 0xdb, 0xa7, 0x01, 0x5c, 0x18, 0xb6, 0x10, 0x01, 0x45, 0xa1, 0x5a, 0x9e, 0x1e, 0x3c, 0x31, 0x00, 
0x00, 0x18, 0x97, 0x47, 0x01, 0x0c, 0xf0, 0x7d, 0x82, 0xa2, 0x01, 0xca, 0x14, 0x09, 0xfd, 0x86, 0x01, 0xfd, 0x86, 0x01, 
0xb0, 0x4c, 0xa7, 0x1e, 0xd7, 0x60, 0x00, 0xba, 0x1e, 0x00, 0xdf, 0x94, 0x02, 0x8f, 0x09, 0x18, 0xe0, 0x94, 0x02, 0xc1, 
0x0a, 0x0d, 0xdd, 0x4c, 0xb9, 0x45, 0x00, 0xc1, 0x0a, 0x0d, 0xd7, 0x80, 0x01, 0x91, 0xc6, 0x01, 0x01, 0xd0, 0x0a, 0x18, 
0xd5, 0x52, 0xad, 0xd3, 0x01, 0x92, 0x67, 0xd5, 0x52, 0x5c, 0x18, 0xd4, 0x5b, 0x01, 0x45, 0xd3, 0x34, 0x9e, 0x1e, 0x3d, 
0x31, 0x00, 0x00, 0x18, 0x97, 0x47, 0x01, 0x0c, 0xf0, 0x7d, 0x84, 0xa2, 0x01, 0xca, 0x14, 0x09, 0xfd, 0x86, 0x01, 0xfd, 
0x86, 0x01, 0xac, 0x4c, 0xa7, 0x1e, 0xd3, 0x60, 0x00, 0xba, 0x1e, 0x00, 0xdf, 0x94, 0x02, 0x8f, 0x09, 0x18, 0xe0, 0x94, 
0x02, 0xc1, 0x0a, 0x0d, 0xe5, 0x3e, 0xbf, 0x37, 0x00, 0xc1, 0x0a, 0x0d, 0xb4, 0x2f, 0x8b, 0x08, 0x01, 0x3f, 0x0d, 0xed, 
0x84, 0x02, 0xed, 0x84, 0x02, 0xd0, 0x0a, 0x18, 0xe3, 0x07, 0x9d, 0xdd, 0x01, 0xae, 0x60, 0xe3, 0x07, 0x5c, 0x18, 0xd8, 
0x87, 0x02, 0x01, 0x45, 0xd8, 0x36, 0x9e, 0x1e, 0x44, 0x5d, 0x00, 0x00, 0x18, 0xa3, 0xf7, 0x01, 0x01, 0x0c, 0xf0, 0x7d, 
0x86, 0xa2, 0x01, 0xca, 0x14, 0x09, 0xfd, 0x86, 0x01, 0xfd, 0x86, 0x01, 0xa8, 0x4c, 0xa7, 0x1e, 0xe3, 0x67, 0x00, 0xba, 
0x1e, 0x00, 0xdf, 0x94, 0x02, 0x9b, 0xf0, 0x01, 0x18, 0xe0, 0x94, 0x02, 0xc1, 0x0a, 0x0d, 0xe5, 0x3e, 0xbd, 0x37, 0x00, 
0xc1, 0x0a, 0x0d, 0xb4, 0x2f, 0x89, 0x08, 0x01, 0x3f, 0x0d, 0xed, 0x84, 0x02, 0xed, 0x84, 0x02, 0xd0, 0x0a, 0x18, 0xe3, 
0x07, 0x9d, 0xdd, 0x01, 0xe3, 0x07, 0x9e, 0x6b, 0x5c, 0x18, 0xd8, 0x87, 0x02, 0x01, 0x45, 0xd9, 0x36, 0x9e, 0x1e, 0x45, 
0x5d, 0x00, 0x00, 0x18, 0x97, 0x10, 0xc1, 0x0a, 0x0d, 0xe1, 0xd6, 0x01, 0xfd, 0xf3, 0x01, 0x00, 0x3f, 0x0d, 0xa6, 0x2e, 
0xa6, 0x2e, 0xc1, 0x0a, 0x0d, 0xf2, 0x33, 0xe5, 0x91, 0x01, 0x01, 0x3f, 0x0d, 0xf5, 0x2f, 0xf5, 0x2f, 0xd0, 0x0a, 0x18, 
0xfd, 0x52, 0x81, 0x4f, 0xfd, 0x52, 0xb2, 0x60, 0x5c, 0x18, 0xd8, 0x87, 0x02, 0x01, 0x45, 0xda, 0x36, 0x9e, 0x1e, 0x46, 
0x5d, 0x00, 0x00, 0x18, 0xd1, 0x98, 0x01, 0x8f, 0x1e, 0x18, 0x91, 0x07, 0x8f, 0x1e, 0x18, 0x02, 0x8f, 0x1e, 0x18, 0x02, 
0x8f, 0x1e, 0x18, 0xbf, 0x49, 0x8f, 0x1e, 0x88, 0x06, 0x00, 0x00, 0x00, 0x00, 0x00, 0x00, 0x00, 0x8c, 0x07, 0x00, 0x00, 
0x00, 0x00, 0x00, 0x00, 0x4c, 0x4f, 0x4d, 0x53, 0x00, 0x03, 0x01, 0x00, 0x0b, 0x00, 0x08, 0x00, 0xa4, 0x61, 0x00, 0x00, 
0x00, 0x00, 0x00, 0x00, 0x64, 0x11, 0x00, 0x00, 0x91, 0x02, 0x01, 0xd1, 0x10, 0x02, 0x47, 0x4c, 0x53, 0x4c, 0x2e, 0x73, 
0x74, 0x64, 0x2e, 0x34, 0x35, 0x30, 0x00, 0x00, 0x00, 0x00, 0xa0, 0x04, 0x00, 0x01, 0x9f, 0x0f, 0x04, 0x9f, 0x2c, 0xed, 
0xc2, 0xa5, 0xf3, 0x06, 0x00, 0x88, 0x1c, 0xf3, 0x23, 0x8c, 0x1a, 0xef, 0x25, 0xd9, 0x1b, 0xa0, 0x02, 0x9f, 0x2c, 0x07, 
0xa0, 0x02, 0x9f, 0x2c, 0x0c, 0x10, 0xba, 0x12, 0x06, 0x10, 0x37, 0xc8, 0x09, 0x0b, 0x00, 0x05, 0x00, 0x07, 0x01, 0x10, 
0x00, 0x23, 0x00, 0x01, 0x05, 0x00, 0x07, 0x01, 0x10, 0x00, 0x23, 0x40, 0x01, 0x23, 0x30, 0x01, 0x23, 0x04, 0x01, 0x23, 
0x04, 0x01, 0x23, 0x04, 0x01, 0x23, 0x04, 0x10, 0xc4, 0x32, 0x01, 0x01, 0x10, 0x9d, 0x41, 0x06, 0x80, 0x02, 0x00, 0xa6, 
0x1c, 0x02, 0x47, 0x00, 0x01, 0x00, 0x23, 0x00, 0x10, 0xe6, 0x09, 0x21, 0x00, 0x10, 0x00, 0x22, 0x01, 0x00, 0xe5, 0x1e, 
0x02, 0x37, 0x00, 0x08, 0x00, 0x05, 0x00, 0x07, 0x01, 0x10, 0x00, 0x23, 0x00, 0x01, 0x23, 0x40, 0x01, 0x23, 0x10, 0x01, 
0x23, 0x04, 0x01, 0x23, 0x04, 0x01, 0x23, 0x04, 0x10, 0xf6, 0x29, 0x21, 0x00, 0x10, 0x00, 0x22, 0x02, 0x10, 0xb3, 0x06, 
0x1e, 0x00, 0x10, 0xd6, 0x0f, 0x0b, 0x16, 0x00, 0xcd, 0x13, 0x0e, 0x10, 0x00, 0x1e, 0x0a, 0x10, 0xc6, 0x17, 0x1e, 0x00, 
0x10, 0xab, 0x14, 0x1e, 0x09, 0x93, 0x02, 0x0e, 0xa1, 0x04, 0xf4, 0x13, 0x08, 0xa6, 0x02, 0xe9, 0x13, 0x20, 0xb7, 0x02, 
0x20, 0x0d, 0x04, 0xb7, 0x02, 0x09, 0x0d, 0x03, 0xb5, 0x02, 0x17, 0x20, 0x01, 0x3e, 0xfa, 0x09, 0x07, 0x0c, 0xb7, 0x02, 
0xeb, 0x09, 0x0d, 0x02, 0x3e, 0xfa, 0x09, 0x07, 0x13, 0xc1, 0x04, 0xe4, 0x21, 0x18, 0x89, 0x05, 0x90, 0x05, 0xb8, 0x02, 
0xb9, 0x2a, 0x1d, 0x04, 0xb8, 0x02, 0x3d, 0x18, 0x03, 0xb5, 0x02, 0x75, 0x20, 0x00, 0xbb, 0x04, 0x0b, 0xae, 0x28, 0x08, 
0x00, 0x00, 0x00, 0xbc, 0x02, 0x89, 0x16, 0x1d, 0xa2, 0x14, 0x8e, 0x03, 0xc8, 0x09, 0x65, 0x46, 0x0c, 0x0c, 0x0c, 0x0d, 
0x9d, 0x09, 0xb2, 0x06, 0x0c, 0xc4, 0x32, 0x40, 0x00, 0x00, 0x00, 0xbc, 0x02, 0x9d, 0x41, 0x81, 0x0e, 0xa3, 0x27, 0xae, 
0x02, 0xa6, 0x1c, 0xd4, 0x06, 0x3e, 0x8b, 0x25, 0x02, 0xe7, 0x14, 0x39, 0xa1, 0x02, 0xf2, 0x2e, 0x02, 0xbb, 0x04, 0x0c, 
0x9d, 0x0b, 0x00, 0x00, 0x00, 0x00, 0x3e, 0xd1, 0x1c, 0x02, 0x65, 0xbb, 0x04, 0x0c, 0xd8, 0x1c, 0x01, 0x00, 0x00, 0x00, 
0xbb, 0x04, 0x0c, 0x06, 0x02, 0x00, 0x00, 0x00, 0x3e, 0x8d, 0x1e, 0x02, 0x0c, 0xbb, 0x04, 0x0c, 0x94, 0x1e, 0x03, 0x00, 
0x00, 0x00, 0xbb, 0x04, 0x0c, 0x06, 0x04, 0x00, 0x00, 0x00, 0xbb, 0x04, 0x0c, 0x06, 0x05, 0x00, 0x00, 0x00, 0x3e, 0x9d, 
0x1e, 0x02, 0x0d, 0xbb, 0x04, 0x0d, 0x81, 0x08, 0x00, 0x00, 0x80, 0x3f, 0xbb, 0x04, 0x0d, 0x84, 0x26, 0x00, 0x00, 0x00, 
0x00, 0xbb, 0x04, 0x0d, 0xe5, 0x27, 0x00, 0x00, 0x00, 0x40, 0x94, 0x02, 0x1f, 0xbb, 0x04, 0x0b, 0x88, 0x28, 0x01, 0x00, 
0x00, 0x00, 0xbb, 0x04, 0x0b, 0x05, 0x00, 0x00, 0x00, 0x00, 0xbb, 0x04, 0x0d, 0x91, 0x1b, 0x00, 0x00, 0x80, 0xbf, 0xfe, 
0x02, 0xcc, 0x07, 0x65, 0x1d, 0x0c, 0x0c, 0x0c, 0x0d, 0x3e, 0xfa, 0x09, 0x02, 0xa7, 0x0a, 0x39, 0xa4, 0x0f, 0xfc, 0x1f, 
0x02, 0x3e, 0x8f, 0x34, 0x01, 0x1d, 0x39, 0x9a, 0x05, 0xdc, 0x2d, 0x01, 0xbb, 0x04, 0x0b, 0xe9, 0x0f, 0x03, 0x00, 0x00, 
0x00, 0xbb, 0x04, 0x0b, 0x05, 0x02, 0x00, 0x00, 0x00, 0x3e, 0x87, 0x1e, 0x03, 0x0d, 0x39, 0x8c, 0x05, 0xce, 0x3d, 0x03, 
0x3e, 0xcb, 0x3d, 0x01, 0x0c, 0x39, 0x8d, 0x05, 0xfe, 0x29, 0x01, 0xb7, 0x02, 0xf5, 0x33, 0x0b, 0x02, 0x3e, 0xfa, 0x09, 
0x03, 0x11, 0x39, 0x8e, 0x05, 0xc2, 0x41, 0x03, 0x3e, 0xcd, 0x41, 0x03, 0x0b, 0x39, 0x9a, 0x05, 0xa2, 0x2d, 0x01, 0x3e, 
0x93, 0x2d, 0x01, 0x0d, 0xcc, 0x04, 0x13, 0xa0, 0x12, 0xd9, 0x0b, 0xd9, 0x0b, 0xcc, 0x04, 0x13, 0xbd, 0x10, 0xec, 0x09, 
0xec, 0x09, 0xc6, 0x06, 0x08, 0xbe, 0x4c, 0x00, 0x82, 0x0a, 0x18, 0xb6, 0x65, 0x39, 0x89, 0x05, 0x8c, 0x83, 0x01, 0x07, 
0x39, 0x90, 0x05, 0x8c, 0x30, 0x07, 0x01, 0x0c, 0xb1, 0x56, 0xc2, 0xe6, 0x01, 0x33, 0x8a, 0x05, 0xe1, 0x0c, 0xda, 0x19, 
0x8b, 0x14, 0xad, 0x8d, 0x01, 0x97, 0x14, 0x01, 0x0c, 0xea, 0x6e, 0xea, 0x6e, 0x13, 0xe2, 0x05, 0xb3, 0x24, 0xa2, 0x1f, 
0x8b, 0x14, 0x01, 0x65, 0xb5, 0xf5, 0x01, 0xb5, 0xf5, 0x01, 0x01, 0x1d, 0xfe, 0x62, 0xe6, 0x8d, 0x01, 0x2d, 0x13, 0xd0, 
0xc0, 0x01, 0xd0, 0xc0, 0x01, 0xd0, 0xc0, 0x01, 0x10, 0x7c, 0x13, 0xc3, 0x1e, 0x01, 0x2b, 0xa3, 0xc3, 0x01, 0x9f, 0x0e, 
0x80, 0x06, 0xc1, 0x0a, 0x0d, 0x93, 0xc1, 0x01, 0x93, 0xc1, 0x01, 0x00, 0xc1, 0x0a, 0x0d, 0xdc, 0xc1, 0x01, 0x48, 0x01, 
0xe0, 0x0a, 0x1d, 0xdd, 0x3a, 0xfe, 0x86, 0x01, 0xdd, 0x3a, 0xd8, 0xab, 0x02, 0xd8, 0xab, 0x02, 0xc1, 0x12, 0x1d, 0xa5, 
0x61, 0xce, 0x69, 0xa5, 0x61, 0x2d, 0x13, 0xc4, 0x04, 0xc4, 0x04, 0xc4, 0x04, 0x10, 0x13, 0x8a, 0x05, 0x92, 0x5c, 0xa2, 
0x1f, 0x91, 0x14, 0x01, 0x0c, 0xbb, 0x93, 0x01, 0xbb, 0x93, 0x01, 0xca, 0x14, 0x09, 0xac, 0x79, 0xac, 0x79, 0xf6, 0xea, 
0x01, 0xb8, 0x14, 0x09, 0xcf, 0xaa, 0x01, 0xcf, 0xaa, 0x01, 0xa7, 0x1e, 0xeb, 0x93, 0x01, 0x00, 0xba, 0x1e, 0x00, 0xc5, 
0x6d, 0xeb, 0x93, 0x01, 0x18, 0xc6, 0x6d, 0xc1, 0x0a, 0x0d, 0xc2, 0x99, 0x01, 0xba, 0x9e, 0x01, 0x00, 0xca, 0x16, 0x09, 
0x8f, 0x76, 0x8f, 0x76, 0xa0, 0xf7, 0x01, 0x99, 0x1e, 0xf3, 0x02, 0x18, 0xf4, 0x02, 0xe5, 0x1e, 0x09, 0xa7, 0x88, 0x01, 
0xc6, 0x44, 0x00, 0x00, 0x7a, 0x2f, 0x00, 0x00, 0x5a, 0x3e, 0x00, 0x00, 0x81, 0x35, 0x00, 0x00, 0xb8, 0x14, 0x09, 0xba, 
0x83, 0x02, 0xba, 0x83, 0x02, 0xa7, 0x1e, 0xac, 0x94, 0x01, 0x00, 0xba, 0x1e, 0x00, 0x84, 0xa2, 0x01, 0xac, 0x94, 0x01, 
0x18, 0x83, 0xa2, 0x01, 0xc1, 0x0a, 0x0d, 0xc2, 0x9f, 0x01, 0xee, 0xa3, 0x01, 0x00, 0xc8, 0x16, 0x09, 0xbd, 0xa5, 0x01, 
0xbd, 0xa5, 0x01, 0xa2, 0xa7, 0x01, 0x99, 0x1e, 0xd3, 0x13, 0x18, 0xd4, 0x13, 0xe5, 0x1e, 0x09, 0x8b, 0x6f, 0x00, 0x1d, 
0x00, 0x00, 0x14, 0x3f, 0x00, 0x00, 0xdd, 0x33, 0x00, 0x00, 0x5b, 0x35, 0x00, 0x00, 0xb8, 0x14, 0x09, 0xba, 0x83, 0x02, 
0xba, 0x83, 0x02, 0xa7, 0x1e, 0xac, 0x94, 0x01, 0x00, 0xba, 0x1e, 0x00, 0x84, 0xa2, 0x01, 0xac, 0x94, 0x01, 0x18, 0x83, 
0xa2, 0x01, 0xc1, 0x0a, 0x0d, 0xc2, 0x9f, 0x01, 0xf0, 0xa3, 0x01, 0x01, 0xc8, 0x16, 0x09, 0xbd, 0xa5, 0x01, 0xbd, 0xa5, 
0x01, 0xa4, 0xa7, 0x01, 0x99, 0x1e, 0xd3, 0x13, 0x18, 0xd4, 0x13, 0xe5, 0x1e, 0x09, 0x8b, 0x6f, 0x01, 0x1d, 0x00, 0x00, 
0xc7, 0x38, 0x00, 0x00, 0xde, 0x33, 0x00, 0x00, 0x5c, 0x35, 0x00, 0x00, 0xb8, 0x14, 0x09, 0xba, 0x83, 0x02, 0xba, 0x83, 
0x02, 0xa7, 0x1e, 0xdc, 0x63, 0x00, 0xba, 0x1e, 0x00, 0xba, 0xa1, 0x01, 0xdc, 0x63, 0x18, 0xb9, 0xa1, 0x01, 0xc1, 0x0a, 
0x0d, 0xc2, 0x99, 0x01, 0xbc, 0x9e, 0x01, 0x01, 0xca, 0x16, 0x09, 0x8f, 0x76, 0x8f, 0x76, 0xa2, 0xf7, 0x01, 0x99, 0x1e, 
0xab, 0x1a, 0x18, 0xac, 0x1a, 0xe5, 0x1e, 0x09, 0xb7, 0x4a, 0x02, 0x1d, 0x00, 0x00, 0xc8, 0x38, 0x00, 0x00, 0x5b, 0x3e, 
0x00, 0x00, 0x82, 0x35, 0x00, 0x00, 0xa7, 0x1e, 0x8e, 0x0f, 0x00, 0xba, 0x1e, 0x00, 0xf7, 0xac, 0x01, 0x90, 0x0f, 0x18, 
0xf8, 0xac, 0x01, 0x99, 0x1e, 0x86, 0xbc, 0x01, 0x18, 0x87, 0xbc, 0x01, 0x13, 0x8a, 0x05, 0xa4, 0xc6, 0x01, 0xa2, 0x1f, 
0x94, 0x14, 0x01, 0x0c, 0xf1, 0x8f, 0x01, 0xf1, 0x8f, 0x01, 0xcb, 0x14, 0x09, 0x97, 0x08, 0x97, 0x08, 0x9e, 0xc0, 0x01, 
0xa7, 0x1e, 0xf3, 0x6b, 0x00, 0xba, 0x1e, 0x00, 0xdc, 0x22, 0xd2, 0x21, 0x18, 0xdb, 0x22, 0xc1, 0x0a, 0x0d, 0x85, 0x1d, 
0xb7, 0x28, 0x01, 0xc3, 0x10, 0x0d, 0x8e, 0x45, 0xcc, 0xeb, 0x01, 0x8e, 0x45, 0xd2, 0x0a, 0x13, 0xb5, 0x5d, 0xb5, 0x5d, 
0xdf, 0x40, 0x01, 0x13, 0x8a, 0x05, 0xd0, 0x25, 0xa2, 0x1f, 0x97, 0x14, 0x01, 0x0c, 0xc4, 0x16, 0xc4, 0x16, 0x22, 0xc1, 
0x74, 0x00, 0x22, 0xcd, 0xa4, 0x01, 0x94, 0x3c, 0xd9, 0x06, 0x18, 0x9c, 0x17, 0xd0, 0x8a, 0x01, 0xa5, 0x5d, 0xb1, 0x8d, 
0x01, 0x99, 0x1e, 0xcd, 0x70, 0x18, 0xf7, 0x1c, 0x99, 0x1e, 0xc5, 0x8d, 0x01, 0x18, 0xc6, 0x8d, 0x01, 0x99, 0x1e, 0x8c, 
0x9a, 0x01, 0x18, 0x8b, 0x9a, 0x01, 0x13, 0x8b, 0x05, 0xf4, 0xa5, 0x01, 0xa2, 0x1f, 0x9a, 0x14, 0x01, 0x0d, 0xb1, 0x97, 
0x01, 0xb1, 0x97, 0x01, 0x22, 0xf8, 0x80, 0x01, 0x00, 0xbc, 0x0e, 0x0b, 0xcc, 0xac, 0x01, 0xb7, 0x07, 0x13, 0x88, 0x05, 
0xbf, 0xb9, 0x01, 0xef, 0x25, 0x8a, 0x14, 0x22, 0x00, 0xbf, 0xb9, 0x01, 0x13, 0x8f, 0x05, 0xf8, 0x34, 0xd9, 0x1b, 0x90, 
0x14, 0x01, 0x0d, 0xf7, 0x5e, 0xf7, 0x5e, 0x13, 0x8f, 0x05, 0xe6, 0xdc, 0x01, 0xd9, 0x1b, 0x93, 0x14, 0x01, 0x0d, 0x89, 
0x9f, 0x01, 0x89, 0x9f, 0x01, 0xc8, 0x10, 0x0d, 0x9c, 0x0f, 0xf8, 0x4c, 0x9c, 0x0f, 0xbc, 0x0e, 0x0b, 0xa8, 0x24, 0xa8, 
0x24, 0x13, 0x88, 0x05, 0xfa, 0x6d, 0xef, 0x25, 0x8d, 0x14, 0x22, 0x00, 0xfa, 0x6d, 0x8d, 0x1e, 0x88, 0x06, 0xc6, 0x06, 
0x18, 0xf9, 0x97, 0x02, 0x00, 0x82, 0x16, 0xa7, 0x06, 0x89, 0x05, 0x44, 0xa7, 0x06, 0x90, 0x05, 0xd5, 0x0c, 0x18, 0xd6, 
0xb7, 0x02, 0x01, 0x13, 0xd9, 0xf1, 0x01, 0xfc, 0x45, 0xce, 0x10, 0x13, 0xa8, 0xe7, 0x01, 0xa8, 0xe7, 0x01, 0xea, 0xf9, 
0x02, 0xc3, 0x10, 0x13, 0xb4, 0x03, 0xb4, 0x03, 0xd0, 0xf1, 0x02, 0x01, 0x0c, 0xd5, 0xec, 0x01, 0xac, 0x37, 0xca, 0x14, 
0x09, 0xf6, 0x33, 0xf6, 0x33, 0xda, 0x9c, 0x01, 0xa7, 0x1e, 0xed, 0x8d, 0x01, 0x00, 0xba, 0x1e, 0x00, 0xcb, 0x08, 0xd0, 
0x4b, 0x18, 0xcc, 0x08, 0xc1, 0x0a, 0x0d, 0xab, 0x11, 0xbf, 0xc1, 0x01, 0x01, 0x3f, 0x0d, 0x99, 0x04, 0x99, 0x04, 0xc1, 
0x0a, 0x0d, 0xf2, 0x33, 0xe7, 0x91, 0x01, 0x00, 0x3f, 0x0d, 0xf5, 0x2f, 0xf5, 0x2f, 0xd0, 0x0a, 0x18, 0x81, 0x53, 0xdc, 
0x66, 0x85, 0x4f, 0x81, 0x53, 0x5c, 0x18, 0xd8, 0x87, 0x02, 0x01, 0x45, 0xb8, 0x34, 0x9e, 0x1e, 0x24, 0x5c, 0x00, 0x00, 
0x18, 0xa7, 0xf7, 0x01, 0x01, 0x0c, 0xf0, 0x7d, 0xc2, 0x9d, 0x01, 0xca, 0x14, 0x09, 0xfd, 0x86, 0x01, 0xfd, 0x86, 0x01, 
0xf6, 0x47, 0xa7, 0x1e, 0xdb, 0x60, 0x00, 0xba, 0x1e, 0x00, 0xab, 0x5d, 0x8f, 0x09, 0x18, 0xac, 0x5d, 0xc1, 0x0a, 0x0d, 
0xab, 0x11, 0xbd, 0xc1, 0x01, 0x01, 0x3f, 0x0d, 0x95, 0x12, 0x95, 0x12, 0xc1, 0x0a, 0x0d, 0xe4, 0xad, 0x01, 0xef, 0x25, 
0x00, 0xd0, 0x0a, 0x18, 0xe9, 0x42, 0xf4, 0x87, 0x02, 0xfa, 0x6a, 0xe9, 0x42, 0x5c, 0x18, 0xb6, 0x10, 0x01, 0x45, 0xbb, 
0x8a, 0x01, 0x9e, 0x1e, 0x56, 0x49, 0x00, 0x00, 0x18, 0x89, 0xac, 0x01, 0x01, 0x0c, 0xf0, 0x7d, 0xc4, 0x9d, 0x01, 0xca, 
0x14, 0x09, 0xfd, 0x86, 0x01, 0xfd, 0x86, 0x01, 0xf2, 0x47, 0xa7, 0x1e, 0xd7, 0x60, 0x00, 0xba, 0x1e, 0x00, 0xd3, 0x4f, 
0x8f, 0x09, 0x18, 0xd4, 0x4f, 0xc1, 0x0a, 0x0d, 0xae, 0x78, 0xb9, 0x45, 0x00, 0xc1, 0x0a, 0x0d, 0xd7, 0x80, 0x01, 0x91, 
0xc6, 0x01, 0x01, 0xd0, 0x0a, 0x18, 0xd5, 0x52, 0xad, 0xd3, 0x01, 0xd4, 0x62, 0xd5, 0x52, 0x5c, 0x18, 0xc6, 0xc0, 0x01, 
0x01, 0x45, 0xb4, 0x32, 0x9e, 0x1e, 0x57, 0x49, 0x00, 0x00, 0x18, 0x89, 0xac, 0x01, 0x01, 0x0c, 0xf0, 0x7d, 0xc6, 0x9d, 
0x01, 0xca, 0x14, 0x09, 0xfd, 0x86, 0x01, 0xfd, 0x86, 0x01, 0xee, 0x47, 0xa7, 0x1e, 0xd3, 0x60, 0x00, 0xba, 0x1e, 0x00, 
0xd3, 0x4f, 0x8f, 0x09, 0x18, 0xd4, 0x4f, 0xc1, 0x0a, 0x0d, 0xa6, 0x86, 0x01, 0xbf, 0x37, 0x00, 0xc1, 0x0a, 0x0d, 0xb4, 
0x2f, 0x8b, 0x08, 0x01, 0x3f, 0x0d, 0xed, 0x84, 0x02, 0xed, 0x84, 0x02, 0xd0, 0x0a, 0x18, 0xe3, 0x07, 0x9d, 0xdd, 0x01, 
0xf0, 0x5b, 0xe3, 0x07, 0x5c, 0x18, 0xd8, 0x87, 0x02, 0x01, 0x45, 0xb9, 0x34, 0x9e, 0x1e, 0x25, 0x5c, 0x00, 0x00, 0x18, 
0xa3, 0xf7, 0x01, 0x01, 0x0c, 0xf0, 0x7d, 0xc8, 0x9d, 0x01, 0xca, 0x14, 0x09, 0xfd, 0x86, 0x01, 0xfd, 0x86, 0x01, 0xea, 
0x47, 0xa7, 0x1e, 0xe3, 0x67, 0x00, 0xba, 0x1e, 0x00, 0xd3, 0x4f, 0x9b, 0xf0, 0x01, 0x18, 0xd4, 0x4f, 0xc1, 0x0a, 0x0d, 
0xa6, 0x86, 0x01, 0xbd, 0x37, 0x00, 0xc1, 0x0a, 0x0d, 0xb4, 0x2f, 0x89, 0x08, 0x01, 0x3f, 0x0d, 0xed, 0x84, 0x02, 0xed, 
0x84, 0x02, 0xd0, 0x0a, 0x18, 0xe3, 0x07, 0x9d, 0xdd, 0x01, 0xe3, 0x07, 0xe0, 0x66, 0x5c, 0x18, 0xd8, 0x87, 0x02, 0x01, 
0x45, 0xba, 0x34, 0x9e, 0x1e, 0x26, 0x5c, 0x00, 0x00, 0x18, 0x97, 0x10, 0xc1, 0x0a, 0x0d, 0xe1, 0xd6, 0x01, 0xfd, 0xf3, 
0x01, 0x00, 0x3f, 0x0d, 0xa6, 0x2e, 0xa6, 0x2e, 0xc1, 0x0a, 0x0d, 0xf2, 0x33, 0xe5, 0x91, 0x01, 0x01, 0x3f, 0x0d, 0xf5, 
0x2f, 0xf5, 0x2f, 0xd0, 0x0a, 0x18, 0xfd, 0x52, 0x81, 0x4f, 0xfd, 0x52, 0xf4, 0x5b, 0x5c, 0x18, 0xd8, 0x87, 0x02, 0x01, 
0x45, 0xbb, 0x34, 0x9e, 0x1e, 0x27, 0x5c, 0x00, 0x00, 0x18, 0xd1, 0x98, 0x01, 0x8f, 0x1e, 0x18, 0x91, 0x07, 0x8f, 0x1e, 
0x18, 0x02, 0x8f, 0x1e, 0x18, 0x02, 0x8f, 0x1e, 0x18, 0xf0, 0x81, 0x01, 0x8f, 0x1e, 0x88, 0x06, 0x52, 0x49, 0x50, 0x53, 
0x5f, 0x54, 0x41, 0x4d, 0x86, 0x00, 0x00, 0x00, 0x12, 0x00, 0x00, 0x00, 0x00, 0x00, 0x00, 0x00, 0x01, 0x00, 0x00, 0x00, 
0x00, 0x00, 0x00, 0x01, 0x00, 0x01, 0x01, 0x00, 0x00, 0x00, 0x01, 0x02, 0x00, 0x02, 0x00, 0x00, 0x00, 0x01, 0x10, 0x00, 
0x00, 0x00, 0x00, 0x00, 0x01, 0x10, 0x01, 0x03, 0x00, 0x00, 0x00, 0x01, 0x12, 0x00, 0x02, 0x00, 0x00, 0x00, 0x01, 0x20, 
0x01, 0x04, 0x00, 0x00, 0x00, 0x01, 0x30, 0x01, 0x05, 0x00, 0x00, 0x00, 0x01, 0x70, 0x01, 0x01, 0x00, 0x00, 0x00, 0x02, 
0x00, 0x00, 0x06, 0x00, 0x00, 0x00, 0x02, 0x00, 0x01, 0x07, 0x00, 0x00, 0x00, 0x02, 0x02, 0x00, 0x08, 0x00, 0x00, 0x00, 
0x02, 0x10, 0x00, 0x06, 0x00, 0x00, 0x00, 0x02, 0x10, 0x01, 0x09, 0x00, 0x00, 0x00, 0x02, 0x12, 0x00, 0x08, 0x00, 0x00, 
0x00, 0x02, 0x20, 0x01, 0x0a, 0x00, 0x00, 0x00, 0x02, 0x30, 0x01, 0x0b, 0x00, 0x00, 0x00, 0x02, 0x70, 0x01, 0x07, 0x00, 
0x00, 0x00, 0x20, 0x43, 0x52, 0x43, 0x5f, 0x54, 0x41, 0x4d, 0x04, 0x00, 0x00, 0x00, 0x04, 0x9e, 0xab, 0x5c, 

};

